06ecf9e2e7060b19
0704f7f1e816f110
f7e81808fcddf1f8
f004f404f919fd09
0a06ead2f9250e09
e2ebe805e8f7e6f4
05eff11c11fcfff2
07030b0910dff4ed
f40a1a0e09e2f1f1
1c0a0013edf70bf6
fe13f8fe19010408
fc060003f61f12fe
f4fcdf0611f9160b
f0f7dbf50507fb00
170406000d0b0614
0103ddf8f91e1e0a
fa06e2dcfeedf908
ec00f90912f9ee05
03f4fd0707140af7
0df600e115fd000d
fbf700fbfeeb0507
04f9120e03f6e7ed
0e12101218fafdee
040df8e907f002f9
e5f9000f07f8e4f4
f217eadd0909ff14
fef20d0beffbf407
0c23fd02f725fe09
06f41307020af918
ff0cf1fcdafdfd05
f9f7f5ece619010c
f306fd033002f2fa
ee20f20bddf724f6
e627f1faf51d13f1
07f7f5f90e0c011f
0bfe1700f8071201
04fd172102fcfbfb
1402f5f2e90803f6
f3f7f816e7ffe902
f602051f03ff0ffc
fffb06f1090a2a0a
fdeaeceb0303210a
e3fef2e9cb2a011d
e1f300ecfc011102
eb0bfaf701090ef3
ff0903ed0e0f10fe
260013ec0d1003fa
0cef05ddeef202fd
0c1903ff360d1c17
fefefff2f8e6050d
ef08fdeeee08e900
ea0bf50113f71af8
f1030411ffeef6f9
f4f30b02f3ec01e4
faea09230ce00314
d3f9e9e2f01d0802
fdfafa0119f9e6f1
0b04dcffe533140d
f503f8faf5e5f4fb
040afbfcedfc0b0c
06faf410f903f5e7
ed1eddd3e51b27ed
f8131f12fafa0004
f11bdefcf5f61402
00f8f9df07160e26
01f3f40107f906f7
0010fe07040805fe
fb071c0a0d0b0002
fc1d2908edfb2801
f5e606fb11fdf003
0df915fefcf3ef04
0614f90cf6070fe6
10e501faf70412f9
fa0ef30fdd022d01
ddfed9110df5e3ca
f9fe2301fbf2fbf2
081df905ff210af2
faed1e0bfa101200
04f9e5f7f5f80bf9
f4fef9e11feafd10
12f4fbf914f1d207
fa14f8fc02080ce5
0603fe0521031208
0822d602feff04f3
fdf5120410fbfa13
e81406040b190200
21fd011417f50aff
08fb17060c180f1e
0419fc00f7fc01fa
f72eea02ed0f14fe
0a0ffbf20226250a
faf9fe06f8fee8f7
fbf10b10030701ea
0d18dce10607f507
fa13d6fae11a0cf9
fefc00f810ef1afe
16000ef0160a153c
ff06080a0deeeef3
f70cebf004e1f5fc
e7000f0d0efa1c01
fc060515110cfb07
f9f5f7f912ee0aff
f4130211f007f705
eadb18e713e7f612
14f6eaec0309290b
f5f31a2ae60604f8
27100efc21f61807
04f50cf50af00221
00de200428f7f108
00fb1ef90cfaf604
f801ec01ebe9fffb
ff14120e02f636f6
fee7fff504050a08
fada010912e6fdfd
032dede9f1d4f9ff
fa0ed1f9e4f713fc
260614f70700fcf0
120bfbde0c030f04
fd05e4061205f904
16e9ffe8130a050a
05f7e3d00b0a0425
04ed0507f6ed01e8
f1f72e1405fbf4f7
131cfff90af2fb12
f902f30e020ffef1
ef0b0301eaf805f5
0ff5061a0efbfc09
02230ffe1b170406
06091a141efcffee
09fd0c030ef5f3ff
05fe08ecfe03f0db
120d0404f7e907f0
f40af8f500160f20
eaf402fdec05f9fd
fcf8ff060506edfa
dd0407fcf71e1702
141007f80307fc06
edf705fffbfb1109
fa15020514051ae6
06e708faf6eb0a0e
e9e603fbf0ec02f3
09f1172edbfdf1f3
00e3f50c1cf6fcf7
210202070409f905
02ea02f3fe100616
fd050ce4f318fc18
e71df8f0141b0d0e
080af5061017000c
fc0c04f9f0fa2014
e90ef3df0b03110a
03f212091d05fc17
e3f710fd01f4030f
e909011af8fa19fb
3a010bfe19000bfc
0fee1d1113edec07
eef7ff0fef1e1ff4
0df201ee0c09f8f9
13f91f1e1aecf901
f7f70613f6f605fd
1718e90605d9efe5
fc02fff013ff0d05
ef04ef0307111afb
0bfe09fa0ff80c03
0bf826190a04f912
f4e803f1f701f70d
f90cee0f00f6f9f6
150ff2fcf703ea02
131ce8e3fe01170a
17f0081601f80305
fce2fcf6ea1f00fe
0515fafef41e17fd
0509fdffebfb1bf4
1902fd00f7f1fd03
1504dc01f90ee4ff
060fe2fcf2040ae9
0318dfe3fb0fee02
f7e9faf8effce706
ec0910eefb080407
01faf30af6f7ebf1
07f80104faf3001d
060307e8f9fd2a05
f21af406051c2d14
06d9fef9eaf1130a
04f30b0cfd030c0a
0019f825e70703ea
0217e5fbfd131112
f6e7fedd050edffb
0006161b0edfefeb
06e3ff22f2f2d5d5
eaf90bf8fefff600
fa0af718f91004f7
f9fb0001fafb05f1
f80c10ff01fbfa01
01f6fa1afb13f0e8
fce618020601f7f0
f31ee5010f261706
0f0a0c11df1b0515
53e809ff01fae105
fb0af7eefe110c07
0300060bf5fefbf4
1b0c05e8f415f3f5
e9faffecf4ecf503
1606e1f9f409f6fb
f3e3020008ec030e
1401f7010f04e208
14ef0becf4e3f5fe
08f515f80f121b12
d40b0710f6f9fff5
0fe30a0cee0113f2
fbfe140a08f30702
ed0bf51707d9f7e4
0405f909f513ecf2
f91b01f206000ced
341300fee0fe0001
f3fe0f1305eafafb
f00e0ff705fc16fb
01fdeaf7e413f108
eb1106fb1800190a
07fa070b191d0b14
eb0324162708100b
00ec160cf9fd1501
f80b060211ed05fc
0804f1f003e6ff06
10ec090e0de1080b
fc0900fc050b19f8
f40dcee0e1f206fd
f4fcf9fdff05fd10
ff03f4f7eff8fdf7
dff1fe05ff16f30d
fafee4000202120d
f80817f4121d06fe
0605faebeef4f700
e715e1d6e317fe00
0e1900010ffd02fa
fb0324f512fc0508
15ef1efe06081913
16ff0f09040d0807
0520f3f8ed0e1ff9
f2d9e904f7f0021c
e4ec0d0a1efbdd0d
fb17e2fbee1b14ee
f9fffa21f80a04e4
00f6fdfaf00a0908
fdf2fef707f9f8ef
1c18e8ffff1ae0f1
00ea2a2716f70104
fc2ef4140c0cffea
fdf5f1ff06ffeffb
09fb16f5230af2f8
08fb1a01f4251713
0c070c090c08eb19
faff050a09f8f3f6
08ff061308d902ff
03fb0a1ffa0ffb0f
f9030508eef7f6fa
0df801ec01fcfc13
1013f8070f08f3fc
19f8fb0cef0a0819
13e406fd0903ed0d
1300f50df6e5ebf5
0ff1f60802f9eaf0
f5e927191112eafa
e3dee0ffff1f0412
e9fe0df5e20e0eff
0bf709060bddeefa
f8dd120a1401f4fa
ecf011fa2900f60d
13f500010ae8e908
00fe00fc10dd02f1
f50009ff11f2ebf6
f1f31fff1ff3fdfd
e90af005f40df4e6
14f6e0ed1bf0ed1c
011605fefaf013ea
fc1cff0105eef1e0
11e9fffe0c0f00ed
111c1716091a26f7
fb0a19fe100a0012
f3061be3100afe18
060cd9f8f50f19f0
f508f3f9050cf710
ff0500ed0df80006
0afedb12e20a07ef
0b0a0fe124f50b21
ed071a0ce70620ec
f106faf3e4efea06
0cf4efdef7f9e3e1
08eef411f2ede7e8
0f0a00071408eef7
0c0b0c0aff0a07fa
fd09e2e7ef14f1e4
fee414f2fc281022
0f17fa08ec05f901
f5131517fe0cf6fa
f2f7121b0df1f811
f7ef1816e2fc02fa
20ed1003fcecfffe
0309f8f704fefef5
f907e8f302feff0e
fdffd9eade151306
19cf0011f0e8efef
5df3f7fffb0bf5fe
08f9e3f7f90a06f0
f0f9191119e5e9f8
1cec02e2e727fd0b
070ce01c09faf6ea
ff0eee06fceffceb
0204f3e80714fbfe
f8faf716ec00e5e8
f1f3fffcf3f8f4f5
04f617fdf6fee0f8
fdf8f500040914fa
f90de1dbf52500fa
00f7111be0f9ebf6
fc0e10f61f19effd
07120debf2321b14
f30be2efe6150dfb
03ec1bf3f3efe9ec
1df0f103f2fe1d1b
01f6f2f702040609
feff06f50eeef5f6
0ef0f9f00120fcf5
1ddffb04f8f0f4fa
081bfc0c0de21ef4
1315010ef80308eb
fc04fd11fdf5f0e9
faf1fe1fec120f01
f10fff09fc02edf0
0a01f7f20ff4e504
051afc07f60c01f0
0a21f90a0bfe09f0
0908f7efea0ae4ee
ef27f7fcfdfaf8db
f31af2ebe2f70efa
eddc070906efe6f6
0008ff10ddfc12f1
0decdef7dde911f0
fd0bea0a07fefffa
ef0fea0ffef50606
fd100b1608f0f2f4
1e010bfd0beee9fe
1f13e805e4000df5
f30ddaf1f2151b20
06f910ff16f1f507
07f4f4ebf0051017
28f517f1f302f819
f8f127180f0cfe01
0705fcea06fa0c23
f3e5f3ee05e8f3f3
fa100c12010c04ff
0107f6fe0f01160d
f8f9fcf2efefee03
fb081c13f4f61800
021ae5fffe010e09
ee0ae9f30d00ee05
0708f0fb15ec1003
f7ee01defe0aff08
07fa08f118e8f5fa
f70210e0f5f60823
09eb15f918fa0c10
0a081608f510f305
09fbf2e40cec0c05
011c0efd0525ed0e
edfb00f3e637f616
090b02f906f8f800
fae7f6f60106140a
0410030c171012fb
e3020616eefaf4e7
f018e2e4ef01ff03
19fdf8eb0708f805
f8d71a05e0ebd310
fa0c02270febfaf3
f109edf2fc011003
da020b0efcfe0bfb
0a0e080af60908fb
1b0cfe1cfddefdf4
0f07f201fc000c0e
030527120aff0e00
fb140013e0e405fe
d6fcf102fde9f007
e70bf10812e7fae9
1009eef4ed0bf909
2600081515ece2f7
f705fe060618e5d6
f6fefdf92000e9d8
11f5e7f91cfe0a03
080b07f4020f000d
0b12f00ef8e4eeee
050f080e2cefeef0
08f5f40e12effafc
f7e8f6f30c08000e
0a0df2fdf50ef307
110609fa220306f4
ef2ad5e4000dfcf8
142000e907032f2b
1d0515f228f7070f
f7e9efdbee07e114
06f6fff00ef7f815
f5fd04fbeb13fdfe
fb18eef1f8030f05
fff70aef030d0617
1d1308fafc0b1514
f2f1f8fa0e02fef3
0be915fe180bef10
ed1dd5d608f807f0
ff00fe12f20bf9e7
e81e0e0515250503
020af1f7f1010401
10061902f0f411fe
11f9d4f8f006f901
04fc0e0af20b06fa
1300f2fff9f4f20e
070bed160bffff04
22dd210310fde20d
f6f6132af909eceb
251ef40cff0b0cf1
0402eafee2f3faf3
1af9fcff0f0806ff
fe0ce002e80c0903
de04edf00bf5f5f6
ff0718fff9030b1c
f2f8fe03f906ef10
f7f7f6fce616ea02
f4ee0cfaf3f7ce17
08ef1706faecf40b
08f6f90ef31a1e0d
fc050625fef915e6
0deae7e10efdf410
0617f70ff1eefe07
05ef0b17fbe3e9f1
0aeb28052cfaf2fe
f4c70b01fd1ef512
ff0514fc18f5f10a
e0fcf91be30e05ee
1cf8f4f500060916
04090bea03f8140e
e6edfd14f8010306
ee05ffe505defdfc
09ee0e0de9efe6fa
e800f300f91612fa
f3ef06f6fcf0eafb
000efefb0f1b0ff4
08071ff4f8ef1507
f3ed1af809effa06
fd2aeb1203120ff7
f9050b080005ede8
0e05e5060d1010f4
0de4fbe9052d0b12
29000a000bf8030a
1a030e29ecfb00f9
0400f70b0feff207
fe01fd0d00f7e6ff
0902020008f90410
fbf5042108d9e0f9
11fdeef720fafa05
f4d40809e60ae612
fff40702fff2f3fa
18061019fbeffb00
092fff1701010e08
fc13030005f119fc
f6e90b14011bfff9
f8fc111eeb0c1ce4
030bdff8fd1cfe01
f800e0ebfc0c1302
f70deff9f2f3f5e9
f8f1fd2adaf413f7
0af311032101fbf9
07ef04000b12effd
e8ffef1e00f6eaec
f3de15edffeefa0f
faf507111d0903f8
ff0907fed50513fa
18010c0d09f80202
1dfc1307041200f8
ffed0421fbf50303
fc1e0910fd0f17fc
04f81a07f6f4fb15
feee04e3fdf7ee05
0df0ed0000fcf500
f70204f2ff201810
f023111009031ef3
10f718f1f1f31115
18f2132218ecf305
14f2fdf6e20404fc
f3121f12e9fe0707
e6f80beef6ed1407
1df61d22090de501
0e00f604f9e6f503
ebdc00edf3f9ee0a
eb0101f20216fb0c
0f03e807daeaf9ed
f5ff0afc040cfdfb
e606fafefb100105
ebe62804faf9f0f2
04fffffefbfdf2f9
fa09e9e8fa1506fe
eef4e3f1e1fe0e15
fa22f4040bef09f5
ff0217071f03fefe
f1f9030de7e9e1fb
0009ff12f2f8eee8
e2ff06f011fa0512
09f216fb23030410
eefa18f1081aec19
0007f2da0400ef06
f0f205f2ffe0d1fb
ff00f7dce4f6f405
080808040cf80001
130aff1003e61204
080c04fc090af905
010c131f0b08f3f3
f8f508ede9030101
0218100a0805f306
f4f7dbfc1610f8f5
0c0312f8edf30df7
f7f8fcf7fafd02eb
110b03f0eb0f0421
1714fdf40b2f20dd
13fd020409120ff3
031a1212f3ec1eeb
0bfa061bfbe9f50a
0df822f2ec0305fd
ec0a0bf6fffdfd1b
1af9e3fbf02ceadd
eefb18dc040cf808
2418e205110810fb
f613ff1706fdf310
08e6070c0c081cf7
180a2e06f9121cf1
fceb1a030b0d08e8
0e0bf3ff02090616
f40b11110ef9f82b
fef40c150af218d7
ff090b0802ebf600
ede9f500ffe9ed0c
fafc2100eafefe07
12d00a06f3e60ce9
0ffffb02f1291af7
fe1e01080a0901ee
f6f5f9fb11eff404
f10ff4110df5eb03
f6e9f01009130313
12f7f204fbfd0e0e
f6e60207f601fafb
ecf6f6f609fd0ef9
03e4d7fcfcf9fbf7
f60dea151017de10
10effdf6ec0b2209
0ef5fb0b18f202e9
07f4f4f0f5001221
0cfcf704160f01ed
04180e03020201f5
0608f0e110e7fd18
08ed1500ff1f0308
eae7f5f5fcfaeb0e
050d0afceefef1f3
f61307fef20115f5
05ed05f20200f7fa
0d2f04fb05080f09
16ecf90ad8e91600
09fb08000efef30a
18f91a19f3f50404
0800ecf5f2fdee09
f0ec0300f80df1f3
0fea0109f2e5fef7
f2fa02ed02fd21fd
ee0b14170cffec00
1f13e6eff50effff
210af306e20207f1
fbff01fff11f0af4
fefbdc030b040af2
040ef2fbf9161bec
06e0fafaf9dc1200
effd08e8f003ff0b
f7e30d0700fdf6ea
f8dddeeb0dff01f6
0dfd1c0ce720f80f
fbfd02e3ea1606f6
02f6ed0a11e4f811
0022e901f20ad307
fc14010405f51202
0102dc28fc18f202
f5eff92b02d3faf8
04f304f70e010a02
01f203f309010017
f407faf601f60a00
e4e8f2ef02efedf4
f2eadf112cda0ff2
0501fcfbfefaff13
051e09eff11cf3fa
10f408eff31f0f0d
0231ecfee70eecf0
10100b18f51becfc
29e50efae5f401f8
05eff2080108f604
edf00012f1ef0aff
ef0c07f7f904f507
e5f10d011af6ec10
ed0a1f0bffebf20a
ed02d61220f0d418
f4eceefb0bd4fb10
fddbf2eefc0aed02
fd1fdbe70607e205
08dbe4fefff2f4fc
15ebf2fffe0806e2
13131607ea0516f1
e8f3f2fa131831f6
0509fff1eaf8f613
f913fe150807e241
fbf619f100e2fa00
12f20cfae0f52ae3
e6ee2703fb0919e8
ecf7d1021aece3fa
14180213e6160ceb
eefcf40f0bf2fde8
0212f31109faf305
e41904e50f1c0b24
080ed8f91c15e9f0
f4032207fe040314
fcfe00020b13f338
f60303050bf40404
0bf9070ffcfaf718
d9f214e706f70dfc
e7fa02f113f910f5
0f010df3001200ec
f813f3ff062a02ff
f610f205e8fb16ec
f9eef7eb0b141f08
fc04ff14f7f0f12c
f60500f4f802e92e
eaeb0bfa05fdfef8
182c070ae6190f15
0314eff60e2ffa11
f1eee804fe0afb20
1126290aeaff05e3
dffef3fc0619ff0a
fb0317fef90a0303
02fcfae9ff0900e2
051ef906fd2ae40c
ddf6f5fb0feedd11
f0f6fc0005e9fefb
ddf9fe1311f6f6fd
0a07f3fcf3f10bfe
12081402060522e9
020a1df60f1c02f4
f803e6f117f80cf6
fde701f302fefff6
f4d8fd13f9e7f902
faf3ea190dce030f
13150f0e0e040af6
0af9e2f3ffea0ffd
f11cffe6040a05f0
28fb0c02dff91b00
f2f9f7fb060605f1
24030aeffd1516e2
ef13d8f90e0ff210
0ced050af6f5f006
13061404f60bf308
ecfffa05fc0a08f4
fff122fbf8090109
040e0717ebf81501
f81ff7f4040df50b
f604f50f2302f4fe
0afefdfd0f1712d6
edf61bf90afe09ed
000600f30afbf51c
fef1250c1404ef15
0600fbf0fb2215fc
050d07fefa0efd02
f5f40c222af10b00
041402150205f1fa
f1ec031110f31216
f9030ceefbf9d723
f7effee6fcf5fd10
ec0505fc10ed02f5
e900072d0af8d81c
eb141cfa111a0103
09f60310f3e1f0f3
efff1025fdf5ec26
e40219ebfaf7060e
ef12040bf61af403
0a0a03e9f802f41b
f2f2f8f701fe0dfe
17fa29efd40c26f6
13060d0bf0f90c0b
fff111fbfaf50909
190408f9e7f520f6
f8ee0703120715f6
041ce51213fff502
1309f113e508fa07
02d80afc0cd1090b
0313cf001a19f204
091ef5e4e31efcf0
e0dd0503ff03ff12
141908f7f2090408
020afcf922fe12ff
03f2fbe2fb0b23e9
e615170f15fef9fe
1324e5e7ea05e116
e4fe0a0212e70ffd
1316f514030b1fe5
01f1ebf51e0ff90a
0f11f2fbfd1cf3ef
1ff1f605f1eb0a05
f6e814ddeb03ea0a
fdf705f5fffc20f0
fb0de50d03ebfef8
02fb09faf20cf302
fe01ebfcfcfee40b
1113030ff909fd0d
fdf7e8fa0518ee06
09f8ee0007e2f40a
1902ecf3f30219fb
2c021319daff19f1
0c0a0ef1f30f051e
0f0a1a04f3110be0
f60bde1515f8e507
1614fe140511fb23
00160e060806130e
03ed01f00003f3eb
1f0014f2e91f20e6
f7f1fd0b08f11207
fcee040d0e0811d4
e4eb02f41b04f2ff
fc0af9e6ed06e816
ff01fd0c06e50ef5
0eee05ff08fa03f0
dd0be80312ef0b0c
09fee50ef9ff0204
f4071f04feffeb10
0e1bfcf80b19fafb
f1f228fcede6e2f3
fe1007ff141908fc
0804fdf9f0fef7eb
fbee01f7fcf50110
eefb140f1003fff8
f2f9e0d20c12fb02
0c08fb11e0f3180e
f80d0b0001f8ffed
0eec0215d7ee0a06
fee9fb0304faf7f1
f2ec0bf1fdfc1bef
f5f3ef0b04feeefc
fef2f9030ce3ff07
09e8ec01e8f2fa0e
f205e9070c120a06
dff306f80eeff8fd
f4180ef91509fc0b
f60608061b011cee
ec04f7fe0f0a24f8
f80c0c090c14fd09
0cf608040afee9e0
f21feee40605fc0e
11f5e7f5f10503f0
ed09f60a051208ee
110ef801fc0809f8
08020414d907d8fa
fe1a190bff00f700
e3e9fb1613dc090f
0d00100a03f8dd17
0e0bff07f21808f9
fb05e502f1f9f6fc
eaf30f120fffd60c
060cf0ecf8fef8ff
0bf41b1aeef40102
04e9ed1909f3f9f8
0805ec0c00e00cff
0412030100040209
f7ec090707f4050f
092e0b04f017f105
f90ffff2071709ef
0cfb1a01e0f6df1e
f200ff0716080622
15e628f3f808f500
fe25ede31222f1fe
01fffaf9f10807fd
17ed1e18dde8f504
110d1afaee06eb10
030908f90bf113de
0c181c0af70bf00b
12f2040bfafd08f9
fff4e407fdeeee0e
ecf70ef9f3f6ec09
f6eeed10f0ff0afa
fb06251804f50701
00f8eb02fb061cfd
0cf3ffdef3f304e9
1b1908eaf91c09f4
fc0e04eef202d40d
0600030f0d0eeff9
e80ef60000dff3f3
ed1011d6f8031efc
11fc0f12f903f304
ff001d00e6e7ff1e
f7f5faef021e13fb
ed151719fd05f109
08f5ecf8efe20bfd
0de8070d07df13f5
05fdefeafdef1a1a
07f9fb0cedea22f3
e8f0fffb03fcd9fa
ffebf8fdfbe4fe08
16eadd0af3ee1af0
f61615030414dc03
fa020a060bd41410
f9f00bfa1aedf306
f9f3070a0cfcde28
11f91a10f3fb0516
f9121608ffea031b
fc0f05eaf8ee0f10
0d020bf6f902070d
10f4fd04f904f90d
060e08fa0827f700
0309ebfc09ff0509
1e050cf2eb061901
00f5ef1e15d9fcf4
141b0ff905170a08
02f005eaf802f30a
0bf8f914f9f317d8
f002d9fa1600f60c
f8f1e2122003150c
1115fceef414fdf9
fb00fcf703f3f207
fbf4e2ed19fa1402
1216f3dd021d19fc
fdf10af9f2050ced
f7fbe2f813e1fdfb
e60feae9fb0ef5f1
f90ef9e8f82e17f8
130cf414eef6fbfa
f71e16f6f316fd0f
0118f4f7f413f5ff
0a05fa0403ebfc10
ff0d08ecf2e20207
140bfafa161324f0
0a0513f4083114f2
eded13f4fae90713
02eae612180018e8
211bf2f3fa2003e9
05fcff00e6fe08ef
e4f00fff050cef0e
f8d7eadf0bf9ee0b
eaec09fdf4fbfa0a
130ef201f1f717fb
fad506eb0ddb0c04
f2ebfbece9ef060d
0e0ffef905010bfa
010ae5f401fd000e
001005f6e4290d04
10f10a03f6030efc
dee60dfdf6ff00e1
00edeb0c000300eb
041c0e15eb14f0fd
fb051af9eef31e10
f506e7fb1a2cfaf5
f9fe180ff3e50809
f9020e03011409ff
1c1ffd1bf80aef1b
10fdeaf8fe0bebfb
f0102201ec07f512
1609090e00070cfd
ee0216161cfb05ff
10f418f3effffd08
19faf21500eff80d
06eefb0d19eb0002
f4110ce0fafffa00
ea15060cfffde8fd
07e802fef01f0ee5
0b07e9f7ff0d0907
f604f003fee4e621
d00efaf81719ec0c
0e021412fce7f200
ea03e0f82cdf0ffb
34080315d7fd1df5
02f1e51709d4f3f7
0704f7effa18edfc
0100f1faffddfa00
040df4e501000cf7
f6fd000202e7f517
0e0eef0a090c05f0
e0f3f8e708fafa15
020312fd04db090c
f60bfa160ffaeff9
f0ea0ff508f601e6
f6fb000102120501
02f9dbfceeeffde1
03f7e71105e4fc1a
f801f21111fa14f6
13000e1ce905fdf9
f2f0fa060ee5f30d
04e711ff00f6fb0b
f2fbfc060b01fdf2
f4fa0b0c0c2327e6
05fbe004fc11eb22
f6ef2c1807db0608
02fd0bf6eaf1f605
f4e5fc0322e309fd
0b1703ddf924d61c
000f18ede4f805ee
f2fd05f3090ff707
0dee2110dff6faf6
0518d6fc0221e8ff
080a1b08110a16e6
0508fe0d11100ae7
08010cf6fe0509f8
fbf3f40e02fef817
fd0d090b01edf2f9
060e1f1013fd0a1b
170602f3fb05020f
f4e729f3e5f9dd11
0cf4fe050af4fffc
0a141302ec1202f2
021ffbf60cfbde15
f11febe3071202e6
0c08090cfe091af0
0d15fdf7fafcde09
0dfb0c03f7fb040d
e80af8f205fc00fd
ecf6fa0210cdf1f8
00fc0bf303fa1105
02110af6ee0b0dea
09f60fe3ef06fb18
140ce4ff01110de8
090509f806151528
f4e60a251609fd02
0df8fe0906f0e813
f60ae2ebfdf9ebe6
03f2f5e7f019f800
0504160bf0fb1000
21190afff00501fb
e701d9f2091208ef
1711fb1aed0efee9
fc0a1413fa0deaf1
ea0cf90c0ee6f2e1
0b05eaf60d050011
030f0408fefadf0c
f7fbfefc0c1905fb
f40a13f2030af50e
f7f0fd13fcf419fa
1712f809f314fc01
fdfd0707091bf70a
fe010906fff713f9
0fef2214f815f814
1c14e5f60bfef802
04f3110feef405dc
1ffd12f7f30314e2
0406f2fc07f91121
11fc0516f4ed0910
f1f9f9f0160a0be0
fbe221fbf1fb16fd
f5fffa0c09ee091a
edffeae11002f405
11f40115df0605f2
f00d0af1060313fd
f60d091bf9010e04
0bff08fdf11500f7
e1ed0ce620f10501
19fbe8f2f7da00fa
ff0628fe020a0f10
120809e9f90ef317
f4190406f20cf4ff
09060802f4dce9fc
0905f81300f4ea09
0516e6ecee10f2f7
02feea211eeafe20
fdee031f14f80508
13f42c0afc0b18fc
100de70f03f7efed
0e06ff290d0113f0
09fe032afd01fe1d
03ef130be9eff80a
fb0c18ddea08f409
0b01f70703f40603
1603f8f4efed01f8
e4fbec1615f4f3fe
04081eecea0b1002
05d605eee3d90dea
0deafe0400051d03
ef14fd030ae702ff
2603f208fa08faf1
05e8f70deaec02f1
111cfd0f040f0bff
10080cf91313eb03
04120e15fae619fb
0b060cf4fc05e704
1703021800fa0023
f907ed131c01e82a
e9f205e307f20cec
fee2061f05dbf005
18fe0524e4ef1709
f026df162810f60e
f3f6f5ef0913f80c
f50310fc0a09ea0e
ff1815111208fe1c
10f9ee07f800f9fc
fc12e1090a151704
ecf40eff1b0ef9ee
1e0501130b0f0ee8
ecf0f3f110eee800
00f3fef9eefc0efe
120d0716f5070eee
f1f0f6140deafb04
070507dcfffe0ee9
f6fd0cf904f4fc08
0de411051008ff0e
09edfaf215ea04fa
e9f1d1f320ebf9fc
ff0908f2090c020e
02fc11fe122d22f5
f7fc06fde7ee0afe
e3e8031612e1f505
ffe0051108ee0ef2
f9e7fe0206da00fa
f10a05fcee0dda1e
0dfe082001def901
f307d5fd21f9e403
0c091402f8051107
1903ff0501fd02f1
060de703f3f71af0
fc0b0903f5f5e90a
e7f9ef090903ee19
ef17f0fe04050ae4
ebf5e31509f513d9
1d0af31806fb1c0e
f6080c090b17fe0a
2df2fef922fdf31f
ec06020c0a12ec08
ff00fc04fb0c05ff
1425fbff1c0904fb
f0eafc072518fe03
f401120cf6f6fbdf
e6e92619e4f2de0d
f8090d07f0f0fcfd
11faf4e5f5fde910
0507d5e3e603100a
1efe0c0dff0006dc
17f7d9e306fb0403
fd19eae8fc10e4ff
09f2fef1120c01ff
fa0c03ff240e13e0
f0f403e61a13f4f1
d4f2f60607040a02
fd0b10fdfdf5f8d8
0c230f05fafdf716
f7ec0e0c22efcc19
f4f90e0302040b0d
1afdf5f9e6e5fc02
ecfaf51103f924f1
f0f8ff19f1fbe810
1ef50807110519e8
0af82f0220fc0a10
fc15fa0d1202f51f
1bea0be30d0d0a11
14ed020507ec020d
fd0e0e05f0e701f5
ecf9f6fc04f117e5
fd03eae3de050701
09f1ee17f6ff01fe
f8fcfe0aff0a12d8
f806fefb05f40bfe
efef0307f9fbeef4
f0140904f7fe03fd
f802071b1e1c020b
031416f8eaea00fd
0215fa12dfed0ffc
1110eddfff0600f7
00feefdc140d3000
fbfeeafe0100fbfd
ee16f2f0f3fd0ce2
1af4ff1ffaec020a
120e221c03f2f4ef
130515fd01edfef4
06ea01f10ee9e9f0
eb02f6eafe1afd11
0ffcf3020cfbf5ff
e4e0e6f5d6df12d0
06f3f1fff909f421
0408ef01e708fefb
fa080c10e8181eee
f60ff814ecfd12e8
ebf8ed160110fee9
03f803ef0015fbea
02f2070bfa001113
07eb18070b0c14f8
f60405f80b03fe1c
e90c070103f40f00
f7f4faf1eafdf119
12f4e90500030f01
ec0a09f9f9ef23d9
fae7fceb10f903eb
1bf8fe0d0708f70e
08170a18f8fe07f4
f91002fde701f709
fefb0d080ee708de
12fb1419f001010f
f7f309fbe1eb01fe
f71e07f7fdf506fa
081afa03d1eefff9
f0f7df06f3e91b10
09e821f818e8f50b
f81000f303ffe6fd
190419062efafff8
f121f2fbfdfee4f6
0fd80c0b14041acf
03f3051221041def
f90d081ef2ed0106
f9ef0ffcfae0fee0
ecf6e9e8f01406f0
10f801f7021c14f7
f010f2e9f8d9ea00
01040bf3f2fdfe09
160504f9fae90003
02e0ecf9e7f4fa2c
1deadaf40b191afa
12fdf504faedf1f9
fdfb01fa0000fa00
1a11141909f0fcef
e800f409040a13eb
f003ecea1e1e1af6
0d0aff06f3efeff6
0508ec01fa080ee8
d704f400f50e0a08
f6f0071cf2f3ef04
05f002e7fdf41fff
0afffe030c0d12fc
fdf718f906000bd7
fef8f60a101d0f0e
ed170d0f09fff60e
101bf5d7ef0a0cf6
11ff112500030f03
f30c0df1f1fdfaf7
fe15eefc03090503
fc110c0a0c140809
fedf0d1c08d5db1c
e31af2e8fc0a10fc
f805fdf5dc08f8fe
02fc171916e1e501
fe1101ecefe409e0
d5eef004e01a09f1
fb00f60cecf9fd02
171112fef6f2f4fd
fd0dfffb00f0ec04
0403eee30e07f71c
f922050704ff06ea
f933f30814fdf6ec
270d15fefddffd09
04060c15ff0bfe16
ffe1e600dfef1c0b
e90e00f5f5fc10ea
0413fdfff0f7fefd
31040303fefdfff5
0909f30f0304110e
07fd05f9fb09fc15
fff2fef70f0d0904
fc02120a0bdef412
f5e01016120ce50b
050aee030c270900
02ef0bfb1cfd0216
01e60529fef3f519
eb05fe0beefc18f1
1308fd0416fbe511
0f1e02111b15e125
0718eb05fafaf308
f4fe02f8fcfa07ec
0104081eff00f515
1af809e80a060c16
0e04f501170eede7
16fc0b03f4e90c00
14f0170810fb03f7
02f70210110f050b
e1ffeafcfa132beb
07f4fbe4140b0106
060808f50110edfa
06f0f20017f013e2
fe14060c1403f303
07e7f804171010ff
f5e50adeedf8fb0d
1e11040204e4f3fa
f9f60410f4e3f017
0d280203fbfb13e6
ea0216081af6f7f2
f707f6fe081e0501
15f01322fa07fe03
e228fc15d507fef1
18e9f3faebf208f7
f61cede912fbf505
fbf910081b070305
080500f2f40c12ff
e23600fd1007f72c
06f5fbfde7f7f316
f003ff01f71a0bfa
01fde7daf1f8040c
f8201600e30f0402
242407001b0606fd
0e0cfbfefcef02fc
fd0f05f7ed0908fa
fa220c08f117eb16
fa06f8ef050a0818
fa050411ed06fff6
ecf1fefc200d09fe
fdf90a0b09f9f90b
050618260aed14e1
f20ef0e9f902e416
0cf9100df9040ef9
11ed1215fbf804f0
f80df0ebf3f701f0
0e010aee1307def5
f8160bf2030eea26
11efeff7fb050c09
ecf3f8ebf122080f
2c10f8151bfafa11
ed03e3f6f3240e09
f8f30505fefe0002
fd11e1ec00e6fd02
19020312f8fffcfc
fb0ffd0de501f0f6
0605ee08ebfbfb0e
ec0e12fc0cfa03f8
f30a150700ff0700
12fbebecf6f510f2
2705010b09efed10
08f93d0a1602fdf2
f605021cfbe90be6
f43efdf4e7fd0af1
28f70b011ff7e615
f6041bfe1401eeff
0b12070d0a1722e0
e4f91603030505ea
0c030414130f0700
1bf42016f1d8f9fb
21101e131e0502f9
ece5e403ddf103f9
052219f704fa0a04
ea1c0ff8f2f805f4
d7eefaf5e0f20bd9
08e900edfee6110a
10f7e910e8eb1bf9
090416eeeff5f919
0905ea07fc11ee08
d6040e09ead71af1
f713f7fc0e0d0200
f4f404f5d4ddf105
0d0cf3fd0a1720e4
f102eee707ff08ee
011a271b0101ed04
f8f5f708f50800f1
e90edbe6e8f3ebff
f8100401ea020beb
11f3e9ec0cf81bf3
ddf3f502cef7e0ed
fbf7fefb1535f907
fee50efd00f6f820
f30cd5f60016150b
e608f9eaeff9ff06
0bff0e24f5f1110e
e902e9f3f90be919
fcf8f70404f312f2
f70ef5e9f6f7fef7
0205011100ec1c00
f7160df6d7fa00f0
f11415020a2f1206
15fbeef0010e0405
21ed1dfa05f2f003
f41201151811fe09
0c22e704eefbfa0c
06ffe5f2e202fff9
05ec0df2030023eb
0914010a2810fafb
fada16fbf80b25d8
fbf716f8051413f7
f5f7eee7e0f503fa
fced0801f2e7f4f6
18fffc08270a0dfe
1707260009f309fa
fff6faf40ffa1cf9
10ffef08edfdf41a
dce60c0fe5f8e100
1bfd0f0a160fef0b
e7f70802ec090eed
11000a21120b01f8
fafcf7f5f106faf8
10e915fe080717e9
0ae515ff2604f9f2
00e101fdf201f4fd
fc220df00ce905f6
fd1801061efe0a07
140400e317fb0afa
0813f402fc041509
f9fcf804e40efef5
f705f0f4fc0a03f0
df0bf0ec0e1ef10e
0108fef60c1412f4
0be3191207cbce19
14f0e2f9fcf0f718
fbfff0ecf7eb05ef
dcf4f5ffeadb18fe
f4e408091204da11
090809f0e5f9f5f8
ebf7e203e6f4e71d
17131a14270411f3
29fcef0cdbfe0c09
1011f80b1b13001c
04faeffd13ed0024
f912ebda0902fbf9
0cf2f9fd1805010f
f90ff6fff7f3f603
1000f8f30a1420ef
f7ec09f0fbdf0ee8
16f9fa0eeef4f413
d4eafe0aff0bec0e
090f05161befe618
eb0b00f7ef01e6ef
1f0beaea23f70602
f40bf6edde02f508
10f8131606e7f4f9
030a1c001b1b1edf
ed2e01ece917e712
11f4f0f6110b0e06
fff6f2f5f507fbe1
1e09050a0019fdfb
f91afce6e9ffdd1c
e80dfd01edf60bec
061800000600ebfc
0d0701e30af0ee19
07e60fff0f0603f0
021348040401fdfe
e4fc08fef8ec17fa
dd04060a02fceefe
27131c0a1a0ff414
0a00e2f80807e520
e9e31609f6f5d60a
0a0c060312ea0dfd
ffdf0bee19f7070b
08e30b10fde5db11
fbf9f411060dda2b
f3010804f9ee0b05
fa14040c070d14ea
00e20ff9fe08060a
e023f803030b0106
ee0dfff8030d2adf
042cf7e206010901
16ee0c1011fcf611
0a1f02f8f20e0cfd
13de11ff28f8fdfc
f0fe140ce6e900fd
13110e0c16edf017
03101d112215e21c
f4d7170af7e816ea
f807ead8eb0b000d
110902f51702f902
38050c17fdf8e6f0
02f109111bfe07f7
05eef2fa0ff91902
1efbf316f9f5fa1c
0d04eaf2f1ec14f7
ef1f17180f0b0217
ea0ed6f4db05010b
0004e3f2eb020305
07f1f2fd060ff632
0f0e0408dff8100b
0d00eff8ee021eee
f806faeefc1b06e7
f5eae4e5f3091207
1be8fa0bf30505fb
1dea0afa18180ae0
fa14f0e3e21a00fa
0100f9fe0300fe01
e914f7dd0f0f0006
050a1b1514eded0a
241919152312effd
2d0c080806edf814
f5ebf4da001d0aed
e8020a0efcfefbf9
f70c03e30bfd15fb
ee0de7f9d709e90a
f4f0fe170219f1fe
ee0ff914e9fe00f3
13f2f20af40bfd05
f0edf1f2ebf916fd
01eb180bf2f802e0
081101f80cfbf604
f600e5e6e915f7f9
f1f409ff0b0c22f5
f0fe070afa07cd06
03ebf81709f8f038
e9f715f9fdeff5ef
fae9f4120108051c
1bf70e2623001efe
f604e5fae407090e
f511081eeef4e4fe
100ff6fcf704f508
f3fcfe17ff00f7f6
07fbe2e000010b18
0407f6de030edc26
fef612f012f4fc00
06ecfcf509ebfb1f
ebe6fbeff8e2faef
fc0d0319e7f01cf8
061c08fcf4fffffe
08fb0008e20cf60b
fcd807f9f505f3f2
f7f20a04ebf2f40f
f1f1e0f1ebf0e91f
f602ecef0d0b0ff7
ea14f6efeeef19f5
0d0b0908f9ed0ef4
d3f204f8d810ee12
17e4f2f0fff105f9
e90800fc0af6e7f6
23edf8f4fefd0be1
0a00f4f70e1f0206
12edead6f70c0507
e6e40a13f807f30c
04fb1b1801f10fd7
ddfe05f71910fe12
09f810151d280bf6
eef1040d09e8e4fd
11f0e2fc08e70e07
13df05070109f213
f3000a04f6e9ee09
f404010d190c04f3
11e10df0fcf7f315
f602fffd0d02f303
08eb18161f0506f4
2807111907f40207
2e03ff0a091a0e1e
e608180904faefff
140d0b07fb0a11fe
f605efe60dfb09e5
edfbf5f0000d1905
eaf9e9ecf6f7fb1d
f4250402eb0606fa
1cfa01071313fc1f
eaebe8eaf907f6fd
001f0e21fcf90202
f518eb10f507fc08
faf40c01f9ff05f8
00ea1c1902feea0d
06faf8f8fb1910fe
2008f214100a0701
f60108fbf91a0407
1ef8060b130910f3
14f7f7faf3fc250f
09ea1e2d18ee08f8
f8f6ff060410f9f9
08ec100505f8eb08
1919ee02111f0903
f9ebfbee0d05eaff
0503fef62d191700
0f1800e7e7e6e11b
20f40908fbf3fd20
e7ef0b07f702fae8
1a0cdaef1324071a
ec08180e03feee1a
fe120af80df6fbe9
fc0e170bf80508e1
e3f00f1c1a030f09
f8e7f1f7fb0dfa00
0f0b0ae809faf208
fc0b090605f01603
03f5f90cfd140611
e5efdfe8fc020df0
f2120cfffc04eb26
1104fcf908fd23e3
00f0020a07f6efff
0109070909eb1cf0
00081202fde9efe5
d7e91209f4ebd7f7
f00eddff04110907
03fa011efcf3fb0b
0b0f00dd0d14fb03
0102f7f10a05f3e1
fe0412fd00f517ec
18ed0e0ef10ff10a
18090306f5eff702
23f5fd0c1a0f17fe
0c1dfbf90b13f411
f907f9fbf80e1902
ea1313051a01f906
0ddd290c0cfb0009
f8ef1e191807f9fe
01200601f21cfb04
fcdcdfe9d11005f5
f402eff0cef316f3
e80a0d0b0900efef
0f151412d100f80e
fb00ebecfd04f60d
ea0c011dfe0ef514
02f8e50206f9f007
fd1e0a01f8f6ef11
e2160df9f5fe05f6
0de9fd071203f1f5
fbf2faf5d80206f5
0705130a0ffbf604
ef01080fe9f211d3
f3000df6f4fbf1fb
1507fe09f2ecee0c
18032e10fde5ebff
15fd11edf9fb01f4
fafef2f7ec070820
f30804f3fc01e61c
f2f12b170ee6efff
0ef9110cfd1113f6
1911f9ea080615f4
dd15f40fe5ee13e8
0619fc0317f8e11c
1c131c1a0f0ff7ec
200411fe251113fe
f508edfc0a0613f9
0202101509ebd306
03ed080515fa0c10
fbf8fbfff8fef107
f7010c021812ee13
f3e8fff6f8e6f6f9
fcfaf3fefc19f50c
07f9e9ee1c01f229
f400eb00fe0b0001
ecfa030f0ffeed14
1809ef070cfcfc06
de0e09020c133ce7
f90a04f4141809f6
dadee10dcdfb0bfe
ff11f8e80cf3e3fe
c807f608df0801e8
01f9050afe03fc10
1aede6ec030124ef
f10a190903e2eeff
08f4ff0918060f0a
e8edf2021dfded0e
010dfe071f02e611
d4f90117fc2814ef
f61002fddf0c1afb
041a05dcd2f61ded
f90e0313100e1601
f403150afff411ef
f20f05f60701f5fd
fa070dec01de14f9
d1fe0bf6090501fd
f4120704f7f515f8
fbeffcfae8f8f507
0c04fef70b04eafb
f9fcf411fa0df10c
18f1eaed040afe04
e4f2ff0602ed0913
19f7f22202f813fc
fd1005f2f80bec07
0b02f700fdecf226
fe1f23e802ffe9ea
0bfdf0e20e12f115
0edf0ef00907e9ea
dc0b16fee0fbdaf1
18edfa0f0b0ef705
17ebe30cf610e71e
0ff40700fafbfff5
01f8f907f90c00f7
f4ebf9f2120913f6
e9f70e120df3eb04
e6f9fb03f2e31912
0703f2130b1a0101
001f1314ede7ff01
0ef4fe0107fc16fd
00fd1809040dedfb
ea14f4faf1e8f709
dee10c00f8fbfffc
fa09f8f9f7f8eef9
e119050bfbfdf2eb
140601fbf502f2fc
0ddaf71ee811f90e
030613f406f8dd11
f600160d0df706f9
f8fc0feff0f411ef
1705f304f30d20fd
080103ef0e08f7f1
0d04fd0201f911fd
eb1206f70005fd0f
f1080efa0d03ff02
1208f3f81605f5f3
fa0b06e70511ff0d
f6171bfbe80210ed
fe0a16f8e8e1ff03
20f903f8f206e213
ec1305021a00f3fa
ee00f3f40f06f708
1a25081ff410e8d1
11efdff21bfcd413
1808faeee6e4d80a
df1815050404e3ee
fbff11fb0308dc05
0900fbfd04e7f71c
110100120b25fffe
ff151addece90d00
081f1dfb03010dea
13ed05f612f2151c
e7fd0f00f3fbcdf9
1618070503fa11f8
011ff917e0f7e001
090df0190afa030c
f5f0ff0d0dee1104
f6e008e7080724fa
fa1712fa02f50004
40e9ebfdf7011203
fe0b0b13fdf6e606
ee09fe0804f003ff
00030cf6ecfa1cf2
0cebfdeff6edf100
18070816f3060a02
f6070c0dfdf818f2
de01ff0117f710fb
f800f7ff09050301
f1151d01ee00deee
ee050e2707f72411
ec26f82d0610fbf9
04dff2faf903f30f
03e5e203f403280c
0efd07eaf904fbff
fc0d0914f9f3f604
fb01f519f60df505
06f803ff09f209fd
11f9f00afd0df6f5
e5f51dfdeaf70d0b
fe1601fbeeff0107
f1f30914020d11eb
eefdf700ed03dd12
ebf80eeffff4f6ee
fcfc060c26f414f1
060817f00301fa08
e4fb12de05ece1f4
1dfaf7120c140aee
ef0303001016f8f3
0df4edffecf8c90d
f9020b07df09e109
ee0e08f10ff6040a
0cfcfadaecf4f8f9
07fcfe00f0fc0008
f709101e08edf303
2612fe14eef80707
f61613fbe70afb01
14f9fd0f05ebff21
f40a20fdf9e215fd
fcf3fa0b0dfe36e9
16fbf1df000d0c0b
f51706effdfdf603
0edae908fa0813ef
03fdf6e9fa150909
f8e9e6120018140f
040600211bf925dc
e41b20fbe2eee605
eaf702f7fef9f0f3
0cfbf8031d160ee1
1311ee0cf21afff8
09131aece3d3eb01
fd0308e8101112f6
f4f7e9160311f905
f90001f81f0115fd
f4eff7effa160f0d
1ce5eb0cf6e9ed0f
03ecf1ed0a10f2de
e00e0519181a22ea
f808fa0800dcf408
01fefaf2f914fa08
feedf904efea160f
05050af6001711f7
04feedf8fbfe1905
e2ef0004f8fb0905
e7f5eb0ce9e40432
e502f90beff2fc0e
f0f9fe2a14f10913
d8fc001205fbde06
14f3f7e3f407d611
e900000000080df8
fbfff11425f71206
15f8fc04fdf832fb
f8eae90e24150feb
fcf2eff4110418ef
faebfffb27092308
e8040de9fdf8edf0
2715070a0bf80b03
fb1304f8e2f5f809
2e03ed000c1ff709
f906fbfcfd07ebf9
1310090202f2fdef
f0061002f5ebe8e3
fbf31000e6eb00fc
18fddd04050fe924
07061300fff106f2
10060810ecf7f1f4
f4efdffd0014f8f6
02120ffaed01fbfa
e7fe0aebdeebf918
09fff4061b0fe8f8
fcf8e9fc11fb08f6
25f4f4f3ec1d17fa
0ff8fcff0a06fd04
09eadd0306161111
f8f9f6f113fa1107
0702f903061619f9
09fbf8eb18071df8
03f811faeff002f4
e3fef804f9f8effe
f9fc01efe50a10f4
06ecf2e90eff26fe
090c1be810f33304
eafc0afceaf8fd07
03fbf9ecf0fbfc03
defc12e2fbf40dfc
0d16f312fa06f5f7
f70301f3fb01f6fc
1105f8f603eefe11
e4fa03f603f404fe
fbf1f6fbfefc150a
030006ef10f3f10d
e9f6f60bfc13fa12
f1f7050e040705dc
140a0705f3faeaef
f3fcfbf30a100ff9
f8fa0308f2edf7ef
0a09f0080befe40e
f5ef1aecf2f701e8
0a1700eb0f061103
f6f3f1ff1e0109f2
e41411ebef10ed07
02ecf8f008f7f617
06fbfa121e0b11fa
09f9fd00df10f502
f40607000bfd0f18
28f7f40b030701fc
ee060dee06080104
13f90aee11fd0201
0a1212010809fde4
10e7f70ae60cf304
0ff4ec10fae61000
1ae2f9f5f809e312
fbfbf4f2130dfdf0
0a0b01f7f400fcff
fcf916fa000209da
040b0cdbfcfbff0c
f800fd0e270ef419
15f8e413fdf30818
000cf103f4fae608
11f8faf2e0e10d0b
f5f7f7f9f8020600
ff0bfced110c09f4
ff06f61cfd0bf2f7
13141eed081307ea
f500e903feff161b
fbfb08ffe4e90efd
0d05080bfa14e607
f5010019fc15ed00
171b0fe007f40e01
0607f9db0eeff422
fd0310e907021407
e7021227e7db00e9
1cfb0401e4f9fb01
f4f50cf31202f7f1
1ffdfde8f0e8ef08
040cfb16e9f7e506
def4eb160b0404ff
0bed0405f9fdfe2b
f1f70300fb01ecf4
fd0000fadaedfdf7
0afaffe70611ed05
08fb1ef1f5e90700
f60214f6f9f9f9fa
fff2ef1209ec330c
190c0d08e90deb03
1fe7eae403fe0703
f2f5002117fc26f3
ee0414f807efe703
140b140400f419f9
ebf60cf5eb0404fa
f5070d30f50710ec
00e0e9ec0d020bfe
e5f7f8dde107ed0b
d0fe0bf8f8fade10
11f5eb081403faed
0cf10504f70317fe
d4e51bda18f4fef9
fb0319f5ff11f805
f3271e0cd8f0fb01
ffefe12b07180e0b
020d0805f8effd1e
00fff00ce0dd040a
0ffbf6fb0213fe08
0202f8ff161806fe
14f5e8240112ed14
12fcff0afee9fde7
ee020dfbf00010f1
fbf40ee7160424fa
edfd05ef09dd0eff
14e8e6fafbf7080f
14121303e5e311ed
f5110cf90efbf3ed
fce8f0f40afae512
042014f2ced9e40b
ea100b07ea17e4ed
0917fc0414f60a07
faf5e007f9141b0e
26fbed12ef04f80f
08f3fee80f0617fd
11191dfbed08e8e1
24f0eefefffa110d
1afced05ff13fc0d
25eff313e9f4f20f
fb01f104f1f9fe09
060a060810151fe5
02f3fa1d02fe13fa
08fdfb15fa1f0ced
11050c11ebf51ff8
06ebf7030804fdf7
061905fd030b0cfa
0ffb0bf509fd0f0d
0b0be400130fe41c
d71414f01f00fc0a
e3f105d91cf6170b
fe060313f3f006f8
090601faf40ef80a
05ecf805f5f0f906
15f6090b08f91bf8
051cfc14f415f707
1ce8ebf3fbf20110
f40a0a1210dafa08
0709080d07e2fbf5
fafeec202319f60e
0e0d0007e6ffef0a
06f8f31b091f050a
f60511ed0e0808f6
1017ff15fc12000e
00f0f8fbe907f6f9
1207f9ed0405e0fe
f73121110209f9eb
1a08fcf6e8faeffe
041e000311150dff
f0ee01fa0708f6f5
0eeff80f08040ef8
2be4f2ec1613000d
12fd04e61d04ef04
f226f50d160dee16
efff09ff050106fb
04f5eb0205f2041d
12f5f91cfcfc0ef5
e7fcf6f92318f2f6
f3fe0ffe0bfe0719
e2fe08fb06ea171e
e0fdfa12fb1400e5
fefeee200d08080d
e6fff5260c03f903
eaef12fd0dfa1bf1
04f9f3f50beb0e0a
04f904fff705d709
ff07011cf102eafe
00e3f00f0afb130d
fd0317ecdbe4dff6
02f9fe02ec160f00
06fdf1230f010a0b
f6f2f7dceeee000b
f50b1f0d02fff8eb
2afde61f19091dec
0006f2200505ebf4
eafdfaf918180b05
f0ebf6f925fd0501
f8eefafafbf9f71b
fb051407fe0ef6ff
05f901ed06f7f4f9
fdf60310eaeb1b18
f208070cf208140b
ee080a0411100dea
fafe04fafe13f300
e7ea031903f31204
0efc0cfb0b120703
f7191beff6faf0fe
f2f2020101f70718
f50e08e502ea1e05
0d1900f5eb03f60f
2808fbdcf20bf301
fa0828f9e0f90c01
fa091405ea00e9f8
f407f50903f9db0b
f60700fbf6fdf31c
f1ed10df10f80bed
0afdf30ad707f80a
02fc01110c020cdb
ff07ec080104f1f7
0612fd130d11e4f6
060d04efdff4c610
fde6fdfb1b1026ef
d70016edf00002f9
0ee706e10cf304ff
f0fbfff618d31602
f5fd03fefd03e3f6
ead802f213fafc11
10eb07ee0d080c0d
12020bfe06040204
fc0200090e0aedfb
fefef9fe08fb110b
fd110101e5f007ea
f8f105f900e5fd00
d5ff030804fbe4eb
30f1e8eb07f5ef10
effc000506f8f601
f01e091bfd09e6f4
fc0601dd0ff6f004
faf60bec25fd17dd
04eae7f41d08081b
20fb0efe100c22ea
fc130afb110208fe
13f1edfe1e0aee10
0e0adcfb061e14f5
fb110d0d0412e707
f9fd040bf90affeb
1715150feff302ea
f1f7001404f70006
dc07fff7020b051a
180009f0f2e8f606
061d151001fdeecf
220d04effdff0df4
07071607d61d0bec
15eb03ffe80d160d
0804f8f8fd1207ef
10dfe4fe1003fd21
0604f016101bfe1f
09fbf3250f2a0703
14100bee0a0ff210
00f106f803e9f80e
121c02ea121d010c
0300002804f00a06
f91c000c010503f5
08e3e8fbf4e82415
ec040c0bf414e2fa
eee1e60f09f7fe11
1a01fd1413190902
f20709f80b00c6f5
0ce7e9040e01ee03
2806fb0cf7f5f2fc
1d0eed081708f001
151705fd010efeee
fbf6f4ff03e7140e
eb10080710fd16e6
df0b15d5f2e7eb00
06ec050e080b1605
f0110501091000e1
0f07f5081215f413
e1030002feed0111
f6d8f7fc12e3f700
22fceeee0efb0905
dd1c12fd14eaf407
18f6e70207fcf103
e1f009010ff805f8
13f7f5f00b0608ed
06faf819030c0cfa
01eed60c07ee15fc
f30610f9f1f20314
e61af9ff1006ef1d
09fffe02efef0711
1400f6e409fc0814
00000deff1fa1803
020b051407f30503
f51321e9f5f6d6da
e60a0bf7fcebfd17
0b01e7f00905060e
020d0cf0f4f8dbf4
0106f618f2f907fb
faec07d60907f2fd
f21b140207f41e20
1dfcf4f010fd0b03
eb03fee0030f1e0d
db09f515eef70503
17f9ed10f81508fc
fcebe70213fd06f4
0e020509edd61c0d
27ee0ae40de51210
fa01ef09f803f900
13eceef0eef413f2
f9f2f5011708170d
050d08110006feff
f306f9fafb041efa
0206051001f0f90e
f81c0f0f05eb0af5
f9f8fc090703f500
f716ffffddfce4e6
18eaf21806f41dea
f4ff12e5fff8110d
f61512fc100a020e
1003e9ed101df828
f8e3e9f6f6f8e5f8
090e0802e8f0e5f7
e91816e91ef1fe02
150805f10afefcf4
040df510effd0512
dc0206f0050f07f1
170d09fff5012a01
1ff2e60202020c07
ff03f40cf0e80e07
07100615ff0209fb
e5120ee5e6f4e9f4
0d0a0ae3f4fcf907
1a0008e40a0607f6
14f8fc11f5f4ebf4
f7070ddb17f12601
fef608fc01100302
f5e802fa05f317fd
06211006070bf50b
fcf801fe0e0e09ef
feece60a05031705
05e9f5f80d09e90d
0e0107fe02012716
00111211fb0e0fd0
13f8e9fd0c10fa0d
f1110d0d04eae105
e5effdf211fde007
fe12f9021f1120ec
ec12fa12f70a29f8
07f4f5e909eff10f
090cfd0af707f8e0
13fffd2608f622f1
050e04fa0c010007
07070afdfc0a011f
08f2ffeceafa01f4
f6f8f8ecef03f0eb
09fcf20bf90107f6
ea17ff1efafff805
f4fd03faf418fafb
fe000d0d0ffcffea
e70af40308f7fbfa
06050803f801fbf5
04feff13fef20313
f9fb0807fb00f3ee
e9120efdf90fe807
f8d9f40314030527
1ff0f9e4fc0d1ffb
09fef52601f7fef6
e215fc130e15fef8
11f6f20be8000d07
220bfd01fd23f3f3
02010b0406e5ff0f
f20e0815e714ddee
050011f5ea0825e9
0607fa0707021809
230ef610e802f5fe
f7fdfffd01f7f1f4
f3030014f607f5ef
1ef5f20d0e11f0fc
f8010724001010ee
f3161207d7f1efed
0b0b05f8fcea0c0b
0501fce502111bfd
df01060bd5faeb06
f4111015e418f208
0d00f4050d0403f8
fcf70b0427ededfd
fdea1307e9fbf2c4
0aeb0e09f3f90212
f4fa07fbf0f90c15
04fc01fb06fdfb15
12f7e4fb16f512de
120fe901fb0f1708
081d0ae824f32111
f10a19ea0829fb18
f6eafd08ebfe0fee
07f6fafbf1fffe18
03f814f4f7e80feb
29f1e221050817f9
fdec03190c08f2ef
0f02fa240ef901eb
f804fe11010af9fe
00fbf716090bf402
18fd0ffe1af1faed
f301fef5f9fd0601
f415f709e5f5e91e
0af0f91a40ec04df
fb0df415f3fa00e6
f4fff402d91e0af2
fbfd05f5f2ff050c
04ebfbfbf010f8f6
e9db0109edfef9ed
0ff407050afdf0f9
eb1205f80e0af308
02f0fc03f0eed2f4
f0ff01edfa1001ea
f8fe1fdb04ee0df0
f2f7effbf023182a
f7d70d10db1fec02
fa0515f4ee0806f4
0916f9f81ae3ec02
ee18fe0c060e1aed
041bfef912091801
fb1513fc00f7f80b
0efc020212eee5e4
f40913fc090709d8
f60cfbf6e206170e
13e6f318eef405f2
08f51fe1fdebec17
f6ea0bf502f5fb11
0ee7f9f615011c17
f403efebf1ef0804
e107fe0c1809201d
d1e807d1e01011f9
0ceaea0d08fb16f6
11ea0404f3e9f71a
f8f30fe1ff0e1008
02eaeff512f41d0e
1cf61a04fae3032f
dfe2f4f4ec1c0fe8
1b06f316ffe208e7
03fb1cd606ea1407
150a131313070a12
08f601f20de50607
030f13011012f105
fcfb19fdf818f2f2
0b0efc060208ed1e
d503090516fff615
fd200a20eee9fae6
14f8fb14f1f6fde8
02f910df0f02e81c
09ef16fe2cfa06e6
140fe8fbf6f2f5f5
f81810fd0103ef19
020eff000af401fe
03ffe70dfef50dfb
030f0702eff30512
fb17fc07eef208fa
00fdfafbf6f0fbfd
f8ff0cdffc1010f3
2b16010014001204
ef15020e050cf303
f407f516fc12f31e
dc06f407fdfe0406
09eaeeff0af30de9
05ed00e90bf8100d
040e05f4f4f613eb
f21213f6f5fd0e27
05faf7ffff0f1005
0409f418f9f4fbf4
f5e4fa0ee100dc0a
ecf5f9f4fe04fbf8
ff03da0afd041bf2
0e02f0fff7fa0af9
ed1102f7f002f9fe
0d010403f202fae8
ff02f20110fc1de4
e9e016deeb23f8fe
f70302f9ee0f0301
11ff04f606f51124
1bf0e60e081af1fb
08e3f40e0bed0cee
1f19fd06fdd8f615
06090127fb11ff09
ede9fdf00df40d14
1bf202050101f8e8
1310f50af4f00909
f9edfe0506030bf4
031414f80ef9e519
f1ff0af31eefd9fa
0af6de2ef312e8f3
06f424f10dfb07eb
f40fed350926d9ec
020ee90b0402fc08
000ce212000703f9
fa130ff512e9f90e
14d40d03f70ce9f7
000de60f04fd0119
f21009f1171512f0
08f4f9ff02f510fd
f8fd170afe01fafa
fa09040cf9ff0efa
eb03e5f6fc0d15f0
ff08080b1203f618
0be8e42ae600f1e2
000eeb021efe0929
02f1fcec0ffe0c1e
eaff18e3fb08fadc
e9fbf9e01fd30b16
f7ea20fdf8f40204
01f1f514ff00f2f0
e6e612fded25f7e3
f714f5fee3fbf2fc
050df4020af2f218
17f7e114e7f8fb10
12eef20bf9f1fc16
ebf715f81a1e0ef3
f3fe120ff3090ee0
1dfcf200ffeff5fa
f10111f8f502f4fd
190806f41eed0b0a
f7100af2f210e33f
f93a0210f61b0614
fd20e50c14edf5ec
f30efc130a08fff8
0ae3f71414f918e6
f5060fe110d80eec
fff30dfbdc1709f8
04efe30efc100809
fd0007f4fe1c04f3
f2e405e4e9f7f218
edfc1aec09eff521
0b040ffdede8f140
15ede20c010ff622
f2fb0efb14f4ddf5
f808fdea0a0cfa1f
060be10bf80dfb09
1106f2fe06de0aeb
04e0ee21f60ae905
040aff02fb0a14ee
f908f8e90ffa00ff
f50301fce5040408
0bf800fa320f1006
2726ec2c0208eaf4
eefffafd0cfb11fe
0c25fe1e040d06f7
0410fd0cf2ec0bfd
fff201fd010af301
fefdef11f309fffc
0bfc0110ed00e11c
09fbfc132100d60a
0e300a0803f90eed
01fafa03fe0feb15
eaeaff07eb15f8ff
eef3f2230007d002
fee60cdbe9f8fa16
0702070fe612080f
e8f1050eef0af22c
f208000d00f902e4
f909f303f00af2fc
210c0b0604f41f01
10fff0171efe0a05
f20f12ed190bfff5
ee091cd6fd01120f
0aeff90ff00ef3f6
f204d5effbed0ae7
cdfb1cd308f1030c
fbf7e00f0409f0f7
f1f9fd1809fcf9f4
050bee12faf6d90b
0be91a09e7161bd2
1119e21418f3f0e1
e70504d5030b200a
16f1f521da08e602
2709080103de1cd8
f4e01bed0319e7f8
050611000af90708
0dfc0bfb08f704fe
e3f2fbdaf0fefb0d
16f2f701011ffff7
130afc0c11fa030c
f9f606f6e91117e8
d3160dddef1011de
040cf1f208f913fd
f20b05ee04fc1504
17fc010203111a03
07041ef8090219f2
ef03fefb0502f435
0002e7e9ef031a1c
1b19e41414dd0e0f
130bf202fa0204ec
e20604f9ddff2fdc
ee10d9f803f513f4
fdef16e4f20803fe
e3f0fa00f7f813dc
1109ef0c0cf20409
1eea0123200dfe01
01e602f8fe17f4ea
18fc0bf5010d1906
09f01509f303fee1
11ed0604e5eefe1d
fdff16fc25fef7fc
eef613f4e804f00a
eff506efe8f3fa17
2607ef0906de0bfc
19fdf90a03effe01
e70fe4151d02deff
f1f7080f050c0507
0ae00405090af60a
060de811f3e60915
0de10b10d40504fe
fffa1bf60601f6f3
0515ed1318e8db12
e81415f30c0cf9fa
03eafee90410eff3
fd09f518f5eefd03
ce0507f005fde50a
0bf2fc101ef6f503
fb0215eaf900f831
07ed0517010fe6fe
ea06f903f304000f
ec10f1fa05fa0019
2800e834f9edff07
0d09e807ffee0bcb
f603e605fc14f9e7
09f9f4011a05f1f2
fc11fb1213fc07e2
1bf3ff0bf3fe20f0
0fe2080106f300fa
eb04fff40214f513
0c21fd0509110605
fd01f50309e5f120
1c11fb100d0ff0ec
030701ff0117f5f4
f7f5f4fdecfef60d
d7fd1ee4f107db06
1210f50de0fffb0d
f0f420f7e604fefa
030efb101ff50bff
f30af7fcf71adc16
130c19fb0507eb00
f802fce80bf512f3
14f7ee06ebf90606
0bfc0beafdec15ec
efdff808f5020801
f315fdf0fe080df9
fafee80bfa0f1215
f801f5ecfb11fd17
06eff9fa0401e0f4
dcf914ddf5f30203
f303f4dc04fc0708
15f6e5fefe0b0c1c
0ce5e9042504e80f
2203e612f8ec0fe8
e20006050a0f0eeb
ef0afdeadb04f61d
efe6fefff40bf20c
fdf815dd161af723
0b09ea06260dfdf9
f8ef0a20ec1ed9ed
0ceffc030a0f13f9
12010705fff61a24
fe0cedfbe6ec22dd
07fdf50407defd0c
f9f31dde05fef803
07f2ff0b0d141819
040deaf5f6def9f1
f50802e90a020820
0b02ee1bdd0600e4
f9fd10f30700fb01
e5e908e4effd031a
130b12ef1ffff203
e70a1df0f0fe2d09
22ed0c0a150b0d14
e600eff5fa23fd08
0114fa26ed170513
fc0f13f3e00122fd
f704d6f724020806
2004ed0a0e0efdf8
1b0b00f5fbfcf8ef
16fafa03e423df15
e5f6f7eef3ff02fb
0201f4120ef408f7
ed0506f01720001c
f8f00c0a032ae900
0bfc120411fffcd7
05f2e8fefb0618ef
fff91212011402e9
0f0109ee08f71515
090605fd1226eb16
db0506fa0402feee
12fcec26100cf6e3
140f0b0f17f711cf
090401fdfe0105e2
05060808f706e8f0
e2f620ecfdfdf811
ec050ef81b0bf2ff
0b11f80300f60a17
fdf300ef13f41b02
e7f317f2fa13ec0b
081cfc16230de41a
dfe210f61204f21c
fae80b1c0720eaf7
d90b19e90cf701f9
fafef309f8fd0104
fe0301f505f20001
f82300e71513fe1e
ea0505db01170b0a
fa08f8300ef8f9de
0012fd13010614ee
fefafd10eb0714ec
0bf1ec0afe0a0bc8
e9f8f9f3ed1605f4
090304fc0a18fb1a
1f0beb09f8fe0cfb
ef070500d825edf1
0d03fc00cc13150e
e20b0415060f09fe
0d1af70809290904
01e3fcf7ef03fd08
0af1fe140fed13ee
f2091cf9e813f9fd
070603f7f8f32105
31fbfe15fc00fc16
0ae9f808ed0efad8
fceffbf5e5040f05
0d00def8fce80c0b
03fcfa0cee0803f2
f80a10f009e9f7ee
01def515def0f1fa
e71ee9001afae8ef
ed19f8f4f50107f5
ebef1ee3f6fcf3e9
10e2f10007e8f814
0b16f31a20f203ec
1006f81df9fa07df
09fef70e05dcfe07
0004fb010600f318
0203ed0a0a0f11ff
f5fe0a0dfefc19c7
0dfb150b150eee10
01ed1012ff05f3f6
fede14fd0806effd
2110f20313ea02ff
f8fe01e714f1e30d
0dfbe11c15f2e712
060105f709fd22f4
09fe121307e71000
0e130eee1decfefe
f9030fcd0cf0111b
28f909fcf6e92d04
f707040108ea000e
0f13f6100c09ec1f
f42d12e032f80fed
f7f2fb0fd30df200
06eef810f516f5ed
ed131bda0009152b
ecea0900fb010507
f2fc0af40d0116eb
eeeb28e2ee10f517
0b110806f6fff0f1
0902f62ed713f2cd
0c08fe160bfbed13
0e0a09f01afdf912
f81a09fb0917f7fe
02f5e7fdf90eeff8
2bf4fe1bf624f1f0
04110df7d51316f1
1321f116020308fd
fdf6fce3f10f1334
09fbe51f1310ef1c
03eadbdf00f12bdd
e2fa00fcf9fe01fb
1d08f20e0406fee9
0217f80a0bea0708
14071ff908120d06
1b0af01b2f07edf6
ff13f8010b0701ed
ff15fb091e020c0f
071214f700170607
dbfff2020cf80403
150cf21508fd080d
08010bfe0bf4e918
fbf6fcf5f604f601
110bf8f40ef20501
f8100a0409fff415
e10701df05f5f0f4
fcff0002f9dd0abe
e90f03102905f5fa
0211f8eef6d70f01
17fc060e0202fe0e
0eea030114f7f20b
11240a001ce4fe0e
040afc10010de7fa
fdeb09fc0aed05fa
f80ef0ee1023081e
f10e070b12040500
fb040bfbfb10eff8
eb22f30cf209dad1
ea11f8f5effe051f
04f909f3eaee110e
100c0508f10717f9
07f70a0409eeebfb
0710f801f2ef0e00
f8f41d05e701f1fc
fc1323f116f2fc12
efeb18f002edf0f4
03e405fe1002efed
1b18f4efe7f81613
04e511ef21fef9f2
ff13fa0501fdfafc
070aff17020aebd0
0500fffef5f406dd
1901070d1c03ed1e
0cfc0105ed09f1e7
f4ef00f5010e0703
0910f20deaff0315
f60f0bfcf8e6080d
0d1c0d1311e80207
161610f30ff600fb
f710f10be9fff015
fb080afdd70cfd0b
f40f020301fdf4f4
0dea090b13f40725
fb0d0309f406f6f9
fad8f8f3f70bfa03
11f91cff1cf5fa1a
040bec0100fc24f5
00dffceff2070112
db0e08f11707d11f
34100412f5fd03fa
1df51bf7fbf521f6
0bfbe21dfef2ead6
01f1da08f8e30212
0b01ff05090dfd22
fa1110fcf6e218f0
fdfffef5db1c06fe
efea00feee1bfd08
071a0720dd01e0f8
1913e501fdfcfcf3
0711ea0e11ebf312
eb0201f4fd13f700
0811f9fb16fff117
0ffcfffff7f9ef06
102f08fe06f0f9f4
f8ee17e7c4fd0909
fffcfff52eff0312
f0181007ddee07fe
0e14e80c1b04efee
d801020418ebe40e
18eb0deee60c3505
f4f70e08eb16f7e1
051503210d0eec35
14e91000fee205ec
09041302e0feffff
e60607f412edf507
0307fffff8f70b23
ff1718f11de41b06
05faf8fdf80123ee
fb1e0002fb0ffbf2
0509eb10e207f1e0
03fa0804f60df6fa
e9ffee071912dff2
f20321ea12f1f228
1722f10501d702ee
f8d903f2ee06f9f9
0718f2fced09100d
eb0dfe06f70af5d7
f4f8e6f4e1f913f2
08001405f4f003eb
ef0233e609f0091a
e5ff0d061bf1f6e3
21150311f30c0d07
f0e31902ea0af7f3
eefd04f826f0ec09
09f2ee1d1207fa03
f813ff07fdfd1ced
faf6fd010ffd09f6
1c010004e9f7f208
fa050ef8f9fc0903
2307e610f60718fc
f918f3130bfcf22a
fffef80619fdee0d
0d0909e40afa1ef4
13f1e20c021a0202
00fb24fa0302fc03
0014fffbfc25fe01
f2e3f7dbeeeff5fa
0905ee170f081907
eef20aeceef1e320
fb1812f31c03101b
e2f306ec170904f1
01f710effee50032
090dfd07ebe9e60e
0607fb19e12af8de
f0f90219f80903fb
0ef11625f11af5ed
120015f81efbfaef
0e11fde9060ff0d3
fa02f80fe7fb0ff6
0c1e040cfd2608f2
1ce5fdfef7f20510
fe000fec0300fb0f
ef08fb19ec060006
05fe0918e50e1d09
05f7fa0ef602f304
0b070ee6fdfef00e
fbfbf7f2230eeeff
f1de0ef423e4efff
0de5f2f90e040203
e70207070f0203e3
00ff17fe0e05ef1f
e529f80ff707ebfa
eff60415e4eaffeb
e402f715f2fcf307
141707fbf0000c19
07d9f5021ff3ee10
0607f6030d0c000c
d91cfb1ef713ead3
fd17f317ed08070e
f3e60af90dea0e1b
190af002f6fa0d0a
fa021cfeeaf9220a
fb01ef0fe3f202ef
ff0be30e0416f2f8
f0051feef1ea0306
020cf70afe040008
fd0e01e90af213fd
20f307ecf8f60407
15fb07f3e6050a0a
eb020ce8f2fcfaef
f6e6fff3f4e61406
f7f9dc001c07ff03
050cfe00fd05e4df
f9edf205eb1004fa
1ff404f003f90235
f414f404050718f4
181005fafdf9fff1
06f7010d11f51f05
fdf4ee0f0bfafce6
0d09eef10afdf804
17f7faee0f10f4fa
08e618f1ff02e10a
fde1fe0404de27ed
f2eb08040804fce2
14f612de000ae9f3
e2050f16f1ff0304
0f0d01fe0b1af51d
f6fc04f002ebfa0b
05e7fced06ecf7e4
f1f7fc0e0ef40411
04e216fbece304f9
0a0dec1bef101def
19e7fcf017ff04fa
dcf70113f91109e7
00f8f9ed01eaee0a
f800ebef1309e704
030df20aed08f7e4
01f918ff12e611fc
07fa13e401f4fcf0
e6fde418ec020626
14d9f9011af418f2
0d1df0f5fd0e09f8
f82eff12eb05e6e4
eef80a0b27e418f8
0e17f4e81c11f011
fad80802fd04d512
f614e3130017f00d
0af8e3f3ff04fa16
09f7fffdf9ed140c
14f0080cfdf9050b
13f30ed7140408ef
f8feff011bf31c1a
e1fee5230c02ef03
ddeb16f30fffdf11
e9f6e82ef407f4d7
2f010ade0609f526
ef05db080117f6e9
fdfbd609ee071c07
0ee1fff5ffdf0b27
f507fa1d0ef4f4e3
fcf8ffe718ede511
fbfff80b0f1113cd
e71411f40debf90f
021c10fdee08ef1f
fafff40205fbfe18
f1ed03fb10ea2618
fce1f9ec0ef60700
020c13f2fd07ed13
fbfa1fddffeb11ed
10ed030efff510f1
01f112f8e500ef21
edfc0716faf3eb00
13fdfcee1a1102e2
0e03da060d08f5fe
0ff90f07fe04fb12
06f10af716eef7e5
1003de17eb07f5f7
2303f90016f4f6ef
eafdea23ec06efe0
f4f0fcfdfa050cf5
071f02e8070b14f1
f1fffb161e02f2f2
1b11fe07e6fe05f9
eb1dfc0c1002d7f9
0df7f7f9090b1004
e9230015ea060ff7
fd1de818171a200b
28fe07f7070bebe7
f2eb0e0c11e2eeed
df15ee10ee0fffdb
17fded1cfe0ef6f6
e8edf5e6fe15e9f5
23eaf3edfef41503
09f50fe407fdd301
dd1504f02803fdf5
07fd0710f4f106f0
100c09e4f40ce304
fbf5f7ed020ee1f8
0d02f30223e6100e
03fd04fffafc04fd
180301ecf8f1150f
0af80013f5fe0300
11fb0ee2f606f7fb
01fbf1081c04f9fa
0aee12ee17dd0703
1ff1081e01f4f515
f4fbf013fdec01fb
070405020707dbfc
eaf3ea24de00f9ec
00fcebfefc0c0fff
fbf1ed16fc000efe
0408fa07f9f01fe6
eb0207090df112f5
bbe9fd1b0dfd0410
03180bf00a0211f7
f9e423f513e1fbea
fb09ec1be61df103
11fff406000719fd
0804ff1bed00f52b
e3fb0d20001006e2
051c03f0f20bfc03
0408eb18f20c16f7
1f1b07f5f501fc10
07e8f70bf6ed0520
d8fb0efc030302e8
f802f6f11d0ad9df
15fdf9f90f05ebf5
fd00fc0c07fe0f00
0ffaf01de5f81500
0809fb15ed14f2f5
0cf50c051ef5010d
0e11070ae3fe16fd
22e3011101f7f90b
ff16f81be814eaf2
d5edf03214f804f4
000300ebe80523f3
1ff009eb21070425
03fcf4fe06f11ef4
01000a0a1e01f5f6
e6090114dd0116e4
0804f60003070808
212011f4ff0d02e0
12fbfaf0010b0411
f70911e2fcfe0cfa
ff0919ca08feeefb
0f1f05ec011300f1
26ef03f50b00fcfa
08eb0e0cf5f4f50c
09eb0bf8fdf5f6f2
f6180ee2fc020d0e
190319fa0cf41522
16e501e6fef50029
eef60113f5f8f80e
e117ec10f9fcf2fd
11f2f2f9d3fcf606
f6f41a0311040d1c
1108eff60214f920
f2f6fceb0aee04d9
fa01fdf31604e203
f2110014fe1df5b3
e80b0d0e17f70dfc
18f114f2edf20bf6
f61f11e211fce703
040105f102040e06
02f010fefef10617
05f3f420e9090f18
260c21f608fb0305
12e1f3fe15fddff8
08f613fb0b1b0d20
26020cd704fa0de0
19f20818d9fff90c
22fe010bf800e138
04f718f2e5f50c01
f60902e3f4f51809
0f0ee30bf309f6ff
1e00eef6fe10070c
08f212ee110b000c
f4f60703f1f4ec05
f0fceb0cfe0fef04
05f80ce70efe0d14
1a18de1de11bec0f
fefffafd0afd1c05
010ae607e3261d1a
f103f72002f8eef4
0efa05f10a0d1a05
1205f704de02f1ef
29fbf70c0806e921
f2040e05050fdf00
fffb000601e1f6fa
220d0cdb0612fcf3
0b070feff50bf90c
fae50b0c06f619ef
0211000a0bfedc13
000910f7ec010315
0fe9fff909ef0c0b
f7eeeb2ff900fa05
0900fe0812fcfcef
fa04f80f04ecf7ea
070006faff0303e4
081210e50707f8ec
28e0ebfe1202f304
1ae3fd0fef0a0a04
06150ddcf617040d
f20f04110bf8f3eb
f723fef9f31212f9
f7041ff4f1f61209
19f5fb0ffe06101f
f50305f7ffd324fa
010f09e91606f609
f9e8fcfa1efcfe07
eef30aff1cf8e905
1bfaee02e3e80502
21ea0707effef2fe
0ef50710f2f4030c
eee7020b06dbf30d
ea14d616e10403f5
150e0ef7f00a0ee4
10f01af005ff0103
19f314f8f3fded17
1b08e70dfe0eeaea
e6ee08f718c6f9fe
fbfcf8f0f7f9f103
120aec22010af5f6
e8f61af61ce8e205
f10afcf610f504f2
ecd8fe1808de0fed
04ff01f503ebe806
ef14de0ff00a060c
1cf90cef090511fd
ec0df80cf40c0de6
02070b07ea0307ee
07080203010ef322
01f6f50010fd18fa
f8e00f0df7e5190a
211cee10021fe218
f607ed1cf00af1e3
fd0eecde241c0dfc
0bfa070700f70014
10030e06f6061605
fc0ced0f08110dd4
1cfc09ea0afdfd13
07f814e6f70711e9
0c150df8f70cfe23
f0182004fd12f0de
0712eff60416021e
f72df4f5e82010f3
ee07fe010ef90d15
ff0601f919f805e8
0b1213eaf9fbed03
f22bfaf5e40d11f8
f00001f01c0adaee
02f810e81b10f51f
fbeffa23eff602f5
eaec00f0f4e814ed
f8f4fa0001fa110c
041a05f8100b02fd
02fd14fb10ffe2f5
0010f503ef010f2d
0205feeb1a01fefc
fbeffa0f01ec10f5
e40de904fa0f0bf9
04e514f0eef60306
eb04fafffb100200
00ef0afc03f80d13
0d0d12f3091dee10
eb0412f20bf2fdf2
fef20704fc03fe07
0ecffafa14f8011f
0906edf5e11bfaf9
0fff1de92512e106
f3f3ff1021f30316
0714fa24f61f0af8
07ec04eb16fe01e0
0e2314edeb23e815
01ff15f50afcecf1
e70e17f7010e04f8
000009f0f401ed14
eaf1e128f70a13ea
f506fc0ff50609ff
10ee1308ed020b15
de0e021501090101
f40d0af2e7eeffeb
ec301d07fb02fff6
e202010bed0cf800
0400f6fa1ce8f411
d8fbeb3212f7f926
e515f5ff100b000a
09231eefe4070b0a
f8e5051bf2f00c0a
1ee508e5eaf9f21c
100303f1dbf0f70d
f30425fa00e8f716
12fa0eedef13e8e5
161612e6fdfbd2ee
f6f9f8f90109fcff
1017f1f6fa11f6f4
fe0bda0e050cf9e8
140409f11cf90712
070124f6f3e6fa06
f01100170708fbee
eff7d820d20515f9
f4df140ff9fdf016
f2ee051106faf202
03f6fe0df804fef6
f2fbf424fa0bf605
04ede61003f905f1
e4ee0ffa14d41907
ece1f700fdf40818
03e9fbffee01ec2a
f7e124ed2ce7fe27
14ed08e00cef03fc
0d18071ef615ff13
1bf406fb07161616
18f0eff80e13fc18
fafb15fd15f60400
1d08fff4090afef0
14e2f9fffcf7fd27
fa01ed0cf40df6ef
04001be316e2f6fb
100af0f5e3fc0c1a
171015f105fcf70a
041ef0fb05f8f8ed
0615f5fbf51506ff
f10907020be90813
021003f00213dedd
0008f70ef5fffa06
f80bf41ae5faea11
04ef07e71902130c
d6f4f615fa1713ef
070018f2edf70afd
1a110de7daf411ed
f30613dceafa01fe
fefcee01f4f3fcd8
f00b1401fc0cf2e7
14140fee2505ed0b
3709efedf8fefcf1
132a0bf81911f4e6
00020900dbfe150c
f708f505e715fe15
e3031bec04e51508
f905ef0907e60eee
02e70af1fb0c1521
020205fd070316e5
db0a20ff13ed0202
1ef50dfe00fcea17
ecfef8e319ff1906
de1018f4fe150312
1109f6effc1807f9
02f50beb12ff0b0c
ef02f30405f5e912
12fe09f5f3fd02fd
d1efff0afdf90515
f6e4ef13f50a17fb
f718f3031211e80f
07190a0217f6e003
0e170ce40b190414
0ef9f4fc0cffebe4
17f90517ec12f823
0e0eebf702090932
eb150d06ec031e29
fae613e41ae9fd07
fcf111fc1fdff4f7
21e7eef00e0500e5
f3010c00e800f9e3
f10307f1160ee317
001902f6080b0a07
1315f30b00100bf0
f2310318dc1b07f6
edfdedf9effafff1
ef0fff0de6f906f5
d9f2ede919e0fb01
e71502eceffafae3
ed13ed15f710ea17
0b1304120af5030e
f614ebd8060e0ef1
020008fd08faec05
ea06e911e50a05e1
14fefbe523f40deb
180affecf2ff03ea
f91bff030708ede8
15ecfaf622e70c04
e0d5fa071aeef0ed
0dfa1808ffe20dfa
db06170cfbddf911
09f312f603021a01
e6fff3fafa0a08ea
e5020ef1fefb09ee
0b041207d6e60f07
20021000f3091504
d810ee1808eb05f9
0008fd0f000b1f1f
2bf40602ef061411
100d0ff8f1f71afe
1efc01eb1cf0f1fd
fae5f50903f9fcf5
1cf5fef005e50ff9
04fdea020dfd0913
eb24f8f9ea18f5e9
f32812f9ec0c12c7
0cde030509f5120d
ec2703e6fa27f8f4
d7fce22af205f80c
fd2716ecf301f302
eaf8f61c19fb05f4
071df9f60126fcf0
eef419ef04ff1601
021b0cf0ed0106f7
08fbf416f1f6ff11
fee7fe20ddfb1800
010ee71bf9181407
04ee070fe9051004
0f0af5ff0608ec2a
170bf40be912090c
f9060410eff526e4
e4ebf6000ff2eceb
1507fe00f7141025
f6f3f80a03e612d4
f11bf6060e10f6e4
07e3ff0aebb7fcfe
030905f7f715e4f3
eb0eed0b140e11e7
fae80e1017eb1dfa
22f126f810fb19f7
e503080015fafee1
1aff0914def60e0b
0c13f4020d14e2fb
05e7ffff0dfe0b06
f6eef0f7fc031607
060dfb000e0a09d5
f007010f0bff1700
1000ec110f091220
0107f90d0dfb0509
fb11f717db211efc
df0cf21805fcf2de
0ff809e518040415
faee0ed907f8041d
1dd7f6dff608070b
ec160b0a0202ecfa
15d3fef816fd0e14
fa0504ef1debdd11
010704f0050207df
f3e8f6fcf90ffffa
edff080fe4fc0eff
f604170400ec03e8
ecfffe23cf0b0b0d
02edfef210f40a09
fc17f3fb0309e7f1
09e0fd0d05f526ff
0507fd03030fea06
fbf208fee502092f
0002fa1209020106
100ae5183111ec07
f8f513ffecfb1015
fa2918eaf5fdf100
fd18e8080113f3ec
06f5eb122cedfb03
effbf90911fcfadc
21f1070f02000b2c
060b12fb0600fb11
10f9020ffa0113fd
f4fbe910f5e6db04
04ebfefcffee0b03
ef0df1060113e7ed
f4fdf327fb07000a
ef0a04fbfe0606f2
eb1809f81607f3ef
e4170f1dece9000a
29f700ed1810f60c
f20b17fce9fde7fc
0bddef15060a150a
e412f92eea0d0f15
fcf9011505eb0627
14eef10714fdfd07
1810f6e9fc04eae2
e40203e7000a152b
f50b07122af1db04
220801ece8191b18
11021ceaece60cfa
f603fb0815fef0f4
ec12091df016fa08
f2010113fdfd0afd
e804f608e611eefc
f728fff1f911eff7
14eefb030003f4f2
1efc06e520040329
f60202f2f50df402
0c0b0f09eeffff12
08fb0d11d9f303e7
e60807fe09f1ee11
0ceef307040b03f0
030e05f0fe081b09
0e03d9eb04ef0302
f0fe14e8f803fb21
06eefc11f62d01dd
130d23ed05ebe5f8
fef1000af82e00f9
f71021f7f4f005fb
0bfcff04fffa060e
0c13f705fc1d09fb
f1dd0908150ef3fc
021503ef1312f1f0
02fa04f60c18eaea
1ee701ed0c0eeef7
13f60ae806e1ffec
f5fd0d100f1d01ee
0efd08fc0e060ff2
171f03110cedee03
0beafffb05dc0703
ecdff3fee3f40d13
16120bfb080bfff2
ec0f050704f80f0c
ff11ff1701f71107
0b15f7e914fb0eea
0324fa080b03ef13
0f14071108ff06eb
f5f405f9f7f713fe
f9011df001e6e612
eef7f306f9ef03fc
130d09ee12f607ee
0aec01f4f20902fa
f3fd2709f7e6062b
e00ef0130011ec0e
e61411f7f30af50f
f1f205fef9f0ffea
0e1012fce5d8f800
060e060309cce204
07f2ebffef1014fd
0b0d07050928fcff
06f403fefff6ec03
f6ece4e7f0fef601
f5fff5ff1a091707
f111e2f2fff2f407
f60d00ed17e61217
0be20708fefaf502
f21906fe111d0bf0
f4f01a0de8f40ff8
1ffef3eef1080cf4
17f80b0b011803f2
08fdede80e120b03
0f09f5ee11fc0e10
fd250df814eafa02
dff2f9fa1b21f9f5
0604fc03070bef0a
ef17ed0b18eff701
0ffbf8f4fe0ef0fb
ed1e04262010f4f5
0d0217080b0c05f7
fe1a060beeeeee0a
08130eeb06d501ef
04eb07180116f9f9
edfb0404032100f6
f223051ceb170211
df04fdec12fbfbe0
fef7f812fd2019ee
2415ec1007f90909
f1f40cf01d0c04d8
05fdf9edecde0604
fcd70df8ffeef403
0b050705f3270ffc
f207fa12000f1807
0920ed0409080e0f
17efcaf30a182514
00fbfbd20703eef6
0812070e0817f9f9
f7050f08efeffbf7
fef20d0505e0fb20
edf5f9f4f011060b
1e06fde507160902
f7fd08ed0edd0ee2
190c1907f6f823ed
041dfbef0304ff08
fefa00f30bf71102
ff1b1b1518e5f9f0
d6f2faf90cfbfaf1
0406000f022a042c
110013f0faf50b12
f0e8f8eff1030305
defa070bf116eeef
df0d151b0f11eed9
030315f8e5fcfa0a
1925d9130c05080e
0e06f6ebfffee900
19ee13fd041506fc
03fb16001bf7fdfd
f906e4e619fc18f2
efb2faf1e0fc20ec
120bfb03fede0225
0d0a0bee2bf2f9f9
e3f901120600f9f8
f007f80505f9ee0d
e90a10f81c1110ef
e1f80f120ce4e6f5
0bf2e4fef2ff0002
eaeff2fff8f00cf5
0921d4ebf8e5f018
19fa0012f6f2170d
f2ca14f9d1030300
13f5f009e4f9011a
f3eafcefe2220eeb
0fffe4e916dc0414
e9f3fdf218fbee02
100cf7f3f9f9f500
11f6eaf0f70e2115
e316060d0bf002e3
f01000f4f705f707
17ec1105edf8390b
f204f213eb000af1
ff0a05f3fcfdfd10
24e3130df5f807f8
09eafed8fa020e05
ff1dee11f9120dfd
f3f41701ff02eb04
0621fc00fcf91510
1d15f90b1f0a0f13
1a19f203f7de0114
fe060b03fc0318f5
ebea09fafcf1f909
e7ec00000c0b0e1f
eb02fefe1c01220e
18f6e00af1f51a17
fe1f0cdc0cce110e
f3f923ff0100d8f7
e804fdf5f5ee0501
070fea05fcfa09ff
e617fe230a17e50e
e2021704e9fa04fb
f4e210dbe604e2df
e3f10818ef22fc06
fd04ebf010d5070a
fbffe8ea012af0db
0215fc0800f5f61f
170504120413f6e5
0cfefe09def81a06
e1f9e1fb1408fdf4
17f6ffdd02d90109
f907170506daf50e
f2e6170a0d1bf802
00ebf8f00eebfddd
fbd91fe907cf05df
efd617e3fbf2ff17
020c18f71102eeee
e511fdf5150c1630
00ebfdfffc0746f6
030ff20d03fa0e22
f3f2f7ef0910f71f
0bf60616f9060801
e5f40717110dffeb
d7041b02fc07edfa
02fd0101ece91bf3
e403e80fff1a06f8
08fdeff710f8f409
f0e6f8e203f80503
edf6fd0df9fcf80e
00f00712e106f817
f7110016f203f0f4
f7fffa1023f01500
07110d0efffc1406
070cea08f4080116
08e4e2f3fe000b10
f9fd06f9f6ee0509
ea12011b2615f8fd
120af5f0fbfcff03
0bf40208fd040509
fa040604080603ef
f808210e0afc0e06
0c0b00fdf0dff80c
03f40cf106eb01ee
0c06ed03fb05fb17
fcf310ededeefbff
ee17fef5120711ed
e7f500ff0ef1f018
00f9e3f30101f7f1
f7f90409ee10f406
140d08ed0be7f40a
05f31c18ed27edeb
fbea01faf81605f3
06f6ff0810fe0304
060aff21071500f2
29f2e004fd35140e
000e0a06f6f1ea18
f202f213f71df9f8
f902f0f400e9e601
13f5f80707f6f822
ece8fb1ceb240715
f4ff19f2fb1ef2fb
fc080a00e302faee
0cec0005f5f148f7
fbfe01f9e707fd00
fefcec0d0305fd01
08f50303ef040edf
f8f711fe041c0cfc
0a0411f80ef109ee
f2ee0afd101902fb
e9fd14faf9fe0af3
f511f4f1d7021c03
0af120eaf7e709f8
0215f50af8f3df14
1a16fcf9f90a0a19
f6ebfaf403dbfd1a
2c23f41007f4fb11
1908f90b05f10c1c
f7f9fa0ae2fcf4f0
f9f9e8fffd0018f5
ed07f2fa1be2eefe
0efcf8f204e00908
09fefaef0dfc080f
f2f8ecfe07140304
fff3f3fe1403ecf6
1500fbfd06fd0704
0bea07f312f30011
e71403f712f2fe03
2101e3ef07f41b0d
00eff5e1fcee1a0f
e7f9ef02effd04ff
1213ecee130d04f0
0bfcf80016e1dce5
e6041304f20f13f7
170b0efb0cf9e00b
e70002fdf31ef70c
ea16ff14f51e09f9
04fff1eb0dfc06fd
e5fe030af90b02ef
220bf9fc0dda1904
f5effffffcef081c
eaece608fc050716
f9f30bf0f8eaf510
f30510f51a0b00e5
f1fffef5ff020008
17f41a0902e7dc03
06fff9f7f215f109
13160310f914ec0f
fd090706081d1c09
070112060c0405ff
04141934150310f6
efe407030ffefe09
05fb082905130af9
250cee070df70b11
fdf61c0504060ef8
f9f7e40bfafffaff
fd0af302f5e60f08
f710f600e603f51b
f71cfd03140ff9f3
e7e71afef8efea0d
1df6f11401f102f2
f0f801f00ffe01d5
f1f6020d0c1706fb
fef503f203f60df3
131200ee06d20403
f816fe1c0efd0be0
06f001fcfc032711
12f2080101e3da20
faeb0909fa26fbed
0d0df8f6ee00d604
fe080213071903ec
0bf4ef10f81dea0b
14f10d05000ce912
03f70105fb040ddc
031c09ffe90b0303
f307fdedf6081009
150fe50601f7081a
0a120b1004080013
12f50d03f1070df2
0910f91210fc03fc
0a11fe11f10df90f
13f7f6fefa09fdfb
e20dfd020a10fdf8
e6f312060706eff1
04ee0de4e9f70af6
16f90101fcec0902
f4ee1afafd260602
fdf3f40dff030e02
000b10fd0a0100ef
eefafe1afc1520e0
e00401f411fbf400
f907040717fdf6f0
0bfefdf0df261d06
2105f50d070b0eff
0108130dfc0f0707
f20efb1af0d7ea0e
f60511ebff1014f5
f5dd1914ef0bed0f
fbea001f0010e1e5
07fd05170bffecea
02dad9f10905f607
f6ef0df817f1e3e7
29f7fdf6d5e80e09
0e0efd1df8fc040b
0e01f708f4fdebf1
0ffbf611f620f7f6
f314faf818f102f9
0d01c7fafcee4d00
0201fd0f04110e00
eff002fd0df4f800
20030715ee06f5f3
3325f6071407ec13
021c1f150b18fdf7
0ef2fde8dffe1bff
f50c0f1d031602fa
1e0809e5f6040904
0306fbf2ecebec22
eb0000fe0003e704
1df508f2f1fdf90c
090d0e1800e8fa1f
10e90213f5ef041a
e402020df8e7ee14
27fcf603fc1b0d16
0b11fd0efc030afb
eafe03ecf70910ff
fc0704ecfed405fa
0beaf80ce40600f1
2bf1faeefeeb16ff
0f16fa09f510fe0a
e606130afbfbf6ef
f30d120b00f30319
fc0811fa0700f5f4
f5fdf4e711f8e112
ed0304030ef40c09
00f013fa0eee1900
092ced0000e2fb15
e007000cff0f0007
0b1517fff0e30a1c
05eb0c0906f6dc07
f800ebf216050609
130afbfef01af619
ecf6ecfdef07f803
f10105efff0f07f9
1209f61b2610f2f3
fa14fd0d111df503
00140cf816ef0807
0108090b150c14db
0304f60516080900
fd260f04e607ed07
10e7f4f305fa150e
16f20eede6ec01fd
feccfee3ee0f13e3
3805d0f11106f414
00effef824e901f3
1d080209e913f801
edf3fd09ff05f90e
fd09f6010d30fdf8
d502f8e713f8fdf1
00f0fad11405dd09
fe061001f91f00ed
06eb0425f41b0000
062df82110fb1803
2bece20009ff0e00
04fafe1bfc0d06ec
f3f50100e5cfff08
0bebf0e60d020702
f9f40ff6ee000505
0f0ff40ffc110de3
f6fd1602fefef1f6
081108f309f0ec02
e903fa06f90e00f2
fb08e2f4fefff200
ebe0f014fd1af6ef
1107110ef0e8d5fa
e1fdf520fc2cfffb
0fdd0817fb25fdfb
050504f9d8f9060e
070f1b1b0108f007
181b0401fe160802
f31100f6fde7f309
f4f3ef0116111df9
f80efff3071610fe
000914190a16fef0
0df4ee02fee4ebfe
121cfffdf2fee0fe
fbfa19e805e3f105
17f21511f50c0a06
06f5f0f4e0140cec
f2000835fb220f12
fb070b1d09fffdff
11eb0413fffd0b0b
03eaf0e006f8faed
f501fe0b0ceaf101
0dfbfd36001ffbe6
08111fff0fec0af8
220be9fefcf417f9
08f4090ded3806fd
0bfe12f900edf901
02f907f1f9041408
f80a1a0d03050ae1
fcfc1bf1f6faede2
12deff01e8f31dfd
2afbd8f9170905ea
fc01fd26f6140008
0ffa04fffef4e3f2
ee0c09ee0afa08ea
02e6e7d909fbffec
f2101102e3ebeff3
24110b06f0eaf714
11eef6f2000003ed
02ed01ff17fd09e7
01fff20c190d030b
f7021711ee15de0d
0908ed0908fbefe9
f915fcfc0209fedc
0d000b150705f80d
040eeff50703f810
0de6fbecf2fef9f6
181904140ff6fe00
ebf802f8f7131617
e60bff13ef1cee12
f507fef3fe0d06eb
0a0afd0d1c2803f8
f707090b1007fbe5
ec11f5fffb040700
020311e202fc01e1
010ef8e50fcef509
ffffeef8121908f7
dbd71101fe2af4f0
1af9f7f608fd00ff
f8fc12ffffeefaff
25ffe2f7f303fa26
cf170c172515edf1
1302f520ef0612f2
06f8f6fbfd04ebf2
000b08f30ae9131e
21f9f00813131b0d
f5fbf4fdfb1e090c
f60c09f305050bf4
ed000b191319cdfb
07c50ef9d4f11a0c
f3efede8e9f50402
f11a1507f701d408
0303fe0328e701fc
03ecfa08e12e1005
f8f9f70a251dfdfd
191fed00151e14ee
0cfc0903fe010c01
fee0deda0d0b1ded
0007fbf8fb02fa04
e4f717061008fae0
13fce5f808f702f3
050a0424fe15fbe5
1becfcf916111211
05f5fc05ebdc1104
e21ef9181a0eebeb
efec04ebfefc03ff
fd0909f600e4fbfe
f9eae6edf70111fa
f1f70d0a02dae6f9
0ff91107080115f4
e8fa03fdfa230805
0b000a0c1fddf7ee
07ef04e512edf7ee
eb070a15fdeed0e6
eb02e902f0edfffe
1202000c20eee803
d812df0cfc23ef0e
010d1f1af3150007
071703f1fdf0f612
fc1201f20b0f0cfa
1a16f5f0fe03f31b
12ebf820fe040304
110af0fdef1807f8
fe2e002e1917ff07
1bf6eef4efdffa04
09eaf4ef103b0402
f3fc0d04f502fde2
fbfef1e308152112
0ae4f90ce30000f6
f7ededf802070b08
e4fdfa05fbf6f10a
1601f7fe01e9f605
ff01f6fe040d19f4
fb00060d0e0300d6
e00af0032b140c0b
f0fb0af6fa03ef0c
180604d6f5eb15f7
eaf703fbfc0103ff
fef6fffafe0f18ef
ec1ffdfd00d5f8f8
1217eed601fff905
ebedf407fce80316
0211eef709ef160f
1a0916fa0702fe02
07f5ed0316120705
00031cf3e6f1f90d
f7f90dfefc18f61f
daf4fffefc04f3f5
f40feeeff1fcf721
0af1fff6011b05fa
faf50501fef2ff0f
01f61306f005ecfc
f51bfc07fa0ff4e8
1ef1f9ec0cf7090e
0314e806f40ef414
08f9061df802f5ff
fbf704f7160e07f3
00df15f8ea0ffcfd
f6eff6ebfeee0c12
08fa2118eadef5fb
3104f8dced031104
fe0ffee61ad714ed
fcebf9070913feec
fa02e30fe4060b05
2907fee2eaf7152a
0c19f10e10f70806
1af5fb021011ffe1
fff4fff5d915e5f9
f303ef00d50be901
0e0102020dfe02eb
07031af6ff0b1d0f
03e5030409eeec1a
ece1fcf9ece50af6
fc0601f31c000bf7
010bf6fafef0f6fe
f013efe70ffdf702
08f9f508f6fc0b0d
35ea1cff0e1a0607
f2e8ebfb0708f7f8
1f091109060709f8
e603e700ed0ef916
f209fbff00f6f9e8
f50a1b1efaf2eafc
0a002e1107dbf4f8
effd00fa0bfe0804
e804f91213ef1004
fffe0ff10f0d0604
f616feffe8fadffa
07f20cfaf6f105e6
0f0ef90416f805fe
1101fdf5030102f4
0d001805fd1602f6
f806fd0cf8efe6f2
e804faf2d9010af4
f7f110e9fdef0b10
06ff0b0af80b16f9
04f7dbf0f70dfb0c
e6090606f40d0e21
1d260afb1cf6fbeb
1f17250a0fe52101
ee11090402ea06fd
e4f3ff03ee1604fc
ed0ff709f4f601f2
e903f0ea0e0a01f3
eff8fe0a0cf00c18
fdd907fcd90df0f8
fa04f9f0fc1200fc
f3150bf327062107
050ffd0d070e08df
ec070414ebf7201c
fa0501fbef09f5ff
10051d10fefa0008
f5fde7f9fc080008
f81cf1f8fef002f9
0012ddfa1804fc17
0a1c01001a12e8e4
10f80bf3fd150f0b
0206d7f8ed140306
0a1f091e0e0505f5
1cf00ef8f720071e
1a0c0c080cff060e
0ee804f902200adb
dffd02110508fb06
1302090916f3f3e2
fee3e91cec08e61f
fb0405f31af908fa
f307fef609e61bfa
27f3110efbf905f9
05fb1c1df3e4021d
e7fefa02effff702
07f81509f91c1af9
000e07050cfde81c
f30ded200fdce5f6
0fdbf9f7f012fb02
e102f3e40ef7fe04
ebf105f2040d0e1c
e30a0c07fde1e5f0
01fef9fde40ae806
fa06f51bf9f8f6f8
eb01020ffa03040c
ff06ffe802142121
0df70204edf1e5f9
f316030ee8eaf7f8
0bfe1c0118d41809
e1020100fbdf11f5
00e9eb04f60cfd0c
f10afd07fff5f4da
01f2e9f5ea03e3f3
edfe07f20de7fc0c
fc24f3081f0504e8
14e3001dfcf905f9
190010f6101929e9
1b1f030904fb0605
19fa0afaff05f203
e20efaf9f31301fd
19fbf90a040a180c
0dcdff01fef8f400
d700f6ff02edf80b
1c24f90f1106fc05
e40800000b07fa00
1806130206fc021f
fef52008fee11dfd
e803f312f61bf8ea
c90b03fa030b0505
19150df4130300f1
1bfaf508f60eeb0d
081118120bf7fdf7
fb051609080817ea
ff0a1bfe08ebfff1
fdea0ee9f2070ef3
edf607fbf123e90e
0eef061a180e1c0a
c009effcf30406fe
f410fd0918e4edf9
f90a02f1f2140cf9
fe141df4f608e6e9
de09dff4fcf1f3fe
21f31b020d160efd
01f502081c051d05
e219e70502f9f908
f923e2180c1d0bfd
050717fd0bf429fe
fcfef302060c2300
fd10f208f0f3dbfd
0309f50406f7fefc
0f0f2208fd090ceb
fefe05fc05e5e209
d918f9f804060122
e9f4d20e0feaf30e
02eefde9f511fa08
061aedfcf61b1419
05f50814f002f0f0
f711f9fef405f204
05e6d2efff050206
08fc0af5f90af507
1ef6220dfd171204
12fc0f18ef12faf2
e7200d07f4e1e6fc
ed16effa0ed908f3
03dd24ee03100b10
e605fbfdeceb2604
fafff20bf602df04
10022f0f18f50af4
fe18fbfbfbe20601
ece30de9f0060808
08051116fcfef404
dd0afb0ff9160af7
eae406ffed04f916
14e2f5fb08f517f1
040dfa0717fff4f3
e20bf4f006f20206
fa10fbfa0a0517fb
ebffeadfef11fa13
03ed100304fc080a
2e0a1f130cf310f9
f1effa050014fd17
f4fcfbf512fe13f3
050204e2f92910ff
f0eafceff811f3f3
1514170bf40928eb
fb0ad6f80913ed05
fb17d0f1041dfaf9
f6050b020df7310e
e613f908fee1d9f9
ffed0bfe060e02f5
03ed02dfec17ffee
0405fef1030cf509
0301f9050d1a0cf4
00fb080124f21b02
06131af905101df4
0c0a00fd022109f3
f7f225eeea06fafc
fefcfef6fe06fdec
130005fff4060601
2910fb0b0404000b
0aedfd02f9140ffe
08fafd0d0803fb0b
f11416ff0aec0e03
1ceb141016fb1306
05e9f5f5f10dfa03
2eed0602ef070206
fde7fe15f8f7ec08
f40f130ae6dff302
d812eafaf8eafbff
e011e9e21a03fdfd
0f0a100a000b03fd
e5edf0e1ef130aff
070becf40ef21711
f7ff0a0415051002
04f60c0c10f300e5
00e50ffbf5fc080c
1ef8f8ff010a14f9
21df110ee4fdeb18
f705e2e6f8f2ea0d
0eff12040a061202
f0e3ef12e0f6ecf0
0118ed05ec0bfe19
e904ed0b00f80905
ebf104f202fdf710
07f7ecec10201709
f502190b0cf2fb06
e6f30201dff4e615
1bf911fb15ff1014
0efbe8e1f6070014
e0f5f3fc03fdf2f5
ec0ce7ecfcf9fd04
fdfc14fc030dfef9
f305e80ef0e1cd17
0e0315fcfee9f9f8
17d7f9f9ff0300fe
e8f40c03fcf9fbe5
01fd0af1f3060af2
e01adeeb0af70bf5
ee00eefb03f5eefe
ff2a09ff1af617ee
fcf5fc15ebf6eeff
e1fd0807050c08f8
0526181607e7eafd
fd27f60bedf0fa03
030207f10d0201f3
fbfc15f9e81c060d
1af208fe0d210be9
d80a0707faf50717
f8f010f5fff81110
0414f7061f0e0a16
ede8000f11fb0b00
250516190e02f500
fafa0aeff502f40e
030b0ef702fe01fb
06230015fe0802ff
03fd04fffd2017f4
f009040417fc17f2
0f0a00100efd1a08
fae6140902fb04f6
fae9fef8f304f705
1e0016f30114fcfc
f6071a01110f2913
fbff04f7e8f9e513
f7000201e11cef0c
0cfa0a1006e90b03
ff1bf90f07f202fd
fc1e04010117f90d
f9f9f602ff230e1c
fdf82807f70d0bfe
04d9fe0fec07030c
f9fe04f70a080403
05ee08e5f921e9eb
e6ea0bffdffc0314
f2eced10fbfcf000
fe0af211e7fdfaf1
06f0fb00fedde10e
19e70d1af0f5e3e4
0ee7ff01f80c00fe
0e0d0f140605f904
f213f51306eef8e8
10fbf2fc04f3f006
ebedeb0105f71025
f30a08f4090608e2
0e04e1f5f8111302
03f7fa08fe03f7e8
1cf617e10f060ff0
f4f8f90f0ef203fe
02f5e0e7fa220308
1dfa111204010e08
e9ede8f6fbf310f5
fa2ddf0614ed0ee0
13e8ce010a00fdf2
1c1b01fc04fb03f8
1af90fe226080bf7
f7fc0509e9fd07f4
f0f4f5ef0cf0201d
17f90af30c0df3fe
0df8ff020bfaec00
160e20fc0303f300
0fe5f4ffe205f602
f522ede305e3fbe7
0206f1f211010603
1627f7141f0af9f5
00091c0ef6f0fbfa
070afdfff810e704
fa02fd1c13eb08f7
03f60500fdf8f207
f7f3050c02e1f501
12f3f0fef90ff1f5
f9d803e6df21f0f1
ff1003eae712f70e
0a000a0affe7020b
02eb09faf9fcfb03
0805000708faed05
11e50e0a05f00ff4
1513fefa1018f702
08ee05f0fc0a0803
fdeb07fcfafc0306
0e0dfc00ffd0e618
030a031000fbf307
2dfcfc09f8fb0007
0406070717ec11e4
fe1b0afcfae40611
05f803efe30ddbf7
14e71c0d08000c1a
00e7e211fc00eaee
170d04f9361a23e5
14d7fbec062100f3
f208fb06edefdbf8
1213fb0e08f0f50d
170d19f81df90010
f6f50415f6f9f116
ecfed501f6f819d7
c50cfd00f7f9fcfd
00fd081400e8f7fa
f0090ef00e080ffa
f8edf5fddff3e50e
0fe7f90803f6efec
05ea1815ebe6f5eb
e31af805eef9fc0d
f6f2fb27e7dc07f8
fdfce2fb03f9fe14
f204e4e6df09f707
f6f419ff12fc19fe
f0fe1605fce4f11f
05f5ed0d12f80713
ec061f00e509de0d
f41713fe04f12211
ff0e0909edf6f513
e5fcee04d8dfdd0e
01eafcefee1a1406
ce08f1020aebfbf6
f414f7f90dfef417
0c0febf9fff4f519
e8fef504e2f3f7f7
fa000df519e706e8
1cef0f0812e706ff
f409020903f4fce8
e901f3ef180213ff
fbf21500fde2f9f7
1b09f5faf51df8db
0c04f2e322f80dfc
1d0b06071ef71a08
e1fb06f5e0e0ed17
09fd18f212fffb0f
16ff0906ff101309
f901faffe7f8e5fd
03f7feea050a250c
f5edfffc04ee1600
17f405111bfe0f01
25fc040803180802
f6fceeee120c06f6
09dbeb0bf2f8e5fe
20eb0c15f9fc0a0b
dd00fbf5f1f1f30e
180e150a001a0901
e5fbf0fcf502f30b
f8f0ebe00203f6fd
f2fddefc1716ee0d
1a03120b1a030ef2
d8fefd03f0fad8f4
fdfc0e0df7000ce8
10f503050a130614
f1f61beee5f40be8
ff0b21def517fe06
14ecfffbf314e914
0e0319ffee09e7ff
0319f91a15efe6f9
f3170919eff9e709
11e3f513ef07daf7
ed07faf3ee1a0605
07fcfbf5011ff7fa
f709dfecdd23fb18
f50d131410f5e900
fa03fff8e40ffb19
ebfbf7eaf6e50312
060002fce61e0009
e105f415fb05070d
0d06210f0ff6020c
dfeee3fff7f8da04
2c031c0b040818f0
28f7110106eff505
0915e2e3f31a0a06
2705faf10b010909
f71ced1006ed00fd
ed0a02f40a001400
eefd1615f8f00504
180409fef0080ee9
fcedf7ff1104f6f4
050bdf06140a081a
0ff5f2ee17110efd
051504fcfe0a13ea
fe05210009f4f3ea
ee05eaf710f70cff
1ff51201ff0ceb07
25f8f41afefdf202
09380c1d01f0e1f5
0809d80f1b1b08f2
18df0efa0cf5140e
1ce8f306fb0af5fd
1100f1e30b06eef0
eb0ade0512fcf1f3
07fb1604dcfee604
f30106f6ebf3f7f9
f81505090df1fefb
0208fe06f0ece609
0e0102ebfe120306
d51a02fd0df7e9fe
07f2fd0004f9f118
24ff03061d10f7fb
e2f5f803f301fb0f
edf10ff8f9df05f8
fa01e3e8ec21f90f
e8e4faf3f5fd1313
e10d0bfef6dde3f5
07f3d40ceb2bf70f
1513161f0eecfde9
0fed1114e3060b0d
19052919fee5fd17
10f62dfd0600040c
fde6effae7fdeffe
29f9030e23e01200
d9f606f6fef8f609
fa05f8f20512151c
0ffe090719e903e8
0805daecfe141108
19f2fb02fbfbffff
11f101f507fdf908
0fd6040ef0fdf41a
f8e7f2f6110501ef
fc020b06ec1b150f
e201fde50ce2fc0b
f01af0f210081503
101615ffd728f5fa
18e3fe07f7071608
ff0fdef7ef1c0703
edf1f7fe08ef09f3
02fe05fb190c0807
0ef303030ce914dc
fc04020e0005dff7
21e3f7ebf42308f3
1309fff6f41110f7
030ae70015f7f0f3
ecf8ee0af3050dfc
fb000ce800fff2e5
0cd41a0114f613ff
f107020807f90a00
fa161af11d0519ff
10e51afcea12f9f9
0b1b112c100df1ff
08f8faf1f308fcfa
17fa1318f6fa04f2
000df213fbf6e2f0
f906061001eeeef4
fd1c03ff0305150f
f114e80117fa1a08
19e810ff030912f9
fefdf400f123f90d
2bee292611ee01fc
fdf6e42efe06fdfe
ee14faf517f00bf9
16cde70703fb01fb
1417fee118140ef1
17fafbed01010de5
fe0a01fff01209f7
00ec05ef131108df
12f204f80202fa06
f70600f2e70607f3
eff709fe07eff2f5
07e1f1dbfa2815ff
1add0b0025141506
0a07e7062c0c300c
f000f50d06e80005
f8e701fb0bf92005
02f40e14eee1e60b
fff9210300e2110c
1714020609fc02e8
ed1607040bf50704
100d131f0107eefe
e0fc010bfef1e3fe
22f5081c0401fbf1
d216e600f50603f1
0e10fff70b220b02
eef70105e0e3eb15
fa03d9eff814ed15
ee0be2fb0bf8e6f5
f6effbfff3fa09f2
fe0122f9040b1613
0d14fafefb28f1fb
e615fc0306e4ed02
e2d6ecfeee04fafe
0811090ffdf60708
f704f7e816002a02
0001cbdff8071b20
13f7ebed1c1607f0
f7e6e71ce5f6e10d
f201f5fffd090917
ca2101fef4ebf712
f609f2f904000ff1
1516f70c110918fb
06050600e7f3e7fb
051c191aee0ff8fe
08eae9f2fafa0b06
0af5120bf1e3e70d
f0fe07f707ff1af5
f3110bf71ade0b02
0207f30fe410e703
fcf71f0606df2207
fa06080af616010f
16e6fdfe17fdfb0f
1217fb110ffefcff
fb1406fdf91413fb
16fcfffdf406f2ff
1efff20707110709
fc0ffbfe0a09f2ec
f314f7faf3070a03
ef17fe0314c6fd02
ee1feefddeffcefe
0509fb05f5122204
16d40efb001a0f09
15011505111303f7
fe160df5f3f20a07
ec202611fff403eb
e3ea041aedf7de12
ff0614ed23030606
11e6f7141106010b
14ed0904140018f2
0f01ecf6e7ecfe08
f2f807f8f5110205
fb1c190ffae70015
061af615eafa14fa
f20106effbfcffcd
04fa03e206f3e4fa
fceb09e1081014fb
08edf2ddfc01f811
1b17e31704fb0bf1
eef8fb07ff0b121e
140f12f117f2e515
fefee50223ebe8fd
050d0a1ff6101907
06fc0d1903ee110a
f71118f1efe6f6fc
0011f5fdfef9d605
07fef0ff0308e001
f4170e0b28ed23e1
03ececee0d00fa0b
00eaf0fde80efe0a
20e2100005fcfbfe
13081216ff071908
18ea15260919f802
0cecfaea3aff0bef
fd10f1f2eef4f202
fdebefee180af702
03f90d010dea0105
fe1811fffaf0edf6
1cfeea03e1f5e812
07d7f9fdf61b0c03
0101f71ee700fafd
0a1b0a1110ece80f
f5fdfcf8ff080903
f429f90bfdf103f8
f5f90907fff1e505
fb1b060810fefaf7
0114f8ed0508f7f0
f8fcf212f3ed0a09
13f9f3250d050210
fee9000a1302e919
24ea0def18eef411
fd0202f1f7fbe807
10020e11f30d1afa
0afce3fcf015f6d6
22f61e08f7e016ff
d61ded0e05f2fe08
10ef0ee608eef9f8
0bf417f810edf507
1013101cf2fbf610
07fdfcee02f30bfc
0e010a0fddff2120
01fc07050b0a00fd
050e141cfd03f601
f30c0712fa1dfcf5
f70a21ff0aff06fa
fa02e10604f3fff4
0ee705ff0ce1f9e7
fc00f9fff61504f6
fb00f8f80007f403
ee0efc0ef715120c
10f4071bf5fe0d03
fcfd1af0ff050105
e2f01d131ffa060a
fc0af5060f00fe0b
06fcddea08f1d7f1
dd0a0ce0ffe7eaff
0d040d170ef7ed0e
0beffd04130400e9
fe07ec25070d03e5
fdff100c05f5fe14
edfc0cf5fef0ef0b
effae900f71de606
f8fbec0b1a0208f1
0606e3f0f9f9d2fd
09eee6f010fa2909
fe070ef40de4f41b
23f5081313ef0209
12f50009ff07f50a
0d03effbf006fdea
0e0ada0815f4f1f8
f0fff9fd0515dffc
1dec0105fbf20d0e
f218def70e03e115
05f5ede3f5fd03fd
f409e50909f8e615
f303eff8ef1ffff2
fff60007e3181614
f40de7f2fbfdf908
18f10c13e91115f8
1e10fd22f4021ff5
160304fdf0e9fddc
f4030515f7fdf40a
0cf307fd15f9fbfb
f5fefcfc07f5c509
0bffecfef5f9e4f0
1b101afb08fb15f1
eceafb140cfc1e07
05ffc8060e06eefe
0ef306090b040bfa
0207120408fbf10e
03071d010bf6f718
e1e60cf2020f0119
fc0b05f206f40bf6
e3f8fef82003fbf9
0109e901eb00cf1b
f808ed05f5061a0b
ed0e09090bf9f6ef
07e4190910e3fc16
e70efa02fde71b05
f227191a10ee13f9
03f5170c00e1f507
10e91704f7ecebf3
000a0a17f4f40cf3
10f9dce8040ff2e7
eff9f4f60119e600
17f7e40cf516100c
01fa08e8fcf2eaef
0efd221a02d9e214
e9eff8f8fb090607
0b060ed300e717fd
05d611e6d8eceef7
03fe03fd0714f40e
08f51901f10d0d04
07f4ffd5ff10fc00
01f9dce2f005ef0c
07e7dbf3f1fcf607
09e0fd0912f311ff
04ede5f81405edf0
0af8011010db07de
e81a0c0bf1e3041a
05f106050304fe0a
f30d1f17090823ed
f1fc0609042e1208
faf0ed08fe2006f0
0618fffbfef70f01
10fdecfbd42606fc
f8fb2d180ee7070d
fd0a2207fe0012f3
f0edf9ec07042c07
0f0c1b05ec1b3905
f8f601f2f7f8eafb
05f61a171f041c02
2b0214e70ee5f1f8
f9fd0502f6fae10d
fcfee302f510feff
03fd2bef29e2ff02
0e0310fc09e4eb0e
1416eefd03dbf20d
0b21111afbf21c0e
0ef9e1f615080307
02effff7f9fafdf0
ea090c0905fc0ff6
1003f300f3f7f810
df0917000d0d0ef4
e00ffcff1b09fa06
0f0a01fceaf61cf4
fb0904fde1ffe3e1
fe00f911fd1dfe08
f7f204e40cf8e925
18f7f018fce705f2
fcfcf1f50107f7f0
fe0908e5fa1c0c12
f40d0310ff30f8e6
13f010e6040ee1fc
06e1fedffa0a10fb
0ffa07e30b09f3f0
05e507f608fa1107
05f2f113ed0c02f4
00ec04ec051014f7
fcf6fefe00fcefe7
07fb00eaeb22f2fb
fb091113f60300db
0406f71af801f3f7
f6071e0616f1f30b
12fb110df9ddf3f6
0002fa06f3170805
fb1a02ff09dde820
0bef06e602e61bfe
f50bf305fff5e61b
0708020a14071700
e412faeb0e0f0812
16f4f402eaff0eed
d91df4df0517fcfe
1afbf8f3f90afb20
09f301f1f8f20b13
ea0f0e18001811ef
01fc1ce4fd070119
150bf0f509feeae8
e10b15efe023edf7
0afd16fcf2f5051f
e1090c15f1ff060b
fcf6f2e10d0e030f
0b02e4f5d1f3f81a
f3f904e9e7000f09
01100b0813fdf3e8
ff12f413f50fec03
f907f100f71beb02
f2fef7060c1d0fe9
10f5f2fb1502fbea
0deafafcec06de03
0f1001021bf11610
13fbf104f506edfa
fe00f119e4fbeaea
f207fb0410f21206
fa170d11ec120807
00f407fe06111f0c
f304effc12e2e9fe
0808fc0df709f6f3
f6f30c0c0b05fe05
05e9fafde804f5f1
01e4fff4f710f4e5
1a060b18fc0d15fe
e1f40bd916d6d606
10f00cf0fff1e70f
01090105fdfe02f8
e80cf90e0c03070f
01fd00ed08fb1610
fa16070413e30f02
18f9e4e8eb0101fe
0ced130800f2f40b
0efffa0507d4f507
08e6ec13ea030518
f40e230801f3cddd
0314150925fe0b07
04f803e9f711faf0
fe0afc03f9f3032a
f0080504eaeb0a18
f808fbf5f51b0502
04ff01ff0cf9e9fa
10fb0104fe2be7f7
0df4f9f10c02e8fa
02fa0319efea0606
e41713e7fc0a0713
0707e105f10008e0
ecfaf7fef5fbfa09
f2f71e1913dd1812
1629020d07fdff0e
01ff02e8f213ea0f
0109fbfaf218ff08
00e606ef1f11f6f8
0cf9ebecf6020c09
0d08e70a0139f1dd
0900f2e01df80903
e60eedfef720ebfc
110c1315160dfcfd
1fededfaf0fb1000
f5f00cea19f01005
fff6e8140f00f616
20f0eee6f01afaf8
ff120cfd0f080fe5
0c04e8ebf6070df0
f00a1d010afefcf0
06ff2f0bfdf504fa
fafbf80bec1df0fd
fdfb01e11be8faf6
19fd02201cdf2ff4
f1fd1ceb170eeff0
05e8dcfafef9e905
fb14f9f8f0f90f19
fa060dee1515fe23
fa0625f3f8ed0a0d
0b021ae9e41e11f5
f2f705f2f1131415
f114fef601fe071b
04ec00f30a07fc04
1809f51601f90de3
12e6eafbf7fefe0c
0eecfefb03051113
0afe02e50a06ee03
f117190906f505f0
04010cf50c0cff00
f105f6f7e907f1fe
0d03ec09fd0718e1
eff6e814f6160109
0c1000fd051ef915
fce603de03f00601
ebf20bf0e7050d03
0410fcfefef7e80c
fcfe17f4030a0005
04eef831edfe0c0d
e4f305e8090af302
1be805ebfcfa0f0a
ec121c1111fbfdf8
fcebec03e0fc01f6
04ff1dfbfaf2f0e7
03e9eee9f3290826
f50ee216fc1c01fc
08f4f315fc02e7e3
051df0fe0c041920
e110ffef0105fafe
e1181410190efe15
f607030b1802ed0e
fe12050af7081609
e30406fe0ff6effe
f9fe12d0f41c01f8
f80811f9ea0602fb
f70601070016fdf7
fcf901110ded1415
ff0509110902f0f9
fbfa0107e90e00eb
050203ed08eaf311
fa0cfbfaf72a23f6
fcf407f311ffeb13
f517f110121dfbe5
03fee516ff09e9fa
dcf3e90d190cf901
0eff14ee16e1fef7
f60b0bf6fdfb0306
eb1af212ee0d100a
f40f010eecf0ee0e
f9fa18ef05e116ff
fe10f9f6f513dd0a
f7e309e2ea0cfd10
17e9f1ec11fa130d
01ec04e406130ff0
06e308e70bf4020d
0a0304101cf60205
eb190502f30b04f1
0ee62bf206f619f2
fb0ffe03081621ed
ff150d27ee0004ff
e8e7eeeff6130816
fd05f21f05ff0c0e
1a0816080ae32b09
08f0f9fe0d0707f6
0ff2ea1409faf700
fafde90ff3ff0407
f4f2ef12e910eb03
10ecfbf1fbf9dce7
e617f303d617ef1e
21e8f3fb00f1f808
f0fffef0fb031306
01e1fce6e716f8f1
0dde07fcebf102fe
fb0ffc06f90ffcec
fbeefffcfb12110e
1ff7040201e5030b
fef80e03041519fa
f3ed03eafa0afafd
df0e1a12fe06f61c
1bebebf601f0ef0e
f3111f0b15e80600
1007f50305f7f4ee
03080bf512ec0c0a
f8f7fdfd16ebf307
f223101d0510f9f8
fdfae9131c19ec05
fc0613fefc020002
16fb090b0f0bfd0d
001cf41bfbda020c
f1fe03f9e4050eff
0b0b06f8f40fe4fa
0202191cfa0615db
0ff1180a0704fd0d
e006fdeb1322f10b
050415ff0be7fe0a
051a05e31cefffed
ee00000dffe70303
07fd1015f6fd03d7
fd17faf7f6f9eaed
f40f0213fee31e07
f8fafa06e41df5fe
f61e1c100a0f1800
fff6edf500160308
ea301af70105fcfc
11d9f61cf116ff11
e20002fa0218f8fc
0b0207eaf9ff18f8
0df7edf0e3f10bf3
ef10f6030df5f410
25ea11f2fce803fe
00f1ff110901d5fa
fcf4da13030eeaea
fc1807f516f1faec
d91500f810e7f9ec
e4070ae8f2fd0900
21fbf90504f3fd14
02fc0414eb0bfc0d
fdf50108fc0bf400
d211eeeeee23f8fb
0ef5f5eee52504fd
0f19e805051b03f3
0600ef18fbf5f104
05f512eff1071b0d
f103f10afe29f102
0f10e8f001e9e7e4
0ef80afa05f5f8ea
e916fef608200b03
0f15f52104f4fff3
fc02f10ef8f4fcf3
feee0a19fd11eafc
0105f5fcf3d710eb
e513fe0e18e8e5f8
040b130614ea1102
f6fb030a010815ff
ec2b0e080af7010a
22e9faf307f20be4
02fffafd19fdfd03
e2f7fff2ef010df8
021dfcff08f2f7f6
0f0f09fa06120400
1cf3ed23fb04e8fa
feec15ebf90ff708
d31ae6fbff1c0602
ef0f1207f10f05f2
00ec07fbfe0c2cf2
e2060dfef111120f
0018fa09f9fdfff3
04131c09eded02fb
f61406161309f0fd
0006ede508fbfdf1
09f6ececec151001
05e8f10de90513f0
fdf92adb13fdfdf3
0a04f7fcfc1810eb
16e005f6ef1101f6
2efcf702fed7f8d8
1601071111e200f0
0a0012f9120e11e5
ff05fc09f117fe0f
fb021af519e7e6fe
edfbf8030de7141f
e30ef7f60bf9f505
ed02d8050a1c12f9
fe10060c0b1bf6dd
1af8e504e2140aff
11ebfdee0bf5fbf4
0406f9ff0c07f50d
030f07f90a160a10
1508f51002fa00dd
f8250a11e51b2106
0aeadff50bf2ceff
0cece30afa05fef6
f51018fbee132118
0003112211ec070c
f0eefaf6ff01f400
fbec120816210f22
12fa030b21f606d6
f104011ffc080900
16e2040213d80200
f62017ee16eb0007
f007fa0ee7170b03
1a02fa04f30cf6dd
e6f9f005f82efc02
07051b0317040c0a
fdebf8f7fbf5fbe3
f707f1f4062612df
25ecef1af0f80300
27d9f7e2ef06fefb
0deff90e0c19dff4
030aff08f4fe020c
01100bfb01fffbe6
12fbfbf8090313f0
051a0c1419f301eb
0606f8e601efdcf6
e220f3f9dd06f6ed
fee01601e5fb0b08
e4192dde2af40406
f907d9eef91d05e6
e705e3f30a0cf40c
050010fafa05fbf8
15e7f61ff30316fd
f8f8130bf4081005
ff0307f4021d0ef6
fe10ee1afcff0507
06fa02fff82b0f00
0e11130a24e50301
0826f800f6f3f301
de0013fe05fd07e8
fdf201f9faea0ffe
f91bf6100523f1d4
fff1d6f9260dde13
f1f800f8ec010e08
011311f119f20102
04fe04041bf204e0
e90b08031209df02
f3eff20107190117
f90600fcf0faea10
02ea02e0fdd70103
080ce5fff2f914ee
fae8f40520fa16f9
fcff03efe1e40d16
0e0d0f0b1ee806f2
e90af10d09fff503
12e90ffffdf800f1
14fe0bec1af3f9eb
fc1301111605fe02
05fffd03e5f007f3
f2f6f0f0f80b0a18
ec12ff10060dfe10
ecf6081603de1612
f70cf82bfc02170f
00f8e5f1fafdda0e
fc192717feeb0a03
d2fb19fce0ffe502
fef2e5ff18eef407
fb16180de5ffff04
fb0a0bf7ef130ff6
09e507e4fef70327
fc20f1020301fbea
0dfaffff03f5eb19
e9041412f4f601f3
2304141211f50e08
200119000ce2f8e5
0cfdfbf0f7fcd705
fde4f003f623e90c
1de5e8edf6e1fde5
05f2ea1d0f0afce0
ee0c250b20f2fc06
0423e50203f20716
0bfef0f9110af118
0011051009050de2
ebe2fe10ef0afa13
11fbf7dbf4f1f7eb
edf5ea0a0302f20a
ece118fcf1f406ed
dc070019f4060300
e81d04fe120b0522
0cffed01070b08df
060203ec1f0cfffb
1af0f613e71ffb1d
ee07f60007ec08e2
0809e7f708eaf4fb
17fbfef9fe06f712
fdf10d000be8f213
e2de04dd14e6fbf4
ef0bfd04f6f3f8e6
120109eff1fee709
fbf2fde800e9f515
f802ec1b02050304
f8010b0c1b0a080c
060a1af1161c0bff
f418100c0bf918fc
04f40e160b072adc
0ef4faf01ee4f707
0ceb0a0c0204fefe
050108faed07f4ee
1adefce5130704fa
081d0b03fb11090b
fa01f7fcddfff4fd
de0e1df30723f617
0dfe0be716fcfbff
fafa05fef50e0117
0efce323dffcf918
0219f61a090a0717
040a0014f806f9ee
f11109f9e2f8f9f4
0af0fa1ced000c22
0022fa13fff3f700
f1fef808e5e0feea
fcf0faf81dfa0018
07f3fefc0304e702
e802ed1416121a19
f9e303f906faf806
09060c22effb1deb
fa001af0e400e704
04180be4e80403f6
10f801f4ff0fd9f5
f5f1f400fffa1d01
011af9fbef1ff605
fd18070c031bf711
fce8060f20022203
f5180ded21f907f1
10fcff18fceb1dff
f302e903e5edf3ee
f4fc04fa12060bf2
0dfbf700d70efc11
e4fbee0d15090218
edff12f3f6f0fefd
05fc1afdfb1510f2
f40717e8ffec01f7
0bf9e52016f3fb04
0deafb1c020b3014
ebf7fef208e40a16
f91e04f8f50dd4ec
0e041110f804200b
0b05f0feea14fa16
02e2ed0200eafefa
06e8fd0ff817f637
0302fe1afd0d1e1c
051d071303fdf00e
050310f8eadff5ff
fe150901e3ebfdfe
ea0c061c130b040b
00f1140d1009f400
f4e010e5f813e303
03daf8f11efceef6
010ff8f5f8fb09f9
e3f7f9fefd150312
00fef618050f0725
fa0d01fe05f8fdf6
fd0f1ffd010f0922
14fd01040f1c0708
09ef0c0205fd290e
fa1005e61212e61e
f7140409f609fefc
0800ef00e503f00c
fe0902f612150ed6
1600fcf9270b1000
070ce3ead60be1f3
0a2618daf914f2f7
0ef10b26ec01fd07
eade07f9e206f8f4
f4db0e03f1fd0100
1213f81b02fe1200
01e6f3fef0fefe16
dfff0b080a0c0cf4
0b1b081507181703
fbee09f53be403f5
0df90a17f72b0320
f3f50aeb1bf4f516
0e000013fc1112fb
0217f3fef7eb030a
06eef2f60ad7fef1
140efb0adcece6fb
0e12f6f909fef614
eff2fa0311f60101
050dfa1207f7f60c
fa03f51d020c0703
fc180d01ff040e0d
12f91e0301f80afe
f31bf009e7f4f7ec
fb03fb12ff00022c
ede908f601110efe
f307f924f9fd0a02
0b0106f71c1ef61f
fd0cf3fd0106fdf0
03dffd0b1b060cdf
f1fcf7efebf8ea02
f0f8f2ede5fae115
161b0fe910feebf2
06e9f417070404f3
fc17f6fc05f7f8fe
0d08120206e30d06
ff19ea0104f504fd
13ffec0410fa0a1d
04f8070e0309060f
07ea32e1fb0701f8
00de12140f0d141c
ff070af90610e207
f0f60e090bf6fa19
f0d5ee0ae5ea0c06
f1ea10ff0ef2f7f3
fb16021feaf004fb
f4e313f504ef1feb
f1e9ff1121040004
f7e8e71bf8f1090a
06f8010b0a210503
0703e8fdf4e6e7e8
0bfee81cfa0211f3
0bec0df10801f9d9
07eff5ff03fe0cda
fc0ef6efe601e701
1d060fe009e505e7
ff16f60ae7070209
ede603fef8fc01fd
04e023dd110bff00
1100e80d01f60f0c
f407f9fe08130914
fdf5051fe70c152d
f6e6f11c0ffa1802
f2e617fd12f311ec
090ffb0a190f04fd
101e05080dfbfdf7
f8e609090fe5f10d
fcff00e8ece0ead5
0ad70b181fec2819
021cf31106e60f06
ef15101b00fb1525
0509f0ff1de909f7
0a0d0bf4fdf9feea
06f11706f3ff0d00
1ef0ff04150a0f18
e9ebea0a04f30cf2
0015e922090d0cef
0a0119f701fb170c
1105fcd72104faeb
10fbfafceff40eee
0af507e204f5f5fd
f7e710fc00f0faf9
02eb19ec1dee12e5
0627fa01edfc040d
0e0509eff3f203eb
01fefd05f3fdfeee
e7d714fb0806f912
f215ec08f0fdef02
ecfbfa03f7fafa0c
040108fb07fb05de
0815e10bd908f528
f4000df7f9f1fc02
06fe050307ff0308
0ffffaf00cfff0f3
13fff1f4f5edffd9
0517ff11000efcf5
05fbdafefa03f6fa
f413ece60d07f3fb
0cef1b02250e19ff
13eefe13fa05f8ec
051a00f610f0f7fe
05e7ed18fc18ef0f
06fefbf3f8ec0cdb
0c2ffe0dfd0d23fb
fcfe1ef2e5dbf2ea
edef05f902fef7fa
f6fb03f511f7f6fa
1019e708fa14f4fc
0609f305edfaf707
f518fd0aeefae915
030002fff3f000e6
0800ffe205ffebf9
e2d709ff18230c1b
000f1af1eff50512
ece6fd1c05fc1717
fcf0030bf4081b1a
f014e9ff09ede91e
fefcfc040f02ec0f
f813f60101f5fedb
0a11fe01ffe6e706
06f3080dfd0e060c
fafb1200f015fbfe
070a0de7fff4ecec
fb19eb03fa000ef0
04f8ec02e6e10700
13ff070b11fb20f7
fc230effdb02ea03
fbfd02e6ed0004f8
f10805fb0efaf6f8
23e6f5eaf8e7ebf0
0afc1316061a1410
02040814f0f2f518
f40b010c13051403
081a09f6f124fff7
f7f6052a020e1932
05f500d80be3edef
ef1000e3dce803f5
1efaf30ae0010eed
f402fd0907081bfa
01fb0de803fb0bfd
e2d0f80902e70de9
0f0d10eb07e7050a
001afb2500041b07
f6ec05ed13010cf9
1bfb0de9050cf512
fb040c050b02f90d
fe0afb06ffdcf5fa
ffd7100eefe105f2
13ed060505010205
dc03e10b02e60008
fe04fb0df4ff150b
0604ef11e4ecf6ea
1011f508f910f8e2
04f1fdfb16fd061b
00fa09ed250dfa15
05f60c10f3170c07
12f9130e050a1014
0bf3fef40407030c
f91502fdfa08fa09
10e318f21518fd0d
1b0c09e9e2f8effd
fef3fc120709fd10
0815df0d1115fcf4
0325061801092ef8
0af21decf70c1313
0a0d06f1e5f406e8
1010f90df8e711f9
0ef429e905f700ee
fd03ec08e502f509
051aff09f60deef7
0824f90e091c1606
f7f723eb25f3e312
fe0611fbfbf7ffef
00ede5000feafaee
0715f5f8eaedeeea
091205f700061efe
f30bfdef06f800e0
f60100ede81200f1
0d0af7140b040208
ee1df8040217fff4
fc0611fb262b0814
081307ed1d1afbf4
ef050ef8060f0b02
f40eec0fe80805ef
170101e909000bfa
ec0cebfdf91601db
01e513f3efede8f1
1318ee13000dfc09
11f4e80d13f5080c
f904f600051200fe
f1fdf500f613f7e8
f4dfeefdfe070014
f416f4fa101208f9
00011401fe040a1c
f9faf7f917ea0501
0a0b1bf4071314f1
fdfd02f6fefe20ed
e90413f7fa04e0fd
050d080bdc220703
0d0d0df21638fa04
0ffd0aeffc0d03f0
e9e911030004ff1f
f4f5f2fdf0fafb0a
17f401e5f6fa0bef
1c0cfa0f051310f9
0af418f2fde928ff
211804080bfa180c
fd1cf2fef203e5ee
f8210cf3f5fcfbe8
fef9f5e800d404ed
05fae3dc01ebe8ed
071a130a0c02f404
0806fffcd5edf8f8
eafb14e702e4eed7
f8fc1e0101141bff
1512eeeff1eedfe7
0d20fdf9fd2100fa
05df0a0b080f0800
fbfd0902e1f0df18
ffdb0ef32503f107
e605f900ef13f8fd
022ae607fafcf9e8
faf312e4f6dff4d2
fcf7f8d9e5d1c8fe
f5ff0deef511f8f1
fefb0b03e8fd0307
06f60fece3f4eae6
fef7fdf01f01f204
0b01f8ff1620f513
f40ade15fff60f18
f9f9e9fffe0dfa00
f716feffecf404ec
fa0f0cfed0f9feeb
07fdf30bfe0ce2ea
ec0ff80a09ecf8fe
fc0315d723fae3e5
0fed03011f0cf30a
1606fb01fdf2fbf7
f8e014ff13091000
f603062420101928
0e130fea07ff07e7
00ec13e61fff01f0
dff6000a0101ef0a
f00809fefaeb09f3
02f804fb151a0ef6
f7ffe6fc08e2efef
0005f9f5f5e805e6
e4ecf511f9f70511
10f814ebfcee02fc
0a11f500180816f5
0509110c01120c1b
20f206f913170a11
16190aecfe02fc05
f1fcdef7fbe3da0c
00f70afd1613060e
f812ef1fe6030924
0e0df0f6e70cf921
2f1a03e7ea09e1fa
030705ea000ef504
f0f9e20dfef0f1fc
0df60a0011f2ed0b
ff09ed0cfdef0eea
01f40aee0cfe120e
06231613e0f20910
f81bec020febf5f1
e3f7ea010ce80107
000a03fdfef00202
110408db00f6ebfc
fd0ef1fd111404f8
e5f7f208fbedff06
090af720e20c2506
f3fe020ced10fff0
fbe3f3f5f2f5faf0
0405fb13da12fdf6
f903fcf6e2e9ef05
fafff2fdf802ffe9
0313f109e5e9fddd
04e913e5fdfafdde
fd0be41b0a06f8ff
ff0004e40efe0803
12fbf5cb05ede9e6
d40cf5120f0ef415
f30905110f20fbef
ea09faf40607df0e
f0ff1005fb0c1ced
0ff10ff4f808fe06
0af10c0e0ffc0b13
07efea0ff4150d0a
212d0807db11fef3
001eed0d070a1aef
e3e7f4152c0a191c
eddb00f625eb0505
0312f201eceffd16
eef40d0d10e810e6
fa0219fd0f270304
f5fb24010e11fe01
0e1bea140602e511
00ff00e7fdfc04dc
06feebee1cff0205
e3170d2bf81f1528
031f0af3e01afc12
f2e4ecf70acd01f6
fcf20203fb00f81a
ea03150dfe12f1fe
fafcf8fe1906fd1e
0502df01ec210ffb
fd00effcf9efe601
ff01fff2e4de01fb
f408f4ed04fe0afc
03fbf207e70dfef6
f7f3050efffb0a17
1323e81900f1f303
0afcdd06e5fbe5e9
e80bf412eb18f61b
171be817fe0e0afe
f3ee0ce625020c17
01f71ef5f2fb07fa
02ee08e1f4fed9ea
faf707f2e4ce0cd6
21feeb06081009e5
f60f15d1e4f2f6db
0cff0bfee1f2f9ec
f40af207efd307ef
0c050efa09f8fd24
fb0418fbf80e0c06
01f90a05ed1efc03
08111a02e9f9060c
0713f7fe03f31bf8
17f0e60a0502f3e8
f4f2f70e0ae50f08
d7f9fd1efe060813
0607f009f814ff12
01040a0ef2ff17f7
ffdb04f914f8030a
0d22ef03f908fe08
06e3fa001410fa08
0311eaf3e8f1ec03
17ee20f4250b05ef
f9f7efe4ecef09f5
22fef50919010afd
ea191a1309130dfb
081418ff0e0bfd19
08f708f8ebe1f003
f0f0002604041c1f
01f304feffe102e5
fbe605f7f411f210
00ed0ddf18de03fe
f803f917f9d81401
fef50703210e0306
fb01f80e07fd06f8
0d1017ec08df00fd
fe03070f00301a14
fbfb0ef701ebecf5
180d1eedfa1e0401
f3020d0ff20f1bee
01ef0b0b10e81ef8
1c0d1318e61006e9
0fe208dc18d9f0ee
28f30fede6fd00ec
f9fcf301e406f6f9
2710fc17030d0cfa
f7f1fb01080f1401
090bfb1401271325
190205ff04fa0720
110af82017f81405
f2f6020600f20e09
f1f4fffbf3010ef6
02ef0103fd030d0c
290dff0df1041625
1400fff7f81107dd
f71bf0f606f309eb
110c0ff8d50ff7f4
18fcfcfc08f804e7
f4e5f3fbfe1ffe02
fef8f4f1e7ecfce9
ec020a19161e18f7
070304fbf9dafdee
0cfb1dfded1003ea
05ec00edf4fbecf0
07f8010423061a07
0308eb0b0100f417
fbfb1110f0f1ff16
edf7f30cfc01eb0f
fb13ef0e0af3e2ee
180100f4f1eff0f7
180bfffe1a0ffa31
ffeb0403f2f10cdd
161ef9fdf51414fa
f3f109f40b01010e
09f2f30efde9f91b
0bfb02e618cfe80d
f60105060ee200f5
0c10fbf90601fe09
1903080c03120417
08fafbf01cf9df1b
f4f905191f03f01e
fb09f20d09fbee10
0efd100df520f3f7
ff0c01f9031206ff
f305faf9000afe22
05ef0cf8fff40dee
e003e521f71b0202
edff02e52700e6f3
f7d501021ce61106
e50b18e7fff2efeb
f9fefe2cf412040a
e6f211f4fbeff205
e1f6eb1b00010217
f21dfaffee0704e8
13fd12f0f830fd07
f1130817edf10d11
000ffc11fa0216ee
0605fddf2d0dfd11
07f5080dec0e05e5
02fa0beefa0bf01d
ddedf2f20912e3f8
f11ae6230c1bfe1f
ebfa1215eb122106
0c0d04fffbfe131a
0708faf00df00509
fcf106fbea0fef07
07e72fe3f5f1f9fb
1103fbdcffeef2fb
fb12fcfad7ed18ec
07f507fe0301eb16
f710f70eeb0904fa
22f8f6040b0ffa0b
230a0913ea00f1e5
24f6030a061e0526
ffecf6081006f008
fc07e7e104f21d01
e211fef7f9eeec0a
fe09fef5f307f6fa
f10a0002e8191ef0
1cecfedc0cffd8fe
f6000bfbfa0404fd
f20703e82605ff25
eaf9fdf217fffe15
13e607f00514fc0b
120afd07f7201429
fee9ee0f11f80b1a
0f0af8f72420f705
0e23e81ee8000701
e10504cc04f5042e
f3f7f10ef900f5f3
f2f10dff130ce8f2
e105ff26fc0ae708
f1fe11f30be4ea02
11d9fe0d1612f611
0101e1e7eeeafeef
0dee03f01508f816
f903041ef6fd0707
da1309f7fdf2da12
0f0a06100c000609
0cfbef0d1e19ec08
ff06010afb1d12ed
1cfb19031bfbef00
10ee0af507f00e05
1412f9020be60303
f5f7ffe51ce4091b
0713fc3805f402fa
0cf8f9d4f8fbfef8
e9f7f3eef7f115ef
02090c27030d160b
061bf1f8f81e1301
10170736da011012
0309060fea08f3ff
21f5faf1120611f6
eee320fd07f1defa
1300dae1040df3e8
fb1b15100c05ef12
12f6f8d70b13f310
081bef0ae919060e
07130308edf6f90e
f1f10feb220d0f00
fa05fb09f6fe0701
e9051d01141a2004
04f0fafdefe003f9
1cfd0722fbfe0af9
06fdf8f7fcf503f7
fdeb0fe910060202
fa20e902f3f3070f
ef05f0090af5f218
060afd0cf5ecf0d2
0e09010df70411e5
efe7fffb11fb1a12
21f813f50f03f1ef
f606fe24eef40704
0ff10e23ff000a19
f7ec1de807fddaf8
fff8fb0006f7e5fc
09f0060016f326fc
0eeffff000f1b90f
fb01eef000e604f0
e0f0f7f214100cf2
0810021f07020110
e70a06f200f8f604
04f4fd10fefceaea
fa04fbeafcf2ddf1
120af7e7110af00f
16f7100df8fdea13
fd16fefcfc01ef17
03f9fd190301030c
0fff020afc0de716
f7f8f4fe1115f5f7
e703f1e01ff4ec17
0aec08f1180f04f3
f80c0805f6ff02e9
e3f811ecf9fbee0e
e2fce9f5fd16f704
f3f50b010feef60a
f7fd2215f9f704e8
0fd52113060bfef8
15e5fd000dffe902
ed1110030713060e
12f609e11203edf7
0eecebf81c221612
16eafdf40e06ff11
0816f7f1fcf402f2
0eff073306f80f03
f400f00a01f9010b
e8f9fedd110efa01
f611091bf8f615f8
22ffeffe08f1e2f1
0006eb0e020dfa07
02f10208f8d715f6
fa1b1306daee10f4
1010f70df4111afe
0600f9f507e30204
da0b05e21bf40c04
1015f91df4f7fef8
fe09f302050c130f
e4080c12fae2e70c
f023fdfbfbfa1000
ebf119e616081bfc
f8180af106e5091e
1a0d050d14f9f915
05ffff15020317ff
1403fe0408ef1cfb
eb08eadd1310f3ea
09160200dfe9f8ea
14eb02f9050ef112
0afdf205fb01f2f6
1327fbf3050b1231
f8170b01f1f70000
fdf1fcfee8060ff4
f9f5e90200fe11fe
f6f7fcfc0708e9fc
00fc06fe0800fdfd
edf8feeefbfed4f8
ffeafaf5fffc03ed
0905eb0f0e07eaee
0000fef4fb06fcfc
0417e9f5fa0af3f7
fbfae0ec20150b2e
23f802f5f8fd101f
19fefc15f8f7060a
f1020dfbf7e501f9
fd051a08f5e101e3
0b02f7edfbf7f6ff
0e0807f5ebf8fe08
25fa01e6040c13d2
0ffcfb0c0a0a1a16
14020b24ebfa11f9
f7f5ff0ffcfaf0fd
0ddf13f50b0cf40b
e5f9fb120ffef503
eb141c23f9eaef04
e902fa07f6eeff0b
17e40e1b0e010e07
0213f0ebf113f9f5
f10c18effae7150b
0ef5191716f8f8fe
0804fad60ef0ef09
18d10bf40905fa0f
e4fee700fff5fcf1
faf102e7090400f5
d31002fef3e0ff0a
1809f30a05fff602
1405f308f9effffa
fafcfeda05ebfa07
f202faf401fb10e1
f809e1f219f90ceb
ffee0a2df8ed14d9
fd0c0f12fcefe913
0f10f1fe0b0e0c0e
ff03fdf8fde810de
2b03ecfad3e712c9
f7f2f40efcd60cd6
e909effdfafc0af0
f50f000ffa240af0
e406ebf5ebf9fcdc
19190a20e514e9fa
0af2f2050efdf7f8
f90bf4fdf00afed8
0024e7f2df010f07
05fefc0df30df9e8
11fef0fc0c0f0dee
14f4dffc09031013
eb08150409dc1323
0bf30b0719eafa16
fe0ffcf9fd090af7
edfd0c0b03f9e519
f7140605e3100307
e1f818ed0cf6f310
192affebd6f704f6
effb0cfaf30209f9
07f3f9eb10250b04
fcf101eaea0817ed
090e1216e503eafa
f7fa050417111a02
1de8eef807020df5
ee01220003fff707
15f3ebe608f9fffe
0b060314fe07fdf8
eb03211204eafff4
0809f90325f7fc18
08fded22f9e5f1de
19ef0c0e1130ef1d
fcf71703eaf8ea0f
f9feea0a00f9f707
09f0031116ebe4ff
0b04eef700fdf9ea
0909faf70e0208ff
181ff4ffdf0ef707
1514e90aef23dffa
08ffe20ff7eaf3f5
0ef703f907f9ddfb
011fe125f90e0008
fdeb08f2fa07ee19
ed0b14160c010ff8
0910ea06eb20f908
0b03f2fd16f907fb
fef6eee31e0c040d
ede90f07230e0810
060bf62ef9ed0fc8
0910d304fa0106ef
f8f813f0040e0505
f001fc0d09eb0d01
140a0c21fd02dd1d
e4ec1705fa0b1d08
05e70a121803f718
f5ff1be2f108e601
f100fccff7eff8fb
02fbf4fc0319fff7
fa1401ff050c0808
f90af1f400040502
30fc013612160706
f924fe000ffc1d13
fae911fe00e510fa
0016f218e9fdfff0
f4052dfd0108e91b
1afc021a0e001519
e7fe0cf3f7fdf2dd
e90b0beffef214f4
180c1117f4eef6e9
f5f4fae21d1cf40d
f9f40b2107fd15f2
eef2000302ee17f4
12f7dae00b0515f3
03f306f7181f060d
e3111cfaf5ef002d
ebf914e808ebe7fa
0fdb0003090509ef
08e209f70e0300f0
01fbef10f8f6e0e6
101205f5f02eebfe
02e6e9edf6dae1bb
eff7fafbfcf7f7f0
f9ed03ed1f0822ec
e515fffaf3f400f6
1e0403f80e24f1fd
e4fa1e1713fae908
e4f3fa23f7f3fa1e
08f800fffbfe04f9
d3f407eb05e300f9
f80ff8ee09e8e601
effc0d160ce40afb
fefd0efb03fdfffa
fdf1fd0216150100
e3edf319f703e313
d8f80ee817fd0427
e0181100eaecece7
000edbf1fd14ef02
fd11000cfe07dd10
29f21907eef305fa
0908181202050401
e90d07fcf60ffbed
f806ff26edfd04e3
000304fff80b030f
050ae909e911fbef
e616f1f7ffeaec02
f1fe0827010def01
f5030f0afb1708ff
f0fbf704efe6fbe8
030b00f6fef81808
ff17f9f806f7fdea
010af705050200fb
3405d704ff210304
fded15faf31009e6
0fe5f6e1ed01f1f0
ff021704f4071309
13f2f706fd1e0efc
0cee11150314e70f
f3020c1eeff407f6
fdf10d040812f5f5
fdf90211f9000d0d
ea031402f7f6e8e5
f61c100afde51203
2c1ceb1aed1bf30d
ef01f0ea0ffcf2fc
02ff11f2f620e1f4
0505f6fd0ce909e1
1303f0091d06d600
14fefff3e6f2f9e5
0504f1e305ea19e2
f1dc26fbfde9e0f3
f515130f10e9e115
f61712daf00509f1
f106ef03f0031301
ee03faef06fd16ec
061604fa04050615
110f0802eced0df3
ea1ff308e905f912
0a09d71704fefc0a
1d00d92afa1203fa
f00801f508e8fe19
0ffdf8e2e20c09f6
f5ff00f8f0fddc04
1ce9eae106f609ee
180ffaff0903f007
17f2fb020000fc12
ea0422f5f610f824
f611090afddf19f9
0bfdf7110bf6f8f4
2b04f50014251516
ff061f0901f80017
0af3faf40cfa09f1
1ef4f721fafdf7f4
ff0fe900e80b11f7
0c09fcfcf304eef5
020aee04e6ff1cf5
04f7162a08f8f218
f30bfe12ffe918e3
f1031f03fbf7e1fe
090dd3e7e70012fa
f5e9f307180f1707
f7fe040d040e000b
08ee00e72218ea17
e9f418ed0fede607
03f0ef140afff100
f704f0ff06fb03fc
db0925fa1108ec06
fffbfa1a151d08fc
0902e1040002f80a
f80a04fa10080afb
01160a03fc0e11ef
0903ed0ee9f90617
090cf033f6fe01dd
1b09df3df90e07f9
0900f5ec0c00fffb
dfed100602faf9fe
deec01f2250ae215
feec06eb010ce9fb
fa06eafbf51620eb
15ea0c1a00f8071c
160ef40ffc2afe02
ff031cedffdbf20d
fa18fcf80208e9ff
f00123ed060af00b
fd0cff02fe142312
18fcf2f7fefe18fc
03f9e401fdf10ef6
f4070f00fffe0af9
f22af019f004f912
eb06f8dd17fa1205
05e910f2070d1cf1
02f1f506fafc31f0
fdf6fde715140bff
0b16fef9f60b040b
08f30505e9eb0fce
020bff22e7db1cf5
e60f04d402e2fbf4
fce8050305dafb16
1ff4ea0d0b0e0712
fce602f201fb12fe
05041208f5fcf115
0df9fb0af90e17ec
f4f416f6f7ea11fa
f50403fbee030ce7
0aea0de907e80e00
08130a22ee0efce7
fd190003fb1c0afd
fd25fcf9c6f01008
f6ee04f3fa1ef30a
fe020df6fcf10329
02f1131510fefb02
05f60aef100ff709
ecfcebda13160801
f0ef01ef07dff902
de051dec13cafefe
e714130dfed1fd04
f8fa0a0107040a07
05dfe7111f1a0a06
fa0c082b14feef07
e8f5f010fa010b04
04fb0ceef608f3dc
fbfaf6e61605eaea
031011060b120e0d
08f31714f80c170a
f50cfa00f1fc00e3
e8f4f6f0fcfaeb03
f6fef20305f2dd00
fe03f600e7fc0201
0dfae6e8070c0814
fd00e8f9060a0810
16f30afc09f6fbfb
00f818f110111b04
e704eefb12f72a17
000b1115efebf014
f128101bd8eb03ff
150312f4feee03fc
1cf9ea0bf7fdf500
ec0015f8eceafdef
1ce8fd14f7040df7
f401eaef02f90d16
fcea18f8fe000ce3
1817ef05031317f5
18eafc0bf30ef9f4
09db100011072001
030709f6f90106ec
100504f8e31309ef
fa23121af2070bf9
07e4f3ed08fb0301
f7060513fefb1f14
ddf80bf31208ed14
dc1cf10ef6e4ddf7
12da0723fd0bf4e8
0508e3fcf5f9e9f0
000bf9fcfe090bee
21f3f3060a190df5
0bebfb22fd0614f7
04f4f1100b06f20c
e3f209f210040f2c
f0f502e5e1e4e8ec
29fc0414f609faea
e20d13fdf7e60519
120c0e18ff0d0d1e
fa1708f2eff3110c
eff4f4f0f2edeeed
0c13ee0ef6f60dda
020af1eef62213fb
dd1ee8efe300f4fa
fa03f6fd0503ea0a
1ff2080800eff6fd
fdf9ec0f03f9ea09
0ef8080700f50602
1015f123fa08f106
fa1ae9200eff0a11
06f219fef6ff05f5
fd0c04f9041b3403
0a170214f1eefef9
f9fd1eff03fff3df
e70cfae6fadff5f4
09e405ff1712faf7
f915f6f2120af80b
db0e1cfdf4d50311
0dd609f90a0602f1
0eeceaeb12fff6e0
1211f8fadd1201f2
15eb23ff2600ecfb
07f3e91d01f7fe03
eee80bf006f8efe8
f513ff07000af112
0300f900fb09d8f5
fe0ff3f7060c06fa
e9fffb0bfff511fb
0003efeff8fcf105
fdfd041ff4edcbf3
f403f9f209f20901
dc18eede0a03fc01
f6fc0506fdf724f4
fa0f183603193403
e9fd19e30ce5df0d
f506f507f3fb02d8
07f100e5f9f40fec
1c12f90cf50b0dff
04060906071bf408
e90ffff902080a15
11eff3f0f6f100d1
18e5030b1b1e0828
f7e50804041106e4
fc0b03f8fae71710
0e00fbe40b0b02fd
03f0fc10f0fb1efb
e6f2fbf7081afa20
0001f8e80aebebdf
f619f4fbf2f9dff9
f8f9030e090c0d03
e91c10e900e8fa02
0319fc08f8f0f507
11e7f802ffedfef0
ff030d07ef0ced0a
f1ee03162100f4f7
e617fdf7f5faec27
f3f112e61e0edc15
1103fe19fb17fb0d
16e60aeeea261a21
f801ffe2f4ee0119
f6f8f80209e5ed02
ea0e080a06090310
f216f4e5e6fdf308
edf313ec16dff003
2100faf70507f6ec
0a030003f6160f10
130b070c0af50a17
f81b013c0003fb36
02e410eb14efe9f6
1f0bd81ff4040100
1f18fdebf2f3320c
faf51420080f1e00
ffff0adf15fbda0b
010df40b04ed1909
f60208fdfedff6e0
fdf82124fd11f801
fff605ed1af6edfe
01f4140f010cf118
2b00ff19fdfd2021
f1020be8f81d031a
0b08fa0803f70e00
fbfcf90cf3ff05d6
ef11f6fcfdf408ea
0ee8e9fd0f1cfe18
f9e1eeed260107f9
0b0a09f8fa091904
e0e41802fd2414ee
fcff02f612fcf7f1
f6eb110f0202fc11
1716f204031102fb
eaf622fdfe0430ff
0011e6fc02f50807
121e11f6fdf5071f
02fd1c0a0efbfc15
08f3e7fc0bfbfb17
061010fefffbfaf6
05f30f0de007f6d2
f8f1e3f1ecef1906
2803ecf7f00be7f6
1d0724ec18ed0729
01ef20020df5ec0e
0201d9cf04f7c811
f805f9e019f2f9f9
04fded0a12f01d1f
f50dc20c02eb1415
f5090401130703e9
fee304ff0feef013
02180afd1324f2ec
110704f9f1f0fa03
f1f6f2f3feffdafa
edf8fbf50613fa12
f301ffdc08e9ea01
050cff22f912efe1
00f1f70e0e010c05
f9153a0afe06f7f5
f8fe00f7eef7f3ef
f603e305051214fc
1902f2ea09e1e70d
151648ef0f1c20e3
fefc06060907fdfd
fbfede13fa03e3ff
05e9ed09e6f3ef11
fae9eb2002d91118
00120e080a1b0c00
eff82cf50a1017e2
fcf9f5f9edf7fff8
1b1c0512fe0e0af3
e4fc09e508f8e5df
e408fa131a20f6dd
f9e9ebf804ffff06
f7fb16f1ffeff401
0604c8f5ecf6eb05
1117fe11fd020911
e9eb1c0debe30812
130000f00cdff7fb
0bf81001030af502
0104de01fdea27f7
0bf5d7e818f1d514
050026fdf32813f7
0c0603f5fcf92117
fffa0205edf803fc
eef8ee06fafb23f7
01ed13f3faf3fe03
faf9f8edf3ec0ff9
03ef021b010e15f2
1410e80508f0ebef
0007f808f42213f3
e20c040215390bf5
f7ee1a000f07f405
0a04d602013011fe
fd0b22d5fce5fcfe
0710f1f513e30809
080105fcf109f403
f5f2fd16e7fef3fc
fc121f10e5f0f90b
1007f1e5fcf0f202
efe81807fe21fbe8
f304e8ee151bf201
f51ce4f61a10fdfe
18150d0d08fd25d4
fbf71501002aedf5
0ef8142b04000bf8
0f11faf72000030d
f4271209edfd04f5
f80508ee0df71c05
0707e9fbffebe204
fafd00f3fcf2f1fa
f1f003fb0214f510
220ef0e701d6f321
ece90ff2180ef312
fe0f14fef508f0d3
f4042ff618eb1309
19ff04f5f6fdee03
110fef0cfdfcddfc
fc0a181e041e1f0b
f6eb13f4e6f30708
1904f81bf9f10c0b
fae505f80df4022f
fc05c9f5f108f602
04f115f60702f41f
0d14fcf509fd00fa
ff09bdf606160e01
1309fe0e03fcd50e
11f216f91d030927
e7f0ede5f0fce81a
e30d0efee80716e0
02e206180a08f3fb
0c1a07f5fef9e700
f1f4090ff30901e9
dbf4050a01101ff7
1c2025fffcff13e9
130ee12d050329ed
05f80de7fcedec1a
18ff2a14010adff0
fff42af0fafcf3f6
f811e6130203ba1b
02f4fbf4191130e6
09040707f2effb06
e6fedb0d01ec0f0f
1d2311f5f0d1dd21
ff0139121d12d601
010d07f712230b05
f9f2f8f6f9fbeb04
0704090d05090dff
100bf2e61310b6f6
06110bf4f900fc12
04fff00a0ced0319
e2fdf213defa10f7
f601341adcf81cef
20fae90c05fbf7f9
ec17f2d30701f6f3
12f0e5fa07e70210
1108e803d8dde80b
1301f10af613e2f2
1a24f7fffe1de701
0f09fcf00b10f7f7
e4121701171616f1
230ed50225eff814
110607fdfff231da
142ced152311e6f5
fffc95f706161009
ebfce002f81fccf3
1d04ea111010da16
f504f408f11900f9
05f31dfaf7190b12
fd1bd00f10f9fb09
ddf80000e61af4ee
1402fa21dffb2ee6
1a01f7e9dcbbf535
1c12f010feeae605
de0df80cf5f7e507
fdf1f4fe0403e60b
0bfc0d0206ecd602
ff0d0feafb090ed7
edfdf9f7ecf21602
0efbe4ff01ebea20
1f1101f7f700fd08
f5edfcfbf8dc0519
1f29fbf812fceee7
18fde3fcf3eb0218
e80de202feeae410
031f0d060a0604f9
fb08f40605f7fe0a
1008f3f70ff108f8
f4eb1f04d7200bfd
17f3ddf80f102b15
f70cf2f3021eea07
1013190515f30cff
030bfbf7161bf500
eaee1303e8ff19f9
f1fae50b062201e5
eaec1806f70cf5fc
fcf808f51300d8f5
edec1e05070a0908
00060cf8f3200bf6
ef100402f1fc20e1
110db8f80609ebfd
f30b0febee0dfced
f0f22301091c13e8
ff04eafefb1e20f4
f0f1f7ed001f2903
03f6e0f41e03e3fb
f90ce5100cf2fe18
f8f4c3fef5e8eb18
fffc1001110e1500
0e15f103f2ea00ef
0d241dfe03feebec
ef01e3edf2f8edff
edfa1cfe0305f1f4
080ff01efc020bf7
10eef1f801fe2bf8
edf32907fb183bf8
f2050005f80dfd00
15fb230110fbfa13
e403fc0bf107fce3
10f0130013f5ef25
fb04f30e00040bf1
f3010f0603f80a05
fc03fe05f0f634f7
fd15ecf40be9000d
0b130f19f12cec0b
1d0c42e407f0f007
fcfd2007f1f810f2
ebfbdeffeff0f1ff
0c04e5060f01f420
08fc080e050b36f3
fce90b07f800f9f6
e1fa20f5fb01d4fa
0405faf6f00116f0
0b19fceaf210f700
0a030604050efa0f
f61714052005faff
eefadd00d4c7eef4
faed02110cfe01fc
e90fdafceffffde1
eafefb10fb07ff0a
12f8f6f312d7f52e
030cdcf90cf308f9
01f9030ef03520f3
120e17fe1c2731eb
f6eac6fb0af60113
100cf11508f9f80f
f70808000ff9eb04
030ae7ee13df020e
f704fa0ee4e0030f
10f3d5e8efdff1eb
fa11d7f2e7fe1eef
10f006010702dc04
01fdfeed29ffe119
1100fb0501fff4ff
191b0316130ce605
e70213f539191708
f2edfb00f9f42301
de0b1306f830ede9
faf220f4fedf1ee9
1c2700030c13ec00
ddfe07f8f218eded
01e72ffb1e26ef0a
e0f307fe061aec15
03f202001ae1ea23
f7efeb04f211f202
121eed02fdf4e608
12f7050a051023fb
fe0d37f7f9f922e9
072e05e4efff00fa
e5d6f8f1f0f41403
080c03000a21f1fe
07f7f8fce9f21408
090e040004e7eee7
f1f2f7f8f5f4ebf3
edf8f9e6ef120dec
0cfe3c03e1f5eefd
09f210fe05f9f90d
f50581e90f0304f7
05002205d3eb0901
f011e60ef1f8fe0f
ff0406fb15faf5f5
08f21913040bf80e
f6e711f8faf8dc19
04f20607f6f9f806
fd00f70302fd1525
00fecd04e6f90b12
0b1713ed1208dc06
1312fa0fecf3e0ef
12fce30bf5d6ea18
faf7fcf1ee0415fa
0e19f101190b0cf9
fff9fd03dfe727fc
082f1ef60107edfb
f6f71125f3fc14f5
eeea14f7f907030e
020611ffdcfa27fb
07e1260602d6f30e
ff071cfce6153dee
ecec150a0004f615
ff0941fffd08e804
f9e502f6f3e1f70f
f0f6fd07fc0feaf3
f8f808f602fb0111
f7fce5060afb0900
0bfc1a0e07061c09
0907f407f2060ff8
03fff6fee10819ca
f1eae500f113f9e2
0aec151df4fde7ed
1900f504fbec1607
ff0efeec0005eefe
eae8fcfaf404da20
0208e3ebe70d22ef
080a4cf515dde40a
f4ff0602ed17fcea
d8f50d0c18170c03
1a121c072925f0fe
0bf322f308fb1624
03f115f4f4f5ecf6
fd04f7050a0a14f3
0d0b0a0a15111d00
00f70c05dd0102e8
f2f21209fb092cf9
fce9eb05e2d428f8
111416ee0de50806
d6d8e905c7f71de3
f2ea1f020d03ff02
0d080bf80cf01817
090102ed16021317
ebfd0a00051f0001
012de004e9fa02d3
fd0dfdff0f0829f4
f81dfd080d1712f9
1d091c0a0be8e61f
f3e7f3fcfbf40cea
11f9efe604f629f3
eaf2fafb141701f0
1413c305160803fe
052f1013120b06fa
112aebef0df80df9
e8f41e1c12250d07
0112e927fa1deeeb
f2111efc15081ff4
fb0feefffaeb24f5
02f810fa0e05030f
1310152207f3e206
f7fb37e7021310f7
e8f40618090fee05
11131e02f814f2db
f3fff20af8e7c90e
fa03e918eb04fd13
130cc0fefafaf30c
0000e52100fe1ef2
0616ecfc05070b02
111009020aff0af7
f7f6deff02edf918
0325f7f8d9ea2a0e
f60912fbf50bcef9
fef517e9fd03efe8
f0f8f40807001af2
04111b0201fd06f1
fa18f5f91022fc04
08f2010104151a01
effb2dfc0a21ebe9
0c0d2a04070f11f7
04131f22f22a23e3
12162908f41affea
f8f416f3fff33312
04f93cf0f3f8fbf1
1303f6eff6e91c02
f3f50aefe4eae703
fc0013f6f90a21d3
f70fef041eeef9fb
02f5f9f40302f7fe
f8fdb8f700fcf21b
f8e91507e7030bfb
f5f9fb00e3d611f5
f7f90ff211f2e9fe
d7ebd6fb0504f911
e70307fd10ff06eb
0008fee60313e60f
ea152c091b20eee8
06f20ef4f90e1ee9
07ec0ad80e23f718
03f032ec110ae7f7
fbe5f3e8fde2e31f
eceefde804e90bf2
f5e7fb02ff0f0702
f206f61b0114e6f0
f8f602ee03fdf526
2f11010e0ef7fa08
eefbffe412f9ec3b
07e80a0df90e0101
f5ffd00de7f110e1
02e92b1207200ff6
f6fed2100707c310
0f0d37f4f01e0cf5
efdfd013edeff12f
fffc51fe0f3b2bdd
00f532020d051d01
05e80a2e08fcfbfb
10edee01eff8f901
1519e10824daea08
0200f305f1f9081a
f50a06ef1008dfff
13081af7140f0deb
fcf817eff3f21611
0fe40f21dfe00a27
04ed191904fd180d
fce4050504f6e711
05060adb0eec1410
110e0d0800010508
180b16ed0ffbfa00
01feeefaf506faeb
1cf3d2fa1afce735
f902f2fbf2f6fefc
f908fff1fd010003
ffe517fdf6062af2
11fcf4d202fefa0b
1b07e4f5fee2f619
f90d48f40a062103
f5ebd8f8fff333f0
0a19fcf5110af319
f9fa16ef020afc08
02e6130af5f8e80b
07fb14fe12ed000a
fafed9e10bf21507
010414f5fa15f6e2
eeebad0ff8001b0d
fe0feceffb0ff00c
e208e306ec140ae8
0b080f21f10b20eb
ebf30ee618f1f5fb
f3e50804d2effb0f
eef60de51a09fa0a
1d19fb0a0514f4fa
03f00c1c2006ee13
f3faf3f6072224fc
eeeb1c19e40518de
fb120d0802fc2a06
ee08dd0202031201
0508e1f50200ef17
01ffbae423e30005
0f18010bf705ee0f
10fd2d13f4190ff6
220c03ebf0141ed9
ebf40ef0fc1e0700
f0f6070ed9f7f400
1e0e040a0727eef8
0007c00ff611e312
fbd9fb0406d8001d
0b0a10ea100bdee0
fd06190ded15f5ee
03021ff713f2071b
faee0f26dde005ef
fc100ce61bed2ee8
e8011510e6f202ca
eafdf4fe0f0af309
eeed2c09ed2033f9
fdfa04ff071101ed
fefcd7e4f6ddda07
1330d8fd09f8fdfd
0bf4f3f8050ff616
e8ff0ef6ed0c04fb
08111a07070ed9f4
e904e506211beb0e
08f6f801fd120de6
e0da1df604fcfd0f
f2064712072209ef
0a1313fe0303ebf6
e7df2ae8f60a2211
f90ea3f9fefaf202
06f4080dfbeaf113
fe1b051208f2e219
21fdf8fd0e0a150b
0ae2e2fd0a1d1d0e
f00b19ea000019e2
f0173bdc00f2df28
1009061ff2e90413
e8dd360aef03f90d
0107eff2edf8eb0a
190705fde304fdf7
08f6fcfc250df806
dee92309df1307f8
ff03c1ecfbf8eb10
0721090efa13e305
d9e0ee0eedfafe13
02f016ffeefb22f7
e8e92313f00222ee
130bec13ff031f15
0c18d10ffddd0f17
ec161e14eb250be0
f6eb0b1004fa0cf5
e106f00c1923e306
06ec11ee000b0d04
f90ff5000e080cf4
0cf4ec08040b0325
fe0f14ea18f7f416
f5e807ed0103ea0d
ebece91702e6e917
21230fe10ef8fd0d
f700260a00ff0feb
080f09eaf8f2fb16
eafbf20df2f70107
fa1510fff809feda
1c210e010d1c08ec
f7df0602f3f9fc1a
d7fcdc0a0c04f819
0112f81900fc0cf1
0315eff804eafad3
0f12cb0afc01191a
0803100b02ec0c08
14fe0505e3e60732
fefefb0dfc1500f5
08eddd0e29f0f803
e6f3e3fb12fef10b
170f0514f1040ff2
03ff11fb11fef825
eafdfdee0700f5f9
051010df1c11dd17
1af6f912081d220a
f7fb26fb1618f3ef
f110de021b02e6f0
0621022118fc150c
2100e900f110fc09
0a18f9070e1ce6f3
e4e31bf5fcfbfcfb
10ff010a0a040ff8
1ef4f8ff00cc0d14
03f2230f2507f10f
fcf7ed00f50df70c
0704fcfce0e7e3fe
04e81404f8ecfe21
1804031517e8cffe
fdf81a1015ebd31a
f4d80efc03ffe817
06f7e00820fbf51d
00fdf8f6f4133de9
0bfe14f70400fbf2
26ff0efc080305ef
f8f7f5f116f9faed
d4f308fdf9002702
e81805ff0406f106
1a1302f303f1eb15
01f3ecfa14140512
29011610071704e9
d00c1ee512fd0718
fa15eafdfb020de0
f3d7f604dffd11e4
f6f0000a07140306
19fcfc1dfb0a11e3
101cfdeb10f50b0c
0a06ef0015030908
1d031efdeefe0ee9
d7fddde4dee9020e
f00ff5d511f303f0
e60c08fef3dede0b
f702f8f9dcfdfdf9
f213ebf1ec0f0df6
04f4fa20fa050ed7
fbfe09f0010602dd
0cee08e624f2f511
dc06f110f000ee19
0f04f2170ef90202
30f9fb09ffe70004
0c10edf7e4f91509
2606f726e6040ef7
fd0ff8e1f7f2fc0a
fc0afc031604ef0f
fb0c230a0006fef0
1a1107fb1ce8e112
fa0ff6f9ece9f30e
ff03140ef401f0f1
19f1f601fb1c21d9
f106f5fd10f61006
21121505ec0904ff
170b0ffbf6fbe3f9
e01e001304f900f6
f5ed031df0ff03e0
17fc09f3090401fd
fd150308f800fb0a
e4f8020a050610ef
e5f2f9fbfae5f3fe
e9fce6e8e6f9f90e
f72516d50df1dc16
1016f5010c2823ff
e9061204f60f17ec
1e160901e5f9fc17
ccf018ee171d0d15
24f518f8fcfeee16
eae7f809e3defcf8
0110e40219ee03fa
f50df7e5150f0816
fdfcf502e7161cf4
f600e50616f9f115
f4f2effafb1604fc
f8f1f624f0fefcfb
f00d17e7f80f20ea
e803ed02060e3af9
0d0a1b030215fa0a
f60505f70bef17e4
fa19fffb00fc04ff
25f4000204010302
011118ee072f0306
11fdfa1701f8ef0a
2816f1f2dedff502
f90ffdf3f001fcef
f1f7ecee09ff05f7
1b14f9fee9e8ee14
1706330507fe04f9
f1f619210813f4ee
10060ff6dbff04f1
1bfe0a06fdffe81c
06f600fddcf80801
00f8f7edf7fef101
df0714f7f4f4feff
e208fbe9f6fa1d03
eafc06fb00dae00a
f70513f80f151de3
f71618f21213f2f8
010dfff6fefb05f8
f90df7f203060bfd
ff17f5fdf9e80400
fb100407ee0b23f5
f6f7e9f8e4fe04e8
0f1301f9f8ef01f9
0e07eff20cfafd13
e7f9fc00f11000e8
f3f0070fffefff0d
03f81205fcf0dd0a
1407effe0aebf50c
0e1d0403f8fa0ffe
f90227ff0a050300
0ef5e3020b0e0409
1bef0afae0eefb03
ea06fd0af10312ef
f5fd01f5f3070ce0
fb04f6eefff8f71c
08fd0cfff8e7e7ff
e4ebf00903101ef0
0f0bec06fe0f050f
fbfdf713e7eaddeb
f9071304fae80cf3
edfee50e060b04f5
ff0a061f05151101
11010c040afee60a
e8f3f3d11bdef504
07f521100ef7fafb
12f6fbf7fbfbf8f8
f604020007ebf906
f4f3f71001f0e804
2202fcf3fef0da10
ebe9eafe031111fb
05f5fb11f00aef0c
e7fa0401ec06f302
02edd9f004fbf5f3
090efa110b0710fd
16f1f9f9f7050af6
11012005ff01ed0f
ec12fedb14f50c0e
2f1004fef5e8f9ff
f70d1a0a09040ff8
000a03dd0609fe00
20ef03e91404dc1a
f8100f2a1a12f60c
18f9f3021cf7f60f
1707f906ef1618f3
13050908060e17fb
1315f70408f9fefe
1f0a1b060106f809
2efc01061016f216
01ffe40beff7e90f
e9fb0fe20e130201
fff3e509f806ff00
f50c1208fdff06ee
200900e72309ed01
fff3f500ec02f913
06fe0919e1121aef
f711e9ee01dcf512
101a1200f9dcef0c
0ffc10fe131a1307
e2ecee040e08ee05
0e070a0204fff00f
00dff52a150801f4
f7feddf7f60514fb
0bfb13fe10ed03f6
f0f4f8faf9ffea1c
09131008070c0105
070aff0ef91c0aee
f208ece601f80a0b
010f0ef5fefae80b
0f0900fbf61511e6
08f9fc06fa01fcfa
fe04f62ce50bfcea
f101f301f81d16f1
12f1f1f0fbecf60c
0deef014f6ffe50d
ed030ef0fb090ad8
def402f50a10fdfd
edfadc03e9e4f7f8
faf3072e020c0414
0de7f901f0f004fd
00fcf2f2faf0e914
f803eedf130911ea
f8fcf8fff3fef312
17f0041809e9ec11
0e03150b271c1be8
03fa160903f821fc
030cf3ff08000817
190b02050902f70f
21fd14f82112030a
0bfd0eee1605f60d
04f61000f0fa0400
fc07fa0f130918f9
f31300f71ae8fe1a
1805f4f30b0c1209
020309fdfc0e0f0c
df07f6f4f30903fd
f304fdef050af0fc
fafa1428dd0306e1
0feeeef30bfb0108
121a1b10f1e8e6f1
ff1d0cfb0a08f410
12f614f8e907faee
e8f9f7e1160a0909
21fffa011307f2fe
01f5f308fb021cf1
f416200201ebf3fc
f10d11eb260eff19
33f8e818f4eff1fb
0ae9f9010601fa04
0f0ae5fb07fd0bed
f90a19f0110e0bf7
f7f309fc1af90600
26080c0709130301
f2defc05f01910d7
11f913171e10f0f8
fff807f9fcf810ed
fa1b211207e5fcfa
e9fb080601fcf7fe
000214f8ea0008e7
cdf7030cfdf813fc
e3fd0de915f6ed29
041601fa150e1cf1
cb12f3e901f21308
fd01f919f10c0de5
240cf60af4e30102
e2e701fd0cdff5fb
e40e0d04e5f4e1f9
f1f3fa03f71420e4
ff14fe06070c0301
05f2131f0108f4e6
f8efecfcf8141aea
03f300f2e804ef05
06fb16fcfd011c03
edfcff0604e2f613
16ede409f3070908
faf50f0afc20f0ea
230b0bff0f070aea
0de0fbf1f11309ff
e7060604f7fbe604
1812f008e307f903
03fb1608f20aec0d
0208000a0e071903
0e04e6e8060cfd12
12eff713ee07f2f3
f9e5f0f11708fefe
e505feeafe0112fa
050e15fffc03f80f
1d0c050d11fdf613
f5160f0ee5030af2
19f1ed060002f5ef
1b101d06f700ee14
f50bf9f70aefff16
f30f0fed0d0c11ff
1a0afdf0050600fa
0bf20724e611e200
f4ee06101002f9ef
fef71617ee120000
ec1cfff8f3e8ec0f
04f8ea02eddbe0fa
0c030d1ae8fe11e7
fe0324eb1913140c
0ffa0dfe07141cfc
e90803fc090909fd
032002f20c080703
f9081a04ea0432fb
08f901171b17effb
f7fd0908eef205f4
f7faf2ece5ff0c01
1afdf5f9120ff313
26042c151403dcf6
0909f7f5ebddf7f5
10fcfaf23c1b2001
fff8e431f2140aff
19e90c1b090205fa
17e90210011806f5
e904f6f7fcefe922
0ff2e3f904f5fe0d
ef100606f8f504de
f8f2f7eef801eb0f
0701edfe13ee130d
e8e9f0f7fbf600f1
f5eafc14001910eb
f32301d411f904ea
01fe2800160af8f8
0ff3022507090d07
e4f1f907151110fb
f50101130f200eef
fa17eef508d9ee10
00fc02fcf9fc0a00
2f0df6f914ecfd0f
16fcf3e40a1a0210
0a130b13fb292bde
10000106f4faed0e
221005ef11040ff9
000905fb141931f0
dcf207e611060108
f20c0e0bddfafe26
090d0615fdecfc03
07100a0114faed0d
f0faffec111514f8
28110910efeff4f3
0a0fff0b000d0bfd
11f2e8ffd4f50df9
db04f8fe01edeef9
2f0a0a1f0e1f0712
f50feb0ffdfbfdf5
f601fdd51cfa0017
0df20106fdff1afa
0a1502ef1aeb0804
04ed0202041018f7
fe030ee9eeea0500
d8fa2b13021df204
e6000e1002e0f2f9
fa08fefdd9f606f9
ebe0def8e0fd11e6
e9f6f406f6fe0412
01e40dfd18fdee0e
f2fefbfa172122f4
dcfff7ef04f00cfb
f9001cf90ffdff09
f5f5d3e90000fc13
ea0000ec00f8fe07
cffaed01041e17f6
0cfce913011006ea
e81422f61c01ff1a
11f7edeffa001e00
03060b12ee0e0ffd
090614d6f7f2df1a
0fffebe910f3eced
1605f4e815090009
12f7110d210ef112
f1ea050af3fff6f4
e7011aef0910fcf6
21fe06181b1e04ee
0d0a1c0aff0efdfe
e10126fa29330afc
00240fe30e120af5
091617ff2efaec19
f70c020318f3f807
06090ff0fa05fcff
1af209ffff03f802
0afd08fbfcfdf515
e1f9f5ee1c0c040d
f1e1e212df0310ef
e4f0e60010fd0afa
07f10203d8e7eef0
00f80208f00a0102
0b080404fb2310f5
fe00e5fbebf80007
0ff9f6f9f9eaff12
faf8f5f4f0f40000
fc1012f019171301
d5edfaf6f5031cf1
091405f90e121503
dbf5f1fd28f7f90c
fff307f924040a02
e7f800000cfa0905
e7fce9f4f7e705f4
0bfcf3fbf6010efe
29fbf80fecf603f7
0805070b06f9ec20
0e03ff020c0b050e
190c19fd05f7f5f9
3308f80b09f5f6fc
210613f3f107eaf9
f403150900e3ed10
10fc14fb05f0da0a
d501020208f801fe
00f209eff50701fa
d5f0fdf8f4fff902
0d0df6fbfff6010d
f70fdff80807fe1e
e4eb041dd0effc08
ebfa080afffb0013
09fe0df008131ffd
02e4fe03f30e0f02
e408f2dc12030018
f00a03f818f1ff14
130f1e070805dd04
090008fe0104fb08
f205f80a0ae9de21
f505fc0bf8e7f905
f9121016f5f3f11a
d80d0f01ef0ff60a
ebfef91911e7fc11
07f509f5ff0a03fc
000409f001f2f616
ff081f0bfc0d07dd
030ae9e50df21207
f8faf7f327edf711
f8ef0317140203e8
faeff4ff07fe06f8
e908fbe1ea0d04e6
22030119f70b18e3
1908fcfdf2f6e907
02f4edfce9d9f90e
fdfc0b19f1fa08f3
03e51114f915e80e
07fef51c0be70df2
f710fdf6f10508df
14e7ef0ee7ff11d4
12f606f2f0e2f300
f0e6e319fbf90af6
fdfffaf81b172304
f6f0feeef1040cf4
edf6ffd507f40405
0c0202071b210902
d102f1ee08dd0a02
1a03f017e9fc19fc
16effdedfd0d1003
dd0d000af906f709
df0917f5ef01fc0a
effdf5f7f30b0206
0112f6e0e9dbfd04
050e1e20f4e6e715
02f4f710f0ede3f5
f709fef3f1fffb09
fd0204fb05f8f817
090c170df3faf4f4
161500fa01140008
f8161be6fae0e018
121333141bf3eb1f
020511f8fc1213e6
011a05f80bfff01b
e713dedbedfb1207
2202fcf81f2f0706
ffff151dfeffe505
06fe0c03f4f901f9
ff130a1118f5ec28
e4f9eef9111c1d02
11f01c1bf71306fe
03f8f200f7f2fcf7
26fdf8fad8dafeeb
1bf0f40f190bf50a
05f61318150f16f5
fef109f8f0e5012f
1e0ffef711060a05
ec0a090f03f20b01
120d07fc04f10400
1c000deff3f807f1
f901fa0ff8fcf30e
e80d0908f604061e
eb09f80808fc03fc
d508fbff18f8f40a
fb05f0140806efec
f5f520f203f3faf7
00f8060903f4f40b
000002ec12101909
0b02f2f706e9f812
ea05e81014111502
0dfceffdeffb05ee
06f702fa0b1bf408
0200f522e0eb00f5
fef10213fc0d1bee
26f809ef1ceef300
f2f9fc02f8dfecfc
08fe0210f3040203
eb01d3ffef18fd04
08f4ff0819f3f301
e7feebf9f01206fb
11fef4fbff000610
e5f7050ad200f8f4
05fcfa00fe00e408
1811f7fc0c2203e6
ecf8e90ddbf306fe
f4f701f703f70910
de0800d404f90612
140101fafe12ed0b
e9f500120d0808f3
f2f80720ffecff10
04f2e9faebe70cf8
0611f2f81b011e00
f902f0df03d7e31c
06f4ea19f4d0fded
1008f7f6f6f00bea
0df90b20090001f5
e8020819de09f6f3
fdff0d0fffdff508
07ff201709f1fc07
1fe4effd0b1011fc
f3040903fc07f1f6
0502210712021505
1b1224f7050504f9
011311e31b2c0d07
dbf8df02edf91701
01f7ea00f3f7f803
08f10505021e0b05
14fc0200fffcf505
1b03ed0ff9ff18fa
081511fa07fee600
f0edeeefe50009f7
e800131203f9ef01
e7f9f3fff6ecf414
fede0febf8f0f615
0d07f3e50febf3fd
26000911fff7f4fe
fa00041efaedf308
07fa02000705ee03
e80605fbfddcedfa
e515faeafffd03fe
f6f1f21ce4fe0ddb
0d0f02f513d3db17
03e7f123f8f2f3f1
0d0906f104e1ca19
f90ef21f04fbfae4
f51b08ef0401f306
fde9f30705f9ee0b
02ffe4f90e0d08fa
fe1b0deb0c060309
f1fc0403d1fbe50c
f3f80e020e0512fc
ed03faee2611fa0e
17fbeff3f1f8ffdc
f6eae80a1107e409
14fafe00d7edea11
ef0cfdd6131512e4
ee090cf8fc090be5
03f3fb060a1513fe
02e8ffedf103ed01
f5eaed12fd0b0eed
1cf50d11f80c1404
0e16f8f802f3ecf9
e6da031ae9fcfc02
2609f5fa0b0af205
f102f8fc140e0ef6
091af7fafd01ff01
e013f1fa0a110706
3200050f07f50800
13f0ff0305f10d00
17ff1606fe0c0404
14ee110bdcfafefe
ed0bf9fef1fbe604
f4ed17f5fdf704f3
05f61a1717fd12fb
eb110ae403f504f4
2001001e08faff08
f808f8f700fe09f7
17f61c11e010fce7
fefff106d8120c18
f8f01919fe03fcf7
00191a05f9e7ea05
f916fd0c03ef091a
f900f90b12eafb11
3d03ebe6f615f6f1
f71be50be7111633
f80d2f06d8fcf908
f8f20206f211fff5
00fa05efe211ee07
ec060d0ce312f51d
fd170beff40dfa0b
09fcfff7e20eeaf4
fcef12fd05e50af8
07000f0aeaff0315
ffee0f0a06f013ff
f206f20b0bfd041d
eafcece614ed10fb
0c19ec05f5dc011e
f3f1f7ee0c0bfef2
feee0df918040cf2
12f70c33e9e80301
edf80cfa2c100a06
f80ff30905eafe12
0111f3f9fa02fcec
05ef080cf9f2effd
f804f30617f3faff
2efced121010fee9
12f7f7f8031a18f4
08fff3f2e50105e0
0019f711d90bfc0f
e808fef3030709ff
1ce910fb07edfbe9
f90006f5ebf5eae9
e30edef2f4fe2603
06faeef1f6ebfe13
0f2ef7e5140917f0
1e0a1a050dddee03
120bf4f804fae902
010ef0f50bfa1b0e
04d50efff6040de1
e611e2dd0cd5f0fa
1b04fb15de1e0428
0e09100d03d90211
0003150905ec05f0
110bf3eee613f809
0d060c111be9f90c
d6fbeb08f0f7defc
0b01e3e8fffb0c00
1a1cf3ddf70cffda
0ff600eff21b0000
03dc070b150cfc09
130cf7fff6f9f0f7
e9fef8f50a1efcfe
f5fe05e408f7f3f4
10fd02f40bfefae3
030a0227f9021023
1d05e2ec160612f8
e100ffe813180313
eeff11d6053600f9
1303fc1406fe0209
23f2fdfe14090301
0e080a2805eee912
2d02f2d80c1bfb02
02e9ff081adffcfa
fb0bfdf1f9fa030a
e50c01e3030406fc
0528e205f4ff04f9
29fe08fc02070ef9
fa0fe6f2fb24e8eb
1bff1621d500ea05
fe020810021f0508
0c1206feecf7fc1b
01f90be9092111e8
0bcd0c0b0df909f6
130efa04e5db0304
0c0bfdf2e815fafe
12fffd0f0804ff08
eae4f8f522050803
131c091df8f3def6
ecf4ff1be9db031d
fd0df619010e120b
0619fe1b03001d01
2011f00a080fff14
1d07f718df261c06
e91805f8f80bfd0c
04ffe6e7f606fefc
0be1ff0e01edfeff
f9e70009fd00f1f9
101305ddfafb0a07
110af8f50d0e23fe
04fb0e07e4defa12
0ef603ed0cedd8ec
f314d4e2231ee1fb
1913e1ea0dfcfdeb
fde405effa1900f2
0103fbf911f4f9dd
f30810eb0ffafbf9
e7ea03fb030e1012
f50705ef0b1809dd
e3efff0bfe18ef24
13fef50ffffc1703
eed9120ef3f60a02
ff0a0ffd142212f3
e70efbef0feedefb
f801df140402ea09
fb000202ce110cfd
fee205d41705faff
0bfded0a17fa1100
fafaeef105f211fa
fdef0504fdede207
01070401fb0f1cfd
061af508f8fe0b1f
fef60af9f606021d
0df80100ec0cfaf6
f107ecd91a12ef02
0aed05081eeaeef3
e6fffcfd2af52217
0af515f404f5f80c
030f0dfefbf1fdf9
10e610061200ff1e
1201000a1601fff9
12ff0a0821e0fa0a
ffe900ff33eefa08
fbfe24f6f8f7ecdf
fee50f19fdedf4f1
12fef826f30bfd06
f50d110209180ee7
f8fdfdeb0c1a0d00
0412dcdcfb0ffe00
fff5fb18e1011b03
15170703eaec07fc
18f612eafbe9f1f4
fa03f7f1fa1e130b
070dfde613f507f4
f002ef0b0910ff02
f60306f1df17f623
e8f006030d1b1c11
ea1bdfe010141005
fc080efa03f207f6
06f1f90e19fffff3
1103ff12f203ee09
e401fcf41602ed09
01fa04ed0f09fbf4
19e91313f9dcfb15
1d03f3fafef7fa01
071f04fd07e2f415
e2f4fef809fbfd11
ec10f6fa0cf50011
0f13f4f1f5f7f6f0
f1f706f5f7290afb
06f8fafcfcfeef0c
feeb011700f61517
fee603f5f1e70409
f80de5ec0d092c13
fa1e0bf7f505f702
f7ebfc13ffdd07fb
08f6f3fb31eafb02
05f919f300ed00f3
0a1902fcf1021d0f
f0f3080f10e0060c
fdfbf40f11edff25
f6e70fea0bf7020c
f305f7e520f8ecea
0004dff9fcfe070a
f8fde5e20cf1e710
fbff101cf3d308f8
f3f60700f2eb0cfe
0ff700fcf3fefefa
0dff0709e300fff2
e9f41d0cea130600
040aedf4fbecf5fc
f20e0909eae6020e
0bfc0709f80608ff
f9f7f609170f0311
2119eb08ecfaf126
ef0701d8ef20f5ed
effd1809f207fff2
fbfcfb14f6edf7f5
0ffe1223f8ff0410
f9fb150800080eec
e802f70c27eeee0f
fddf0bfd181105e4
ef2817e50af5fb10
1bf708fc0bfcf2ee
0f0c13feebf71005
e813f1f21deafff4
e80a04fde409e4fc
ff0b0ff817f80005
15080220f0fefa0a
040a032df7f71922
f3ebfef3030706fe
1604f4f4ea1e14e1
171af4fee0fb0af9
ece508140b2204e5
2df717fd08e7e405
0bdd0afbece30bf8
0e03fbe3030a0508
16e2fe110af31b04
f8f6f606f3f72df7
f8f2f20ef201e8fd
0825ed05f31009f2
fdf009f4eefbf1e6
1007f8f601eaf0f3
011813ede917ea0d
defbfd0e120e0716
0009e0e602fe25f8
e5fc090d00eb280a
fe0efdf6f3f2ffff
040a00e90d0bf1ed
00090b0a06fc0702
001e00090ffbf514
00f7e7f8092bfef2
101900fe0a0edc0b
05e703faf502e01b
0c020e0c06f60302
fd0d0ef802ea0403
0af9f3f40fe5eb01
f908fbfd02241af6
070b020ae7fe0f04
fb0201eeff0bfdfc
0bf1150b16f8180b
0d070019eeefe400
040df202000d141f
13f5f9012afdfaed
ff071d0f01e40b05
1413e8e2090307e3
08ec08090d03eef8
f0f8e3f32ae0f2f3
df030a06fa000d17
00f3f101f8f0f3f4
02ef032705eb0108
e8060416f3070a3d
1afd08faecf6edfa
16011a21f0fa2408
110f04fcf504f906
fef806d6350afce2
ffea1b0bfbe9ddf0
18edfcecf6140909
00e714f92ef7e2f0
070af9100300ea00
f01002f0e80dfd13
01bc0b0527ecdfe6
e8ecfbf51210fdf7
f517f00dfc0c1d15
02001b0e15ee12f1
0507f4fff5030915
0cf20b13fcf6f400
e30802e60126fef9
f1f9f2ec0bfa1200
fdf60213fefd1310
fa13fe0002151906
d2eae1f1fe18000c
faf80500fa001119
01f903f1f1f4f905
02090407f9f2dbff
fdf613f7033619f9
f313eaf9fbfdfee5
f9f804fffded0604
e51304eff4f30111
06061708e902e4f1
00f208f2fef20e04
fb16f003e5021812
0802071020ec0404
f310fce411f6f612
090ff8ea04fff7f1
eae00d18f5fa161f
fb0300e30513dffc
14181118f4f40508
fbe200e6f315f7df
1afee71205f910ff
12fd040fffea07f6
05ff0c132d040ae7
e6fd0304f803f9f7
25060c120af50419
fb11fef90afbff01
f9e2dcdfff0ff5fb
f4fcff1b1e121715
061cf7fd18ddf1fd
f80c00fef90af7f7
f2ff0bfbfd0a0bd9
f60205f1fcfcf103
09f90f1507f6f207
fc0deef9e60706ff
1207f0f609f6fdda
09e00214f50efc0b
f818e806e106f516
0c29f0f3fd1af2fb
fa14f5f8f602fc0f
fbf7e6f7f4e6e7ed
e9fe1702f3fb0619
e6fb0cf801fbf604
ecf90d06da0c081b
fa120100f20e1609
dee404e4e91504fb
bbef06f4f50d15f9
edfff9f4f21411ea
ff0c110beffeee0d
e3e90a11e30604eb
0b041b01e3f0f718
2cf8fd0ff007fafe
12fc0101f30811e8
ff0316080730f2ec
f9e8231d0d0c0113
e80024260ce918f9
ff0adffde71e0f05
0ef50013eb12efd9
eef40d1613fde411
13f42609f7f6fbf7
fd03f2ea0f2114e1
00fe05ed04f5e604
06f81bff22fafaf3
ece4071207e91a18
0109faeb022010ef
ecfffaf3fb04feff
d6fe0ef209fc050e
f4e70ee9f006ffe7
f6e5f00ddf2b140c
f511fa1cf005f90c
1704e5fefa05e6fc
fc08edf1f80af616
09010d041109f9f4
faebf50519e00200
ff07e718fced0d1b
05f7dc1e12e9060d
0be8240cfbddfcfa
0a16f420cae8ee03
fd13e3fb1dd60004
f8052411020212fd
fbfd090108f91cec
ffedebf3130222fc
0212fbeef40bf509
0316ef0817f80023
fe01f7110cebf21f
03f3fefe1900faff
e1ed060303effaf1
1109060cfd201d01
05fe0ff811cfe203
0bf802fbf8020207
01dffb08fff10aee
f60efdf01104e1f2
ff03faf8ff05f609
0af816f1d80a0200
fc0af902fbeaf3ee
0817fc03f6f3122b
13091205edfe1cf0
0914ed0aceddf103
fbfc092dfaef1d20
f9fa230c07f80d14
00e6f8e00c17f30d
f6fd13f8f106fb04
050c06e50b060500
ef01fceb220513fa
00041efcfbe6f31b
ee16022210fb1b09
140101f1f5120e1b
21010813020108f8
08feea02f71bfaee
110fec0b04f22afd
fb1ef3e7de2217fb
ee10fa0af30b0919
171c07fceb20e8ec
faf9f00615f222fa
d7f41623f900f606
df0cff0501f80cf9
031af30d1300f12c
0421f805e91bf5f7
110cede31bf4f8f9
1b03050b01fdf007
04e2fd1afbf7ff08
0b08fc04040dfc24
ed11f6ed0a0be2f1
f826ee0df6ef0e15
14100508f3ddf405
feeffcfa03f6ecf6
eeffecfd070d29f9
eff71334e7fe0b2e
ff03120404f0eef9
061d0ce7eaffda07
0505f9e3000b09ed
e7ee0c2609f909fb
000af6fe0a05fc09
1ffb1b06f7f0eb15
ebea0cd8102704ed
09f71e07f3030a00
05e60817eff7edf2
01f30910fb0c07ff
08fe0009050f07fa
0bf3f8310ae80a16
e80ff607f308fd0f
e61007e5fc10fd00
ea07f40c0e10112e
1411fbfee8fff9f0
10e90bf70afe10f1
ef09fdf41afb08fb
f3f2f1052a0c25f5
fde82afedffef3f2
fbff05eb0eedfcfa
0f0502f1e400ecf3
faf71cfb1d05fcf1
2716f718f31c0600
f806f4f4ee120c05
f9eeff1b17fd0af5
e1fbf510ee150c0b
10f4f700e90200ef
e604f8fcf3031415
faf0f5fdea0cf712
f0f60eff0bf41c0d
0efa0508200207ed
efe5e2ed05080be0
f2f613fe1ce9f407
01e1f5f603031607
03f6fafa32f02304
12f70dee040800fe
0506f70004f7faff
f5100ffd0cfd0f0a
0bfff60708f803ef
fb13240df5051403
ffe9fe0d0915edf1
f5081c14daf3fc21
050ce6f61216e7e8
f6e90fe1f8111701
01ef001200dd05fa
f6000a0dfed1f60c
e9f409eb02f1e200
02f60de9f61e0aec
13ea03010a030ff6
0614fc03f018fcfa
fefa0c0502fbfbfc
ed12eafdf6ea1804
fbed020df9061009
050bf3ed00f7e0f6
edf4031209ec0b05
f2faf1e31616f8ea
07f3fdea1b04f9ee
0504e6f8f80efeef
f411e8f315f6f105
0f0805f5f925ff05
0f0ae50efc0b09f5
06060ce901f6ffd9
f2fff8fb0017ed04
fae403f30f100b06
ebebfce8040909fc
0f0af3fc02050c00
06fcfc16eee7ff1b
0bd81afe16f70ae6
07f711f203ea12ed
f701eaf0f7f50608
f4f502f0fdfdfd13
0af11200140d2901
f8eef8f2f9fce2ea
02e5060815cff2fc
0324d719f50f0809
de07eaf914ff0ff8
041508effb21eff8
1718f1f3fdf802f7
1609fe150208f00d
0ff013fe02f905ee
040be705f2f4fc06
fb13fa0ce3fbf706
edf103e6f914f7f4
04f91104f41f0e07
0dfffbf908f6fc0c
e91000e7fc07eae9
17f50008f7fdfbfb
ff0904020701fdec
fd130621f0eb0b3a
f6f0faeaef1af8ed
0b090fe502fdeffc
fe0efe2a03fa1911
fa1cfdfdecdeee0f
fcfe06f11209f1eb
08ec00e80d0b0bf4
002bf2ee0412faef
1c23dcf6effb1316
ebfa041302d70420
13f3f407f800f403
ecef09021f13f4ee
1725020c09f2f4ec
201f04f3f205ea01
f5f9fbf50b1406f4
f1fb01ff0ff7ff00
0cf7260407fcf0fc
0320eefa02070b1f
0df90b1bf8f20cf3
fe13242bee08f601
1310f90cff1506f9
f5121308fd10fbf9
ff01eaf809000aff
03f60eeafd0dfceb
04faf9fbf4f7e800
f9fdfb1b050615f9
090df6fb09f8d507
f306f0f6fef30ae8
f4fa040c0cea0213
ff0bf4f12908fc0c
0bf9f803e7f90507
ff03120e190bfeed
f1020216f31703fd
fcfb1f0ceef3f3ec
fffbf8e816effdd1
03f508f30eeef7f1
e20ce9f9f805110e
fee50a0b1ee80bf9
e6f8e9e6190fe4f7
f7020ef8f610e9f5
13120b12f10c0106
f40afbf018f8fcf6
e8ed13f202e10afc
f3fddedf17100312
e8111522eceef211
0ef3e3ea2d14e4ed
04f5ff031a00f313
1703e9f1010c1511
f713faf9f818fc04
e3e5060308faf20b
00e1f8fde2fa1c06
11feff11f408fc22
f3e1020602fbfffa
d90b020d12fed5f3
0c15f31ce1f10aec
01fdf914fffed9f2
ef0fe617fefed3e5
f8fafff0fffaf9e0
0e37fb090509f616
f1130a06f4de0e16
fe0ded0304fc01dd
04f9f6fa06ff05ff
eaf60af308f4fef2
1b0009f4e5140ffa
efe40dec1715f6ff
ff0f1623fb00dfe3
1408040bfcff1612
020bdde2fa04fb14
fb001105f3fe0ee8
f90df40312200006
fe240e18010c0d07
04f9eaedf2edf304
e7dc170a0207e8e1
1300f4020b1dfff4
251cef10f5071508
00fded11fafc19f7
0415eef6190d0113
ef111004fd00ff03
1601effd1414e612
03060a020c001313
f7f31b11fce62106
0809fd1af6e70615
1a0a150bd7f40dfc
0efdf2fffb19e811
fffa0b18000af614
22fa0af2fe0e0b03
251200ffeefc0424
de20142ff9f713e4
e400da1ffaf1e016
dff3fc0cfafdfc0a
0e02f5f80001fd13
2cf9eef2e6100a00
eae90eeb02fe0502
fdef12f52efbfecd
fdfe190f21061201
0808120b01150d0a
01edee16f3fbecfd
0e03f6050314f900
fd07fdf6f8fd09ef
070cfd0bf81bfee6
ecef2ff300e90e01
1b1401f7e219fa08
06f6ebef11eb0cef
f4ea0f0311061225
060f1226dcfbfceb
04f71b03f5f3eacb
f602ea070423f120
1114f31bdf020609
ed16ea120d14070a
f418e81e071ee9f8
0c120103f2031004
09fa14da140ffc07
001029f410f9fef9
f001051a0718150b
2ae603e7000d100a
090e020a020512f3
f40fdff9f50ad41a
070ae3f8030af0fd
eb040108110eed16
28fff006e01200f8
2e05ed0505fbf9f8
f80d02e6fa03fe07
0b03ec09f00f0414
fff8e6f6fa1deeff
1bf1141e04e617f7
000ee6d21216f5fb
effd02edfaf70a05
0211040e05ef160e
f4d706de1c1412fd
f5e5ee030208f00e
f600f706f8fc0111
deee10e004f8f3e8
00f710020bed020e
06fe02f5e204f708
0c01f0f8f514e5ee
f600020efaf8081f
1215ef1fd7120d08
05f608dc00eb0503
0bfb09e7090b0dff
00022512040119de
08fbf7edde0cfc1e
010ff71a0005feeb
0701fbfbf4130303
fb18111704f910f4
09ed0f1b00e6fffe
0ff70dfc010efcf6
fa1c0504efeef8de
0b06e620f5030c0a
11f1fa02fdd808df
080e03f80bf91be8
eefd21ffffec1404
0e01f6fbfe0d0b01
1811f3f80dfb0004
1afb13082be91ce8
ed01fa0ff51bfef4
fdfe0dfa2400120a
0823f504e4fd0b22
03fc0f04e7ef0d12
e0f107ea06e3fefe
ff0dfa13eafeef07
0e25f611eef50910
ff1b1dfe15f112f4
0dfb06fc12011600
f8ef03eae9f20beb
08ff04fd0b0be50a
f8f01b061600f4e8
0efdef040a11fafc
1901f5e6d4fc1616
00f7fbc8f7130811
0bfcf3ebf610f5fa
082002e8f9eefb07
fd05eaeb0f08eae7
0df8e320010df008
15ff03ee0bf9ff05
13f50dd8ff09fef6
faea000be5260002
f804fdf40ae7fd00
d501fb0607000317
f3f1f4f0f1f3fb1f
1101120c1be015f7
e1f916140c0915f1
ebea08ea15030aed
e4dcf81214e5edef
070502fbf5fd01fc
00083913fbf30eed
0416f6f6e80c0304
1600e703ee24fbf3
05eaf1efe5f4f217
ea21fb29f90207f8
1e0bde0ee2270102
0effe3020f000424
0af3e1081c1cfef8
0af906eff519f80c
f5190b07fedb0621
170715dd16f117f8
e80af6050816ef1f
1d090c05f1ef02ff
12f7eb200e09eb02
fff9fafe280f100d
f70706fc03fc0315
0df327fcf3eb1bf9
e80407fcfdfff10b
1c02f8e8f5f8081d
07fd1702fadf210b
f3f30dfeeeeefa05
eafa12fc03f91314
030cfeefe609f30e
e8f415f5f1fb08f0
0ff425f6fcec0e0d
ef0a211206ebfd0b
f60211fefce71002
e9f51712f2fef706
f0fe0df20cf2fe1b
e9ea0ee308f5020a
e90203ff0a06f126
1c0debe9f707ed05
1c1cf4f61708ede0
0a2df71efc200d0e
e2f616e714e5000b
0b10f31d032a01fa
14fdee0ae41bf0e8
0412010801f90919
e707061c05eef60f
ebf208f00805f2f8
e7ecf6e017f9fc0e
0afaf1f6ec08fefe
0604fd08f1f40201
f1f107f305f9f3d1
0ef2050322000409
ebf4fcf7f714e9e9
1dfd09fcf8f9f520
e4fd0a2a08f5fd1c
07ed26f502f61f01
f50102fa1605ecff
fa0118e6f30008fb
dfecdefffffdeb0e
eeffe51219f6fc0f
081706050ff70011
1f000bf608070c08
e8000c14fdf30637
f804f50fe9eef6f9
f10df011eb0ae810
10020004040ee834
0afd0f0ff9feff05
0808f4fc0108ff21
050dfd171d05160e
1025d90f0d0a00f8
14e50ff40a0f07f6
fafe080412f7f7f6
fa1a05f8f90a1129
fbf00feffa04e9ed
1b0c1de90bfcfde1
f0ed2115e7f62319
cefb1213fafd032d
f0f302fa0e01fc0a
1b1ef5fae92420f1
df0ff50b060be6ed
ff0b19ea06f809fe
02020307f307f4fc
0ded02eee8f506ff
141900081501fcfc
03e9ee0be1fef6f9
ebf82107f3dcf908
180afefc0aff1c15
efea0906fbe9fbfa
e915fe1a07160106
0d050a0ae902f8f2
fffdf908fcfe0801
fefeee1e060de9e0
f1eb07f815ed0efb
240c0002fd19f5e9
02fffa04ecfe0808
080a1008e3140c12
1212f5ffe900eefa
1b0f0ee5fcf121e7
1df30a0005f20810
07fef9f3f0f8fd17
f5f1d8180415f414
f20210ff3ff9fcdc
0808ee0d0003fc0b
0af108dd09f3001c
eaee050205fbfa03
1405100ff31401f3
0b0fec02f40edae9
28f9f4f9d81bfd1f
1cfffefbeb0affff
0001fffdf50deef9
121111eefe04f0fe
11faeafdf6f0faf7
0618040cde0404eb
0e0606f0fae80c03
fee200d710f80e0c
01fd0bfa110c1706
e3fbea13f412f61a
f00f08fb100c05ed
10030d0a04011405
fbf508e602fbf31a
f1fdf407ec1d0208
140906f007df10d6
0af30305f9160010
ef1bfd0100f5f21c
fcfe05f30bf3f604
12f50a0b11f2f302
020ffd13ff0816f0
fef40e08f7fffef7
eae61c0507e8fdfc
f4f9ea06e402f5ea
02ee0b05faec0205
ea0f05f8110613fd
f3eb00f405ee10ef
05f614f3f3de06de
050508eeef2508f8
0801f8fe04ea07f4
f8060712f806edf1
e7e6f0e3ff0bfc0e
100011f8eee3eb13
15eaff0007090f1c
f8f9eb09ff09ff19
fbffe502ddfc22fb
eaeb08fffeec01f5
e504e9040519eef9
fb0813f4f6f40af5
f7f50206250502f0
18fff529e00ff7fc
dbf70d0000130f11
0513f005031d00f5
ddfc03f50aebf7f8
e6050a160bfaf303
11e0f1e8e6f5f107
f3f116050ce0120a
f718ed12f91e0108
3506f817f8f10406
d0001a19fdec0410
06fbfbff1324f806
05020412ff14f415
f80bee1d250e0d2c
e80d171406d50ff3
0bf505ebed07f005
e7f8ff1606ead9f6
e105200ffdf106fa
21fbf6051804fdfa
f81b3c0a07cdfc13
f8f31ef806f8ff0e
fd01eb07fb08ebfa
0e07fc0efae7f703
dde8fded1405d0ff
f8ffe60a0623f313
191703f8f0f81113
effdf8ec2712ebec
07fce7f81818f0d8
06fa03d415f510ed
03010702fffe170e
121c0100fe12ebff
fd05fae92014e0da
0c0af0f8def7e801
1df2020ad9e906ff
f40715fee5eeebe2
fd0cf3fdef0af2ec
11fd080e01f2130b
180f0cfaf8040ce5
070d1d04f3fd1ffb
fa0315ebfeee05f0
f2f5fef809dff4f8
1cf6f7fe140609fe
e2f4f5f10bf9f6fb
ee0bf61124fd02fc
edfc17002dfef603
0900f0e8ef10ed07
3905f6f8f3f31a17
faf6fcea1afdf904
10f40ef5f5f00c07
ff2003dd18f7fa09
f0ed02f40203fb06
03fb16f7f4100e13
e8e407ea24dd02e8
ecf6160510031b1f
00f11f11ff0115ff
e7f8130cfc02df05
ffdd06f70f070bf6
fb07f3fb0914f6fb
0e06f805ed0afc08
eefa03fdfafdf002
020304170809eaf3
dd06f90cf0eaf5f5
131cfbef0c0b05fe
ee1eeb2007090811
f413101600fef6df
0908f514d6050103
0714fe0f10ee030b
0b0b0df60af50119
ecf11409fefafd0a
fcffff0e0b09f40d
f611e7150c050911
f1ecfbef10f30003
0af906fbe7f0fcf6
05071006f8f7f7f2
ef0fff16efe7e9f7
f6f31418e6f20705
360d10fae8082bf6
f808ed0cf8f40623
03f600e729f010f8
cb080629f2f4edf1
04ffe4f6e4020b02
1b0ee9f8001dfdee
f7e702fcf7f7251e
0c0005f602090c0c
eff209f9ddf0eafd
070bf600121cf1f9
f0db19f7030a02fd
d101100811d9eef3
09f8ea04f8061f03
eeea10e219ea0dfb
1113e702051ce9e9
f1f30d03ff1515f2
e729f304100dec12
0900f31323fd040b
e70ee516f816fcfd
120c0cf5ef0f22fb
e1e708fb13080df6
070ef6fafd100cf4
e7fb02140d01eeef
f0051015f80a0703
03ebf7e90cf9edf1
11e5f5e3f309f818
100602d9f0fbf0fb
1bfdfc0000f40f2a
fdebf3f8f1f2ecef
fded1a02fdf600f9
0000ddf0fe080105
1aff0902fc09fb02
fbf6fcfe03f6efe9
2312fa00fafaec02
1302e7e4ebf60101
0602ff04f30beffa
0efce306f6080cff
ed22f007f700fae8
fa121010ef07ecf2
05f31d01f2df0beb
ff13f413020a0208
0b06f0f0f417f107
1b15180cfd09180c
ffeb0f09fcf619f0
1812f30bf4fdecfc
22060ff1fff71701
0611080af2fef209
06f00ac0f612f0fb
f9f4f3dadbfb07e6
f607230f0300f810
fee90105fbf61401
00ecfeebfe00f0f3
ee12fa080403fc08
01fe1cfc1ce70bef
fb0c0d05111bd3df
0efdf2e9fc000b11
08d210e406f70d04
f7e10b0cf5e7030b
ee0210f6040fecf1
06fcf211f3f2f815
03e211f1f60a07f5
052301f6fa0905fb
02010bfff0fa0ff2
ffecfd02fb06f710
f0ec01fe09020a11
03fcf3f107010cfb
1607e90101fd03de
ec0a08100aeaf500
f1fa0812090b0d04
17ff101ddbfbee08
f4eb0ef004e10519
06f9fbdf0e020603
fe0ef90bf7f4ea02
0c0b01151afefff4
0f05e4ffee081904
e3eff4001201fc10
dd11ff10fbf4040e
eb081711f1f80e10
05dbf4061515fbe6
0c06f9f4edf810f4
f000150a2af41601
19f90dfffb1ff3f9
f7080809eb070b0a
100f09ef0e040405
e81cfc11ec0e0e0d
2000ee02f01b0ff1
f3e0faed1103fe18
f4f90bfdf3f00927
e3f8080a01edebf8
140011f80507f203
11020ffee9f11707
f8f60aee0d060a15
f90b060224ee0c1f
11def3f4fc07fd02
f804101af4f4f318
f9f615021cf6260a
ef0a09fbfefef111
08f6f807101007f6
0d1ffa0efa14f4f3
0319ed2209fd182f
f9fffd16e900180b
fdeb2cf204f41af3
04120209fe15e0eb
fbf916060a02112a
fcfcee06ea07f100
020309e5fc14edf8
dfe5fef613f209fe
e00523f932eef3dc
0ef614f2ebf00002
f4fc010dfeeceaf5
f1e906080c0af5f0
1125140d07050bd8
18feed0b0014ea18
f00a0e1e070513ff
f90d02ea1be8fc17
fa26170b12f3fe1c
010ffbfd0e10f30c
f7df0df6fef806f0
ec09120c0afd04f3
f9380e0df40806e4
1008f8130824f907
fefd0209fc0cf6f1
0bf8fff3081d0b10
e607ef0a0203f2f6
f0fef5eb280bfd18
0015ff09fa05f6d8
12efdd01f70de802
fa2ffff60509fcf4
25fbf8e2f2e11515
ebf914ea17fcfff0
fe16eb12f716f1f1
001009fd06030800
01e60bee1a00080e
e7fbf1e4ebeaf4ec
0a00f11b050fed14
e3f90aef1eea0acb
16fb04e113030900
2412e8f0d917f00f
0a0cff16070901fd
f7e6edfb031ffff0
f50905fc03f104ff
04f2ff0513f20df0
ffed0df613ff0002
0ef4060bf21d03d6
fd12f81efdea131e
1605e2f0f90f03ec
ee03eb02ffedf8e2
0d07faea0bee00eb
1f02e403f31407f3
fb050707e512081e
edfe190bfa020512
eefef1dee5f8ffed
02101a02eef0efdf
da200231040de7e7
fe1013040004f4ea
f201f4fc0619feff
fc1503f6fe0a0ce3
03e2fcf00bfb01fc
fd110312fb0d0e0c
270df9f80300edfd
14e9f414f3f50106
200111fa08f6f1e6
00fe06f2040406f8
090adefff51f10ff
fa1a0fd8ed0b1ffb
eafec6120824170f
020de52200090e06
08080203ee0d0901
0d0d1915f90eee04
f7e703050af2fc08
16f40a000cfd0705
0517fff6f9dd0a0b
0503f8fe07fbf615
effe0900f7e703fd
0e020206ff02f7f4
21f92bfbfaeeeeea
f900ffe7f8ec1210
0c1419f41717f6ef
f5ededf000f6f9ff
ea08110dfe0bfb1c
ffee0512f809fbf2
18fdf100110af407
f40407fcdff7fd01
0e0dee071f2ff10c
eff7060d010f0118
12f8fd0a06fc0209
ef030c16f818f80a
d8fdf7fc24fbe30a
fbfff508fff7f5f3
fd1202efff17deff
1303fafdf4ed09fd
010913f209f7fc06
07f4f10a02fbe7ec
f90dfd1a0407fc07
da0413110101f80b
e601fa29130a0300
f808f3171e13f90b
f506efff22130de8
fefd1309f3f910fc
ecede9ed0f1102fa
fbe9fa0d03f7f3f7
f8ff09f6033d1513
f0ee0929ea001111
020406fcf4050def
0416f6f60a22f8ef
0b0304070b01f604
04fa0fe6f00315e4
160311eaf3f7f918
f70df422efebf1ec
df1bed111814fb1b
ef09ff0feddefafb
14f7f8fd000a0505
ed0b01fe070a021a
fb0612fbfb21e509
f8effffcf604040e
fde426fd12faf60e
1905fcddf0daf6fc
ebf5f8070414f8f9
e3111008eaf20c0d
0718161cf8000708
fff6f9fb0513f6f2
e00803f706fa1400
f4f92ce9f4e50e03
f8e5fb0ffcfc0d01
f4f209f017f700f6
fee615ff22f3e102
08f412f70bf6f5f5
f403fb21191cf80c
010f0cf514e90902
10e906fe0101f61d
10e604fc0102f908
02ea08f4fe0dfff5
0710e8ff061704fa
00031212040a07fd
1401f1f6fbf900f6
f9f4fce81bfb0408
eff2f9170410f3fe
080e0ff509f5fa0c
f2fd0911ed02f0f3
01f40cfe0ff8fb12
3409030800fe0a01
f603fe15f901fa08
f6fcf8e9fefef50e
0615e6f5f10a0e05
fb12f50c02070a12
0e0bedd8f823f411
fbe1e113140e060a
00f015f00cfd1508
06ee051a1500fd12
e9090a0bfd14f5dd
d0fb1305e8f90af4
0bf40cf803dffdf5
fcfa0cf30913ff03
ea091208f3f8101e
f0f7f4020912fef2
fcfc1c13f202fc05
ff1706f4f8f201f6
f215ffef03faf1f8
eb0b1013e7f6f5ff
fe03f611fd0ff7ee
f6ff19effdf30106
fb02f00efafc0009
1b050aecf5ebedec
e1fb05fe00f6f3fa
070f18160e1306f1
09f01af7feeefffd
f8eddd191306f907
e50503f6f0f6fff2
f10028f1f60703fe
f7020d0c1dfce302
11f30cf6000e0f03
e10ff20dfc090004
fbf6f207fb06fd08
04fd0cf2f9001304
d511f10d190e0904
0f17f9fc13f50016
1706fce4f70c09f3
f5171ad9f7f005f3
14ed1303fee3eff9
0003eef2f801ff00
f5fedae8f0000bf8
f8f80de801fa0af9
09e31be9f7f7fbec
0ee80df809fef8dc
09f618fa121b0102
06ec1e08180ae4e2
fa04e30bf3f608ff
0ff2050dfdfbe703
fef602fc14fafeea
e2f2fd0814e9f10c
e9ecf5ff0703eb0c
f003e007fe1607ff
ebf5fbf302f007f7
0504161bf5f600f4
f41000f3fa030beb
2407f504f70f1109
0004d207e3fc1405
0a0c04fdf4050e0d
ede90316ef13eefe
fd05feee112800f3
020f27ec04defa02
f4f8f00df7060207
e80c1a09f22309f2
fb002101010a0af6
ede1ed0108f8f2e9
0efaeefb06ebf3fc
09d70f1e0602e9f5
e70a02fefa041af8
f0faf9f0fae5fbf8
f1effb0c0efcf609
0905050df9e9050c
0ae0fc0be8deefe3
1b0ef9f8feece7e7
f5ff1efa01e6fbf5
eafd0c10f4e3f4fd
0a1800fbf61a0003
00e20f111009e9ef
e1f2f206ecf003f7
f610f3ff02ed1004
ea17f00e07f30f09
020410fcfcf9f2f3
fd0106f8fc150711
fbfffa05f8f6fdee
eefbed0001131207
e6ed010a06040418
f1f30b08f5040903
0d19f6e91611eaeb
050904f0fcf9fa07
f7fffd060bf8fbfe
0cee06060de6ec06
080a10f70201e600
0403120414090d05
0800f308fbedfc04
18fe03fff11bf7f5
ffdffffe0429fcfa
f6f7fd190afd0c0e
f410f722f609fefe
0400f8fbeffdfb0a
0f15ea04111c0005
08060aeaede80f0d
1403fffffb0e1e00
05fa10d9edec0afa
130efbfef6e104f5
fdff0edbf30c11f9
e6f9e2ff0b0c02fd
0310fe0edadd13fe
f40cf3eef12700fb
16f809fdfcf6fa01
0deb28dcece21207
0e07f30df205110a
090acbfb05230310
0b040106f90100fa
f9f8f719090ff50e
07ffed24ea0b0208
040a0dfcf3120e07
eef3fff509080bfd
1703ec030f1ae9f5
07e50a0efbfa02f0
0af1f3fefef8f6f7
fd08061608fde0fa
f908f608220b0a11
f513e70a03fcf909
0f06edfb0b19f7ff
08f61f030aee01f6
0907fcf2e7e91211
12fb14ec0302fc19
ed1a0019fc1e0c06
0600170ce80800f6
0409ecf6fdfbfae4
f80349f10be402f8
090bf7f2f4060307
f9fc0b0a10e3150d
f2fdfc00ee060309
efffe0e6f6171aea
0adcf5061efef1f9
02020604effd0aee
0402fcff0121fbf4
fde50b070cff01e1
02060e12e7ed0bfe
ef13240f0bfae00b
0803ff03f80700f4
0b000bfcfef9f4fa
050ae6fefc11fd13
fded180ff3df0600
f7e609e913ecf80b
11022901f80ceae3
e4fb040a0ef8fb13
fd0103ef030cfb08
efeb21ed1ce5020c
03f717f9f5defcf7
08e5f80306ecf5fe
1bfc0e020309f7f5
0ff30304fe07f701
0301e50cfd060cf6
080d0afc04f401f3
131bef03f2f71008
ef0309020318fdf9
14f8f4df14010e09
12e6fd1a0a01fa02
0ff118e9ecf706da
f6040ce8eeef0616
f2fef702150ae815
fee6f2edffff0eff
00ec12e8f5120d0f
06faf80c03fafc03
f219f1e8fbfc0aee
02080dfefcf3f6ed
09ebf10df20df6f6
05121bebfaeb010a
fd08f208070ff4f0
09f706eff1e5f502
160d1808f51a12f4
0dfd060d061efb09
0410edfdf7fbfff5
1aef0e0d10faff0c
1401def801f802f9
ec08f10ce1fcf90b
1121f2f710091611
0d04f4faf00307fd
0818f1fafaee1401
0a0bf9f3eefe1a00
0809f3fcef0806f6
fd11f6f81612f80b
fd090de5ff080106
f108f6e306fa14ff
f60e15f306050317
f6f6fc0601f5fc01
e20cf9edf115fd14
0e1af1e2f60417ff
faf6f80403fc0b01
e804e709110500ed
070be807fd0509ed
f51013f0f3131801
081bfd0e03151908
04eafdfe0af10a02
f2110cecfbfb0c0c
0afcfc151507f70b
ecff1d11d7ee08fb
04050ee60a120df6
fdfc0ff302ffee09
180505f01103f806
0f080005f10b0b02
1100d7edf70c15fd
f101030ffaebf710
fbde00061900ef05
10f0ed11fff5fc0b
0306f504df051119
f318d8fafdfd130a
eff4081fec01edeb
0a1ce60312fafbf3
1b32090b00e91208
080a0dfafe060108
020eee05e107f70a
fa06f51bfb0c0e22
1904ef250600eaf7
f7fe0c130401ef04
1804120700f0f401
0bfbffedf0fcf7f8
120cde050819fc0f
0d28ebff04110ee0
fefdff0b09f2f401
fceaf60b1816ec14
090114edf6eff313
2009fdf80910fdf3
0f0c15de0cece3eb
02f70d0efeeff41b
02f0130108f8f814
18fe01da00f7fefe
00f00ce5feee00fa
fb070e07ed051100
f7ff02f305250e1b
09fa06dc00020efc
030a040bfa07fbe8
e60afd020918090c
e5f706f102e70918
0ff8f9ef10210f01
0708f1040b08ff00
20fd03180be5f3f9
2a0f1005f5ec080a
01f2f21d070d0e1f
eceae011032a0105
04f622fbfdf601f9
10f80e0217fef7ec
00f6f3f61a0bf20a
fff3ff05fff30810
15ed17f21d02ec07
200bf7050bf3fb12
ed080bf21d120101
1f140ff6f8eefcf0
f40a04fffefdfc08
0a040f19ff0a08fb
f70ced06e8fafc10
030b0103f1fc170d
16fffeee08180300
09edfa00ef0111f8
071018f00000f203
f00cf2130af0fb13
ff0806e5f30c0d03
f2ecf9071c0ef500
fef5f10d0620fbf5
011af3f2fe131908
ff11200ef80509f7
020cff0414de0009
060119130efce601
eb02ecfdf4f305f8
f7ef0812010ee0e8
0af617180dfbe1fd
11ff10120cedfffb
081c0af4eed912ff
e8f5fa0010eb0a0c
f81408f80612fd07
fa1a0efff0e30e01
f9f91cf60705ee03
fdeb060d0207fee3
0ffa03f3f706eff7
f5f60307e6ec0906
faf9fdf2fafefbfe
21f8e4122206ee0b
fb07fd00f2f106fe
ec03f50d09ec00ff
f1f9f5faf20a0b03
0229f3ecfdf21213
fd0302fbfe08f3fb
031706fedcf80d16
2005eb07fd040d03
1c0ee5ec03fb2814
06fff60b1319fa18
e1040bfc020511f9
f5e2fb0208faf602
f5fa070107f7f5f5
05fe010cf20405ff
f607fceffe030501
0214f903e716fb04
ff04fefc0c10f80a
f70a1307eee7181a
fffdff0afc1ef100
1ffa0df0e2c2f5ff
15fcf5effefe0a02
00e2fbed0cfb1219
ee18000df61505f8
190512faf2f905fb
0d10eef5e007150c
fd08fdf711ea08ed
ec0bf0fafe03fef8
08e30116eeecfb05
0ef0e8061f12ee0b
ffe517051408f3f0
db0f00fb0704f911
f1f60603fa1308ff
fbfc1cfdf5eb06fc
09fa170107fe01fb
0300f2f9f711fe0b
0603f50900fc0b12
f6e712050514f2e3
e5fcfa0e1620fe01
fb16fafbed090fff
060a0efd08f2fdfc
eb05dee500010ef6
edfe05090505f80c
060209ebf6ed06e9
09ec14f000ec0516
fcf9fc0bfee8010c
0c0fe4fb081a10f4
18fdfd030a09f312
03ec081720f0fcf2
ef07fb04fcf6fc03
00f3fdf807f0f408
06df0af2f9eef4ee
140100fcf7f31ef3
f10bf517021b00f5
0d0a1ee1f3fd02f0
f909f7f8f7fb0af6
f5fc0ff7fd08ed01
f30007f525061704
e40ef30703150bf6
f9eef9180013f1ef
f2f4e706f2000002
0e1b0108e50df4ea
0906faecf9020903
030ffb20fbfbfb04
f616f21702f9090f
ecf4f410fbe4fa03
0918d205fd190cfc
2001fcf61b0fecf4
fbf6f3f604f608f7
f3e4010cfbdfe3f6
00f019ff06f703e6
fa0def0ef2eb020a
0bed1005ff20f90a
f9e71a07020fe7ff
2b06f4fb06eee1ed
e9041cef04f50505
130908f9f8f0fffb
05f711050200f501
e80c000f121300f7
0bea0dfc1cfcfc1e
edfd0ef7fd390dfe
faebf9eb02ffebff
f706f60704f5f805
f800f50dfa0ffdeb
f812e90feeee041c
00e205fd02f6dfec
f4011907f7081105
1102f1faeef009f0
f2ffe51401150407
0300f3fafb1ef3e9
ee010103fa00e2ef
141f0de8f4e8f001
f6fdfcef05f80503
06d7fd11edfff6f6
fe0405fd0cf5ff06
0a1af409fb0efae4
0115edfeebef091c
ea1607ecf4f91af7
fffbff00f509fefe
e8f6ee05fae904ff
fa15f8f709e82218
ed0700ef22f1eefc
0e0bf516071e0801
fe0adb0b0c14f118
f7e5fdf9feea0d0a
0efa0607e5de12ff
000306f0f5e80304
f00808fc0e14f007
f9dffb1d08edfcee
070c2818fdf80903
0efbf8070df90cfd
fafaeb0ffd02fc19
fb06f70401f6eef8
fef90bfbecff00fd
08f8e2fd0114f407
e6f9240306080101
0309120bf7e8fc00
f0fff50ffd12f712
fbf40d0604f7fefc
fe06f6fa0d20fefb
14dee805ef060bef
16021eed0108060b
1007f30300ef17e4
def00710220ff305
fbe70708f0eb01fc
f306fdef010ffdfb
0c06eff50b0dfaf9
fdc91e190300e70f
29fdf1040e00fcf5
231213eaf5ee0dfe
d8fdf817f0dff5f8
12f90df8f5f6f0fc
fbe4f80916f9fefd
03f719f20fdcf105
ec0aee0d0801040f
061d18f105e10ffc
effaf50f061b160b
010a090500ece4f9
06fdf8eafaf301ff
f51512dee8061806
05f00328fbf20901
fdfb10e7f6ff02f3
f8190bf1fa000a11
0007f6e40f2705f4
fcfa18ec1904deec
fd0418f5f5ef0def
fc070404f3f60a0d
14eb19ef16100af5
eee81b1903e90a1b
031511fdfd06fb0e
