05dd1a2c0635ec1007f30cf8fc13d70208092edaeaed26f6ea36fe1bddf80726
f81dff0b1907f613e1e156081af9ff3df4f80c0d0e1def0ef0e0fd040f0e0af3
ce0f1b1aeefaeed6f2172d09de3530e7d816f333f1e4e8f902dcec0fea2e09f4
fed2fdc4f3ab01e530fe060c32ffb9f124e5d4cbe0f21f1526d4f32328ee31eb
0ef6ec202533e62a1bcd11f7ed0ad8e6fa0525030432e4fc1b20e424fcea1d0f
e2ebbbff0ae61711a6d5041606f9e80938ed3beefb55d51cdee60410eee826d1
07ee141914e016dd1a4317aa0f25ea21fa0cc30fde0ff010fbec1b0cd4eb1633
16d10cf5ecffef09f003f60efce2e81ce4cde7faf717fef3e1eb011bd3fdd5c9
0d0f1a0d382512f0022cf3f91af1ebdef1f6f02d07d6e0e71015e74402bd020d
1e1b04f7b80aea1c1b15040405be1a16e00709f602f901ece9f8fbe01dfaf805
2f0d14e5df33260cf2e81c15041a03f40aeee1e80af5df2bfbf2e6ed0df8f609
e1f3d426ff2ed8edf208ea03f2e9ebc6ef42195125d7ecfb18240bfef6320af4
f738daebc2f22a25f03fe8dcf7fc09faec14c8ebd81315bff4cbbd3507e3ccfc
15ec1be1bdf205e1e8c6e9f40be4fe0bc7e003ebf2f3e3f4d6282dcff10d3ae4
261025d50fefef0dea17e50dd7dbd3d31dfbed1f0b01111d0e0fe516041023e8
f600df9dbaf0e9f0ecbef9e9e9ff0bf0e600b703f404fbdb1cda0dbc1eeae402
0419dc182a050a28f119f311f411f4fa17fff200042df7fbd01c184dec34fcd8
171b0cddffea3903ddfe1b321e4a1226dafd021be9340e080df707f4ef1df833
fb010d171dfef9151fef1320f914f800fa1af0effe09e62bf2e006f0ba04f2e6
14eefa14f6e8faf810fb03fe190bf317e4fa20ec1218d41c1305edea10eb1200
00f605ee2f1c121d21dbf0119a2716fb0015490002fcfff80ef2eae819fc170f
1a06191ef011150b0c0a04140b132322fa07f90d16e2f9fa0febea08f908001a
1a48b81a07f50903e80e10d3f9dad300f9140f0911f5eceee0fd0cfb02fd1de5
1d0e1ad502fe1012c91a9bec11fb0ef4f00cf8fa0913ee0c0c2722f0e0d2e3fc
1bbc22dbd221e5ec0c00be27ec0dfe2cff1019ff1b24f02a07e8efe4c9cafb08
ff48d0f7031327dadaf02bf0ddf3f2ff04e7fffc08eee9f8153103ed41fbf02b
fc0204d715f919f4f116e8dfced3fdfcee140b0f0a090efa565206d054f82953
1003ee2bedf723000e18db92fa2b0cdad62eff00014bfddf07e50b1d223fd52e
13d23f3502e2060fec01d0d520f0080bf6151ffc1d1e10cb45f4eee4f6030822
0f1a0207f5ee2003defbf11909f808073ad70232d00b0723dbfb031ef50ce9e0
ec0300dc14f30f1ef2c72917ede7faf7cdfd3efaf3040c3feb1432ee10e92cef
eaf30c361203f2050b1e0d17f41000fbce0afc01fdcb14c533f009f5232dfe0a
ebdaf30bd3f8d6f527f61a01fdf8deedfbd7cd020101f5f8d1e9fbf5d10519ec
24101821cd001f033411f8f133302028faec1b310df4faf435f00b1ce7e72a02
01efeb0bef09180d061a31d014d71212d213ea2bf7e732f630e71de0fcfb0bf5
34d50a0b1afffbe310021219f716110805171a370a2ceb07051afae8fc4bfbe7
fce6fb25221113fd0608f3f9f808e3280fe9f4f1de0134f7e704e3fee1d4f7e8
0f0b2c1800b69f000432e714bd00031a2315def5010616f605011600d0e6c6e4
00e4e7eddb0dda05d72acd0829ef09e5d70cd900d9baece80e3629ea0d0b1b07
08f5fcdd11d9fc01db05fe0ae100ed1cf0d4f710d9f0f9f30fd6c601d2ef16f5
f701e2f7f3c12df416f3f7250612f0292912c63029fb2a03faf30608e4ecf40a
07eff8270dec20e2fded03dbea0ae9171e09f8f7f50627fd2df9f10620ffe420
05f10aff17071dfcfef502f4ed06f02b07120d1f30f103d41af0fef6df39f5ef
1d0f59dc0a1b041bf50fff0de61bdf08e407c0e41e17ffd8e4ccee040fdff1f5
35f51d09061818fe03fb1508ff22ed1e240717ef23020e3a11e4f8f5381c1cf6
19e4eb06f9eedb0c041f1ffef1dfddc5d90f1cec0c15dc21eaffc3f81cf4f62b
21e7f5dcce2602edf3fd25f8f80a0b0d04160fe2f93118edeefc1917fe1df32d
d6f7031a13050bf603fec94acbfe2e3015edd0e401e014fdfe1504f5d60bfad6
e626f805c5d6c524e03bcbfefcd116d3142b2f2e1eea00021446faf208290804
fbf42b1a33d60f1ce6fff70521040013f2d4effd133109f504d106e801dffebe
f4ebcdfafc03f802ea05de21190df81808f1e50e0eed040e00ef22f328210630
2332ffe3e1de0120dae8f1d63337d0eedfdfcbf0d813031801c6e2fddbe5e7fc
d726f30af9e7f00afbdd0de82fbddefdfae0f9f90c411efa51fa480625081505
0c05ff230b141ae50fe90819180febf4fe09e90edce702fce042160ae61103e1
2e111dfa0f0ef4d60fe0070719050fecdb0efb11e8f9e2051107260919eff3ec
05f53eeaedf0f11307e40b083cccd61504fdd8ebe0f3f3b4e9d2f9f9140210d5
08431df613e613f2122fd71b172a461301eae8212024f8c0d03ceae81f06d517
f618d1c0e717f01715123e14fbddfd1ff2ff0cd407d4d4e7e1cce435ffce1eef
0402f942d4b3070aeac1f10707e7fcfbfcfde8dec50f1a13ef1fd00c02f606e7
e4fde2b7eb12f607123705e80e0b0dece5ecfd28d600fafb120b1bf807ef13ed
142c25f5d9f720dbf5ef13f601fd1deab3fbd0f620d1fb061817042609d1f1f8
0ef812ef582913fb1ae2e2d8f7031be6de01020709d7f51eeff0f302fdd02a08
302338ff2725ece52c27bb162c5f1df4151503d61c1d06c9e9ec200506f5f5f7
00ea073a34f0171cfff1ef01f5fcebec25ff1417ded24b04d6f409f320dffb0e
0a030bee09e30bc524ebcf17efe22ef9fe11fbdc100b04d9fe31caf1c61907f4
1d10ddfa12f10bfd13fcf8e3ecd7f921161412e61018062be33b05ddf9ee0423
2f1011f2ee0bbe24fce93ffe19091206050c04010befd0cbd8f4f008d1f903f8
f004caebb0fe1aeae5d7efecabfdfb01ec17241013eff306fa1e073bfd04e602
0526141af213eaf317fff71ade300cefcdfffdd7fde7092c34dd1a144812d839
0921be19ff1105db0cc4eef1f0b7f30a35fde1ea2457252e040d050e11e607ed
0009d81dd2ec12f212db0b06f144c2260230db0cdd00d41cfb0fd2fbbff8e1cb
2cf60deacdf6fbd3eb131adefdb8012eff0c0dfc0602f6e7eb012efb07fd39fe
13120d12e401ee38e3031bf228ec41fc0407fa00d42a04ea01fe05f4f9fee9c2
fa13f702f3fb07d10defffd60ed1d70f01ded407e205d419140de029d6fb11ed
0702f6020df8082010f206f2122405310cf0c30df0fbf2ea2201fe221ff32608
160af717004820eff026ec00fcfe41080b31e5ebdb0d130d08f9d70a346ee12c
d410a12ce5e0c0f8f1db07131bf3f82e091211de42000e13f0ef1a03f9f7eef4
33ee31e9f0e00304e1cd28d6131a0ff7ef0e1108002303cbe2eaf7dffb27d2da
e5ff1a1b052de01515e21d0b1bfff72e0942e332eafd2841f4df13221d1207e6
d3da0203f4f6d702d915182cf9c2040410bb2626f20633d4fbe6e62619fab7e4
161e2217d62ae0e5392501bede032110b9ec07f4eef40c27efcec90ef3ec01f9
aa320bdbf4531f191acce30d3105f8ebbdebe5fa15dff9f6b91ee2fb0f1ef508
1bfa1f0ef40e081808ef16f5fc380543e20f0812eddecfd4fe110d1dd2c30ad3
02162717c1cdd2f21002f6ed01fdebee051e0005c0fdf316ff00e4efd019d8dd
f712edcb33fae4f9ed202700cbe5d60ce90411f425cfd11bdb05181afcd8f422
0f0741fe28c5190e0c23f3e1fc1425001609d1f0d0f30d13fdc7ed26092e1c09
e4dc3111f8330f02f3f40dfaf8fbeef6d907fde805fed611012bfad9f6d50f0f
210de3f9d7152105020be2079c0e1e261401f9ed17c7e60f1a0bcb1fedefebe1
0f05fd2608b90d1dfbecfff81c220014ece51b23c2fb21f7d51615eb0ff91027
e00414d0062ded28eb11e1ee1602e2d713dd2b10020416f8f5eef8230cfaeb00
1cfb0ceff913270af6bbe00e06e3f63f04172c22e42c27f11c26dd1bf4182b1e
13f40b24d524df022a03c0f9192d12fa0e05ef01e0fff91705face0f1d1b1930
f6f7c80b28e9ee1030e125281c18dff921ff0401ddcfd31be13302ddfe25f520
f8fa330c1c08f4ecf3e22500fe0d18f3f00af712291004e91b24e6e030d73417
0805e7e40feaf9ecfff001fb07e0f1120423092b1ce10722e6ece2e703d71212
05241ffed5fcfdef1621f60e09ef27f022d8eb0f06d331fb15d6f9ea0f1ff70d
21f61df9d61bdae0ec01e0fbf1023ae1dc0ef1dedeeb0e1b122b17d5072f2705
0d244b360bd2e6eaf2e137ea1d090c210ffa0a1a000d1a04eaf108002034c105
e2efe90f12fced411a4026d60837330df0f415042bfdf3f11e16002f0135d0f6
0dea03f7eac7e405dcf00531fbb305142f05d925f20be93303ec2b161430f917
22e825eb43f1f6fb1ef42adc45f8f5e0bc06d7fee91c0d1e06d319c52c28ede0
d80a03eb25d4cb1523160312e5e8e62222fc2c06321c1c0408001301e10afde2
dec42b0ceef11adbfb0818e1e1031cd2d4f8ee102da8112d0a29c63e0afb0dfc
00d1f8d5e4f023dd07c2e1e502c0f8f7e5fed80fe6fb1ee30213fec2e82becd3
12de11e4e8ec360c1df5d0102249d403182403fd06bb1df6dac0f72215fad8af
1c3d16cfecf913ecfe3205dad8eee3d6c4f722273c11070b0411100d34ff11da
0ffc24db15fe131011061ee6011718d2fd060fdff26c5623eede170a19d81f29
04fa01f4ec181c3c0012e40f20d80911dfee2d0a14fbddfa1c3e23edef0a19fc
290cf41331e707f1f8f8fc18531bf1e42c070d0d2e281e0814f90f0ad500fedb
0910b60701ae0fedf8d00919f51be7e3021527f8fcd6edc0ed14fadf04f0d0fc
fedd0800170f0dcf1d33ccf008dbdad61a23e519040503dbfb37e72ffb2400f0
10eaee10ed1bf8d72a4ffa17ec020d5ed2fe0fed16e0dcc507e7f8cc10f21edc
a5f3d31706d7e7d3eb05201fd83d0cc7e82c00e126ff08300906110df6230c15
fd0d29dced02fe190fff01fbe0fee1f1eae131003b01f12fead203ca0ac90ef0
3aec172138fe080bfe1719fcfef0f41126eb18e519250213042f210330170d13
1f04ed13b6f6f0fd1be8e230410307f3cf1e18dfe4a309dfc4fa0fda1102e303
26dc0ad30834f2ff0c210aeeeeb2e1f7192a030d08ffef07322917e613f6f808
f9080bff19f80500e6cf14ff1df20532f4e5e70207e6e6ddf03032f2c73328ee
f2ecef09db0be126ecdf07d9dd1112e6f3fbdb211afbd1eaf9e5043414fe2201
20ee19301119fadfce060e0d08c9b5f108eafc0c0e11dbe1f1d2d9e300f711fd
22e4fd0a181301312df01adeb22cc6f022c5f6100cf90b0e01fbf0fc16123016
e81d1deee401f3fdee070724dce10d15f0e6fcf91809f217060215d0e4ff28d0
2ae6d51dca2ef70f2bffd21908b9da17d40319e42ae616f5e712faf2e6041b0a
e6f5c634f5090936e3f1f519fb27e9a0e91e1b1a35ff3cc533fded030e4a0af8
02f806f2e425f617fe4ef02a09fb2ef7ec1bee14050a01d50434f7fcebf0be08
0bfcfeeb08270c0beefe0920140ffef1c5bee9fce6f420e80efce6dddec208f5
161f5e171f26ebcad91d1710e2ea07480108ed0714222715c70ef2fe02fa160a
011bec16fd142020dc0016fc42f2f417fff3cd0118ead215d2f8f6e4f23c0df4
01071a091115091216f4d6d22822fd2f0d95190d14c4fe0c0de80af609084921
12e2f7fbfc162d110c0b0ff9120bfefd17e5eac930f8c0d3da291df0450e0cf1
42fddb03291918f73006deeff42e0eecffcee0dcf1e9f9ebfb1c01ee15efe50a
08040307cad627f1d9a90dfdf1f7fe03f40bddff1c2d3943113622e2fd0ad224
dbf9fd551512f8f9d9142133fae50bf60d2c09f6214ef8f710ee16ef11d61232
0a0ff8e017ede701182fe009151dee2e58f613ce1a3719f0fd0118f51616f01e
150713da06c6eafae8d4e6d8d8da3a191dd30610fcdd2700fb22e6f1fd17dcf3
f91df3f7d1e3f7d90f0e3818def8ecd712fbeee3d40c19faf71727fe08c60315
39172025094b0201eefd0b19130dff01f802ed0902df22f306fc061726d0fde2
13ed0319e6e3c3f4170612fdf8e20a04f9c7c1efe3b3090bda0023f4f1f809ea
1a183e2febfd102ef6ede7fe1104101722f9fbf7194ef203f51f252c032a16f3
000846fa1e2118f4fd2aece0edfa32e5db11ec05e9ff10ef080bf922e53325e8
fa041739d423fcdff9db0e04ffe51c101a19f7d7fd09f0e1e9200920f9dfecf3
edcdfbeb103b1a021ddffff906030aef03c00bf1f8fcc40b2becd6e306e2f8ee
ef033120e6f6e00ad7e1140b2931061a05002423f40c27251f20e42d030cfa2d
ff0331ec26c630fafafc0fc339e8fbf8f2f4e3dd25fbeb06d4fa0132ee03f9fc
dee9e9e10921ead72921eef614ff12d60f05000fed141d2906212541ef471021
fcd529e0fdfb13fad1f51722db1b0105d213fed90b07f4bcf00eeb1bf0f9fe0d
d7ee14091fedf4e80aef180fff22470fdf17ee050efdb8efff00f0e9122ecc09
16d9f0de00fa04070711ddea20e3e7fde4111b1907f9230d05e7ed0fff1be6ff
dffff1fb0efff3e4f631011ff00aeaf1030d0e0c131309eafab2ef17e4fe261e
e8e90af6120a040b2227dd1b251e24f90823fa033fb42bf9fade0824f4d52e55
081e0f091ad8fd361516d9000b1007fac4fb0304dbfaedc2f0ecfef4272ce9ec
bf0fe8cef4f3d2e8d800dedbee1618e7ff08ccebece90213071235192e1b010b
e00e0edff5da3108d2e4021a12e60ae2e02debf4fa15efc4e6fd09e8321910b9
0af6ee22e9f40a200122f7c6f40de1e40014100f15fed1c4fadd0d0aeb16f6f1
d9ecef29e7e30dcc1ae2dd18f5082ad2f2f62a15e91c074c0bf9d3f1e70a11ea
eb102e242e24e427e6f30bea17e412ef2c3212fe2100d91b0ed8e303e103faca
ee1a22ea0e1be61ee9e8f3ed16dcf21fd31efc0f0038defabe1ff8140f40f141
f8422b1d0e0a02061ae60ee7231b0a330ab306f70f0efaea120c2204ae0eda06
06daf6ecdba5b007f6ed1700ebfc0dfbf90bff3e1b212a20e8db1608faf2eb0a
15110d1faff821f81fed25f61c1109ec03d700f7f6cc0417e1e8da35fe1fefda
08fd2bf0bbac0c12f9d42519ff1f031a15f308d705090b061c072e33f5eb0e12
081f32fcf54410feec250a1f14fb36e1f23609d00413eb0df5edf120251f031a
35f908df01d6db0709f7f7f8212409f70f062efe00e1180905fdd7dafff3cf0d
eb2f2c19e809ebe614f80718ee00df03320be22c14184300f024d8e21e07fcff
2f14de190737f2cb1514cb0915d624f31be2f203eae219fdfb3929131b1dd107
eacf1b151c16f8e907d828f3f9e4012aedf2ed04ed59f12302120a2ad71aea09
f726ef1bf3f1191af4fd0709142b04f1292ee71409f62affe5e316e3ffeef71e
dcf624f0ece6061beef111fe06d2cccb070505f00aeb0adaf9f305f8d40bf4ca
f80fe0c232d9ec0cfa21fed901f2c92f28fe10dd0d0bc70ee2eec213fed6faf0
d4e4e2e40911d9e8f80821ed08c923ee17ec06cf2f2aef1d42fbfe0422ff10ca
26edd7feef2f031e113c2d01e1e4d806ed35280d2e05241330fa05091dcc11fa
021301e9faf8f5df3c071404f6f9e20003060d1b05e10ed8f9f9f306def31214
1af6ec0b2119fd19ee20e7fb07f5f714ebebf4fa1c13f411e2df3ee6f302ea16
16d0f32436ce0012f1ddcbc8cf10f1ecf5ebc01decdd0ddbd8f2070d1edefbf7
e00afefae3ea221a06f9e1152107cddc0b1402303d00f8e5d31202e901edf41f
e00df1eaeee40d24d505d72bfc340419e7e33316ccf6d9e21df4e0f0f9e300fd
ea2908f7e68338e10e0702d3f12235f745220808d22df9f0d7f2ec24fb0df204
1125f40f2c1d0b102b141bf112c20022e513e8d6e81a093315fc15ce01fb0bc2
2cf4fdf42d180411f01f10e50e10efd6ed0a0b0af9f81a03f7e9de220efefcfe
0a1705f71609e90225e914c1f60e0fe200131222ebecea0509070817e203fb14
fe2bf6e804ee35f3ea37f02fea001a0cf7bb1eedfe2704ebff02e430f7fcfa22
01e0dff0dc2f05f0fdf401e5f2e200fa05d1ef4ce304fb00e406e8f4f4230709
26e7f0f1e6fb3be5f7e70211d9f6f5e329080425d8cef2e8f2ffee08120efe27
311bc70aeb2f0af209d83c1bf526cf10e0f81de3ff141ec61ad504e719e51616
230a1412d9e72800f9e50a10d9e7cc28ec0de6dfedbe2adaf40ad6ecf7dd1de8
1df9dbee20f7f6060808ee28bae50be1160122feec36fd092bf0e50af91fdde0
ad2304e8dee2321ee4bd1af7f1f01fd8ead3df1d2714e737f4f3edfe12fdfdc9
23e9e5d7e0e7ed30f3fbe8fedc0df8fc07e9f20c0dfc01f007ea1c24fcf6ff24
fc082cef0722ee05eefb2de51c12cff2f1f3e01fd91afedad300f72422eaf9e3
ab1aac041710ed0afd4515df0b0500d501030f0d19e706c709040211000dfed0
e9151033ec04f9d7e81af91416fbfdf206f3e72efe141f46f4262eeff912c3f8
0b24101be340124f3dfbe1f0f20711f7ebef0bef11e2e51715fb2feefdf0ff16
0d122a1b2ad506df06f8fc1de4d40cf1ecd93d0af0fbe02122ec12ff2d39f516
080d0321eccef046e6380adadd1bfa273ade0be2ddf2ee16f84aed1311e9e305
eaf70c0608eb12b929d4ee0df30f32fe5cf01eec3adbc8cbc920e540f909241e
1fd4e9e910dae3e41ed73809df11cb12da0cf5ff0af2eceefcf41bff261b2304
03f50ffc09e2e0e1c8210c26d8f4eff4231c160b3b2fcbeb07e613102707e808
effa02ff18fdf4dfebf7fdddb709ecf413333801f9f6fb40fa4201e3fb01063e
0004fb0e4128e10f3f2800e8dbe7f4f7f817ea0029e319d7e50b0c072d0df5ea
2c21e50fc605043c130017e4c9f0030f053d180de5c8cf06e510fef8fffc2ee5
19e809ebfc0ae31826280cdbf2041ded232b0b28faf04cef07d2eae23428eef7
ca06dff8d90701eb261c01ddf7010cfc17113918e4f9db02ce0abef10119110d
f9e1fcec0914010a1334effa07db04f1f70f093ff3fde9e9020e01271c3c1124
20fd0df003201722d2f21bc603ec2eeed02bfd291e0c12edfc0201e0f5e3dc23
26e4db1001d4ef0cf5011ad5d5f2f9d3d9e9c824f60bf8d717eb0be8c4f6bea8
e300ea00110be8ea08ec08ec2304e3d8ebdff80ef31b0f01c6bd1d08d8f10ef9
eff8e925f1f210c41604e11c251018122419f206f34d0f07d6e4310c10e51122
f3fc1ee402b51e18a7d3dbbfede9f21f090901e50309e60af02400eecfd8de11
0ff8f01cf3eb0e0f1bf63007eddd01f607b0f4e3fd090a3004d7000cfefef806
021ffadbe626093d1dd0f1283fdebe11f030ccf1f5f900c557f9fbe91f1d0a2e
0f0b34dc02f741f1de2e111a18f90aff39e5eceee6e2e6ecab0ee10ce7dfe906
e3f018c9b8f40207fefef8fdfe1219def9dd17e4d9fc0ebe0e39eef5d3f9e1d4
e3f607060cff0816f80b08ebf3f6e9d8ed2cf2f32bf816c307d7e5cee7303903
0123fefe09041e112415fb0c2d1b3017f1f2d61201fd1b0313f62a0ffbe91d20
1ef0090d06fcd9dcdee412eefc11e110e2e7eb100113fbd7ff09f900d5e10001
b42be90016d404e6e4fb0e15fdff0dd709ff25ea0e0942eb0626e0fe28eb0535
bff1010afce1f7fd13f6ed2be30ce0e601facae1e2dcffcdeb1cb109fae9fbed
280322f415edf6eef507fd1fe70e1bfde8ffdb0f052b13edc8e1cb0afc040307
13eeb8000706e8de23df01d3decde7d20ce5261c10311208d70416364915e347
19e9ab0b19fc022e15e020191300f0b2161ff8fb23261edefa0e371ef437f915
01d2f8f6f7f22d042df5e0f81ef5f3f1d0d503c30ff10313fc09b30ff41aff04
0d0409111019000e0d20030c1d1a05f723e61ef4283cf7eafbf60cfc15ddf120
ecf20af90125f7ef1fe4d90f23f2dd1b231effee1b070f30d82cdde3f2e6e9ff
2a17f2f1e32315490520f125cfedd41c11e900f70502fc24fdfeea0b0dedf2f9
0ef91f0de81b27212630dafcf91120fc0502f0ea15e7fe28150427dbec0edc2e
03f71fe9dd05c5bd0afae90ce5f4ff1c180ef3f7ecfc043d0912e10c0af60824
ef2b083a17171dff1ae00b2316351032e8fffa260d1d31f30bf7fef702010af0
31eee4e01825eb14ebebf0f60dcfe300f61202ed01d2eae10ce12019faea1007
0ef6dc14fde31239fe0c3708fa0a31be0dfad5fc160412fb0cd02704d606f30d
f5ef13f5ef1802c5f0efcdd61cf21cfe001cf7d7eb21da0d1d0ade0df92cfc29
10a70228f8d40efd1fbffe173e07fcd0e0f5d015e2e3fef4f2dde703fe110e1c
f029d9ebf6e2fdf41de000eff9c4eec1bdff0c02f00221f10deb11e4bfed10fb
deee0b2ff702d1daaafef9fa450300f6e6fbffeb35f4e2fc11fce5f3f7c3f011
bc21cb100aef161516e8f1f5dd02e4d4120f030224292108f2d7211b0e42f316
ea0a1212100df6233c0cf6fc1442111b07fec924d4d4131f110136f8e9fd4112
ea030709c2ea040518e206fc30fc012533e306f431fff313ff1c0407db22f02a
fc0f0728fd1318fc040f011000111305cc2bf90d1c100d1c0de6031822e5020f
eee1bb2de4feee28ff2df4f703ede208f7272dffe21115f4030ffbece7e612f4
20f135f2f8fdfb290ae425e80616f2df04e92731050b3cf813bf1cda21fcf6fe
0b161ae23de6f30d06f716030810d3fa1541d627eeec15f4efdff111d402d3eb
1309f90606181be6bf1defecebd3fe2b364307192adfe208eb0be82aef04d902
061e2e0cdb0a2013f71330163025f8e5c3d506ec010ef3f6f5f709f81800affa
3506faddd9dee9ff1420f0e429f7241b1c02f71003ec1611fc13060bd228f109
fb00e6ece50ad2dfdad9ded22afaf2fb07f006feeffc1be2fe1117e0201bfdcc
e5120249050ff9e2fbedfe0aeacd4de3bb07161b28e9e2e334ed02f3301e22f0
dfdd27de110f04e5c3ee0e00440efaf600d1e9e1ff45ecee10251cfaee0310e1
fbd7181b12effbf314150609cf0001d926e4f11dfceae1151cf409f909fa0219
0d401a28e620dadd1f28eafa0c161bfefbdedf03db002901f0d3e61e2ed809d0
0d2937fef427d9f428c9caee1e1229d9e00621f81015f705e4111bff05e9f14d
fef807ddfa4f1617df120fe9fef504270511ededc03be041f924e7efda2003e6
f50d271cf512131ab0eb03f7ebf62f1cf9f52d0e1a05e805d71b21e0110ffead
d7fffd382b06133b14200728f30eea2db407fd1ee4d915dcc8f32ff3cde728ff
0f2b0f021de3ef01f3f9221a15f5f95507fac90a1fc4f5d918f00e00e5da2218
f51f12f71304dc171832e2e1c3f0f1d509f6e8dde21f0bf3e3f9052ef402011a
27f118dd010d2112f808f10aea0c0718e80cf7d5fa15e239fa03f5db2d0bcbd7
0f0a20291a3adadd1605eb0d020e04eb0f0ef1d609eae5ede702043c110debe2
e6ea344c09e6f6fafb1913e561f6f708f82404e5fa1806fff8eefcc53430c322
04fbe1112e1e10ec22f4e3f716f11135fb26f4fc050fe6cc17da060d18efe800
1f18030ae901e4242d292626f60407d10cf216c5fffafef5d609091df7f5edee
f301c3d7f0f8fa3b0907e80ab9f7a41b04df0ff3fefb3bff100419e733063928
fc0bf3e41d0eef0c15f0ea2110fbe80ee6e7f43b0ded041e04001ce6c4d001f8
0ee2fdc9f0e70b0411f3bff3171adf03e4022f36f819fd10befee7f5f4fd1024
1df10de912251bf21a290afa0ce2061bb9b9c2f61949cbf4f8f3051bfb1f03ec
1517f4daf70312f3ace800e4f440f3dc10ccd2ff1908df052f02eee50fdab7c6
1418f843fef9301b03f3e0ec0d421de6dff6f0e60c00f405f30fd2a81d01f4ec
e7eefd23ebe406c2f3f20ba1fad4f0fced011d190a2711111504f8f7fa09e816
1d2a0df4152d36fd0114f32015df2fdb10f9150603f900182204f2f32c170418
03000e4216000c1317aff2f720fceb0d19ed0cdaf6dbf730f8071000deebf322
002643ebd1fb15e600e7dad0f6f8d00d1cf704e5c83025d1d9d1f10f1eece6d6
09f22102e42dbcd3dc2909190a17fc151f02070fe2b1fed81e070ed703280819
df01fd1718e21745c6ff19250f1019f0ea1d1cd5e842d609dc12f32708f4f5fe
08d5d4dce30ff7131930e62ae70cf2f7ec1f0723c91ae726eef43728ebfb04d4
e1f10922ee0521ef270bddfdf207c720084918b30bcdf2f1e90607cdfe1117ef
fbf9ef192727031bde281c21061110b236c4f5f62d1eab06ee0e0b29d41cfa15
42f51126101b0f26f431ec05fd201727de250e2c050ddc0dc42eccf7c8f3fa18
b6e3ce1f09e7f6cc22e8e40cebcdf516e8e517fe0cd3fa2803f2eea421fdbc1c
e6d8f7f4f7d1d926152b0f300613ffbc02f7f5e8441014ec17f2ed0011ddeb04
35f5d64e440de6fc1717e5fc02e4062c002805efe6e70126d4d904eed9eaeeea
2feffcfce115e8fce503050c2c16f40411e6cfe419c4aa2a0ae2e3edd6ded4cc
0d1bfdd9ed00f3e425f1070fcd12a9df2423192b1323f2f0eacf12ecf4f1e120
d5d515ffe6fe2ffbea0f23ce24f010f7143a12060128231619efcc38d70708e7
f2e2d1f73414b6412410e20d0ae4d0f31ed4fdfbbb050ddffbd708050925f0fb
e913e1ea1cf50ecce9eff635f92efbdd06bcd60e13d7ff183be81de51c0e2a09
eee5e0d8cdd8e7bd0a0710240b14f9e2dd19feff1afd11eb06f9f615e8f4f1db
14cc152814b6f60d0c03e539f003121d11f8bffcfec9e2fd381a081e1c461905
fbfdf6ea1dfd05f80c1efb0614fde710e10af4171914c9e7eb1909e2dffcdb2e
ea1c0bda0910ede3e7c0f3d9a9f6da1702f40817191cd4f80e314314e1d21df6
e01a152b0df3f2080d0ae8ecfec0fddc1ee709de1429fb02e6ebe1e8f7f91bf4
fb3df0d216eaebec03e8e7cd1ad9ecf2220ecad1e5e134fee6fadde1f30e141f
ff170e01f01529cfdc15162d0af632fc0deace13040e2c0908e825f5e4202318
1bfdf5fd27ef2ae133f3ff082f264742021a1124010de71320f131ee12f35ae8
d505df0cf8ff122e0204331916193225d10619eb202b17da341043052b03d406
efdb1c00e0e0040dd929120cdace1c190131f8edeafa23f9e909e1bdc50af8fd
da15f0e706eec1d1d90c22ea3013fa132ffff343f1020bfb0c17120ff411e93c
121bddf6cef420151222efe11702f6e0060bf12004161d05e4d7fef805d5fd36
f734dae7f3030fe5ddc0f8ecd207f2f6df08130824daeec7c7eaf1f6c5f107d8
06ffe5ddd80625d3de3de8d4eae028cbcb062d0a0bce1518eaebfa07f7201013
ebf4dfc401e2e308f1d50415ff172bf5053b17fce7cffa17e1295b2b21e62c01
01cae506e9e60bfe07fde014e71b0a0c0cedf8e22b201d0f0ad206f609072ef4
f2f83f46fcdf2b250122fc0f030e1309e8e6bada0103230f2bede8e615e5def7
042cf233de391b2e1f11322c1cfb73fd2610eb0b0c1c1415f01701050e09e6f2
00da09ff17ee3729d406fa110bf000cadb09041f1ae8fbec1a0608bd1202fd01
bb41e1f5fafcdbf8e538fee3fd1716fde32a42e3ef1c2301f01eff0b0bf8e8f0
070048af2808e9db522d0cf2ec4e041402e30f1a1cf8d8e3ea010b1cf7f20e0c
0e140d3dcbd71229f0070cd220f006040ee5ea310203060a0bd71715051ce7dd
03ee0e5b08ede82cffe0fb3c15f818f521e90cf8ed1312fceed618e1042929c9
05fc0f37e1fd35d3f9f5e81fd1071534250ee7e1fef71f06310afe1711080000
d0120c2de611e10dd604bd1023e90ffe03ea2913e9eff1f711240ccffd132816
153b12e106f20a1d22d211e9e903e211422319efedd62aebf1ce3b460bf83400
d8c531f911d5e11adc1b0b1fcd16cee50927f01b1b3e1de9c40afff8f2f432f9
270be8242412041128f1fefcfde3fedd12083efb291b2316b52507e50edf6c03
07cffdfcecf7fb0dfbe5f4fb1614060be9ccfcfbea15f72f10043deb0bede2ee
f8e6f0d20a144400d5d531e91310e8fb2aefd8fcf308fd1a13bed41e1531d839
fbdf20e60b073a12340eeffee8fa02f8f5e609ff031c0b002506adee11ef0920
dc03e5e8f5ec1425f4e117150edcea2019f3130cf1e3c12aecfb0f111ed9faf6
02102205f9fcd8d4fde8200d3df6d807122122174cf9fee00bf5c42bc91afd2b
c1440bf2ef16ecff050827fef3ebd1e703ac07f1dd0027baf0fdfaf2dde21ef2
44eee3d51dd80deef50f12c4fb10f3e010efe9b9dee923b6e532f015d7f20102
0b1de7fb1c04e6144812240dfefd21ed09f018ecf707fef331224bd6da4800ea
02250c0d2712f730fe0a050c2a2841f22aed1529e52c22dd0c2e08e5fb052927
4b12230df93d2931e7002bf735e6f1f020f6f6fa3ef4c91cbc2aff14f8083626
1939fb110721df2e1af5ef30d9191eeaf0113611ffdcefeadbef1e1605efe4cb
0effdafa05da14d1e6ed1b200aed061ef5e8080222ede411da130215ed07fa0f
f3dfe027e341f414eaefb92fdf0032e9e71016f70e0909ec32b405c435c302ef
05fe14f8120b48cf0a23e5d3191901c8191b3d11db01fd2b03d40c1527fcfd33
0017ebf0ce09e6e61cd7dee8210de90df8241ded101c3324f1d33edae6142910
10f7fff3d9f9edfdd500e4080f043dfcddc80af9080e15acfc00bfe307c21acc
0116f0e2fb1bfb071afcd9d8150d21e1e6fcc5e4f90fede4f1f9e3ffd9f0fd25
2705150e0f0812f6232af8d729cd2315ecf2fbf2220d2cfde01615cc2606f64a
270d2618f606ebe91df3f2fa0bd7d20ec8d2fe012527f5db03faf0220d09050b
e6f6f9e5edf410ff0806ee21e000d5defa0716070d110202f107f41914450313
f41219111834f10d06fc2b1b0f01cf241900f522da2b5c1401e9f3e1ea39252e
e305c9d0051332c4e5d619f4171c1417110903e8fa0ed7071c0cf7fed8fb1df2
140bfdddeceeeafd02f51de5f2d31fce01e3fd08f3ef091b26fb2708130ddc0c
04f7f70c14021cfffe1150e1280cfa25131b101a231346e3f8f20366133608f5
e2f324edfdf1f1eaf1f9ea1d080e2505e60201e41e15ab1f1af8ee00f92604f8
2a0025280d0ad9eeca05ff1f02f5f8e8f2f71506e6f3e908011818e60ce7f1e7
dc01fd03ef0e141ad803f762052cfd0dfa0320d210e4d7f60ace000cfb0ceaf9
030113f204110e2012221ef8e6f9fd26e0f4ff1020f41501e0d729f32001d220
d617f0d7c5f227bf03ead3d2d2f80dd813190ddc3f0115fb121aeac934f5c4bb
142c1815ef0a07fd13000aebf02013fc0d28f702f5f7fffe01d106feedf4d5fa
43e91ee1fed6e419f6fa0cf8ee0914f4ef150bfa132005ed0df0fdcc010b131b
033124c133ed5b01192910c710fc00d612010dd3f1201102f003f1f4efdeeae8
0ee40ecae8b11e0bd7f5e4d418ce07cafa2a17040af04cfa1c1addf527061603
ef04d8f5ea09c0b1eddd2019d0ecea1f1af41a1c15e509f5180123f4f1170b0e
d826ef10f100cede07e5e4000e15e3ce15062021e6022232da20ecda09020414
0be6ebd4e9ec20fd0702110edafef2f0eb0a042d1c3224e518f208d50de63a18
cbfbceed09f0dde9e635ffe0afd013cd0311cbea21142be7e2e207150504ebf7
eb1303d7e9e819fb11f7d12833232ffe18d0061d0f0c1c0f130cf51deffc1006
0aeeee1af5f3e70d0424faf5fe080f1826eb21d0fbd312fc0e1fda16f41605f8
0cee04fad40df003eafd032cf11a2115e90b05ef1211f0400921d5031915ef0b
edfaf412edce04e6210a58e726d709e412362e0a00071023f9fe0d241506dce1
f31c29df03010ec8212be8f8011a17f4edc6ece305e709e1ff2528fcf411ebf9
d016ecffecf73115340c2ef5e11d100a1410cdf2e7e4e200f6e318fb0bef0b14
232233ece5e214122e09f729081dff00240a0314e101121ee9d80f00d2fddff1
b8ec00fd3bfc01efdb1a0a153320141af5dbe1fc3a0af706dae3f02cfb08f745
1e100c11d00429dbfff5151830e50114eff51700171cec17090c15fe1207061f
d7dd0beff6e7cee2d611e0e435fce206eafde602291819e1ecf8ee04f51cdd06
21060405e2dddefa22040029f2f7edf6f11efb08ebdd22ddffbd081221f2ee07
e9fc05f4fe1714e7050b0f0e13ec0215dcd30045f6eec5f7ca2aeb05d70bf10a
0e170401e431f726dbeb02edfdf1241d04f9fffb09c0e2df16edead7d01c00df
ddfa0222f4e0d31ae60af4e1dedbe213f92a1110db0f0bc0172a16420cec10fd
fddd09fe0ee0e62b0c0335ea16f50420f0f902fa38e4223402e12f5108311710
fff5faf6dbf5f33b1921fa26f71527f0f9f31d071108df11df270add13e105e1
faf9fbfee9fd33f7e2180441f308302715e7081dfa04241206fd27ec11edfc0b
d2d6fbf724fdcf00f7c0fbd4d5e3fcf92401e60b07e0e2e0de0905bcf2fe1924
27e417e918f3c3012105110ae2d90bc3df0408013d08df3e17fb0a44f6cd0205
4107fb1dede3ccf6e6f0fa0111fe14df00eefc02d115ed11f5ff18e2d0e1d714
f52fe208f0f1f3e2edffd20917e7f4ffc728e4fe09f73510fffe2408f9f0f61c
ff3cf909eb1c1c131df70c0945d419edcdb7f92b0c0dd9fa172af9d1d4f209e0
fec31a000ce430e70d13f232ff091c072a05f008f60ef82ff1fc1ee6ff051f07
0b490e10f2f0fbd9250e10fad5e7eb102ef50100dfeb06081b040dffea1bcab7
1120f8db011f32130310f6e11a09f94bfff4062a2ff9efca1ee6f6ef1a16d50b
03fccde01bffc51acf230be9162c1ffd0bf90b1dfe0d231911db0003100cefed
28001d20f1d4020aec21d8e4ea22e4ee1412eae6ea02dcdf19e9e32e0fe4d2e9
fb0e4027f90d0d2aed0a05cf0ed91621ebc1e00df6e1d8fa06f91605af0935dc
2af205dfe9a639ec26fefdffcb1efcfffb11be03e9ed20f9dee2a5fff814fcd8
0aeae4e212e910fe27e92d1f46ece8d50018eaec0febf8e824fbf816c9fae40d
0de825f4cc0ede1a15da130bd7011d19e810d5fd010bbedde8ead80bcddfb3bd
2606e801e8091af80ff2c7e1e2171c06fee61ae6271e140427e7182ff4e4be29
1336e7064f06fd2a3418fb1d1b23e92100ca1bf70df10a2914d50c0533e2f0d7
fa03d700e00d27f30cf6d5df12e9f81403f501fc0204ee0ef901dc0216f01506
1b02280805dc151acb3329dc1334d2f0cd0201f9ee2c4aeaee0fccf018b20bda
f8e72dff260d14f31bcb37fc02150e3c22e7da1de209c103e6e1f30a001839ed
0af1f1e9e8f4f1f520fd53f32706d609300305431ff2181714211d07f401fd68
01f646021b132e000efce0351a011a0721edf0f5dcdbeff40ff2d6e5e3fde513
2d11001e01390013edfa1aed2e1ff61102fa0dccfc200ce3f9dc0c18e910a63e
eae8ea020ae5fbd9fb04e4f70afc214116004c210adb38f6f9eeecf1d01cee4b
27f6c5fa0721190a0af4e0ee1ae6f71613e91ce91521023e1c120224180e1112
faf2e0f8dd070cf7f5f50219e80b10e73109e2d92c0aea02ebeb050a24f70735
f91510e217ed1e1a17e801d9e40cc502cdfeede8dfe9c104f3e70ff4eeec17d1
06e40f141a1005f634fd2215dbf903ea0d19071309d903f1180fe90bda03b9f9
09152029dcf82722092105fc072d2af94a04f9e816331ee310d111e7f718f8e4
0ce4d5f9eed80904ee1ef5188bc9e1f4f3e5fe040b050014ffeef9f5d7e706c7
0ffc06021f0320ff090cf8e201e2da101a11f012f3cde01ff3e5e0fe3328f2e8
fd10fb001112d4e6f6080de5e928d445180f1738e51c3812c81f422c6302df02
e3e4b6e4b303fe1f1f0b0e0000e304e71e3806fbf2b6ff0eeb14fb15ebe4fd2f
e92a1c04e3e8d6050e01d1fd23e9dab9f3df0425f3ccff08ff2f0202e9e50bd7
27f11315e6062019f3ee0ef01e00fdfd05e5f3ea4007d5f6f011f208c0e3f520
e2e31ffff9aef70a19f3f0001afff23cfb20f6e6e4e90c30fff0e500092afb06
0e0bf3db13e8fa24f2270e05010fea15f60df9fe0c5819f82115f30324170fee
ded6dced080f34da0a082d28f3e73cf716e907e11402e2dd11d2eb12d0fc11ce
fbf9251126f61921f324f625f4e110e9f607f5d2f9e203f6d0f4fdf8f1fef4d6
05e209c0fe1726fbe70ef51deaf7051d1ade1a1438060b00d4ee27eb0403ef00
fafcdf2ae715cd11bf04fae2fdf622d51cfedf2c1207cc1f00de120417fd0601
05f6d40405e10336fb1cf8f2d304fdeff60117fd0ee5051ff1ffd4db36e10f12
26ef02c10d0706fc1811f90209231af3f2cc04d9e414f4e21808242c070113fe
f11dfcdd0af3cf0711e40ddfece01408182727fa440df4120cfbfefa020c013f
f0000307100ff6cee1ffc3e111cbad01f82b12d806deec02f3f311fde8e1f0c3
dfe21612fb0e09e9ebfdff09ddfff2081219e90cfe14ac08eb1d0a3ad431f5f2
03f7e4ecfee414050fd9050bfafcfab602153df3ee0e39cdee1d280e1df30133
e1edde12d404fe0209fe37c6f509edf7031b2517de0d16fe04fa010b35424a1f
2337d2091d01da0508fee1f3f7ee0748120af5efbbf402eeff22d5f11d0df4b9
ecedeceef1ecf5f352f904221cefe0e23eefabe1fc26f4de2018f6ddcff6182c
f106fb12ffe1c32919f7f10cfcd1f9fcecf3170d1b1b2e232e1202dc25fc21e7
e009e7f9e905f7da1ee502f70217200ae714e8f91a22ff0deebc01d9cd24e11d
cdfe1d1a08090cef1afa080559d6e8f6ff0bf1ecf0f00f11f8f7fdf30ce42cf8
c9e8fe19bf17ea0001e0152623090ac2f5f4254ae8261e2718261000ebf0111e
cdde09224c120721f125e9240917fff206021e281b0cfdee431bfb022e10430f
f0fce9fc07f7d107e110e90bfde70ff40dea07e7e51636db0203f2e6d5ee0adb
f3f90ceb06fe196805f5071ffcd3edfe0925fceb08bcf8d416b01adc20f8d82c
f9da1c0d1afa03cdd119f1f21e1cbdff0908f935e735e316e0dc0fd2fe1a110c
e225180ffa0e080504f8f7e8e7cc41d52b143eeae80a50f52af7fff6c200eff9
f72302fb0205dce90313e605f40d23f4d5e2d70a000ceddacc0405b418d02b03
12f6100c29ea070dfe043af705e6b51302e51beade16cf08fff81815fefb0dff
f903fff1fb12f3e10df509fbd4f42bf106f6e4001c0add1d4acd0e2ff8efd3d3
f1fbf50c05f10de5cae6fae82218db1aed17d1eb2f0602123808070407162f4c
dee2f81324121afbfe00eaf323eb2323f905fff9e8d5effe1605dfe1eef6f00b
09e201e0efeaff01ee070c1e0fee2404d6d0f91e47fff60315ec0102fcfffe38
322eecf407fbf7ecdefef10e0abe10f9e0dee406faee05f0f8172dee3dff2419
1dd7d9d1fa14cfdbf802261af2efffd90b3301043a0e01f00a0fea10ea2c102e
1e4319ecd1fc2cdebfe207eefefffe02ec1af5010ae5f2050d0a111e071ceafc
0611322fd510fd12dc30e5ffeb1900ee011e02fc2e1fed11cf292115e53a0a0c
00d42dfb18fc241de5f205243b19e21014fb1220f505e2ceb724b80d0006cc1a
0001ff56defbda150f110a25fe0f1dd7f00ed5220c02f7200af9e61517120813
db0b1202ff3dcad8fdf00326041cf7c8c5f7d20819d70717390104b7f8f200ca
14062524000ae13dfbfbf2e4ddfcf24d023315fbd80c1716d31018fdf61205f6
f6d419fd081af3fecb0215f5ffd100cb1bfde5fdbbfb23f2390adc14321ef00d
ffe816d303fb14ee000ded342f00fc2305f72ff420000d0309f7e6f2e613fab8
281e26f0f3cde9fef8091e3aeffd16e9daddff27fd05362bfa33fef6f9e701f0
f901e6f70feb02191c2e16fc42f1f0eef92bf630d50bd8e8e3fae707bdffcf30
dbe61a16e0ddf5132504dbe20209060be5e80ccd0bf6c9f1f1f00b04da28f31c
14cbe300fc1b0e1ef6f4ebf21429ff09f51ce8bf10edbde5cdd8e2d9eceff02c
0cf9dcfd06255c0d1007f4f9091a1beedaf5102038df14ff09ea16f311060222
0fd50a0a0414ebe9152c07fd24dcec44fdf1d327db1af2e4f40ff605da0fe5b3
ddf80702fc11feccdccfed190d09270bf414e90af0fcdcfb21f8080010a3e4bc
e00be1fff1f8f0e103173103da136009073141fe4539fc00022c37f9fe2a0715
2103f1f6e91f291a03fe1116e3202be403eaf3fc0cf53df2ecf1f81ed9fa150e
19eef520d92ce5f00d23fa02df0f08fe0de21219162702001aff1b1806f10522
fbf4041df90511220125ebceebe710060dfbeafe22372f30211a04f2f134fd08
00dafefb15490edd1623fd0acfeff1fbfcf80c041206eee03bf1e4110c11a6fc
0af00e1c19eef8eede0e06e1dad519f206ff2c0f3425ea20f20205fdf30442fc
ff19f0fa2318e3e8dafa1af0c9e90f4ff71dedcd2af21cf1fe08370904050013
10e9fa0be9ff23c6f8fa1617fff5e6faf700fc2a08202605112115031006281e
1fbceb1ef30800190fca23e3d017d3ee13f4e806c4a6f80014f5153330f4f4f2
fc32dcf0e80310eb053f2bdff10905d91f0209eaffdbd8f3e6ebf714f024e102
09e910141406020508023d1e030a071509a83a0cf9130402f3121ee903c527df
f0fd08e806f8c0f9e5ede103e4c6baf910e8ecfc1ef91605a6f4e4e6060b0afa
220a1005e920fdeb20e613effcd80bea12f20bf1d408280b0405e510e7efde1d
cbffc0fcfaff37dbeadcfaf4e9f7d823ef180e00f80af41e160524030de72907
0e08e3030403fc28fd1c01e614e9eeced0300fe8f70fd4f8df1bf005e7ebf0eb
2e222b03f1d6effeecefcebdf82e20ea13d4ecff03c0ebf6e6e7b0cfeef720f8
0d1b10fd0123141d18111d24164c27ed14451de8e8dc103215fdff05cb05fce9
19d200f71b12f2001ce7dafdeb06ebe2f9eaf005fa052af1cdd6d3d9cdff340e
01fb1d121e4e130e310122cf0cff05261111e526ff4fda15d315040b0eee0213
42f00dea33d0f3fb0ce6fd0904ff362be91beaeae403fde61334c1fbda0941de
0035010dea1c3617065fefdee72e2030ff0dfbf2f8ed0f1ff5dff6c6010feae2
111cd4e00830c2fe04b92ae3e8f4e334c5cfd70120fdd9e6ece72db80209f0cc
f1222d1507de07f9e0f7d9ced8f32a9ed727d10e082916ea0b0bc5e10eef1901
fd24020fe3320d08082512e106ea0230e6eb0f39f0fd0afb35f9f13429eff9ff
f5fe4f23330efef231faebdbee21df0bf7da01fd1ad9d5e621ee02e7f5ff02ca
08a4f718e9e7e6f4e903e1e5ffd311c619c9ef0e33f7d4f7111d16e01d36d810
fed1e428fa5001f7d939f1f209f6c529d124fdfaf1f60beeedea05f109ffffcd
d90d10b9e2f6dbe3fef4fc051d02e909e003e6ff04e4e0f7e6102ef1ec1ed7ff
10050ef12dfc110036e5f5f9d8122714fc21dafed526020f1af607f43534f8f5
ee211f0ff9dbe826f9f7da050de5fcf9f8e5342908e6ebfb0e0704170703f8f1
11d9ea0b1ccd080f0e0ceefe03e612efe72421242026ddfbcd00fbbf261505f8
232816151aecfb2d0e06eb08fe1203ec14d2c2d715023b12d6f92a1715ec260a
d9d81d01dced0ae7f5e9f8040316a90ad7e3111ed7da17dc10effbe21d2ed2e3
fce4da16fcdddb01f4f70826d8eef50805082be9f9fbff1ef500d8ee140f0be1
15fde114eb06d00febf606e2ede71326e3f4100ffd1006f7f806ff2005e4f10b
3028efdf23de1bd2f7fe07f21b23130101fc0706f4040c0bfe03f3031e1d1a2f
f4cb19161ce515fb2624f9cc1a0709ee454efd170209f5fa2eec17ff14070de2
f502fe0e12ec280fda12ed1beff5fd0f321fd41cebec1e45d8d6d6e202d5de12
dbd11dd622021408e436f22614101d2d36f811e6d3de0e0501e0132216f4eeea
28e2f327111c2af233f4ff20eb1518e918170af6f2fb0513f703cffa0a07c2ed
f2efccefc1f204e8dd13e8f1fecddae9e804f83500d72111dccc13f7f41cfeae
ed03f1e8eacddbef0812d41b03eff9de01e1f0f601c3d5f3e7dafcf928e508f6
38f900dfccbcf8ddc3f6060d0bf4bb36f328df170cfa11f122e520fcf41bec29
fe2ee8e5d6e5eb0ffde30d3815fcc70a0c24fcfd004ebc1213392910ec143b0e
0d1a2c0f213627f6e92afd1cfb04250df52afb0118e9fcfe0be7ec07f5dbffe6
e6111cf0f216dae9142c0424200c2931f4db1d09f72bca0303f12435fdd7e6fe
03e01106300554180d11e02d2afd134ae628fed8d51ae8241c1e03284a272715
dd400708d711ef2d22b80300eded20c4e0d2e1e32deef3f404080b09d3f7f2eb
031bffddea12e60fe006c8c8fa130d1bfcdcfa043650d1ddcaff1e32e700190b
f70a04f2e4e6f1f606ee05103db615ed1a08fe29f0f20adc0808fbef060505c8
0ce32ff7e3e1efc91e1316e601e9ebdadd1e1f210c34fa020cfe3510221f0a0c
ef0aff040dfd0acc252c08071e242012edd2fed9d8f7bc02001f4b3a09170229
dd1cf8f420014d0900f3dd1b0e29f0410b3f17fee10cf8d220080810fbf709ee
01e9260c200a26d6020d2b0cdc3dd501cbf210d4fc0af801e309dec2e7e8f103
0105d8ed1cfee0f707e6ecf0fc0920e214fef8f523240ff4d3eb1afce8f9ebf3
03ddd0f7f1d927062325240e3a08f435e71f07180fece526dafa06f52de41dfe
180df8eaaed9e104f4f10216fdeffbec2f0b0ee7ec1300f9eae1e34fdaea1307
0dd325082bf4e150fb1ce30110ff48182906fa06f90df836d8e61109fd190106
e7edf5fe1526ea081bea13fffa16fb0fdeed2d07db0809e72df9f60cdffafe04
21f4f40214010947e9ecf5fdea070ee410de030eef11e9061a0bf40febcd03de
2ae1242ede021a1214fbc528f905052900f0ddf3f5002ce91f150cf0e7dc02fe
fcffe8d7f0bb11dbf3ebd8c7c01903f232f4f7282ed1fc3fd5de02e906f9f511
0af515cd1ff0e80902c804081e1b15de1418fff5f9d5da1ef801e6e5ebec2987
bc2eff05d5e1c2d814f50315eaf013db0602280dcde5dbe01920e9ec2a00de15
f91102e32104eedffafe023010051d221e03f1f8291aeb07fc032efff7dffc14
144732fd14302a032f59e2081827e60bcfebe0e6f6e8f7da15161a084801fb1c
fd110d2101dfeefeff340cd6ea0537fcfc19250614ebf110f94d16e8c905ee0d
11ca16e9f6e4000326deec2a28121f0f4340fb001bd8fb09d9f5e4e924e6f922
0a0efff1e0f7f90fdf1b1f023ef3072b05fbeffde81f001defe7121de1f7e7f1
1acf04d603f0d5d200fcf0e5d81105e6c73115c42716041719ef04d217f5fcdc
0003cd2dc8f4fcfdff012be726060ffefc14c02003d20e0a0c03250043ebeefc
fcdbb901ebfee616fc0ce0dafdee36110323f92b12c91c2efb2a07ce1affeaf8
0dec05f5260cf807070014c7c1fd46eb0cebe2e9130a09e5d2ed0e0beced0d16
01e109142803e5ed040703e722f4f9fcd60d1b14eeebe007eb0404f215e626e7
fb1b0c1bfdffdaeef3f82a0a13f8f109d30bf7dfe320ffda281e24e614100319
090b0ae111e703eb031aecccc11631eaf5f7e719dff8d4fbed19f7f610d1f5f9
02ebe0d7f7f3f83aeaf410ea32eddefd02e1f103190d002123f3d90312d30700
e82e25120a03051df60cf71913380302f1040deff2f10830ec17dd2c3007000f
031ef81612d4eee123ef03fdfbefed2a05f8dc2407e0f41cf7120de5ecf6db1f
3725ddfc1b330427ec191406ba20e6101208260a071dcb16c70711cfe5180dfb
fd28fc360c1c02e3321812342dd24817ebff0febe509de1dfd2707fc2fe1231f
fd2a02ea1a10ec37e3ed08f9d5ecf028e801d5f316caf1ff0aca0be1ecec05a6
15e40346db0affdc1909fe29245ae0eb0be2f3e514dff73ef9f518fcfcfdfa13
1df5140815120204d0eef2f32d19291efcfcf5fe3f18182c0bdefb02e60b02ec
0b012923f924e7e0ea05391e32f1e00c0ef4f3da1cdb09eafc060a12bdf0ff01
f31afdabfff5f031fa002bfad8f2ea041ff9f4e6110ddbf2d3f2eaef180704de
1cc20af40eef250904e8d50e131115cc04d8d3cafc20df28072614e8fb031415
37170b1009ebf2081af8f8f70aed2305f3dfddd4201c11fc15fb0323271b4c06
f91ff22de5fa19ef30ddfafc061320cef001e5f90fe218eee62fe811df020eb5
11f4f009e2fb0ce0d4e9f3d90a05e6d7e00ee009151e000c04fa232c782328f6
010afb23f20ff7440915e7cf0103d9cb02f214fe0ef6d92afa132301460ae11a
f124ea22f5fbd8ebf9d9e212e600f8110fbe18f2f6f4e6d0d3da09f1324917e0
2ef2ce1ade26fbf0d6e7edcde215fef1ccf746070f08fe08dee71f49072cf7d7
fdd02c01e8eb0bcfeeeff028ee0c01002f163405130405041fe6f60b23f919f2
fdf2d118e24cf50000e8ccf700200df111fa030b321305e901deeb2ec12404c3
fc18fa28fffff82618fcfff7f72114fbf022250400c738fc39052ac034f5e710
e1c8dacbcb090409eeece408c0df050cfaee0decf4f71adb3429d1ffeff8dcde
e80efaf9e805ebe23d36e520e82c2259fd2a1dfbf303dbe5e3f901f80cf5fbe2
efe6edfce802f909300a1125dd102d0912ddf9f4060022e4f202090c25f634e9
f60ffb32e7caec0ee42017fa091b02f800150208dfd728f01913f10f04d5f706
4703dff8eef11dfa06f7b814270b0807df290cc8f643101cf4e10d23f1f82012
d3d429e9e1fe33db2901dee4cf05eedefa17dd10f525ecd137f1e1e7efe50d32
1701f211eeefe0e3360d240010fced430e24170ff837e22afee3f5fc35e61513
e21615ecf116e2fcd7031a2acdbdebe1102205fd341607032ce8d0f1e8f723fc
05f7480c44221e16ff19cefae3f7d817defafb1a2d02f8c60cff03271a00f6fd
07d216c50a0118e109fd03e3e9ff1990ff00e234eee120c30aea0fdffb0ae3cd
f3ceecaceaeaf508fd020f0018fab5fdfffbd20ae00cf9f5e70f06ece901ceff
dff9eb22071d1adf1c06d420e83cc6d301d563fafcf7e204f3ea250f06381d32
e316fcf1e72df5240fd807eb0f12e328f5ed2f29ed0af8ef6500fbe945f0e62f
12fd1be8fc0642360aeff601f2101a200828fa1300ead514f202f5f3dced0a08
20251df820345817f90efafc2d1d0e13f508fdd302011ff9f219fa3336f1ee12
0add0c0fddf607d8fed7ee01f0d4f907fbad0e0214ba03d7070e0a1b10f3121c
f9ea16e4012be23be4fdf4e4fef90e02d5efd826eb05fe4b17f2eff41720fa11
17c3f2080a23f214f1d823ebdaf4ee11051fec0201dd251af4fe2717abb9e5e3
06f6242dd5eafdd3f2e907241e24f8e70304273310f937c1f3171a241ffd061f
dad030010a102ef008221e03f916fb1fbff4d512e0f4f9f6d9c62006d9eff514
00f210bc3d29360be40615ff0cfde0010deffcfaf0fef61aeb020b04ec0a1e07
ea332cd91042eff55326e93714f9feed2ce6de051823ee22152df5d0f42dcd12
ef21cc15d91f21e9051fec2508f61c050119e32bf21b2919ccf006241eeb3dec
dd09e1fbf5fb1bc7d808d61e1bf113281e340703f7030edbe2080fdb0523fc1d
f4f10a28ffea2af409eb1f03dcece8e004fb37ed11e6dc0c19fa0df0fff8e735
154735f63afb101525efea0bf4d6e0db070afd0ddae418dde7e9fd13bbfffddc
f0390b0726eddc2dfcda2efe09ec01fcfdc2e4f4fafb0417e109d9e4b3f5ecf5
fb31e90febfdddd50a14051bc8e316331db60dc6edf20503fc13d4050acad106
cf2104e8f5f4f1ce0dc7f0ede1fe06a003f1f012eed40f01fae0f700ef1414e4
1de2f11b16c72e00fa13edd20a0bce0ae92e16140d35092509e908fa090c154a
ed0d02e906001f0edefbe3491726ff0d1fdc00dc0adde7e71500eb0cdefaeced
1508e60be01506180cfacd32ea30f80907b7ebc81af11d1f0e0023abe4d40ccc
0e0e12071139ebf0342d30dc1f12e2221605fd10e6e32cf8010df905c507dd0a
1804e7200e1cf1031e172b1717f42a1a0d0fd213f7e631c9e7e92ee2fe09161e
1711390f2f5b06f7faf0190614f516f7221be51b04e0ee15d02246fadef3dfd3
2c08240ff919feef11e2faf91b1748101d191825f30820faea1d0df2283e03f5
06e9f7063a2b161a0b1ee9e7040a0fe30de0dfe2dff3e704f02d1f11f508e9f1
f004db1f0ced35f4e80120ea2603fcd41ef6bbc9f40b0df5ed1605fc09e4dbf5
01d2f11ac4d321f6e3260cfee7f436d9f9302b1ae02fdd351c09180aebde01da
02f2d5e6e9f80d10ebe320ca2b0ddff9e60015ebcd460424f5fa14ebf3260a0a
1ac72c1c2644f6b21d09220ee73022e3f2d9f90211ddedd2e4eb14bdc6ccfcff
ef34dee4f212f8e8ee2cadc514f7c30f293eeef61523ec14f509e012e122e8cd
daef15fefd1ae23306e2eb0b0e1ddfdaee144aef37d854e7de1c29e91a32c520
1314f2eb3614e9fddcfbecfd12ddf70bd2f8f223de18d812f7ecea08f8de1709
e8371a3d02ed02e73843f12e05031400f5e511e4f92c0f12f5fde11125ded52d
08fe1b3df207f40ee206e1ddece907fa0d06ed0f2103040e15050615190e1ce7
e9c107e5e50001fa0c38ff04f9c3e3f3d1c6f61b09ed010a1fb60704e61ffbf5
cc2b0ae801e0ca06fcd80909d90cf7e60dd30ae2f50ad9ef0c082b17fe06e60e
ddeb0efb1604c6f52ade0ff5f2c4fe1b1811f70a15eb15c5210d07d645e4f2e9
dd07022603000b1ce715f10fd804d2e9fd31f71217f52d0ac8e105bff9e406ec
fa19f111eb2106210000f22f1619c006e6dcfff7d7170013022524efee1f11fd
df27f62d0ce6fd05170c33003c141ed82318e1fdd2f0fd2d2b1b0d03f6d726fb
332201f242efe401f81240f90afbe9fb22dcf9ecf000f00a071018e4f8e9fff7
fad907f513f50602c0f1dedee00a240a2b171301f2bcf6e7e3f51d17f50c06ec
1817bc01e2ec06c9fed0dd11ea1de805021df006f5e8ea311500ec110aac15fd
3c10fbe8eb2c05f646fa1518f324fa200e0010dafeeafdf5f1d214f6d616e523
e5341a27eee52dee0807fdfb070dfaecfdedf4fdf509d403fbf80c020711fa2c
d9fdf8eccfbcf9dded0eccfcf404fcef0715f3fb05d514ffc32b0df8e1f90fdf
f6e70511db040722eee0f2f5e9f6fbdc13ffead2f7d7b4bf201e153b0d2c1f0c
db09d1f9f11ff32ae91bebef010b2c34fe051ddd281c340ac012de001b0230d8
c703d6ce0d01cb25cef4ecd8211721fd0b58fcf11df42d11f800cd184423170b
0412fdeadee1c2d9a7dcf326120af91dfdf305f32434002fecf40ceeee230904
ef072012f3e2c2d964f0111ff4320c10fce7f50b0f20f2fafef5eaf70c0a2419
24ec24230b0d061af51c1afa070e0b180dfe20f409f8f8d712d32208f2ea12de
f2f0ead5d0f90405eff0d80313f5240e14f936e331eafbf5ebec1bf7ef20f405
f2050bf6150233e04bda270415fee621edc3e5c4f32eee06d94811ecdfe3f2fd
f5d31e1259dc03ff10f30503062f21ecf3edf60c15ecf9d00ef7122ee50deaf5
ffe1d9f42925d9b321d00720dde6f9ce0e2bfc13f9f6f30e15ea20110e15e82b
08eafafdeee9fc16f2ea90280f0427e50df611f40b222fe71b24eeeff6eee336
0c1304100e1026062fdc10f01bf809013d15fc05f5042ceb0209162f02d207fb
07dd2308d83e0ef71ef404f4e406262a22ddeceaedf0d1f62230dafcf4300e26
1e29e4fb10e2e203eef8fb1009c1181efcf70bfc35e5fe0a16f2e20a00de1e1b
0ad9270012fb0a2425e8d7cee009f5fffef70501e8cdd42bccd1f50ffafd060e
220e0bbc27f3f9f5eb190cf103feee00e520b70eece71fded2dc0607d7ebe8f0
021708ee250505efccd2dffbf4fef401d1fc0315edef052902d92108e9e0e5db
1111ff08fbd70f31f10ddc3113ff03002be3fc02164d2d09f2100ad8e118f3ef
16f1ed0ce1154824f4f20ffdde14fcfdf736530a231213f7ee01052adf2829f7
eddacdef1a053efb35ebeaddf1f72e31f0f91f23fb2de311ff05122cdf1cfeef
e8ea192aeffe140e2710ed061905eaf3f6e707ecdee83232fd140304d920f8ef
0cb702e3aa2101c13cf326214107db2f02e7ac130cfecb04f01bdad80438ec1e
fbffd1021933fcf1e0c9f402f4ff1b0d35390946ff0237fa04222dfb321eeeff
d3030705e20ce3ef0ffef52d05cefeec10e20ceb08f2ce0a0bfdedeb11c91c02
fed62e0bfaf6e9ddfc07f520040b09090400f2210445db0924021f07e6e0001d
f70af3ffe1e010f50cfa01c81d26f608f6f30cf3eeea29dd270dd7f9e6f4d5f2
fd2bf3ee06defef3ded5e5f418ea0710fe02dbd90a18180c0530011c2c10092b
e0d907061003dc320d16e1e13812280e002f06f1d2edfde8e0e1fdfde019f9dc
0f0cd3f5091ef5fae1e5f7f013fb0709240c0ae705f060fe2824eafe0d041c1b
10d5af200c1210ee09f3260a1a030514e8fce8d3dde6ed0f151cedfce8172c23
f2f2300ebff910f41613dbd410100b161a07ec1a3417f617312c1b1c04cb08e0
ef3b25b40614e8180af5f511f6e117fe2b0c090eeff31ffb02de13fe0cefaafc
1210f913041a2b16d126f3fae2eb33d7e923a8212709df22e1db0303fee80308
fa160b091a162714f5572205e7f0d5070102253de0d91cd8fe07c8c2f909d708
e226e7e537271b1412ffd119c0e19fddf5f6e82efb0bfdf42dfeecf71bece303
fad6cdef11e9eddef40bf5ede7f9e9ddf63706f3fc171417dbe3380903161e2d
f64ee6360639fefd030c0de40b0016f70c2dfb0216d4eae60ff6f8e8f8ee2dfc
0d02f1f2f70dd003f308cebbe10bf3ff0d04c110f50d1efc10e6fe021fe5ead6
f8274b2f07f700171aee2e34f7050bfe11d80d18e8192b1cd026ffc6ff40f608
27fe1705e0f5352e170c3827160111fa0300093516f3fae94cfa1200f714ea27
f3051023285644f31a11ff1e11d71a0afa040bf1e402fd1d2d2230ef014f2018
19f6fb1fca06ed43091616f305162ff7f81ae8fb03fce41313f9ff2ce8e3e7ed
e5eeceffee33df0abf0ae426fcf80fd5d0eceff31203fcc4f70ac415db2ebe07
fef4f3e2e217d0f9000cd3e607edfaf8d72716e97f1c18bfebf6d2f031fe2331
f7ff15b4230712eb3425decd120cec140b03131be0f306f30900071915130101
dce9efc8fafe02d0030612f117be27f80e27f1e40d0f1af10114fd14f7f304ed
38d0fc290c0ad4f8e31dcf2cf8e8ee4412e2f3e3cdbae6f2eedf17101621f4ea
f81322e408190af1ec08ebe00e19eefa1912eef529cbf9d506da06ba0b0107f7
f80e01e2ff39f20ff3ef0a0f000cffe704d4e72d09e7f8ffeef52c0ece01e1e3
d6271300d9f8f00d18f5c307ed022d190fead7fed30107f5ec0910e4f4f40ed8
23431525f2092b04ed03ec1df1e901fbfcd6eaee3205e3f4f0f50f01f920db0c
18fbdbf420f9020523eee01919ee10e413eee53138061c09391afe0b25030d00
24f91121e401082a0d0ef1ef0f22ebfe290cebf4fff8bbee09eff4c3fe18f7ea
030421090f36ef02caebf1ecf4f810f5d40adfe5e70af8260bff06c300e40ec8
3707f602e2e731192de5eb0ee60de11d04f5e8ff37d91cfe1cf3fd2c0719ef04
ec3de108fd0210fafceccbdefc09efe4e3e8f0d9ed2a19251b1b1ee90819bcf5
2de822da1ae509ddf40401f820cbec40f819ff13e1fcd3ef0a0d16c72527e104
c8e83b19eff235090700e926e728fed2d5ebfd1d14f8f1e6050e101405ea3608
fcfd1d160107f5f1001132f104062920ed310cfcef0f0419fbd6f6060ac10e0e
bbe602ed1af3f8dac2caf6ff091e1124fadd0c1217e0c3014d1b18faf4e4240d
db030aa930e40915170ff916c5f731132eb12e1ce2080adb07f805110f11ffdc
fdd0ed110a2ad6dae504f41614e5edf8d5fb0fddeb0203ff2317fca801100b2b
f1d819f815ed1120f2080927f5effe11e740040707e914e41beedecfcdc713eb
0525d5e9320312e6d63b0111ddcc17fdfd10240208e327fa1ef3094024fe1e20
12281512f4f3e6f9e323efd003e4e911352805e42d313e1c2d02f30715d8090e
d2f6deed0cff130c2af033fa04d9f9eef713feede4ef1515dd05ce11c1edd71d
01daf5e9e6ef0808b60e05d222110016d609fcf1fe2cf0e0261d303ddef71d2a
f3e81304e1f2e2e916fcf5edef0f08132bfde80a11ffe2e6fd3800f3101e1709
0cde08191ffad365201de92211db1039f0182cf40b4bea06df0db5ed0f142e08
1d200423090ff9172bf3fa0422271b26e116eeffdaecf5cbf20324f4da19f9ef
120326eeef101824c4321aeef711e4e4b0230de7081df9e2e805eff3171727e8
f50b00ef20eae4141c1717381713f109fee908e7002d2fe9f5fff5f4fa0ae62d
fcfbeee11ed7dd121f1efee343ebeae908ea07060be40a11d71e01f8f904f10f
0109121d1bc91e3ee6e016fe0216f000d9020f211d04300d03332f220c21f7dd
15d5044825e82a25d602d91305f217f70b310e04d7c5fdeaf5f7290908150fef
0ee6032b28fa3e0f1607ef2cf213fe021b0e0147df35c8ffe0f2041c16f3f2e8
0dfcf9e1db0d0e0c06071d22f53819030417fd18c5efeff9dcee2df30904be24
eff4fef0f5b9eff7e8bde63a2810113cf3e303f738f1f81bfddaedf0ff0f23fd
30dd051e06db1bfefb0ce3e025d3f1000ffa152be909ffbdd7efbb22ffedf911
21f539eee514fd04c1d614e7fcf11303fdf406ef05dfd1c71a1df7f720fefce9
3720fee8ea1e05ecd7e417f4ee18ebf2f513d4fde3d933010c16101e26fe06d4
f0e2efdee4bad12215f5e3f4e50a0deb02371cd2e41d2111301808e9f825fe05
22d8e40e051c2e0112072ffb10f0ffe4411f172711faf514e8fedeee15fe14f6
2df0edf002f31710e728ea021be6e1cfe1ffd6f30c1b060c3706e235d9e4de11
2a12ef01ec14e407180723f6f511fd10fcea2dede4f01b0153f8e3e7eb08e706
f202dd2f04ff0ad5f51827f1c91feafbfafeadf2e80feadedc19e70120cfdf0a
0b0af3f02cf0eed10fffc222f31ee7050522dbf1fafa17061ef422d0f9f3d5fe
032711f5f711f5ea03d8f3f7161b0a29cef9ecfecfe8f91ef4eefa01fa47ffc3
ec1eff0205e01a100ef02215ece8d00afc3de425e62a1e092b221425ecf60907
e2edd0f31df80fea2610035ee00c2c00d6f411d10afd9dd0cbecf3d009e108ca
f3ffecef1925020002db331e07eceefaed031de4feff0cf82310e9f6dc0004ee
2f1afaf2fb03640a29eb2df125f8f01cddccf5ffe7250a22eefbf823d3ede9f2
f6c520090be7161605e0f4040b1a0f2fde0d0c18fde016edf1e70d13fad9000c
fbfdeadbe3f409fb132612f3e60716de21283b1403f50917c2f611f21ffae730
251313e3dcd1d7020cf8f3dff7e40a0b1afcf348db02f011ede804efea1807e6
f10f21240924f51b1217065518d607ebf4e005f1f21903cde022f5d6f102f0ee
2b040101e5ec221cfdf80ad9ebef1af0ea16d1ed3a13f5ea2605ec14f924fefd
25ee0701f5e53114e719300204f605fffcfc013c1927bc000bddef0cadef082a
eddf2502d0f5bb050c04fee1f7fd010f2118f6e5ddea08c4131c0fe615ea0805
31ebfbcefbffedf9e4fe1615f1ff01e8fb0d251d0a25ff14f3e3410e02182afa
f8f9332700ed381b34f4ddfe120707facddb09fa0efff5d1edf0ddf6f4200707
2fbc0c11e00ff501ecd7d8df12f6fa0324ebec08ec00f5071ce0e508f9def809
1f1eebf4fd260cfa1e12fe00481d1029210712fed617ed0ee1d71e04fee2f6f0
0221fc100908f9f0d4054de5321ae8da0ffef60fecf8ed0f21fee90015e620db
edfafb151ad2e44834e4faf854f2110c1210e8ef130817f7d5cee2dee7051917
241e05f8f7140f0ffe0b00210a0e01fd061913edde330425e6eaf903e61f0b22
1219d2e00b15dff042172825fe18ffd21bfa06d0ce19f2dbf5fcf1d62aefed08
0ce9010efcbbf0fce7280dfee4e114ed0601e7091b1502081018e2032eee200f
01042803e3fffc1af4121f15083bedf31ede0511e9c6eee7f4d5ee1106faea0d
05e2f50b12f8e7e8eee7d9f7f7e00712effdf0fbe4081bf109dfec044541100e
dff42cd7f3f01e1feeb404f9d9042c0a11e9e813ecec13f0f005eccce91a081d
f6e52414eadc0212f0eef6eb07041a02020ff7dc19331e03ec2405ff0ff62319
f4111615f20f0d3c2b4105f61df73715d20ef407f71d37d5270103e7ee0fe907
eefcf0ffe1e5bfeed1fced2ff20605221820f8f7fd0a04f8f7d4ed0100f40c0a
0f063c02f61bda063e00291aec14f60808fffe1b55e2121fed1bf000030c432d
10e7e21dd6c62a091e06c5e71acd200f120601e3ed0fd01df2331313f9e00004
f306c314c4eef51917eafc12e3f721dbdaa925ca282220e8f213090624e11b11
0affe218010ee606280de0db3be91dcb111a0a12ffffd21403f807e2f81706eb
e41c02e62ae9c8cb131527f2f62424dff6e4f40be0d6ff0ffdf4d2eb06f834fe
f9f71fe0da15effdfe1000e81ef8d3eceaf52ac4173b1107f7f82acefcef07ea
ec04161aeb2807ec04ec27e11709bd2c13d92516f3f7d515fb113eedfe1003c4
10f9f0140b2028ee25fb28f5fd01f1fbed1a0607d809cbf81cfc13e824d6e2d4
170818160e150cf1fb5a3e11ee0a0b0bd407f239ecbcce1702f50cf7f32c00f4
0b15ec36ca100425f531ff09e4cdeede00fbf02bffd716cde8ebd6ef1dd5ec01
c70eef022bde0cbffd39e01504ece50f02e3e7113fe3dee80d000c2500c6f601
e0fef91131211abdf00e1728000ceff1021114f4ffc7e100e827cf12d7e6fc1c
d70beb0f0603f8d522e701bfeb21f8fa00e9f8c0100d08eae80828fe0e0df6ec
f4f7e1e7e6fd030017c7f401fbcfbff927f3394a1ddf1510220110e70deeeff2
0701fc100c02f6fbbd04ffd716f5f3de27fd0cc81a11cded1039f80206c810e9
f8f51708272ef5d9f2100edbfbe90bfc4704f0fff8dcdfdcf7d8d0020cfd1823
0bdefefcf8030c0d0afbe0f5e32418010f20dc3ad52fe513e3ff18164618d905
ff150df4ea15f20f0525fa0cea050610fa08f500f509df160015dc2c04f944e3
f4f2e113f01bf80514030b3606eef226200c1fca0afee6e0e6e4fa43d709f217
ed03fe2b001a352212eb281d2035ff1cf3fe0ffee5fb311203e4f501fe45f5ff
1411fa150ae1d70dbddff01b07daf91f06f21921ebe7141511effef91d250ae5
27facf1f17f31814022bdf1f0514ed1313fafd01e2e60cd440de12f406b4f724
21efd90fe9f04634ee302b31f8332718ea23ef1703ec3620f2ec18050201ea06
17d9081f213015fde9d8e3f70258e4021f030a0b0dfb0dd50e0d1517fb01ead7
29d4d00e11011601ea0be11a15fee8ed29fce905f6f6ea1908ebdb06220ce01d
12edf42cfbeb19142e1af0fc111bfbf7f01abbf431e53f0dfeeb0efdfa2632d7
fd08f1de06f62d06050edf311044d908e91b12d7d302cbe5eafcf50007c8f334
f40aead71da7ff0a3403e5e3dff4eb101bfd13391412f3eef411d7d608f21909
e010cc1809ec18e02926fce704f72a04e53326e809bee7fa03e0cdda0615f4fb
e8ece80dd70835f1dbf2deeef703f2fd0e270cebefd808c7d7f502f805f9cfc5
e0edcd370c0919bfe5ffe814211634bee0faeceeddf80a09fafe02fcd20dfb09
f6f91513f5f1fcd8c7ef09d9f21d11ee0b2803ef2fde4405c2e912111514f0fe
d302f70dfaee54ecf9d1f8e60abb1f0dde0906f40a1b18f401383508f707ff17
5001ecf6d6cd1830fec63ff823ec0a2ce70ef7f414160a07fd03200ff6003afa
0df348eefd1af4f4f62de724da0f0e06de0e0afce30202d31913f601f90ddb18
e4efd6dde819c324fb01fd24c201edd9f5f6f313f4feedf71ee4f8cc1135e3ee
edc8f616151f1210220c0217ef40ea2a0a22fe1135ea02f9ff16fa181c120bfd
f9fc6ae4f20e00ce150b1a0823172e0514e7afebf5fcfc1b02c3f2220d0014eb
12d30dc8061ac603f1e134ebf6f0da09d5f325ec27f8231a070e0df6ddf8141e
140dde08fad0250206e10d3cf81df4341509ec18bfdc03f9fee8000cd20804f7
2827fff903121f24200be1f707f9ed02f3f4e524072400ebd40d020c1ff510ea
01def80d201fe4381af895c80e2437c701fa0be103f7d9fbff05d2db20f0ee0b
d601dbd43d15200e46032916c2c10c000317e4e0082def2ee0170b10e5d607fe
c5e3fae704f1fae2eb190affcd0c160f1fdffadfbf0fc0f6b4fc10e7e3c6f6f1
1adc0e0c04d5f7f22b200311dbfdcdff1f013d0e1f180e3df5c40ffce20e41e8
2227f3e72012cf310e08f2e318490be9434c0bfd0413d4111a1011f5eeebcdd3
f416101713fb1ceadaf118fef3ee0d2a1aeef300d72110fdd610f6042906e11a
fd19efe1032a1b021dfcf0e716c8e2f8bbc7f105060113ed0919ddf5deee0708
e02aebf0db04d515f30e18baf215e706c42121e43406c918d8cdf5070208d4f6
420fedf503fa18e40eec0037e1521fd3f701dd2f0d0e0701e7faf2c321e80be2
ea4032b40120ff11d5111800c80e080cda16f5fcdcfcdf02250514fb1dfb0cf8
d4dfec1241f8e8c4eaf203fadcd506c00403fa0a11121de5e3f50a02eefcf813
16e520231b0d08d41323fe2c1906d3ea0402250b21f21c4df4f71d13f2070315
d21d04fc1b24fef7f01df7e8e518d5260cf60e084ee5e7b81d2437dbf3f3e60d
f7d3fdf42b17f911c6341a2107c5e9ca0c16f4d133fe01143cf94afb0c1301fb
c407270eec11fef40e05223610211e0ef7e658e714fe112100fdf1d9033b0cff
09f0060ed0de01e9f6e0e3e621f0f70a04310bd70c0fe9a3f8fb06d7bfed06f7
ece41dfc23510705c50c19d728020ef41326190b173b0f36f22e3517eff0dbe3
0521eaecddee1007eff6f81ee8bfede938f8edfb2735083a002cfb06fb3dde17
0500c7ed10f8fb0f0811fcf8fce1efeaffeef1f952f8f7f41019fb18fff736ec
1910d3fe17010bf0c223011bd0f0001502c5060cec0cebf914e0ddf60a15d500
3cf2de11fb06ec103fecc30a35d53ef514f7ff0fd72625faf92203dcf9e0f1fd
25e60ae4f402f73917f609032ff6ec072fe6f8f917101ce6f1c01ac81607f6e0
ffefe1debef1dbfcfaf6bf08e713bdd6e9e100fc01b8ce9bdf13fb1721b929fe
10f03609e80ef2f30be4ed3113eb1bf0d4fe240afef7153e0b3937150acf36f5
111601223900240e0ce73403efe401f235fffdeb231c05021211fb171d233014
03f9dd23e70f110f280ee6f6d2e8fedbe90dc1020e1f2eeb04f52bcd0021db20
e8dff02affc12906e8d1f0180f10ca1ceceae2cdfafdf0e0f007d104101b07cb
1df8fa15fdf120323256181af512da170930fad4190be60f3113221a1afb0302
1704f1efed221df944f1f5aaf61de3210609e5faea22f400e003ecef01e4e814
140520013f1c0f24cd10fccff9cbf81a0e0513330af3eb143f3df9f23e54c801
291ff408d9161404f3e0ed0f4316fe1e240ae40416dddffff8283803022611ed
0800c803efe8f2c4f40fe507ebbc1ceb0e01fffb020ae310270ee3d3d6f90dfe
cb0e1503091700f309d1ec121cdfe60e1737bf011debfdcef8ffe6f50dee1425
12efdf09200407ea020df1e00a17f5170df6edecc6f8f20b1be80c0ae10401ff
e90403f40aceedf80d19ebf5080e1cebdefe0008fff7e6e41c0f0aebf010e9fa
012cdbe9d0ef0effe5322afcf1f8da0ddbf20af90204dae8d5290c1cbedd0c05
0c01091014e1d60204f9de01c1f71bfde6000ef815ebfdf325e30f00cb210f04
d104bf011bf8fde30affff131dc500052817d825ebcdafc3eff1d717f2df2a27
fed30a1511300710b70508ea28ed1dcbf9e007faf923e8f1ee151d14dceb0905
f8300429de010ee7c110cf0feaf6d5ee100232c81205e5150515f8162209e6fa
f718ddfceb120cf9ceedb4f8efddfd1efbe3162a3710ef1a1630f3fa0ef83be8
eb1cfdcb1603fcf3b2050b30e5cef1010ae7de17d42908e2f1012c09f727d510
d025e60708fefd03052011f0e71611f5ef050d021d1e3be20617e81ae33a020e
f1fec1ef18b8f6e308df09dfeffdf6da0509ed080cf92106f3e1e22b14faf6f6
1017ef1eddd0e9041702d01ae518feeaecc6f61812be071804ee33fe0de81cd9
063e2e0c1c0d27e6f2e0d837eef7f53401ebfd1418ca0d18192df40a1f04eedf
131f0d12af0a0138191ab7d7041ef31d211fcbeef2e9defed7e7f92515fd2e28
c705330f0bf4021f07014200f92f2a011a07070c390fe9fcfee3e31bd90d3b17
101ef01ff62dece5fcff19d6fa45f9f11a0503e4fb1e17dae1db250321100431
c9de17c5e9600d43f606faeb001c24f941ced7010311110dead3141222f503fd
df01e416ede9dcf90c021100f42bf6b216462511dafe0909043e0c10d5d0f8f4
14ef12cfe601fb0db9f5c6f820effe32f9082047d6fbdbfc03f8ef19c205d02b
d71627e0e0f9eb1afbe925fe07fff9f1f5efb51ae3fd0af0f5fc0b3fe6d81611
f0d1ebe107dbb5e905e7f2e0270f2913d00ab6fbfe08ccdd26c8fd0c12e8d1e0
03dbe925f3e618c3ecfe13da30ed0ddc27d8e80a0c43291900e1430ce50fdaf6
09f4010f09fc0ec7fdd44b1a09170bc82a181e4defde11ffe00b2c1afd0b0603
06101ee8f0f203f21e0307d4f31524c5cdb0111641053a1c142901d4042801e5
01fae8f5ef24fa07fbfff5122dea2531fc12e21b002ee30afcf73fdfded8fe37
e719201bfefecd1a0fe811ebe6fdcc19d0a4fefe0af9f1e7c5e9f7360be210f3
f311f82c01f92e3ef634a0efef03fffc03fb0ef303f719f8fbf801ea1018f614
2c3f0ffd0227f0e3ee0d0517fded0306cbdd280abbd408fb02fb1b03f31ce810
08d6dd03eefdb21dd0c2cc12d0ef0cdbcbfe2bf0032c045af417f3291f0b09fd
241921180ffe27333bed473be2ec0b04da26f7e3e7dcf3f626c23ffde00dd4da
0a01ef05f3f00f160bf2f414fff7f0fff3fa202afcf6dcf10c1112120b0111fb
3e05251ed1271a1f0f01f02b14f1eb1ee5e2eaf704f71e0ceff4fb0b24b6f8dd
240802fe0202142726142ee0fe04c6f6fd080f141117f72f17e7ec0e232c05e8
000be6d2ce0e0f152325f0e407f1fc081ff2dc19f3c8eafb11d4d4c8f600e114
fa0e14e81e0fdbfaec05382d13d5ec0700003a00f60a08f1f8fff1d0ebffebfb
f1080ed9eef21029d429132ffde11711f6dce6f9dd01ebf009dfe9fafc0ed702
f5ed23e9cb041a22020df2c7ecfdf7f516fdf312dcf707ff2bf3e802d80f2730
1d1512e9f80a0eec01e6efe31c3d25fce40622d13a072e1a14d7d200e3dc3919
02edf1ffe3d7fc06d50ee6e3c9f2f1f41af1f9f71b08e21006f80006edde0bf3
cdd231eff2fb100feef0e81d11f2e0150407faf80b0b20ba2a10d5f5052efab6
182416151d0f36f9f8f80edbe42414fbe7dedffcfc0617f8e800c2edf02f11f0
d8c908de37fa0dbc0ad718fa02e6e70de15007d3d2ea30e9ed30d1f2f4062216
22f50d2f002d08ff440ee4f320110a22e4f42fbe332130eb050d17d210220f02
fb252ddced030338c70a341214f7ef0401071ded0adefee5f2dbece00fed0c05
fa131ff808e614e508f92b2cfefa230ef102f910dbe8ea061419b711ddfee311
0ced36fb100e05e243f619dd0cfdfc0f1d0617fdf53f161e1b26fd110e07f933
1a021a100efff3d3e9e5f00f26f11bf6db2415f7d7eef510d72fe5e92522e10b
25f7ecfffaf21b240010bc02d8f70708e8291c22fbfe00dceffc1314173bfaea
de09f11800260cdb0bf71e2ae4f101ff1602f5d229070e170c08f5f60704f4f9
180a0a00e30ffce706ea25fe0f330fe1fb1b2b011b0ff712fdec0af7e30adced
dcf32005dd0009171425fa07f512f6f9f8d7d503f6f0e3ffdc1afdf9e9f1fdf8
e403eed40f22fd060bfdd1fe23de1ddd04f1e8e617e205ffe402f70cf2f022e6
f24601e719f9f427da15de1750f113f9170118e603fdf706fe0c15cc09e2fb1d
02e1c3290016f6f01303ba16d106d717de1a14fdf70e03e4d92508cb22c618ea
18dcff102017ebd50c17f7dd252901f7f8db05f22b2ad40819d32af7e921e6f4
260606f2ec01101150f830e61d2d032b06090e14fbd211f5e7e50b0e00ec0139
fbe92d1edde8eaeddef4e402edf61b13f3e00b1cb21fb3d4f2e0dff4fe15def5
d6c9ee00f810fb16c00d00f6c8bee1ee1a01f7dff0d3e20509c820f2ecaee4f2
00192ef4f4ddf6eacaeb21071a3306ff1d0a1c0e200615f9330733fa310a35fa
09e1dd18df03ff069d0010f12d0bf3ee060eccf407062cf0dde2cd07f90d06f6
15f01028e30705d9e2eaff08e04614b62afcf8f015fafc1210db15c00517edff
46e2fb1ae0faf61e18ce18d0002f1603052400f6f4b1e92fddfd00da15d7fdc4
e35a04e9f2f6df002e172408f0ece8c7cc24f6ebf605050df5ad1205fb00100e
18d8ed2323f41b053815f5d4e2fca932f21e16f7f4cc12d1bce8fad1110a2617
fce726fcecec012ff60efc07ca2e1afdd33af416221701171118db29d9d3efef
ea18d523e9ded9df14fde2fdf400162dbb0aeefde4ccd0decf050516f50dfdf4
d8ee06d8f20a1a071302db1922f10b06f7ea0ae43afcfde1e7f30a030322d302
23eb04341515fee303cc1a08c5e4ecdfc72beb1c2f0e1df0d8ebf12710fb1838
09eb0711f8cae9e6dee01df1fed1e805050b0dd6030107e1f307d508eced010c
2e0df8e51de31328def40a0e0fe83201e4e802e92d000bf230f2ef00fbede415
1506f8faf10726f807fe000d1101f0200e500fff2437e9131bf22b10d5cb14f1
ecccd519daf8e2fcd5f3fcc4b402fcdaeed82c0605fb1ae7edf1f2e6ff073f2b
f4ec08dd1cdbdcd91e0ae94829fcef1cddf3eb0bd30bfdf710ffe200d705ca2e
f331ff111c1128fefbfffd28010ff8f0050ce11e032027f0e4fb0a200405c5f1
e1e6f2090306fe051519161518f7f70347e8ed2f08ef242201efeaedf6e2130a
fde62c0e133aecfee6f405e82917ea29e015dbf9e6d317e215e90e1bd9202121
e0e00b01f40317faff09f91423ff1c16edde0108140bec012c09efe70203e800
121dfbe82e25f5fee436e613e003e8d2222a25fd0b24d913f302203032fdfc0b
f9ecd1d802f6fffa1963e910f40200feecfa12ed312c1e3b14f7071de1220201
f5fcf9ef21da1ffe10f0081e221500faf41334de08fd313243cdf5f326f9fff6
f2e6fa0d0e0ef70e43090cfc131dcaf7eccee1dbbfe312f0e4f602de1de827d8
e80eb6051efd0eeef118b9e705f7cf0038f7192724fd3fedcaf921fa1e08fa1c
f9e40013f807162d2315e8d802ec2ade05ebe424b52708f0fc19e3f6ef16f30e
040d04f611fa0cd226da10e222142b1b20f92106f30005120bd3f421a7fdee0c
d91feaf8f6ecf709d90100bee128f42413ebf5eff1fce525d9ecd6e00dfff1da
f229ce120ef0fc0ef6efe1ebdee00c1614170100cdf1f0d507f4283c14f9e6f5
f9ebf40afb14fee2150813fd040014f7352814fd1df40bfcfd1b062c33fe0bf7
eb16f9352aefd4e6fafd0418020edf01ceccfe040d05042b1709dfeafdee0c2b
4d091c0af3e9f4eaf40d0518f31405184d06e6f0f1e014f0cef13022f51a1611
c30f25dbf201e20611ef0b040116f909190415033b04f1d90df5ee0d28e90af4
f5d9150efd13e7eefaed10fe18d011fb2df5fdd8cd033eeb230603011634fe1c
0202e77bef4af63512d9f909034617e821eef8e1d001ff06050f0b18e9e9f2d8
f2f032eb0cdb2a3f1134c70bddbef9effe0a06e2150f23e11efd1530e8e7d910
d62a2705103ff10011023335ca26f00a00150011d01b00eacc0839cc20d803ff
24e105fbfd1e1a101df6df011007140f16fef6060df6f0f92d15031efb091503
f60119fafc1e05f1d0144001ff06f0e223c3eec23815f5d9c8e008b6ffe9ff1f
fcecdcb51aff2b1345f80f05040e33131ff2dcf1f716e0ee5bea14f02934e60e
1c20ecd1d2f4f21e04e9fe07e5f615135a0de730d32c1211d6ff0b1422f6ee0e
0c0018ff1ef4fd0606040600ecefe4f3cb11ed1ce91e171ce601ef1017f4f8ec
e315ec252352020808efe931fede07daad141dfff40512f0e7d90bfde8d818e1
35ee260e20fd13cd102d2edbdcf8e82af60908db1afdbe180b14ec0b090901cb
0cea02fc1ed6db1a1931e7fe4026152bded00bf2dbd8fd05ea3dd2f9030cfcfb
e44deddae9e739291a10b6f8f22a2fc9120f04e5fef2d912e7160bf7c317dedd
ed0431ffef2ccb18da1ce7110efc05190c300805cbf0f2f3ff30f5082106f604
0af8041e0510101cff393430f5221209db12dfdae00ff4e6280cc7d20709faee
0f42fa32e8050d3de11deac1360300e5f81c55c1b30902fafaecf1d2f4dd23f1
fa291a5a30ff140520fb46060efbfbe600d70eec153a06161823f9ddc40005fd
22f5f51f0ef7edfb1af307fa16f4fffd3c10f4eee9241b0226fd033215d816ee
04f22a24f72efa052e05f210f5f4e7f9ee18dfffd5f40afe0119fd0bd6f80006
f1e902340117dc2be007ff06fed6fb0c1620120dd20135220b0a33d4ef1ae2df
f9def3e51603cdf900eae61cf8d8600915eceed5fa0d030cfe15e02a052fef01
151626eafa1ef1fb16dddcf20dff00ca1e25ecea0116f1ee2711fd0a15ffe5ed
eeea17461edbf1fff0100aedf4f21bffdb1a31f8170cd80ff0e102ec01e506e2
fafce620eaedf201f6ec14040112ad11083413d6dd170fcf101e3a241efafc1c
f41ffa02e2fbe3e80ed733271bf6ca120decd9092506f6f400f60617eefe01d8
d3e2f8080c07ddd4eb18ebf7e90101df1f0edf00da18eee8f9faee12001f2adf
002505fdf0fc04ea0b210f264f05f62205b6f718f317062b030e060b09ff08ea
e016ea06e60bc005d1eb13040ed50df50506edf832ecf319ee0cd4ebc80bf8fc
1a3be01811e9e7fa3ff50ce431e31cf2f4ea02270c110c0d1116340ac2040018
0b1e091cff0316f51cfec8e9d9282c1ad51de5cbfb24e9e21b1443ebf3041deb
ed12d3dafae2f400dfe2fb21fd180bf61215c1f01dfc1bd0be1d00f1f705eb0b
20231f0d07fe13fdfa06c8fafc031e171df4f50bded40a12fa0d11ca0ffc08f1
150df0191bddcbede7e80017e8ca36e927d1ee07e42a17e91120faf1111502fd
021fdbec07d3c3f2fe02100ef9e3193f0714f4ee0517e51eebe0120404271507
0222ec411fd60006fbf8c7eae41ef411d62430c61815e733fe04f5e8fad0ff1b
3b28dbf5e7f8040729f92617f9bb03fcd717f70ed32f18fa1af71c04fc6019d0
1bedfff41f10ea17e70ee3f4ea0bf1190907031c25db1511e802dcf7edec0105
05e017f0fc2020c939edcaea0201d41409d8f9e3ebe50616f903dfe10d0de7ff
063bd90ae607102bf9381fea23fe02fbf8d311fefb21e9e2f7f0441a29fa04ff
ace6ca200c0724e7d72bd8d8280d180b06d819aef2350cd9e905f855cf2503f4
0212f3f40eea1101f80c0dc0fcfb0426fb1b04cdf7c6d3e4f4c6d505e51207da
e0cd0205ffce173201f9f4132915e4eff7e53ffb0ce80e28f4402102f5f6e3f2
fe03f705f6d0e9c8e8f5f9e6deeff2e6f1f00614fcf9c6d3e127fcfe1618d5e4
251615f00d1805cc07dd1006c2f820deefdf0406f3bffb13fd020111e501c813
03bf06f8e701ebfafafa3b01f62806e62eb00506141827ecef19f8ef20f705f0
f2f40ff504cc1fd1ca0e03e7e1e7c51c33eafddb00f00a1a04f104032cf7200f
d60be3eae30602020b0643ff0723d2d1040c291113d4f115d1c4f0f6f8e00621
fd08fb2002fdfd25ec031532ef220742ffdbeb0412a2f60cd8d8ecf0fe0efd29
0a0304ec103102e3fcf51ae2e0eee5f0ed0a06160ef502f308f5eae716033250
2cd223f6e4021c02ed40fec92113ec050b00fb23ec3608c1e53fece0ccecefee
3aedfae3f102fe1bf5240a01d7c91005ece4f9e4bb0915f20c1f10e4fec7dc28
f2f616fffe0af62919edf405311fe9e41af2f7043240f50903002922330b230f
f60e05280ddff529ff19fbdf0100fdec060d07f433f5f6030a0d24ee1aef45fb
eb2a04e8fc28ed0905cadaff08fac525d912d7f52ef9c5270cddf409db0d0a29
d4170bde0d0421d5f606f2dac910da0b06fbfd11e8cfeaf22bdde3f0eaec0db8
0bf10cdbdb1be2fcfbe2f5f81d15172906fc221fd106ff0a2cf304150f1d251d
f4f4fef3e0d9f6defd11e7e7eee8f4eb1ff9de01ed1b150a3f0efdef33e9ee01
d6cc2deef6f9f2f4e118e30b09eb0b3fe7e3edfd1813c5d10d0c30c0ea1be2ca
370ae20ce72c0f090befe82110e194ff0c13ebf2090f0000efee0be2fbebde09
dbe4f71be5120dee18f81ef7ebe7041528ef0bf3200b270beade0f0a130af017
f5e6ca190aed25162ee1ce05f8fb1515e60cfb07fe0cf2f2de18052ada3a030b
f61030eefcf5251df3fdfa2f21202f4a2e2ff6eaec02fcd0fc02f407ebea0d0c
01ccf312f7eee522e61429f4e702f70cef1319e913e31be819fc0618f80909f7
0a07eb0dfbf0e63604ecead232cbd9cee7f1eecd190d1113edd91008f40ff806
f0d4f31324f11af2f6fab735f716fc072f380cf315191d1bc10f01fa052aed0c
200f13001e00fd1df8aafbf20d0cc8f6ced2f9f3cd23090a1efde7ecedce00f9
e7f9eca6f6d0232f0d1912ece0c0f8e708ec340b2122fe00f4f42210fe210012
ec12f1fb173743e005260d5315c1f734ff033efc14e212f7ec17eafce70b1228
1bf34018e52714e13b090235fe0c1cf51009fe2df5edfe1e02fcee0d142b070a
fff436ec1203f90c14ffdc014002e1e4e806d80befd4de1f08fdcdec10f9d41c
062918e501371117e3e71925da1c06fde405d254200d2c0ffaf61c042a14ece4
1505ff0e132d03d0ed3409fee5f5e9d9c70bf7ea2ded2701e5edfae4fd13ede1
d7200f07370727e90aea1213f60010fbf9e61d0cf8fdf5192ee0dde809e3d1fe
13f323bdf224edde4012ecf307f22802ff19d832eef3e60bfa0a001409f0fbf8
1700fc0a18e5290507eff514eef721fee40fdcc2271e1c1411141723fc2c1852
e6eceb1919faeb0429fbe21716f9f70dd9184213ac1cedec1a1b0d08f516c8e0
f2e92d2adfede4e4f4f8abf4fa110c1ae5f5e10fe6d8cf2520f019e1d407d9f0
e0cf3ffb27ef23eec9fd17f013fb25e1350c15fc151d3cfb001cf12eb9e138c8
282c0119ffd1f8fcf9f5e00e391b3bf10bfaec050dfaf605ebf2f7dc0c0302cb
d81bf0e021ed080efa16e20d2c1f1ad7f1af190efe25d5e1f2cb0104ed1638ff
0f0cfc340feb1d15f249111d01dd17e804384fdc1fdbfa0809e5e1e425f210f9
c4fc0b421925eb161404e80dffebdaf40e04f731f024f3f81234110331f3e532
040ffa1008011dfc0c2af22bffe9f619de3604da38e60d04fb04fdec03f93708
1c231eee0ef70a0bf5d82c320304e00806e30b07101924ef060f081bedd71fdc
3f2917fb10dc17eadbf2eafcf81f96db022fd7f9f12025f8c8d414a9f4120b07
e726ddf4c6f7e31df900f5f028a51dfecdea3ef904f508e7fbf7d8d225242f15
03e521e1030fdbfede11ecde0d01f11500f1ddffe2d4e7101818d6220df9ebec
f20c000019eb0c02200118ea0e121308cff9e80efcf0ea0d0103f1f2fef8e418
160b0de821f42ffb2a120c240b0be230f9eb0900f011e5f3fed40dc810fe01fc
f60206c0eefc1bd6d1ee0afef11dbc03c7eee60410050c16f8edbae3c9fc150b
0a1afbe0f6ef0a19ce12230804f7def8ec15231206fff7f0f3a5e50502f248da
cbdf010a1fe700faf4fbd40b051c000201cef921c026e2e10d17120a26f8fadd
f0292c3cfe0022f2e815f3f9f6d8230fe129d4070eddeee12416221d03f3200a
e4f510ea351736ecfc21fef4b7ee3b29ee050f1d0aed2c211703e41f0bed2ee7
efdde5e8acc1d512fc0de1cfff2ef3dbe7dafcea1001fd2ef9ffea05f804eeed
fdedd925deecd200271cda0d260ce3dbea15fbf8ecfaf20421f5e4f8e5daf5fd
fde00ec82e230ae6dd1dfdf5f704d706cfefed272b04f8efed15fffbdd0b18ef
eb07e303df040ae9dfe404a8c5cad3e5f4e00ade08000d17fafed8f4d826c000
e1f8fbf106fbebfefeea27f9d23741f51e1718dafee5ed1825fbe10a2b15e8ef
4afd290b510147134ffbd72b280ff02805d8cef7e7e80d0fe7b5f2162bdeecd9
14ef08ea2726f1202111ed1fdc08f403f0f3c8d1f11bdfff17f30cd7e00ef439
e8f7161dd5edb8b91abe0efadfcb010af11201b9500fabf412e300f5ed0e1402
fbf110fd2603bde7f209ef0013fbf4e709d0f7f9d4d7e8d80ae4e5071d21d802
1a1520ec54d242ebf2f414310c24fa281716ddecf105e600e607df400ee8ef10
fce8f7d0ee0230d3d91c07f0fe0d30eeeef305b3f1f80bfd0e371007bd0ff0e8
fbee0edd1509f90604f8f9d2d8d308c0dc16121629eddff90ef00c2d01f720f4
d304193221ecd71d0cd827e80e23df09e2cdde20e70fd6211601082e0bef1038
fae4f64109ec11fe26efcbc90f0de9060127dfe6d7ec1afdf213f9dbeefc0102
2c3ae70bd4f0f10203f3f9f5d8dee6e90d271c323a06fc120e2929f4e30537c0
4717fdeedfeef843f339e697e6fe14d81f1621e03118d52116d812f016fa0af8
22e1faf40eed3ae20dfdc705230de720d22bf6100dfb12f61714ed13fadaebe9
030efd25fff5021a0df90fe4fd3a3a0bd0c510e11e20f220de2129f2eb26e805
09f8f613f602bff5eff220c42fe22b10260f1bf71929c630291a0e21dee2f608
fe0b1aeadd0654111df0ef26fd24e934020fca4040efd2d60a1ffdf42df6f9fc
220235110c1ccf0eddeb14f8f8eef6f60a0bf9c900def8dcea17131e1a0af2ff
0e0fd7eff3f7f32000183a24a9de28caddf708170b1817390700f73015ffd6f7
1ee513faff1408ea17f40247132a05e9f11427f8e7181ffdde1fe2eff6e006f5
faeadbe7e524040401e90228d7f5c7fc142716f61f28162e250c0914fe021bed
1216bacd1f08eae01907f02532f9e4131315d5cf29fef72df2051f23240ee830
03f605260afcf8e3e0ddf62de40edce018f810ebf3100aebf4d8199fd128eb27
e9271a0af3f41e10edfa171ff128e01feb0408eff4db0ddbf1fa1d0e1b091dfb
370e3314e7ee071922e3f3e1f1f51d03eefaed169bf7f1a8161c150701dff607
e00ef713eef7170ef61101ed1e05170ef0ddde2f08fdf6161330fa13f613eb16
f02306220ad421f9fd22f9c6010308dff6fe1d4c4cb3ffefd61dd5d10f04f8eb
14dcf206170c0913e8ea0bf90dee1c150a12c310f0134001ea18f8fce7d211fe
fb10ed22db02f7f5ecdfe3523e1c1212d00311fafc11ebecfe05140606dc09d6
2410041212190c19f32e111a2421c601d2fbfcf7e4d3fbd6fed9cbec030dfd10
d62ee3141031ef20e02bf6d004f426f90109ef020812e9ee1cf3e5caff1dee0a
fe0a2dc9210a0f090311301cfafb20fc09fd080b21224322ff12f320fd0a1047
1cec32f518fbe42b03140fe7ee2532f4f1e3f502d71ee9061e10f420fde114c1
13ddf3f20f07c0d3e402073cf0f70bdb1011d8f0e6fd1e35010cd80d240522f5
2eff10020efbfeea17fae22ffcee1b2ee7fa10fba405e2e8e1c601ccda0c15f2
0c04f6f8e5f419c7edf92cd90cec00f2fb290a0bfe1406fe05120bfe23ee1cee
0f09db11aff140f40614f0f8e5d111d31320f70e101dfbffeb09fcc30a13db15
e00ceed0fc070eff021232340c0f0727e7e6edfcf81b1309fa115713f80a1a19
0706cce11b1841cde4feef190deab6fafad5011df415ff4effce25e501dc2f04
49eaf914f610da1ae2040909efe0ec1dda2732191209f80711f1f256f80f15db
e3f81727db07ea15f6f3e90024073ad833ec18f7091f2a18f201fc0dfb01c7e2
16163523f708ee16c50719f328d83e13e9de0c13ee1a01f40bfee1d5df0f06ef
3b052514f70a2dec0fdb0302cc00fb00d610c0d610eed50d1bb820eb15efe615
edeae9d5fa001927e3f1f705dfc702f0f5010d181fe51ec6fb11e311132b0303
24fe1602ee05ac1dc224efe4f900fdf31605f031fc0305fa21e83424000124f9
0006fb09ebf029f7fc154bff010bf8130ee93cd3c82cce16ff0c21f3fb0ef8e7
28e0f2250818220319eeedbbffeb04ceed27ffdfb3090cd719250615fbdc1eeb
04d0f2f50f060f101708020ff1f2ce09e5d257e60ef521cef2f3f6f438f206ee
eb2c0f040ee82510fde2fcd9f808f9f8d7fbe5000807ee0be5f1cd07290b1f08
001cf13803ffe41e19d5e5121128f6fcefe7cce704fcefe7eef6ee27fc0afe38
16e3100102fcf1fb03d9e108f026ddeff4f314fff8f3093122fc19b6f22a1002
1be2c9162201f4f126e1c9cbf3e4d91828eef3fe0becd41107fad705c6c2f4fe
fcfb130ce8160a1a0d15f9f7022a17d8124002e32fe002ea00f3233df9061023
dbca0be901f7fffe1825f1e0d4fdd6ec112c03fdf82a34e9fbf6022afc160fcc
cfb8eae10509f0d5f1fa1721f608cefa23effd2ef03efc0d0d08eee9dbf92008
def603ff060805131518140fd9d9e5070feef2ecb6013fdfeb142bd12304ead7
d1d4f5d404140916f50df717e9e4f1b4f5fddaece0fd13d9db2703e7f8ecdf02
d519e3300f1f30350d1be80e0f07f428f64a0fe5d40eeae8ffe20133e7b91129
fcf2cf0b0e15fae4c4d4fe2f07fcefebc6ba23fbd1d6f6f92514d5d8feb8c4b3
d211eddb13f1e3fd1719fe16441f16db00042f221607f0110d1b181a12fae214
030ff1121d25f73ef4f408eaeb2dfa0d08221ad61b22f5d932e417f902e21710
fb1c0cf7fcf12df6e4eaf103dce72a12e1bde2de07e7111ae217eef033f30042
de2dc31f1c13ee23e1f306e0f9fa1b19e6332100f40edbf2e8fa0c0edce6ed00
e94505382c1f1bd0effac81a31cf144b0cddea2324e320132af41c28041d12c6
e1dccb06fffa1af3ea1535fad2d004180ebbe33441bae200f90ffceddbf8ddee
02221ef5ed0527fe1004def2e2fd0a110003f0fa2edd0510d9d2eff6071b1f39
1c0adef112fccc1e3a0b36fedf29faff1ce8213c132df1e0dbd7f7170af8ecf1
3e0ceaeae70b34d6ec0b0505f710bcf61d2b1e0a1e1c22d5f1f1f0d1e3260018
0e2508f10fea0a1bebe7f7d3fdeb0b0905fbfeea160fcb0f12cf00ffd2ea05fd
d0e9ee36fdeaeef3e4ebf0d02d1209eff8e30ff809fe18ea032613e00ddd08ba
fdfe0df1edfc0ec4ecf23bfd22ef273a3e1d17e3df1d25ebf6db0d3e27071d04
07152015f3e1d70f0afd13fd13f2c0c5fa1017e9e00c16e9ecf4d620d8f4e20f
fa0ed1fdccd9f717fdbaf7ee0132f1032a231b0ff7110e0a0a0f0010114af4e6
e900ece4f8ff050aefc1f60af0022ef4e4020f0e1e2adbf7ec09d7f5c0d6d30c
2cf4210fdf17ee04fdfdfbe7ceebdff4f310fdebf201f412f5d114e226f3f306
1ff9fcf4d41e05f9f62cf5e6e80122c9153016ea12f603d8f3eb09f102fdf034
2ee6e60a09c9f6dcf8ecffd8f2ea19e35437f7dd081c20040f321d0afc01282b
15e3040e0809ed0ffae609333aed011336e90927ff0ffd44d3180d2e1efa07fd
011be208fdf007f0ecec350e12ef092ed9e905fb0f2109e62afae41e0c14effa
2ad9fe23eaf6e1fdf1dbfe022ec5ecd709f813050ce11e05fe08eb0f29f6dbd3
ebfc010fd90a060509cf0bcc1e0a310cf413f5f8e2e30f0b1003eb28f61aebcf
f905fc12fc09e3e80506c6e3ecd93f1ef307ffe61314eefef8fcfccbe3f832e5
e0240cf403d214dbf1dc040df138f2cd1efa0ce0031b26f3ef00fee5d00230f0
451b1bfcfb09da07f5f9eb4b232525071a171b0ed90f0de8210e3ff8091bd9f5
1ce52c0900c9ed15ecf2050a2e3032d627ce1b1015b910fc112822f8011c01ef
0bf125181d03f0f526ef0feff45625f7ff081cd9f8fa2017f4fd0cfcfb0fe7e3
0dd2f1eb0b160ef1e42706f22ae7fae008351b05e506f1370b01ff17f7e2e8fa
d8cbda3315e1ff21fbdeee1c26d4e703eb23efef0c2a00f51415ea1cf8f92201
f0e4d90d36f1010ced0ee6ee07d8e6010bea27e9d405d2d754f1ec110c2b11e1
ff17f7e1d4c31ac90616311208de0009d9f5f0fef625ec2021f31dfbfa160ed7
dbe801c5fb1efadcf1ee19f7d222020001fe19033c0a31fdfcf7b00ab6d21726
f31103052f040e03e5df00fc282e0415150820ebf7100012e8041903fdd6dd05
0f36052be400f11231ea0be43214313bf7f8fe18f1f2154400e208e7da072006
06ecf8ed001a2111ee01daf6f61a20fa2810e6dc22f922edddda1a3701f3de11
e22d0e0900cb0fcdfbe7f512051a040eeacd12e4f1e3db29f51cf7d214eef40c
fde5e2e8f5dedc0d0d001cf214210c0807f307cdf0edf94af006180d0445e1f2
f9bd1ee21e15310624fa1c042aed07f8141fd009f3fefddcecd5e7140f15c602
02320fda3800f83111d3d0f803deed0a042f1b0d2518ef5ef0221419e011fae4
c71820e81740dd0d26f8020fde272048f307fa12e50cfcfb20ee280918f6e2fe
d6f116f9180a11151012c214120e28ea140df5ed11e0f91104f90e2526fa1223
d70f1012f7f3e2d6c507100dfcaff30dd4e704e4051bdff7d90ff5e700e6faf0
1def0d1cf8e2ee10110312201e14ee2bef071bf1f706e6191023292b2513e501
00e305efbe16f5fa1920f3fc0e1a19fdf9d3e624fb05f9edf2c7010208fddff2
d3f10b05f215dd1ae5030c0106c40ffffe0cf4f727ec30f3c8ffd6e0d8deed02
0deef94e1a23e6f9bcf224fe00ca02061320dc0835cafa0e21f700f0020e1827
0516e727f4cde11d2afb2aecd5d611db2ad7e601f9f9ed0f13ea0b09f70adf12
efe4ce1f23e7fb1b052626dfdc220016e801f7fcb8db0225e218d5bae1ce190c
49f60202d9011ef2e0eb2ae82a00f12bc3eeffe701e9f7df2f01eef3e112cce7
f60215cf04f4fad0fd20e5fb1aec13ff1620f2251e02deeb0115100f230709fc
e23ec8fedf1ff3fb202ff6041ff20c0a16f80012e9ed0730002124dc0efedcea
09d7c6f0e00ff6fe1322041d11e39a0d0df40afd27c112d927e0e0cd28ddf311
0af236f1fbf601feedfa08f6f81e41f9e9fbd800f2e9071d31001e0ddfecfbda
37ee12f324253ddcbc0a1d1c431026e2fe1f0709fb05eb1bfeefecdc0fde2f2a
13ff1b0412e8f50e1202fd240c42d30dfaf5db0ce111fb2bd54412fb0f1ee3f6
1c14ff1ff8081ee704fcf520e835ea22e92ff7fafcf1fa37fbf5f9eae403ecf7
021fbee0f4f6e3ec0910c00cfa10e707e707f79cf7272af6e1e0d9d11adaf54c
e5f00d1c1dd40d210a32f0e305f931f33ce11e08f83af029f6e2daec33e8121a
ed0de40915dd2527ee230bfbd31c10eb2406d5081903d9f105552d141bf2171f
f144ec1b1616f400f007dd0bbd0a00ef2f1efde8161ffe3e4f10f0e416f5c51f
0804e8f7f0dd01f8f412ff23fafad7d5fcf2fd34f13ef30ff6ece400e9c3d1de
0a15ef0e04f223f809f634fdfe2013ec29ea1bdee2dd0f151de8eee1d9c5fefc
f3140718fefd15ec111215e2f71f250deaf004b2f4dc12f704e5f7f21d0d1326
01fbec34f59df4060f29e6f80a15da14d1fcb81001d4ee14ef0dfc4316e91619
0800fa43fcd615eed83000f514041e13e1280208f6f5ff150ff932c3fc3b2626
133bdd31071505100de2030a3515222a16100107d43840251bf418ff2000e9e1
cade00f0d5d223f019fb14e6db01080c0f0af6f7e5f1f4f2110de41716f4080e
1d32c2c4fff5df051ec8e5fd02bb011907ece71fbcedf6bcd6f91400e62403d6
fe1738021315d603f201df06e31fd4f23b070ff2cee912fa0bcd08081dec0815
19e4e023ede01dc8241311fef220001b1e13e6e3fccdf9fdfc240ce508130af6
0ff8eae531e4e8f0d9ffef01dceb301833cf0e02f1fd05e219f3e20613dedfa6
f501f83806481d1f2a17191fe73cfee7020802fbf91601da301cdff70befeaf3
dee10b0fffef01ddbbf3ecf90e0dfbf4e41df405f7c4f40503f7f932110bed09
2409ef0401ea0216d8cdeec5fad210e9d4dd3b0303210405db18f43303f62ad4
dce9ecd92ef9e900fbe7d3eaf7ded81c25d104e7fcddf50738efcd1de113f7b6
3829e5e50717d7012ee9f92c010eff0ef3ccf1defbc41af4c6041afdf501ed04
2eef1300fd2bf1f3dfcb0fce1a290b04e722f9db33eeeb1ef8eff622e417c205
12fa0a10010112e7e610e3050d0ce6b1e02d2928250af000f1ef1e0ffe3ff7fd
0dfbffe9c9c306bff408f3f513ba1aede0d10be1fdf1dbff04082ce1ead93047
2d15f3e6fee3f9dddff01b23dc0ce1f40cff1708eafcf207e8fed8f022e81c02
bceeda0906e7f40f180af0f9190dfb064df4d41705fb1e3cf6110d1dfdf529ff
dedef80dfb2c1936e0d8dbfb1eeadce32910290ae03e00130ee40d18e70ce41b
14e817fc04effd20d411c9d725f51ef925e0f5f819fb0015fb13e9091bdad8fe
02fe4107ef0e0b18253c3c3423fd25ee04fdda2a360b013711e4fc00e1ff1ce9
ec020b08e3e533cc0019f3da16e118e61f32d5220bd7d414eff52622d010ee2d
f8e9031f074a06c5172203f2bbd1fdf0e2311a1d1cc7cbecf8042824c3fa28e5
17f40de0db00ee0f1ce30607e6fce2c1dce81ce9ff331a20ef2adbe0e602e211
23002f1800bfbe0c22d82325e4e9191f0d17dcec49fe0a290f0b01e00bda0af9
24fceed806f4e7f603e82b0908fd0b30fd38ed00211b09200cdcfe050bfcfcea
36e035e7ed0e15f4f3014c101afd0217e8060de9f9f6e9ee09fdda2e0a1423f1
3706eff204f1f7d8dbdce911180a03052cf9fff42eff31dd03ebfaebcaf7f3e0
d6df16d408da080b18c90111fe10daedf6dd26210efaf0f714f4d4f2fa1531fb
0f0bf5fb08121613030c34f931d5fd05de0c01f30f11ef182ccef51e1d131228
f1f11cf11b180102feffd2e50cf9c500c50606fb3cdc05eff601151301fef6e9
eb1cf8f7dce918000a145dd6f5f3c3fff3fd0dc6baf3ebf3c7c7060ad204e6ef
bce236f7f11bf9fc1fdb25fd16d4e8d01e15f0ffe9160d09f40ad61101f21afe
03caecfbffd4ebf5fed0f9101505faefdd33ea082cdccc373df13507011c1a29
17e323df122dffce011210e016230cff30220ffde7d706051f38daf609eceb04
0d302d0dfd350d07fb11030bf90bfc11fae41deff9d110f406efeff204eaf6d2
ede10bebbece08f0e304ec06febfea11eae7210500dbf00c23fcf0f90c1edf0e
40eeefeedb16e81f21f912e60e19021eef2107fbf8321a1003203b1ff4161d2e
f4e7f4aa2fe11a11e91c130009c802eaf5fd0905020f03ef37d8fe07fadc2121
b60f11ef011ff5d408f41ed90bf6e80feac9103110211102c70e14081330ebf0
25ec1109102cee5eea0bdcd94d0be0ebf8d4f616f313ede3c5e30bd221b9f90b
f212d2130030f4ece12925c11df61b0806fb05e616d205e33c11fd1314eff80e
22ec0416e60bece7dc3edef7f22c01132107e4edf00fec06e21604c1f0d3cde7
df07072e0f1ef404fdd73de2da2c2a1de11809fec4d7ec0709f70c2112f60c06
d401e0edf805f8d0cbfc13ed0c09f439f4ffffe3fafe0ae201da38f127dc071c
0422dfe0f8ff15e9d2ef0d26b21b04dce417d52013f610e41505ec360820ed00
e8390202d630e9330732e4e524eedde918191ff4190bf413fdd8ec1fdb3313fb
0012eddfdd250b140bd308eaf918f4fcf7ec0d220bcff0323058ece6e5e71a22
1efa0bcf04f1ecd60ff0f112f72e0d261926fff9000a09110e3ed0e0e8df4814
f60f1807efda05ecd4fcf802fe210d06f30af8b6f404f6fded0c0103d022efe8
f0ea0cfe17ec0feff52d2114c81b1c2f081cf719e619f90c371efd0a03022efe
f104fd31022042d0da0f0e480d1930120208cb21dee0100023ecda07f6070cfa
00f4d301f5e6f9ed2802bbcefee31ada00da0917100b0705d6ef0aebeff824ec
0d1e0a161b13fe0bf506f154f5e10cead3e729fc0d6e34cc240fcc05f6290dac
18dc2b121dddff1afd321619efe7f710dfd82cd4f63c0ce9f21207d416f5163c
0906d3f10012f0011a2c0c08dbf5fecaf8ce31ee03f6f3f8ecfb161e22f4e6f9
e7ff25cf14e01412fe220b25084c021af8040e00c2f41c0c0160001ef5270913
fd2be3121d33f52cda12230be40ceed2f0feef05fe2326fbf0f10113b71511fd
24edf916f6221fc5fdc123fdd7d621d73cdd0d2316e4ed073500ed213a00f4ee
07eb314ee21f38f8fe3315f8e5fc241afdfa061b17041a0811fd31fc00e70401
cb080fea0bedf9070616bb1926ee2002f029fd1a062506ca56031e1bef471a1d
f41fd1e608f9fd16f0d20423d914f2faefee08f4e40416d41111dac7f403e41e
f4e5e40529dce3141becd12fd23af032edde07d605f9f7cd0fcddbfc0ed1fc10
d9eb300628ff1c1b0a25f8140c0fffdf37e8060cfee2f005d91d2e041f30fee4
f6e2d7be0df3d6f3ed24d119c02c03ee1821d80efe0bfdf91409dbebfbdee705
dfe6c90b00cefd0b15fbf21ae42315eb1b3c0e1b1a0515f901db1cec26f21ff7
1fef1d1eeae329f529372f0b1a22162705fbec2f00030be0c21905f7390f09fa
df05d3fa19fadf07f6ffd6f5e2eaf5f70b0009c7011b1f1e25df2d33fd4d0dc2
dc0ebae5fd04f6d7e105094320000ff210e8c6e7e2eff7dbc5eadefc01d006db
fcefff2a1503311e0fef11e60b26f4ff18243a1451d3ed082d20ee0b1611eb4e
f5dc113ad9ea05e0d1df0ff42303eaeb0df425fdf91dfc0e20ff2217bef8fb16
0bda28ef2f28fee2eaed1de90a0d360c2fe01ff9c32b1ae2210ffbf703f4f1fc
073436fbf118dd09d93af0020edb2405f8f7fd31191ae7edee1ffc10120df30d
05fb272a11cb451021ddf419fe2301e00ff6d8f5f137ddfdfcf5bfe8b7e82004
e807c60be6feecf3f7f204e6fc04eb0f12eb1dff09f6e12af12bdd0ce7f0f8fc
c32c0ad10e0708d3ed04e326e6f614effd00071309e11e10f42cf9ff011b0ee7
f8fdefdb3810241f302d15310e29330a180aeaf9e0ef19fa35aedff1f2d7e432
27eef0f10e11261a12fcd1162610eee9efe204ee04ea0ad02daac9dd0fede7ff
f5e6f7f6fde8eafbdbc7f5c20beed8161ce70b5016e20be1131be9092610022d
d80cd0ed00d915f4fb172c151010f7ecc7dff1effdde321bbde1e10dd4dc00e4
1ecb06fcef0afd04002608f426e7f212c5daf71a2ee7f411ff0ad6f40cf620eb
04f7d72700d5252af8fbdc0fe33e3af813040b071f35362af93a460be6001f04
fd27051d23caec29ead21dd3ddc2d9e802040810150ce81bd63709ccf421cd2c
1809fc21eddbea15f2f233e808cbdf59e5040605fc17fb18eef019c1ee2344f7
fd22192ff233ffea2ada0a00190af1000b6123ed2d09d9271112ffcdedfe15fd
def5fe20ffdddb0f05e7b3f0c8060712e83affc2dcf1de14f03321f7fcf2df05
170bf809120defe30e0c133515e6d1dde9feffe9fdd9d9faed11180de0bee40a
33f223df1910202ab9ff1af2b4ea02f31e1cdff93a2d07f518dcc717051d0be5
2c0cf80712f30413eeb9eaede2e0f7052029f5f3c50405fbcc39471afac3e5f9
11eeef17fd30fee7e4fff8e541e0d804b106f40115ea31f7ed06e611103b2bf8
fdfa2900d704d7fff819ff1ceef30509e73223f1d517d52cf8f83116dd18f7d9
09fab3f4fadbe3f6250718f0ce020202f11ddcd717f70a1affd6ef0b0de9d901
1104cc03eefd2b071df3b303f50914c6e727e2fd062f051207f30cf83517fb10
2ebf33e301f11d10da1c3ceac40b0bdb06f1ae161f1efb040c24e7f803eb21fc
1d01e4eb08e5c2c5dfe726110be30413060c1aede71bfacdec12f0c4e5da1eff
2bd8e9b1f4f4bafaeff4e0efca0acdf4ddfe1b15d4fc15d205040501ddeaeaed
07ea1df6ea1c13fbf1e28de0d506072ce1220c1a0feb10f15d13f4e301f10915
f0fd15dfe71d1cf911f5dc050e16ff2e09133ff510f5fa0bfe08fb110915e201
31190c35f302edc907fb011f0ff91c0714dff3ee0b290b1f220919ef030ffae3
f81c1f0b040e25f13605eb0eee140d3711fa0e1b021ac7cd2fffdcc8e315f50a
f73916fceff7eede04f23228d8fd06c815bdee10eaea28060f1be2fdf4d9c890
15130ae9f733dd1a1a0f220014fce4f8163339fe21ddf222e70716061a04f501
071ef2ee3d18eb17fea0f5f603ca0edade20b8ef15fe1cd5add7e7e1fc09d9e5
efc601210201f523afebee1c0f06f7dc3a13faed0a1b071c300ecae51cfcf8fa
38f90e2beefeec140a0510f63203f71c0221450e181d0eb3e3efcd2d0d0011d5
1beeba124ceaf31714f3da030efa1f041015f80d2e2b0511f0f730f12d2019ea
1bda0d07e2d8f4f8cbf5e8141a1feffcd6c19feefa16170ff80cfe1fc70c30f2
faf3c0ff0318202e101fec15042ae6f12b1cea02053a263602113edb0221fb23
fb2917cbb4dde0c4f80bd9da06e902fae90b15fd200c0de8d8f1d53110eb02f3
0e0a43320a1d3bf5e7b9e2072c20160004ecea02f6c6b9f7ef0122d5c1d3dff0
17d60e11da19fbf3f7f303efe1f2210cec341d0ff7f90affee1b29fd00d6f1d0
28ef05fdc3e4e7f21609f32f0a1204f403f3c24ae3eee418fa0f09f11cedf2ea
cbe62a2123081af90cd7f6040fe9e31aebd9b5bee9d60eddef0e2113170f0708
e02a06f5f5e6f8e342dd3ee70013f5efe404abce0411fbc5e4ce17ed05b60bd0
cb17f0140824dd0ccf1f32ad2f01f327d4ffe1e8f0f03735120ee81d04142d22
f7114d14df01ffeee62f2d0d21272533e63cfba8f422bd033722f5f0bff3ec01
df1ff830f1f228eeedc7fe0cbc3e0f44f206c604e906f214d7f8d7f030d0e207
21c53804f9f3dc011f2000f303ed12fa15020f1104d6f61d1d092c2c02e20f0d
e7e73dccf0ed061d2e0847e70c0918f215fffbf00dcc07082def0f281408ede0
222227f1150100d5dc11e32df8cd0fd43b2113f619de29f2f0f9171f091bde12
0fe800d1332cec09f4130cdeeae5311d0e1904263a00212706f7e743f413081a
f310ff03d0fb01e002e8ef05efd2cb0609dee1cdf3f710faeaffd406090df1bf
cb1efef4efe7f9e416ec07e322e1e3f739e7e9170bf01a0405f81edd2c010904
291611f01df41532eb2f06f7af1ac4f6f2ec2016223416f90041eee6ce20f029
f80fe0f3f8f00314e50ffa19f0cde51e0a0c23fb39efe605ef1a1ef324fc03ef
03ec0bf6fa0b15f6eeead518f4f23526b5f42ee217e4fd1ffccde1140e03e00a
22d221121107f8dde20727fcc9f5cfdd22eec8251f12b125eb0a021cfbefcf1b
0c0a02f627f5f903f21d090fe4f0080f241cb9d8f412100c03f40f0b1c0ac4d1
ba1bd1de04f101f619a4de0bff0ef1f5f0d8eb2518e81610e6ddfefde5f1081e
f414e9080314f32e100002dd261cef034520ff0cf1010c2502041af100c637fd
eb400f01080bf6cd020836e405fcef1e0fdb52fa04f01a0af361e3272d0937e2
0f0a08f2e7061f02fbe3f01bbef0f3fcbbc60619fc041c05fc134721f71cfefe
ed32eef0f3ddf30ce5331e0b0b0bf0c5f7041315ea15c1e7e9f3eeebdf1e2407
0f1924ea07e413f2f6c4fc02e82f17fa1af0e13513351705e80f1c33edf9eb1b
15f007080f1bd6c9da271918e6f3fc0111191cd1e740140df2d3efd5e208fa35
f5f5e81222161b1c421be61c2a0646dcf9f50731f5fbf5f9ff121d16da11031c
00e8f8141703eef302cc3f09e5edf5e1d90403f0e6f3f7f1faf71bdf034a0a06
1bf5361e003d21ea46161822e3412915f3fcf9c4e41711e3e5efddffc708d8fe
faebfde7fc2807ffee27f802f0063ae9f3f5ff21d4f51bdf01e9f0c6f0150d1e
09d82dd90ceeee180efa140b14e5e21e0319b5f1bbe6fb09fa26c725d905d603
e5151603e3e4011e2829e20efcfb300f38fae0f0ee0fd2de22d3f6f8ecd9f0d1
3d2f011ce415ff0712d802f7df2c1c331e01ea03e8c0102408dda9fbec13d0ba
01e3f602be00d3f5f9eeffcbbfd3fc12fc022ef71d17040beaeff41c05faf20f
f1d4fa02e4e0f2f54e2b2f0bf9f520d5ecc703e609f800f3e6f1ebe51c1af703
fcfb2ff80efbfb25ef0bf1ede9d8cf1a0413f8cd0bfbfdd8f4d0dc16e4cde0ea
f905fbddae07f4d5ba2506fcdfe3f60df01911e0300b23daf90417fc1f112cf8
d7e8f3e00f0f002147dbf0f03bf5e6f206381aeee5dbe80847e70cea33fd1414
13f5e402bd08f12001d30816300cd34f20e82c0af3efe43e23f7a6e712f10eeb
fc120b04ea130403fef12b080739321101f9e0e9160ecc000e10fd2bea25ce22
0816f3f2e7f0d6c710e3f2ec24c81eee1201f8313954f902e92212f211e31326
060c201e12e6142efb1f1a09e212ffd302110d17f000e8fadd1f2aff20efece1
f7e5f50dcfea1aed04ea11171511ed31ee0ee3f918f7fbe12de2c4e8262bfbeb
ea36132c1b0a102c211dd7e2002ef8c9df1a0d3324190b000c101f265e3b2327
fb0d3905d304f4f11e03e7e70befe2facf2a0eee0602f706edf529fd1f1e1d1f
21e9e7160d10cb0cfeeac8daeb05201de0e4da28d61915cf0efe0606eb170c52
06d5dc24f819f9f32506fa17faeefec6fd0833ebf0f1ec17053ae3f1cdf2dfde
ffd6eff3def9f32bfde9b63611dbe40020f6d9f8e20fec09d6eef8fe01fb2405
e9d7241cf620040f18eef1f12b14ff1ae405031e0ff317df01ecf8f4320dd70e
0bffdee30501f4c7e009f0fef2c9ee12b6dd2afb1af701fefbebcdf7171fd5e6
d2efd0e62019db07f505ef02e4cd08feb6e7f514f51be9f807dbf1ed0be34bd6
f5fadce900110a0cf8ea06e6162105171bf5b7fc1bbd05eb0cf323eb23092205
28e7f12516f7e4022a1d34c7230611df32f2eaf049e02c0019071aff252ae31e
ef28fae51ed1f60b29da34e726e834fddf0304ed23f10a0813f9d9f3e914f3e8
f7fa0e0e49fe09fc1c080ffb0f001cf72dedeb2e4f010826f2200dc8092ab0c4
1de6fae70ad726183e01fde60306041fd6f4ecff1ddbbb0109d909f609d210fe
dd14fa24bf0ce1e2edf913faee00edd826ea04f323f211010702e7f9f718db03
daf1c6d40110190afa2ce20ae4170f12f6e704cee81b08c7f515f20cd717ec07
e02cb7091dee3cce09bf0ae2e31c090eef22c6f9f1fd06f5e521ff2af534181d
e9e1020357f2e0e0e20d48f6fb0b0bfad50cd9fa4114f9b7f50a0dced0374dfa
f711162bf10114e52ccfe8f614ea09fb161404d604e41922fb34250efee8e30a
0b061c30dff202f125efd408efedd2f8e6f6e31409010819f5e20dcb130aeaf1
300b0ddee8fb131a06f1e4f0fd0fdb0f12ffdaf0d2ffe431fbf8e5d0f1ec03ec
0e2a39eaed09eec3ca0119eedffdf7f9ed1a2feef506da20e11708fedec51006
ee00f8190813efeafbf80a00eeff46f0c7e9ff1df5f012f7f813d6f01fdff71a
3722f43fe5ec29dd05c5cf174a0a29fbf33f17060ffc0dc5f3e60a08fde909cc
02062d19f907fcf1f1221603e1e73df3dbf2f9c02a060131d0300921e1dfdfed
bcfa232b0521f713e411091bf912f32505f1faf70d0d141906dbffcdf20cdece
2025f90dfafcde23fe24161b312804c20a0deebed9233dfce8f7f1cfed00ec1b
050cf91e14181334f8c11efdf2d3d9ff070653fb01493105e63e0250fd12da03
360a021b2e1b0944e2241525032be507eff70747f0de0f062dd208f405fdfee4
07ccc6f4f2cb090f31fafe25c90af80732c70af9c2e1faf00719f30b05f70fe2
291a200e27fe162de401e1d5f1fc1416052c11dee2f61bffe7e219e71c23fc49
44da13f826f1da214128ea3a050f0e20db1d2d0cf21dfcd300fee5e025f74434
f7f1f70d35ee2a07ceee1225141b0910142d1af04bead20e38144e0a45f325f1
0d21f9f50f32fe22122fff072a16f6e0e007ff0d21f10a1f15f84e3f0a1a09f5
f50edeec1402f1ebf21cf2e0feaf28d807d41b0cfa1d00f7f40b0202ec18d2f7
f3dafdebf2f60cfde1da1eedf019cbf140fb1d3cf4f9ea231509d8f5e510f0ff
09efd1f6ebcd1affe80df7f6d3ead80bf81c2c37f6ddf40aeff601f44ee9fdda
dc0210d90707fe07fd1fffeb08c9e40f06fc26f135f222fad103e505100b1911
fffe0b00dbf3ff0ef4fe57f222f9fa11e623f508dc0bfed4eef4ecfbe0dbe3c6
0cedf5dd0617e41ed4f0f7fdd0f829fe01f0f808cdeabed10ed2faec03bae311
fff2e9f825341608f322fe24ff39fcfd0ecef445ead404fbf805d01be62001f5
daf2fc0006dbe4171a0c28041000e6fdefd5d63325da0a100209f2f0f50608e7
d42700f9f81b0115161b03e81af909f2d4e00dd618fa24f6eef11c17e2093805
32fb37ff0df70be7fbe1e2e60de728fc1e021e0cdbf842c9febfe51619e20ddc
f1fbe829fdf416040fe5d6ff0ad80de713da2de4feff3811ffdf0d0101fef5fe
3111120e082b13e1e4ef210bf721d51ceee5f50626e702100ef5fbbb19bbb208
fe2af13602ffef0847f3f3edf8ee17b0240e1af1de17fcf7fc0ed14502e80aed
f5f92aefebe2fcd5f30fef0c2bfef50108ca0cf7f60fe70bdfc3fbebfbfb1bf7
fb001a0d0b192a1714fbee17e7fc290affdb0424ff24ea31ef09f0e30cf9ed1e
f807dc33f80a15e31ae8310304e8e11a0e0116f61023e4fe1300f6eafb004cf4
1b19e60b0807ff20eb2ffcfc160f2d1603ca00bfeafe2df30907e2eb26ee0f0a
13fb04f5eaf7f8fee9fe0af8fcfb1212ddfbf0ecfb0ffad20b02e1f8ed281116
03220c18e5efeefee1e8f90ed3d3f0e0ca05fffefe18e2ff06d10cfd14e223fd
f641f1e6d90df41b070136dd17ddf127181417f50518fac8f3eef9dbe1dcfa09
e132ebe0f22bed1eecd8133f21dbe7da1ef311da1000f82bd4f3fbdb010afa1c
1102deb5e418ebf4defbf6feea49e70bdb05f7d10fd915110604f04ff7ec0f31
16ee1cf00f05f30ed9c9ef010714e5ed1bcf02bc03f1f3e4f2df11f8fb0edf21
15db00f3f618d9ebedbcf8261904d925e0112614eaed131dfa2935f10502e3d2
0ce7e8071707d8070af806f2ed05f4161211241a14f1d0e6e61f2ee90244f834
f317df2412fe1cea2dd814ecc41db4d53c3112e718d3dc16f3ff14fcdcf4ff27
f20dee5213f30c0e2600112abbd4f13cefe71ef80bebfb50f0111609e83ae60b
21f0e51bef041ef3f8f216111c16ed19e24202180b05f8e2292ebfdd0a03e5d7
1300efb2cff2fae813092aeed4e702eedcf2f2e2dd030406312216df0240e41d
23e7f52408de0ed7f8f514d548e6e2315422001b16e3eff7cff5eeffdef7f4f0
2405df28fbf7ebe7fb233818ff062711ee1afd0a0dec2137131309ce000400e7
cd12fd08c02b09f50b2c100415dd00e13dce26f32de540220106ea0f1e1a23fd
29e1dcf5fc1520e909f4f332f5ed4cf711041c1a2afafe0304e3ff26f106ee21
29effdd6ed26df0e00180c0cec10e31dd610e8fdda30edf2f322e2162727ede2
d509f22526f1f9f5f9ece0fd30ef232c2cdfeae503dfce0a0a0304ed0dcb0729
f6320c1fe51e1e1113fefa05e52429fa0a150a0f0107fc2cf6e125fafb1ce026
fd14d3c3341fc9dcedef0feb21f3d510d7f71125e1f11cf923fe08fbd2c11fee
073209c720e9f1d2f817fbe3ff04ecf9f2e7f4e4f3d103ac0807db1dc5ecf5f3
e811f8dce3ce22080de0dc31e7fcefb90edf26f4eb190adb00dee10103e0d229
19faeff9c1fcfd011801e9e3c7fd250011ffea4600ee001903f612fa2bf006e0
2cef1552f120f8e90c0302dece0305fb1bd415eb16ef28f823df0a0c201b15db
d2f10eff2f08cde50e0aeadcedefe8090b07f1f203131328e5f4f1093f47f5ea
3dfc1326e6e60a3b013e1412ec26cbf603e21129ff0c3d00c907d4d4072506e2
f0cfffee1406e7ffc8fb05100624baec0df3e5f60a1503df120bcbe5fef120df
0200eff110fa0b05d9fef9d4270107fa02fdf32202ec391e1328102ef711e2ed
00271efa30ecf7201d103bff0a0732e5e1f9f908feedf8ee2705f708e21e01ea
f5f902e0f8e7edfe171f001f1406d42f02ee235820141d17fbe2c9f4f1df17fc
e80ec1f8e20428d21720d91cf2f150fdf5fbf9cde4d4f9e5fa06e6fdcf08f500
da1810f7074911f3112d06e7f3ed0e3af7d407f80beef414f40d14030a13211a
ef0c0708e91abf12f601ca1e431f0de2e6f40ac5e330f72a2b121cc7ffd2dffc
133efff31b0fda10281a06201b450ae12a164209d8031a23dc232e122110011d
edf3ea0a0606e423f6f00ce906dcfe0235e9fbeb2df5dee657e21310e8e3fdfa
2c09f7f7d91a2a0a10072af330f3124500c11e441be2e224f00923d322ce1908
3904ec14f8fbf9e523e8fef1e923180cd5fa07f62a2f23d20efd0bf5050f0e04
f80af818fff9100815bdf20f42ffff04e62defd914f2e52dc710fafef2381cee
f01219152b251c001ae6fa2d29dcfe0b1b0c04aff7f9f7dac9320f352e0c1df2
eaedf013f7ebdae8fedf14021de533f6f52100d01300f80703fff21be2030a17
d7ebcbe20de0290303e7ec47fdf013f8e8171509cf101f210f1af5d31cf8ffdd
4117ee0cfc19e7ca07022311f334071302e91d0538f34508e010171fdcde150d
20060a0bd70a0dc3e2fdc602e3f92ef2ee21fcd6fa0de1fec5f1f8cce3f2e215
1025ba270a190710f102e1e229ffef29f0f9ed1025fe08fbfa1704f3cfe02216
d5f31214d3e822fc010f20171cf3091f17d5edee28030aec1a070a1dc9fffd16
261b2bebc7270b07be00f1e41f102527ee32101531d20003e509f10513e13af1
ff173226fd2307f40118fae92309fc01410eea0a3909251b03f62cd92b4002cf
e9d62bd3e8fbff000439eae309e8fbafdfe3fb2ff8b3ffea0604ccf30cecb20a
1d21e20ffbf71c0a0a5314f20cf401eed6150dda3deddaf3ffc4e902faee0835
630efc0be70b1303f6071505fec830f4f40cf5edf42dca01e1e8f91f2e67dbe3
f901f20afeffccfb1212fe09e11a11f9121cfef13e0fe918ee0f29f122051f03
eb1f32ca26e9e214f9d4db13244bebda29efe733e1fb05d712d21ed700e7f9e9
03f2202913e9d1f8d60dfe101c05c8fadd10ffc8211aed2cd0b8f6eeecfbf1f9
0a1d0d19e4c10eebf101d121f5e9f5dde00aede70007031dded9032c0bf80105
ecde1ae3fa10fcd1e832f2d91c0d1c0c002afe0906da25f203f50f24ecc6f5fd
dceb0cdaf2faf0f149da0dd81ce71a271b1e2d1d0afb1932fefaf0e6271e0f25
f5150b0b17ffee250b3c06e12f15fa0c1818ed1c161708ec2b0b3d07f6ffddf0
0317e4100e1826f5c7f00b250dfccee2e812bb0afe20eed0e5e4f4f51dc6f4de
1b19d8f7faf50001f2d1d5fcc6eeecefdd1420e41bd5020a0800c8cf11faed06
241f1cfcd5fc0209c5eb14fdd8cf191a1bf4201ff83bf704d5fe15f6d3330628
0408fd0d040cdde30bd9eee0f4daf3120e0504f128f6eff50d26092be5f508ef
32fbe60bf336190912d931fc010bdee7f7edf611e2d91fd4233505fc0eec2815
f9e4cf090ff811f815fc1e32fdf2381329f9fdb71f1805e20e170c140fe606e7
eaf83cfbd9121b3e110c24140520001a0ef5cd08ccf1ef0012d6e5f0f1e9e531
090b1bfff920ee0f08fa2812c111f6d7f333e829e8ecf305200c2aebe0e5fb10
c7d7faeaf607fe0fc8f1e2e1012e1bb6fbfb0ee7fadd10daf7fa102be0e61bf8
2a020b05c9ef17eb12e12a29180bec05ecfcfb1202f1e6eeea06d92606f2ca0c
fff10210f5eed524ec1b331afb130df70601b30ee606e0f801ff230afbdf00fe
caea10e11d0fe7130b25f3f2ebfddffcec16051af61306fa13282a0beb0e00fe
ea0402fa3022ec0700d431fc061ec9f707d2e6fff1f5de00e7c2bcc5e90ed417
2fff0a2720f8f51225f6f809ea122600adc007d7eee5f5dae4061304dfe913e2
e6db0428f9b9fe000119f5b6e9d309e923efe7e70f15f41634f4ff1ddb250412
ccf2ffed2af521fef9d407e3f9fe12ddf0ee2cf1f9170f03ebf7fd1cf7232ce6
120a0810230609e30502f9f5e0023708170c0249e3d90edf0b2bfe29e7e7fe1c
0c00e20a010d1e0118fffdf41cf0db25f237d300181d151510f5234b10f611e3
f0dffe2904e70109df0ceeebe9e6070f151af211ddf6ef16eadb0df0164709f0
0003d80f1b10d5002416190024d51809f9f80a110eee0f230314c2ffd0140dd6
1b0803eb2035fe16302710ed36d11003c41313fee82efbd7dded04ece8ffedfc
dcdff8d1a32c141a00c31250b228131625c6e9f6200619f91a4f042700ee1516
eff5fd03413c110a16fb1216d7153cebcff7110726ceda063b34eb1250062528
0aee0b01f530db060f20d1f2dd1a0b39280b14cc1beffff7f532faf30117f62e
252ae72fd2f94df5ed400b0a331a0de500e6f2f1e203da042314c2e206e01123
081ff8f4db181bb335e7100022e6fd171c0bda0be7daf11702f00d1dd408f713
f6291ce7facff6ff1104b8fa0327f8219f17eff3f7f72e1c040afe092d22d8e8
cb12ffebeaeffaf9f511fbd8f3e8eee9ef010ac5f006f317e2e214dd31f0f9f4
f3d615d22132ef05c2e4f5bee2051ef421eaf623090f00ecf7dc0d0b093ff6f2
e7c8f70717f5ffdfbad50919ecee230022cf07e9fef8f523ea31daffce0c29b6
1bedf1fbf80d21f4e3ff00f9f105d322fad00afd2d29c231c7ea3135030837ef
03f31cf525ff02d6064d0ce5110cf211242c1519f2200312e0e8fbff08e5f90b
f0dfed0f361f24e31b1f1bd4211519110ce4e0f038fef7f5cdf9062af1f5ea31
eb01cafae3e8150308e1e8e9f7eed00813c8faf6bc0e1506f202ee062ee5f0de
d1e7e6d821db40140e11f4e6f1fe0afee3090c0413e6f7f9050eb9e602f5ebef
c2f805f73ce602cff5d5eb091bd60317ec0218df00ecd11c09eadab81ffd29eb
facb1ff61402e4df171c1bfd2e1012e720fbf6dc111afdfe1b2cf7ed14d906fb
4ef806090afd2f0bef46331b1818eff70cf2e8f3e1fcc10100f923f814f4fa31
fde7ec35ddee2afe0c172b04dbf900f60ce8eff71e0f091019262606d2ef32f9
fde7e0dfee4bf2310528e800fc28e1dee1060c3ed708e914eff8e2ec071701ee
16fa181903faec26e1e62303bfef1ac620f2f811f01fe81011faf622ed30e0f6
01fd1602b0cb0b02140a051613032eecb612260d320c3dcb2c27f018e7fdfdd4
0007f109defd06df3d2af6001a1b1917f8ffffd618f8380e34fc03cd14fe16e2
fd2211fbfadf36dcc6ebdc1bf7e8ea15feeee1d9efc7ed0f2ff7f0ecfca30e00
05271b371316fd1013fd04f715e9e9fe0e0b3b25d62b10ef150415dfefded6fa
24ec17f10601f8092e29ffe700e1143d1df2f516ea10033409da27d90e1408e4
2c1214de0ae61823f603121bd91cf30d05ff0de7ebd6bff5f3cefc10f1e70c16
e70b2715e9e523e10af206ed140ef61d1f09ee193a19cd5004cdff10e420ed2a
f8eaec370701edfb270f290a07260c1d2bfef01a0ae7f62aeadefff919ddb90a
f713043cdd0310ebe103f7381adfc718c8cfe1e6b73402fdebc707ddd6b7f612
e205370c1b17f81f0726022300e00bfd0303f9fa0ffe04d8f31102ef26fc1c07
34271414ef0b19e40f08fb090333fa2aecff01f3f7f109f703f7f1281be7040e
03d113d6101d13e1d60a13f4dd24fafaf51505e4ef0308d2f7402dfcf8d4e00f
da06f9efdbfc1be205e9c91db4f514fc161feb1cff44cfebe1f5fee0e6dd1d06
1f06f707e816ecfdd4b8dc05e5f538f6fb0014208cf004cdffcd1101090fdcf4
e3e7ef1eff09c6f3f6d8002bde1bf8ee19d819dedc0c3af41207ebeceb09f3f0
eaef05fd0f0fcff3e9fce1fe2b04e3dfdb10fef600fd0f0e1cbd06ff0903cbf2
f420f409bf0cf80ef4db0817e6dfe80afd11010010ecf80700050e0bfa260ce2
f5f7131e27122205ded70b23efe40cf9d9f8f701f1def4ddfbd9ee0ce3ecccea
15e9dfc11ef2e118360fd0faf40b0302f90913ecd1dfd4ff0afee1defc09ffba
f9f62cf8f8220140d8f510f229f80bec0ff90a1bfee70de21206f1261be402ef
d6060300130df80806f8e9ebde0213b91905e4f0e8b9cefd1cd7deebe41dee0e
ecd9ec022d05f410292cebf8cffd0deaf51de330f42ded4d36150c07292640fa
370ffafee60ce105183cde0a0f1f010c2a18e3ff38df33f8ece60afa2afe0be4
032d121c00ea021fef12effcfd0322fcfdd843ede8fdeb28173de805db142016
07071e280a1700fdeee211cbfef50de8cb1819d50308fef7dcf6f9fe3408d8b9
38e0e8fd21e2092ffe1c0c1f1c180a131d1d0d100d40d40131f8de020c0ef2cb
dbf5ee06f21f0a08e20becd3fbf1f3f305ecffdfe726db03fa08ed00e1100919
21fe26fb40e82b203021160512401419e2f5f009f6e6e7ed11311014f7202ee3
fbfef2f5e2ef0af6fd190fedebe800fe112809d70a17f6e6f122d70c29070fe8
ea2507fff2feef1a06e3ef1f28191231f0f2e925eee8fe06d115e9ff02e6cb03
f005e00518e4c613f8e7f509fdf3eacde8ff1af80d091bfcdfeef6e8e0efd0e3
04250d1816f61ee613f1bbe4ecec18f3e3d4060bd9ec22e1f80015f5071aebfa
32f90b15d0f0fdf8113ff514f81bcdfbe2f031e41c2cf10f18e120091d15da0b
ebeb09c90423040fe1050ddc07e30232da09cad1b8e6ecf9ecf91fcd1310f918
e51b06fbd703eef4f60efff2eb02f018fe17ffe2eaf21912e007e80f0c44ef2d
d1d7ef26f5dcff1b130cfbbbd20bbf050f1e1f29cee703fbc5a9e0e815f2e025
f419dad8f418df04c8e201ec1fdf06a7e6dd3100dbe9f1e9e5ebf4ebcbfe130f
d0fdf8faf6f3ddf7ee1ac03a1bf81614d010080527f3d606140e201dfb0a1a0a
220c0d151b0b17292d0c3414230923f8ff2af70de9240b0c0d060be2f303edfc
48f3f4f61cdd003c4be8051120fbf31d062d33e80be006cffefd02ceeaf3daff
0ee6ec0a18ff0110f3112704f804fc04e9bd30f3e5170df1353acc27dde4fd28
ea01fe310dc0e3fa051b160cc7ff62edeb040ceb18eb443ff20e091cf9f7f71d
142edb27fedb0cfe2be1f53d0634030af83500cd1afeefd8dcf91f08e6f9d216
0cdf27dec0daecd21be4e8e7fbf91ff70912e3e806071ad42a01f1f0f8061608
fc05c3242ef5dd201def07140ae3f804461e0cfa06f519fa00d2e11117ee1dfb
0b2df61e0c2d111232fafde5fcdd29e6ff1b25f1121100ffe72f111bd9f31f09
310c051bf4defae312ea0603ee1ef11e0dcce924f20821020436d6feedcf08ef
04ee2a21ff16022619eefa20213af7f3d80a00d608f7fa16241c0dea16e7d712
fcf6b706ca14bbf9e2e9f73cfdf1edf80c3dcc20ff30f313ed14f6e4ef030b11
001ef8ee114001f209f10b1f1c030af800d8fbfce6ff06fee2020e2cf92103fb
f01e05f2ea09340be7d9171cf5e9dd1b0dc2db00f633181af0e9c6e020ce08d8
11bdebfbea2811c4e6b922fde217d123ef050c151d14ee140bedf80a0d1130df
14f4ccedf912ee1101fdf6ed0712f6ee301af6dbf4edebf7210801fa0cdf36ea
e223faf2dfb5e4020533ea20f7fc06110c0b04ddff301be119211dd6f3ff1e13
d7f81401ebcdf3df13fdf420f50320ff19e6ed0412f0ec0dfa140fdf131f1ee8
15011531043d17480f29220a252d0609f12501e003fb154c11f311084a14e81d
12e9ba160ce60e281206fed202cdf11cf0dbf8dfd512141802cb1deffec6f1ef
f1d5dcf716ec0ed9f02836e40005f61b05e22c2115eb2711033209eb09dae531
d42af90de8ea2927200302f70ffdf743dfe207f723f1f6ed05c5efec17271403
1639ceca36211b00c8cdc9ef03fa01fd150433f31bde13e602f84209181c2f19
101b2ee1fb250e08baf6111bfdf534fc1ef30b22eff4c81b0cfae9ea0afb00e3
0316e20b03e9c1fd0efa151b0af7ee10120bf81619fc0f1c0b090307140c15db
ee11fbe0f82612b93bd8fd14d1f0f2e7bf17ee13f0f80e0b0c14f501bce4fff2
040828fbe738eee7bef8f0e8152011e2181221edf1f7edfb3402dbeaf4f5db25
28f1f9f0f002dddffcd7e1ffea08fe24142ef5fd240021ddf4fd31e5ec09deea
2ae3fde11b10e300ef031ae8fc1814fe080c1c0dfedfdeed18140640e6f20611
2d1324e828ea12f5fb0720151afb12e620d4e42b150e34ccdbdff7d203081c05
040cde2f1104d702d5fa09e11d140ce61910131f0533e5f2e9f455f21f0f04d8
0004024001f2f513e3f02af2d7f2082f0508e70fe3d2f519ff1338fc092100ef
1ae6c2024cd128f50e1a251e1f1d15e9d6f02dd6f4022acaf51fcdd30ec7e9e8
d2fa17c5001d29ed2a291607e6031b05fee61e32321726d7f41122e825ced3ff
c0defff8f420072009111ce707e50aedfce918cf06eeee010f21f8ee0c13050e
2a3423edf4cf1c3b1df9e2ec30ff090cd207120ef622ddf8fbd316effad6ea13
f21fdc0b11f90bf5f9260c260cf50ee6d9f611db01e605ff1a3eedf8f01d1f2e
fd3d0d13e0212606eb01240cf5fbcbce0c29fc1df80a1ef5c3ff0a05fffee2ce
f410db13c91f12ea15f5eccce9f93712122f04093d1621ff0e3ac8d6fc3f15d9
0231e047fb24f31f5b0210d410421f06c91412ee37ce13ed2ee41df4f904d62b
0bfada0ed100f109e8d92af510e8ef26201dc4e8eefc0df0f613f922f5bce818
0edefb0b0411e500f2eee3201b06263ef20918cdf106161c1328f431eac2f507
e901f9343719b1cd08ef0f151ff30ff2ef0af71de421e4100dfd18f8de3a19fe
010ff6fb0bf71800f4eadadc00c7eaf8f6f7ff010bf71709140b1e0df933f100
e6fcf8fbf30d1ffb2812e6dafe170f10e91013e81ac4df0ffb09fbe013cfd2f4
de03ccf612fb1616210fe9f10bc21ed7faebed1906b5f61ec4fbfb1bc4dafcfc
051705fa04181b0506dbfa001d051c11eb02cc04edf8ed20da19fd2b0a0b04bf
fd20c90e2c2408e2ffe4b6e0fa052ac3d301050de8090316bec926eaf0d02113
1e4c060f16d2fcee1015291b09162bf907e9e8e800d529ff16170dff041b2afe
fbf10501dc23f30402eff6fc19010d0dfdf60bf3302122f90ad72a211124030e
26d513eeea1af9f6f4171908163106fff1edea0efaf1c7f81b08ec25ef03e8fd
cffa0bfee220cf24d3b6c7f207f1edc7c2d90dfdf1f615ec1cd6b5ecf1fffad1
302bf1131df2e33d1427f9072d15200b100c32010ce6ee10eb0b05fec33820cc
e9e92326341cf90a09f116eff71ec7d6100ced4a082101f213ef0525f700fef4
d5201827eaeffc0c1ef013fd120c22d943e6f1272521de1236021effebf5fcdd
2411130fd4381cfdf91fedf5301aeb0dfadc09f5f4fe22ffe0e4e629f5f8fb04
060924f1f8423505e7deea00ebdbf7d4dfcc08faf90fce22ecfdeafcdbf9cfd3
fcfc00c8e1be04fdebfa14f6beffedf400fcf33e11d509d5ec1708b704ed04f4
feb9e4c608faf0c8fc1ff221d7e8fe15ecf8fb01e2ec12e0defff0ecea08110d
cc2ee320ebd2f205ed061fceed1ee035ffdd13d9f139f5ef2d22bb1ae427e5f4
060fee0bfd1c0a01f530fc07f4f514f6fcdfd806f7f226f2fd13f4fcfc0cc817
10e72cec1aec0ab2fef2e6c7f286def7ea0a120c190012f4f1f8f12932270417
e301f6f3fb0ee403d10e09faeaf212f917e13cc1ffe30f17d7e0010ef7060a04
f4fcf9fcf11de5f9e91a0839f8fce6ebf3010d02fb13e9d40bf50fe63bec1a3b
ff1f1de9e6fffdeece02eed92bd7f0f30f1d06300bd12bf6e70de6182104fb4c
ec010ff3f2f211e9f1cef7e6f10ef4e01811dc0d1508f004153de61847d1e00f
02e00e63f8e3fbc6dff4f7f01429e4fe00280bfb0dff42e9ece6ebe82b041d37
0e34f90d3004fd3609e3fcd3f8ed18f20c000dea0ef71af31fe229eb02f6eff4
babdfbbd0b0613e2edf2acc503c0f9f506ec1909f3f8f7c50df0dd2afd16e6f3
06c2ff0ce4fae2f7c822100911341c2305de150cd608e9efdd04cf23fdccf605
254cb2fd0224c7fdf808f3e9fe43f9feff1ceefc17fd30f5370de7f7d5eddce0
23ed06260dece03203113a07fc1344fd30e6e4e310130d0426f0f51f2dece400
e208d81f0212ffea270a37fa2505f8fcf316e9f507fe0f01c11611f928d20003
02d135cc09ec3f261d061628da23bff012f91106ed022606f90218e7feed1438
fef4ef1a14ecc0fefa27364929e1e30bfb0f07f005e1f7f8f6ff03f6f6e1dfe7
14c123e31604ff032309011dfac5d7b7021015ef41f3fcf8220a06ef2b5c1613
321a21fe0cf809ea30dfd3ebfdc821ee4414fde20deafd2f13d8e1ed0b01ff1b
f801dcc412eaef132efc04f80d1c11f309abd615efefc8c517e6eb09e2ef09f6
e1f203030a1124fdf333f613f6d42c05dfe7edf310f4ebef27e5fafafe202215
2ef3fbdbf1db0110f41ae8d7d904f4cce20416f120e20228e1e6050a232afe09
ef28cf3deb13cf02060e28ee042e121f1ffb1e1ef3f5fce4f1fa1c351b182810
e42cd7de1d1903cb0318fefc13d7ef1b01460109261e19fd170f0ef8c3eee7e1
ef042118e1041e160c25ebfd023adfe903fbfd09fb22e7f5e41406e617e50cfb
0dd809deed15d411051100d3f3ed0b07edf3fefdfe03e80a380302fe0bc5fdf9
0828de1bcbf3e3ebf30324ee04f5e3fa2de0fb2a1915f4eb1f0f0b40030631f7
2cf9230d011208de1ff2390b00cd130f0002ef9bf8cbf8e2de141af5e1edf60a
18fb0d0f0d3806ecedbc08ecf80c0f0fccde21bfe614e800e122d92c4913e112
48f9f4301eea09bf1618e92b27061415dbd105c3e8e8d5f60d0e0dea16d70de4
154013fddd150214f0fcff1bf3e3f4c2252cdc0409f91ee502f054eff4e5fe16
d5ec41b129f2f60616d9e3f1f907b0d9e619f4f500fb1b2e02f609c1fed8e20c
2225e9f4ff0812e8d3075a2818e7e90b16fc2c050a0203fc1afdfd12e124f63e
23cceb32d51784cafd3b27fb10a9fbe60f2723f0da3c070206dcf70118071348
07be1905d9de090904021aea0162f8ffd933160fed041233d3cef3f9ff0f1812
f5fd26111ac7063817e6f7daf5fe16faf1cbd2e7ffee091e0706eff4c504e801
e7fff3f3d7381df608f832130bcc022c1df8141b18fc2f1702e2e53fd6e6eff7
0207151714160b15f72112f9f80cdcf4152b1707e50af81be40705f71600dcc0
e410c8fcc3f8d402d1fe15e0e84e2e33eed6132316ee29f6e61a0a21d6032ddb
1d3ef32efc1a1817ddcc1a1543ff18080c22f735daf0e502ed062d1f1900f3f9
29ec0007071ff4e1181df5fd0603e713c90718f8ee10ff1bdeecde03b0eded16
aa25bbf415e83906f1f7dc060112f91cccebf6c5e7aef71aec0611e927d7c0fe
50f5dd0d221d2122e61a031bea0cf5f8fb11010af803e406f13c2d0cfa351215
022005280aeaf13e23111009e71b332a1d24f4fbf0f9d112e3feebfde0eff20c
000d38f5080714e20a2a40ff1116103fed011f0d550a042ded0ddd382a02ecdd
ef1e00e71ce3e4e3eae121cb25c72013f1181b3709dbe2fdd2d9e61101d307fc
021ae806e818f7ecf1ba22d6f9042410dcf308e2ebfb22d0030603f825d6e209
02fdfac11a1c25062f0eebe6edfed8e20a02dffe15090bd929f8f40d17e80601
2522191706eae217e406301de8212b1713211439025615f7e2dffb1dd1f511f1
1600dd02f700efda2d18ed2ad9fa01ed2000e807112e00db34262220f9ec2511
3a33e31002df23010002231305d137fd13bd2724f9dcf53bca17b204e40201da
f213ffeceeffe71b06fff2e9dbeac915090405f1e6022cdc1204fc00fcea1603
37e605efe923f8011029054f0efeeae3150df70319ff08e8fb37dff5ed07f6e6
e6080703f4d1fef5fae1d7170802e7e10ff2efbedbe70c090fff20be0e00340c
210a061bfefc28effcf2fc1f26fefcdde7f61018e70aeaf1000623e6ffec070a
2a070ef2f52b10c30720f10ae9210b0bfaff2518100ffff11ee6f13f1af7d2f7
d707d9d7fa0a29f417fd39def0fdc42904040c110dce1420dcdf1d1c02152efd
f9332b260719e9151acb1be9f80733e1afe5e303e3fef4da2c1d053f1f13fcd0
e2f6e42ae71dfdf93123fd0af8170cf9f8edfd24bdfc30f2ee200119e432fc05
3be7d2101611f911ff9aefcc0a0ae5ce13191711c1ad2328f1102ef5f0e8d9f3
0911e5eee61aee190eff026d28eef8d717e6effe0c03d629eae31cf5dcebf32e
16ecfbff3eda5201ef2ecc071705fc14fb131c0cf12f014bf2dedaf71017e6ff
13040beb482af5e9fe301b2a08eaf110bcd219051604eb07e909dbf4cffedb04
10112525e5eefdecf0e6edd824dfd0f61716fa02160deb2205181cfae7d6f0f7
c32fdcf6dcfccd230c01f5eae6de02d90a2a0ce5f43a1000f2f8f50aeee9170a
282cf208d2f7d919e513071e25ef0b28fc10eb0a210218fb1bd5f9fd23cff2ce
13dde90a1cdfd233e6fc210ebcfc19cdd5f2fd06e4fcfd1f022416f0d605e0e8
d212effdeaeafd1ec80809c1fa130ae406ece5feff240502101c1ae7fb10e603
02fcd90af41008bbebeaeee3f4f519eeabd81c27d6f9b1da0b16f3fefa0d07cf
2ccdff16d911f4eedaf30b06e8f70b3ad6031d0131f3041f01e1e0d1d00811e0
f5c8f5fdf70deccbffd8e3b7f101e42616e50ffc38e5e8170217ccfef7fefbfc
ea3026fa09de0a14eeffea16e630daeefd200813f11e22ebe7feffaddf120407
380edb334adc17ff021222121a0ef206c922e0020955ce1522ef04d9f2e4e505
e7ec081b09fff7200a0003f7002f3632ed1416dbec17343a1401070befdddcd6
3e23feebedf6dfe3fdf4daeeffd317eb312e0d1f0b44fbf00c11c9e5fcd90ae7
0dffeb00db0f13272d0ff108ec171ed9fc17f9cedf08d413270b05d608daecff
f3ef04d13228120be0fcbee413f9049cdb0225eed402f4e13bf3052d1a02e5f6
d2f21efbe9f2f312edf0e222dc2b152c0c021122ecf9f02ae4f1ce0f1dd1f111
d02bf438d6043401e6f8e3d6f1c10afa1024e5edec141f0014fe11f5f512da53
eef1141a3a20e8421601e207f31ce415f6dbfff4dcfd1ef710f8fe280b44cffd
1f010f16ecf9181bf13005220a1010d42d0a00df03bf1805e902f21911120e0a
fedce4fddbc64008d0dcedffe30ef7e01ffffaf01b0d05160bfd101b11f31823
d9eeea232b1bfb0cb6ca150e181507eb11de0ce3e6f311e6f90af209080e21ef
e6f0fa1ee2e5f2ed00dbf8bc04f2d1e4dbe9f30fdbf7f0f60de8fab41dece9e8
fdf9c219e5e1f7fbddf1072b0c1227b108f7f5ecda0df806f211eb1beb2b0e04
e4d02fd5ffd9cacefed0d10c240f26ffed1ff61818fd11dc0313070d102112f8
27fa180afeff02dafcf5eadaeb2d102ae704ffed1e17001b12fa080a18f0ddf5
380ffe2cefdb1305260609dcd2f91bff0f0d0cf8f314ffe8fe01030613fc0f13
15e9fc160bd610dbe2130f4bfa27493de4fb03d401d0101c0ceeeef5edeb0411
19eaf0d70ed0fefce0f4f80b4de9fbf201d63bf5f81f29bddb211ee7f710fc56
1ed810f3de02f904f7211001f3e6f6e109e300f4140aff1cfdeb08e318f80af9
e111f1edf807f6102e0d471213ebbbf2f8e0f0ec2cfce3ee1642e4faece1f201
0ccbfde2fdf2f813f1290ebf1ce2e300fd17f9fa3206f400ffeb040ae5f4091e
10e312193d131fdaf31206e520ee3fe811070238f6f5faf5f6f8d419131111c5
07d0390bebea3630dd04d63d1ed60d06ff1201101df025f808011f1dee151b1d
e8cdf8eedee10f19159c0af44a2b2400d810110a0bf611f11af4ffe300eadc00
06daf7e40208e21b10fe34070808db0a2d02f600040af503051cec0d211e1b0a
1c351406183801d50cbf1007ff07030be321fa22d606f11a23ea0628f009b7fd
e4fe0b04e7e21313dcff0bffe61d25c0da1913210ad8f3f01a070a2dec15ff1a
c807c2f514dae0fa0310c803ede6ee02eee8efe7eaf31df70ef3f8dc0bf3f7ff
0dfe2c1ce90212350610f1bee2130a212ee02cd2d31b0f062907192909fd051b
06e1ea2406e410f2e2ed3d16f224f7fdfe29eb1c13e7d906f6ffe22305edfd1d
e9d8d1da3400e1efc8f21107c902dffefef4d0fb0400d8e7f419f504dfddfaf7
0b4016faee26fec9e5f2160ad00ce3de13fbfadbfd3339085f1af8182716f0fc
e62e1a0bebf92b29effc2af5fb4b0330f10babc30e15fcf8d81502c5dbe81d19
ea32dacae5261cff050529fcf812fd0fd7f410050206cefee80038ccf8291605
d23622eb0702f7f1063addebe760072c2a2b65f7e51fe41c112209cbe9e1e9fa
15e6f7e9e916e3dfe2e5260fff182810d2f7d7fff6f5d802eef722070a04fcfb
f323eae80828fcc6e11c11d6f9f8ef05ee121612fcfbf2360211123af1101afb
b8c71cec0c180be4e5f6fffb00d9e2e1e704160df12b0d430a08e2451bf3f12f
00ed0dede9f5fce61eb4151b101d31dfd30212d1c549fb0207bb00e8b0e5e111
e813ece10ecae31e030bdbf103f7f207e510ef1efc121125100a07e8eedf28fc
0539f4afe747fa27f1daeffaf5fce6e3fc17011f0c2dd7f71fd827221d2c2001
e10c29e811f7efeb01dbcb0faff4e40002e4e4f4f9224c20d3f91c0133f606ff
f91b3cd9e5f1f3f4f0e9e6f2f10df1f103ee25f203ff150bc4f3f5ec22f90e02
eec5f3f1fbbc50f7f80af40f0a1a0ef7050e1212fcf9fbe2eede06bcf1e305e5
22d4f7080520e5140bfe2319e715d1093603f231d6e3c6db0bfcf3f4dfc51323
aff7eeffd99b11094005ded610f427e1da1802c5e300f2f502e9f7240df11909
08e12a1f250934070835242425f70729c20731230ff30522e8ed1f0fc0f207ed
16222bd500f409030e4e081024d5f81f0f010dea1efbfa131c0c0bf7541d1c11
092a24fa31c2fdf5241516f917ec0af3142321fad0edcbe20a0b17f60cd9dfe2
0007bd03cb1bf216c0c8380af70be82815c0eefee90730160c0108f52ff4f809
53ef0b02e50d14ee02ee34d9172928e40dc21d1821e325ef18e7f3e8f6103035
ebfcf23011e417e00708faf80c03ef12e3ebeffdfad0dafcf9e00aff06091ec0
fcfb00f5d1e9292e1e11f32f00fbf40a43260afae3fce10722270bf215f4f309
243437e3110fea21e3d30a06035029f5d9f9fc1c2edbfe10e0c7e8f3fe19f5f9
20262fd8dafce6240beef115003f0e29bce2fc0cf4171cfdd9fbb8dc20e4e5e7
d3fdfed81c2def1ef0e8f117d32004df100cf70fe9ed03f00a1acec21a0f0705
30d2fce9d4f1011404d1eddbe3bfd2ea0e17d919ef25df0218020ffa2c2103d9
270bdd100e3326d4e2d71f2710244c1107052a042e1816fb14220ccfceff03c1
3138c910daf2f2e6f906daf21bf6e229f13622d206fd0ef9df0901b700ebbeee
d21e0323221125d215e5b4f2e5ed90052b28f2003b13f4051305e5fe35dc0107
f112bd17dfc9f20718fa20211beefb1526ef0fbff01707d7f1f62cdffb0cbafe
1117d6f3f11207e40ffa161c15b7e70af6fecbb42030fc1203f9dfea18c0d6de
0d010d37bff10c1ae9defb1eee0ae0e03a061219341f0ffff51b16121c01fa11
1a17efcfd1ef110eebcd38270d0ddb0aee0e04ebfc19e5f8010af0fd3bef20d2
fa240e3406f3e615fcc719e1040b1df219fbc3d21602e407ef12f3e014fbf822
070ff23202152bef0e0405dfc220d8f9e04b181dfbf2ef14bd07fa25d1f22e08
d6fde5fe08b814c109f5f1ecf9e092dbf7f319fbec0311d20d2a0e2df9fd04f7
1c22fd013ce231f40f160ffa3322052544ebf1d4f6f9e70cd8c104f6faee15d9
03001ed5fd07f9f3ee231bf8090fef23e9da0926defcde05f9ea0e12d7383ce7
f7f2fa0b0507ec0128fa09ced75ef0e21119ee191721e6e0fe0fff50e9ed3118
e5ebc40006290c36dc0d4b43f238e62948121c0204e6ff030f1fb9081d08ee4a
c616e5f324f2e2e3130df7f6e307e8f90711080703c4fcf412fefefa01004df6
b4f11d03de20d8e70cf2e5271fc6f81904fc252822fb17382f40f7faece22100
c8e125fd25fdef08f5d6cd110cff3f251a2affe8c52d1908e5d50ee5f8e7f21e
2e0b122ff615e30cea330c10fc1010fb2be7020f0c17da17e7053bf5fd37ef08
e1e6fbcde6a004d80ffe0c2bda0bf902f3e8f0d00ee2df0ef912f705cee0fa1f
1e0504dafce320d52cec10f9e117e309c806e4fcf5201415fefbcee7cb2c0dd1
eafdcffbf801fc0ae1e3b829dad4200310f3ccfafa27331420df23103916f32a
2a0a0c2218fee702ec1c1ae3170ff8feca06fcf61110eaf3e11a0c143aea00c8
0af1fd271bf4f2fb225e362e3bee20140319b417fe0ecae90a14251a01d3f71d
2ff80008e3fbf202043efed706fff9131c031815381be1221322e1d71feaf7fc
fa0ee21421ececf103fa0eaff6f1f3ea09fae9dde82df4fd04e4023036f62a02
df1afd06bd0dfa0c1514f8de170efb052cea13f114f218fe232e0007f01b0d30
f41736ff04d72c4604e81204f1211611e8e2130ed8d70eebf7f8c50de0f0d608
f6fee3deccfde3eb01e0f4faefdeff2aff3711ecf90d023412fcf9ed3317eaee
c20eee2d36f0fad5ef0ee714164720061afdd6d61bd90a1902291e18e3060313
fadc0d0c22cff0e7e4dbe82deb1609ea1b30dafe24f10ff406142701fee5fb08
eafddaf31415f9ee2208010aed0beed4e31bda24dfdf00f1db1ff4e2e521f6f8
ec0030e925f10f120d1df0140bcddae521ee541b0a31dd0c030be22905f62408
12ec07ca0fe91808ecfafefd1e0c02c2dcf4ea15ebceccf72108f027f4f7d608
f8ff14fe01ea06222407f6e9ece0cedbe1e8d40ed40b1f150d3516391b1319f2
e2e3f825c9ff021a0cd6edf3e5ceff282bf2112013021607f00922d6fa14dedb
062820ff2f5ff313ef12fde62d07261ff1150714f413faeeddfd0618fe3610f3
25e7111e0a0afb17fb131df7e22603fedbe0a4ffecf60de2de04c41d0effddfc
29edf10f0bf409f90bea12bfe21c1b04ee100f4deb0d260f00f2e30ce4e73a1b
0ff9f4f70a1102d8000c354232e3222c2cf503133c2110bdfde2fbfe07190417
06140905fc36f30cef300901f8ff0509021e1cc3e4fdc21e02f226d9ebfcdc38
0d04eee2dff8e81eb7ec1521400e010ec2dd081b14dd03e705da361b03ff00c6
120bf31218f002091213c5e7f51d133331ff05e334f213010e0dfa450403171a
4503e31cfcf411d934e5fbed08341e0136d104f6f029101900c21feeea0420fb
29cc0f022adf1c07fa092ff411eb42eeedd709f7fc270c02c7250925f1ec431b
e003dced000ef8fd2bf30f1917f7b511041814062bea170267f608f8041bfaf4
e1d2f8fe2be9df3ff60712f2f30112f2e3133709040f310cfcf2f8dfd5bdc525
d3f3fd06ee0f13e400190d1afb00dfd9f3fe273a020e2601eecbd6ee3717f809
f8ff12e41203fa1102f405da0af6e71ce7f1f216e711dd1b132aecd503f80cda
fbf3f1d90505fe0312f4e109feed12ea1ad9201cfb0529e0edfd18002b30e4ef
de0ef82fd6e21b11150af9e801e614f3f3e719b0191839151905df0ef0e705e3
d2e9c7d729070d0becff0fef291de6141522181be6b2c209faf2dde7afd40804
2620e5ca010b19fb29091b1107211afc13d50401fc0dfe23fd060f0d0d0a2c0d
edf6dae2fdb5cf26cedcdce410fb14f5f6fbd2e5e0dbf1e202d5ecfefb05cef7
07fdd24118cee0fffaf505f10719eb0a30fe31f500fb091fee091d0b101e1308
fae806df142015eff009f5faeb0a0601e6f020120115f5f32a102a02fb140831
ccdada153f0f180aeee8e50cf90500070609ff04d028fef11be7120b1ee5e7ec
f20705f9d9dde90c15d50f19b402e516e3fdd51116d4f3d2d920e016e401f1f7
11f404100a123e3edafaf6ed332331ccf6123022e229f31b12f5ddd72d3de6f7
d8ef02f3ffcc1f0bd0f2e7c809cffcd627dfdf0ee808fd21de0430edf4e8e101
08132e0ee43203fa112e05201a2213100e35c2e0f7110d0e35ef141ddde0ff09
33f936de002108f5d612091d2ba9f81b071d12eb1f0a1ce2e818fcf2301c2435
1413eb10071e16f315fed5faf9e10837e3fb0601ef162bdfe306ecf70608f4f7
fbed05d0e401d71404fa23dcda01da01f01a01fee22921d9e12b39f701260321
0823ef1ae30705cb001df228fa18fc060f090be9f8fadde622e9e1e81bdd0019
d2f9180fd7090fefe3ff2802030d20f7f800f5f4cc0e180c1b03f5ff37defe03
6c4be93121f6d6fd0b231a1335f825eaf202211207010302dde7ce062bede3fc
e0d205cc2bfb1af510cad6fc21e904f30ffe47052408f6ea0721ef2d06f7fb0b
e00dcbf5ff08da1507e9ffdfdf090adfe41efaf20df0ede4fce7effefb0e09fe
fff00315f7d71612f0f71619ed2aeff714050ccdfee9e4de261ae508d3caefcf
eedee9d7fee02000fafbc81db1e11008edf9eef70ff50900d8ee190d1aedeb3a
35ebe318fef8fafa00f1f516ddf9171214042927e92bf7ebfc00dfe7fb040c28
fc041d1ddf37e9e51713f6f80bbcfc06e413e9f9c2fb39f9031003f5fd14e0f3
f90af9e818f43128122dfd2602effe0222e535091bfeff210cfdedc13dfae9f0
ec12ec06f507ec2e08eedf21eb14fc0afceefa2418ecf82c13070fdd17fbf303
ef052a13e917170fee0612fc1009fffd2ae9100ae20b0815e9de0cded203f10c
f3ddf5ddfee037fcfae5f2e6d5f1d9221aff020bfbf004091624ed190af6f1e1
34fcee0c16ee190a140411f51ed6bf0bdf05e508f7f602dd2dd1da2edf061503
09e4dbd10bf5fef6fc11c52e1e08f71a21fd0a1adcf0ea19e9ee4a32f206fd0c
f323e7ec00fde0f02bfe12d2e5f2f2dde90fd3080315201701f5fbf619fbfcf4
f6f505141a2cf626e32cf5f916fce5f710f41f12131413f5dbecf726e1def0dc
e8f81a103ccf1e08e12aeb4ce603d90df81909edf8f30415f8161d05e805e6f2
04e007fa1bd1e9fefd2123f3faf516132514e1fa0708eaeefae525e2fd0a2ffd
cb0114cbfa19fe20e4fcfcf507023809e0e4ecdce107dd000ee01df2d8ee05f6
e4f9e00d220fdffc0b0b04ede3e20d19eb13f103cee8f9fe23eb100eed11f621
2231f008e305c0e500f8fa17bdf5b307f8320328f43df1fa05ef0ffcf8dd070d
3c0b350ce9fb08dfed11f410cd20d4e41de824f51ff409f10d0e0bf21a2a39ff
0edd0b3e0d00150d132207f311e115f82ffafa0c07e3291319040a001011e6d0
01090b0a1615fbffe8e10d09f6fef3f51ae3fd1b0000d9f925ecf505def10715
fd07d32cba052ad5edaf14eee011fb05fbe506f9f016d201ff08dbb6f7f43cd8
fcdef40920efec01f9edeee406eaf1ff0f34010fe51df6065bd9f8af301809e0
e8250bf03709ecf512e7f7f9d713e934ead9df0afdfafc1a2d05f316f1070310
2302eeff01efdf13ed06d5102305e4060bfaefde020d27e20115e6f4f32401f1
181f231a212bd00beef950cc10f4f820eb15fb2b19010303d60b07cce7130f15
2d030301ffe804f915e10328ccf613b7fbf70cfc1015161ae7ff0e350cef01f3
0905bf0ef3cee807170b2d0a050d0b1c010a06dbd9b6b9130ce40b00060dfbd4
f6e0161f0cca021d1ddc0317ecff3a0adc120cd2141515ef0cf82ff00cff08f8
06d503e3f502190b080a0af814e9e0d70b1615f5131f070605be5203e32cf519
ee0e440af0f1dd0e031614270e1b0afc2ad4cce11ee7d4f5ea2241020b250234
eb16fbf418f0f4d7ede7fc401b27e3fd25ba0ff7e7ff311ce30bee05d4f20704
f5f711f818e01aedeb371812ce22f50512f11adbc50ff9dce222f1c9e4a30241
f40cfded2e2c0df1b20bf4fd11e52ee8e6f737ec0206acaefb0f15f401231109
f9f6f5e102e008050d0534fccf1bc9cce9130b0ce832bbf1b602faf021db08d3
d5fd0ef6ce081ce91614e0ff1407e81d39d034ffe20ed63cf9f9102f0242f706
f7024c08220fd214f3dfe50e59cf0233e53c10132afbf5fa18fbdbf8efef0809
bf030ffde6021cf53246d62606ed11331906f6011bf4030b091ce2182db11629
300ae6e52a0e201d03e2dce416fd1b34f5f90a2fea33f7eefe15f9f10f2b1405
f018f21606f938042d01d81a29f308ed051af2f3ddd7011de9f33d46c41525fd
072d07e70c050621de14f1dd14000b39050bcf052514052ae3fb1e16f3f4f2f5
fd1eff0c19e1dd0cf5c93f3c162dfeecf710e8021fd4131b3cf902fdec1205e8
25f0ff0c20b2e12aedfa27dd0be913c4f5cf10f80fcda1ef0d0ad1fde6ed0df1
3554ed202dcec1101013e9090b19ff231923211229ff0ee209420fefeed85432
15f2e0f8f3f91e10e40ef306f20dfb0ae61023e9f4fd112006f32cd70d0ae5db
dce4e8dfe61bb4fbd4e2fbe414e1fb07f92a291cff09fa17f9ea04fe1a00ec01
1c061a04fd14eae822160cff074ae0c4cae60cfd1538300de409f3e1fe002b0e
16defde9240de0f7f2111e002f06c1e4f9f2e313e00f050df7f7ddf9fed2d2ec
21ea091210161e10110c20d50304d305bce4059cdf0c28ede5041703fe0ffe3d
202306f7f511e10e04f80dd7f3d5d3d8f3fb0503e1de1f192bd8f3aa2be9fee1
e64dde01f70ff7ed1efa2e2ef00a0bf21a0505170eed02fdf808f41a190407db
0f2c14def6dae4faed02060bf7f2e81ee2fb1e1bfc31e807ccfb0a2022eff409
dcf6ee22f717f10a23e810e738edf7090313d500d2d021f915da3528c54030ff
1ced01e31ae41bff15ff08c31cdad806e7f2bef9e2bdfee10bf6d8ff37d4dbf3
f9fb1b3ff72bf5ec03d52ad02c19d6f114f0eecd140eebf1fe14354218eecb0f
8eea071eff16ba1e100e041de523e2faf9f322fb1ecb0ae714ea330ecf1fdbe1
3812fb04f95b4706fe09d7264a07c8131df0f80f31eeec0bf5eafe0b15ff19ea
1011f8e8eeea152c14110f10f7220908f74a0c2e24090323e61fe112d30627b2
0b0debfb011d0818fb030ddb191de9230e0c21ffd1040e0c05fce2071beceaf5
ba1407ee0ad308f3e01517c3fe00e0d4e2cdd4c9f900e2ef0c14011014f104db
f6e4fff6f5fcfae21ce9fb08e6e81bfdd7220efbf0f8d1ea11101dfcd5e62104
d51bebfd200b2a1bd4e3d1e408160ffd0f11ffefb1f900f3121ff2edf7ecf6eb
0be858031d3c11c2f12c0419ec00d103c1f937f6f5fadfdf01fee3f0fffde0fd
e6e109d507e10704e5ff0614f21006f927f40918db2a02d1e30c0afc26210b5c
f4fffee0ffe40ee0fdf31605fe11e51cfeeccb2dd9d4ede8fa02120620f40614
0deef42015f4de1bf51dc7d1131028f4db11e7fc0d01c9d30be6001ceadcf13c
02e4f6ffdc0109f2e8f536edd4d6df13f5ecd703e0e91d1903efddea0aef0d1a
ffced30a2b0702fdf6d1fd18f123fcf119ebe22111070d16faed04041104f214
f9041bf508f91cec070ff3f6fc072fd40a170406d8f8d5f60f30161e1620d328
e9ed10fff7f3401cffec2bfd09200910372dfff6ff23e91f082d062e12090d36
07ce2010c30cfd3ed7fde01bf50d14ca17e5371af4f7e6e01adc19f5f8ce0acf
1de5f6ebbdf920e5db0d040c291cce20e0e7f805bb1bc515ebbeec0c0c02fcfc
0f0ffd1c0df612cd0cd70a2bfadfb50b3c170ed81d0aead302e2f9fdfeececf9
02ced91f101421ccf035f72bea0bf81eff24001a121dd10518fbf1f9d61326ee
0ee2041ffdce3e010efcf00723070c1e1644eee1d120f60a0ce8fbe5dbf50e44
2fe1f8f32ff8deec1c12160201211807e0e84ff52c2c041049220207f51808d3
174331fd3008dada2f1a141910103223ec2804df0708271e011be328fa023816
f9f225e3060c0ef328dc33f7e317f1023e02ecdd0d3d02db3119daffeedbf00c
c513f32c1aec0e16fb1518ee0e111ed8f0efe11cc50316e4f8ee30f22300e10f
f9f5f5ee22eb0cf500f5f0f3fceff3f0ff0116de1fe7e80001f6fbeefb0cec01
07fed52f0fec29f5f0f1f6ebd648eb0102f708f40d0b1f12f81cf7f7130ceeed
d4eadaefd127dae6e80ff3e4c90402f805f4daf3ef0f0fdeff0a09e2fbdb202f
1b130a130cec24ffc00402fe081e1928f6d6f831f6fae1e522d707080a4e0800
02064f2654d214fbebf63413f228042a402025ee0df1e70b21e30ff5e126e7f7
10de19d7343f2bfdeb0312fafcf5fe13f7f6241819fc0d0f2b13e5e0fff518fa
eee9dd1cea00d6f51afa12f5de2508aedd12f00d26b9da10dfe4c4b202f911e5
e01dfaefede3fbfcee18eaeae0d8e532e71811182810db2502000f18f90105fe
e4111037fce1bae80bfb383b271131ff120cff0ee5f208e0fcf6e51e07150ee1
fad206bde8d700ea0ee3f9f418d3eff7d7490c250905e933ea05f0dd1b19021d
0e03efedf3e5d230dbef2306fde90720dbd6c2c8cafbf41908fcf4fcfc25e762
01e730f708f620163712c5f3defdd51ae804253dfbfcfc03eeea0329f6242a0d
ffe6ff1df71de03000e2ef20d5f8db05de13e5effeff2bcdfb0f0f2b0208eb33
eede26d3f4e4010405010208f70a2bff1fde0f1bec3dce13fc0ad7fafdc90f3b
f4c514f6cad7e8090bfee4fbb40025edfcf608052039002af60edb031fe00802
3036f9f5f8f52f0af103f009eefee3d3e10eb72706f9ecf32f0631dde6f419d7
2915d120240c2908221ffffa03f4e4fa07fd0beae3f905fdf70b03071bf6f0d2
5930091912fd25d7ebf5f914180d1e0d170ee71e2d20d61ddcf6f006250dfe04
3a28214e46120cf10719f31720003100fcf3e2d4fa250408ca01f9defce8e8f7
0e20ff0017ebeae019fef5f7f7e802eff8d0fbdefb222907cefcc6f5deed03f6
21e7eee6d60207391d0517e4f7cbfce7150b04f4ecfa3a0be16bae05eb050dfe
36deff1616df1e060e09043a2fdf1409dc0300fcfed91dd1fb1ee5f0fbc2ece3
0ffe26e6442e14fe20d6dd1e092416e8edd0e41936d550f0d009d8eabf191df2
f13618e21ed8f4081c2f1a1deaf922081d0124e0efee1f13050ed904fbe6f812
fce31b2feb4ae9f6eef108ee1823190af008f9f20cee27e019fa14f9f7fc0df6
e3fa1ffd071f2302110608fe27fd11020eeaf8f618f11a20eb04dced2635f6e7
faf120f6e30fee09e41ce7ecf7e724f5f50e00070a0b06f7031c0dfb0a0b05f9
f92dde1dc851ed12fc1a58f8ca01fbf8caace4f018f10feebb1a13e8e032f0e0
181218f7c6f30a013904061a1704102ec3120aeff402eef42a04fffce6ef3503
fb030634e41d0ff6042b051518f515fbcc2be90601f636f4efd8e3d618f4f721
07011cf1dbc90b00f611f6f5ede412ff00120efc2a2a363cefd23d2c0aea2306
f5112b0ade32eaed452ce43538f9f00cdb070dfb11a1d7e300efe9ebebd2d2f6
deed10073ceffff3cc0ed605f4fd27e7f4cf1fe509dfeafee8fadfdc23c9d608
231920dfec093408061242ecfa1a08ec1402f6e50decdbf407d427c9c531f72d
1df1de04eaf723e911ea11f7e1f51910df22eaed28c9cf000ef9f0ec070b0b2a
150dc6e40cfa1609142618ecfcfb17010cf110fb0603140607fa082029210c09
0aff25eb12f4240913f834f5fd31e1f430180ae2fe2428f1e6f8ce1b03e2f609
1bdef34614ff23fa20e4de18d3fcf6f5fae1fc044323fbdceeffdff21aff3aea
f22adbf43a1ae71220cdff090810f12705ed102bf13707fcfbf51bfbf9eef103
0504e616f4040a17f3eb020eef27f1c3f2fb1fe1be0a0bdae221f433e3f2090a
e11d011e0b01c525f11ac8f4f310ee1600202d1ecf2402e0af21ece8f8e92023
09fcfe030710c9db2aecf3f918033f133ce91a20fe372ce6f50b1cd4e7f32610
bd00133b03f6dece03100dfcd612151c200e220d3ff736e2e0f3f019f9eccc03
e3f11513ff2fdd041cf422f2021f452b15f2f811e9faf1eff0e4de16f70e05f4
171bd9cd241de6f810041bfb090d00ecf91934fdddf4d70c18f2edc6fe05ed19
bf15f601eb14ecfbfc17e626fcfbe0fde401f3071e2602f2160316f821edadf4
5a10feebd70a14140613bff015f512f8161c26cd0717ddf3e0fb04051ff7f00d
dadbe2cef80bf1ad0efff0fe06041ae0e4dde5e1c3da101be4f8e6f9f81a00ce
aa03eb16eafaec17e5f41b0de90c140509f9ee1b12f00927f1f63b04f7010f0f
f913d1dc04ebd3fadf0af7fe0bdb1101e5f0ec06e7fd101c0ff3ea081901c7f0
19011d07e6f1e1fde50706fd1fdd01ce1afbf129b71913100f282311dde3ac16
c2e2ff25d7eb16db331af20bebe300f3292601082dfb1907110931f8f139093f
e0172312b0f003e41702d5e7000cf8fe000bf727fcfaf6faf0fd0806f2fce31a
bef3f1041dd61acd13fefdffca301e01db0713df0dc22d1df7faf0c516ecfde2
01ff03271e0feef520fded26130a200ffe03041112220a1d1727d8fcdf09fc11
ef12a803d1fdff0af603f402f6f0040fee20f007fcfe3e2c0407c6fc06fd1b20
1e0520ec0703d02118d80c2132f707ed0cf208079fd303fd090309facdf34df7
f1e4fdc414eae9230bece82b24f7da4807f712f6ec1311d807fdfff3fb190e09
2f1ed0dfee1ff6edd408e72413f4f21bfe5103dc1a121b0923ef2a0ae61e0122
d1de0b0306eff40805c03a23fff3fafa08ee05f929000216fe231b2d050bfbdf
f6f5220a4bcd14030201e836f02cf4f0ec08dc19f30b0ef542efb622f3fcfd0b
19170a0ffe25e3c30908ff143e28f0dcd6de271e12e7fce8e8e615cc01dde6f7
17d802a4ecd2e6e6fc05ebf628fbc7e50a40ebfd1f31f52e0f0df70311f2e60b
0ad2f3f3fce3e60514e915cdd5fe0715d5fcfe09f6d1f9dcfbff0bbafdeaec06
18eb02040603050ae3ded10827e6fd0e12fad9c4c5ddf9ef25f10e220a1206eb
f5e518d4f2ede5301ffbe0eaf51d1a09270b0ce508e0ece70ee90c10ffeec708
2c0104d3ee2ceccb180cfef31f040809241eec1f195aabfe31f4f2250fe4fb0a
0a2ac815f7eb1ffd260428f3f1dde7ee0e0237ebfa3f24eff9fc02ecf6f32409
000208fb4417eb25080ffc27fc1a2af316d4f4ffeaee1bfbfd18fe05fbf204cf
140a061928f31af855d805fb26de1507fc171a34f55cfcec0b292fe51a132627
4d2feadddbefed0b0deaeaefecf908dc09f0f92ad4d4f7ecacfb0d080e27edec
1afeded9e3f2f81200e1f2eff604f117f8dbf80ff202f7e4f41410182c0c55dd
1c0210e61315142dc7f2f2f32318ec1ee1e7e6ef1f2c19eaf1f4cf03f8b3c9e6
10fbbbeb22fdd51820e01df5e30d13cf18fefefe1bdc0cdc241d1d0b3701e802
f50725fb23dd342df4161625060ae129ccee04043fd9dd24eb0a18dd08f8162c
1221dcfbfb0129dee81008eb0cdf15e12cf41431192bf74cfb0026f6f8e9e802
fef91e251cf3e50ceae820fd05d5f5f4ff0f1f1d05ed01e9fdf4ebecfdea13fd
e0fee7f8f3410aece8c108f4c0201a0a2f151117f4121d0afa1902e6d10aebe6
ca0a0ee2e303f003d7f1f31d0cdd0a0615fc10ef12e525e918e8c4cbf10a15f0
421dfa1bf0cdc502ce12f9c9fcf8d02c21ef112a1f1311005728f1fc121727da
ed04c7271b160ef34e14dfffe2000bcfe8140cfceff3b4e9fc0a1f08fff11cfd
fc06eb30fa02e839f7ee1de403d7dce42fd423d5ee0af543c3cf0ff63a41dfde
f8caeae5cd02eefcf0f8ea182f11eddc1726eefae707fff7c7fcff0802fdea08
e9eaecf93a303431122f313bfd1734eff8f610e510fbfd06c8f1c01208fc0cee
fbf0cb0c0defec0fe119082bc8ff1bdf111216edd80e2beaddfae32521e23d2f
da14e54af539fe25ee142423fc2600f1d8ebbcf9eaef27f4f82af3efbd0ce9d7
e504ff04fa14d7d0cd1bced5f7fff203dcbde6ea00f1daef15f2dcf65cfaf8ea
10e7101c2f272a0f201503daf90cfa1bcae9291912f33701eff6fd00f9bc4f01
14ef03da19d4f41c152ef3b51c35f20fe904f0f3f3fa28f0faf408f80307f6fe
5507c2032136eff812100424342b2204f4e908001e0adb071c17f82e1b0dd4fb
265616101902ffe7db1e4c1a06fedf201012ed2321320bddf531fe32d42af4dd
04111f0ce80bff36e33df9e5e904fc04ebfcddec36ccda1b27d505c6fe0809d2
e9f50ef8ef02f1f509edf42cf8e806e8101c162506c4f7f901b529e404033ee2
bbeffa15cb390c04e6f2ff1d04fee6073defe2ece20612db0630e3cb09ed0fb6
ebf827bb1bf11c17e5f5e8fc1ee5191cf71c21fd0a191e03fc0a0935e7d931dc
d1ee0222fb02e7eb01f337181205f61f40e715032ae9ebe9f00f19f7e70618ab
192ddcd2f1f0101afcc71c22e5f3f3f7ff0abb07ff0700f3faaf06063aee0af8
e0e52812e4f01e1dff13e80807e1e5ea0c0110fc3aefe12003cb11ffecdde011
f734e620c9f43402101bde08fd1ef5ffd834e61a0a0f0bfae1bfd020e1ece702
1a13f72711e809fce60e0718461a0a16ea29090af7271fdb3c0af13ee7190107
15fa05efd2eaf71a0306f129e2fb142101e60606e3f70a030ed208f6f2f729ea
d5f80f3aa804130cf10bd205ffb84204f5cc1d14f825f823e4150de2040b0af5
0101f2e01bec0e3ae6fa24b70beee6e70e1e0bfa14dab3332ebcfbd6caf5fe0c
06f50ee2feec0ddc1d0af5f9d90ef1de06d90421e60c10e710df1b3f0cb61b0b
e40fe9ed17ff0bcedbe507ccddfbf807fef71eda0ae9dafbf2c9f1dccc1bcef1
372fccd3f600100002e30a30cb222a280ffc0fe7d8f8e6d823f326002dfd4614
f50b05fd0805fd1fdbf5221bf010dd0e3a0fece816ef232b2818ef0d23110121
2dfe08d32112fc03421bf313f9090705f5dc18efdd0be1211609e6f8d4d6d000
1ced20fee40de7edfad4f80f19fbdb0c0eeb17df1e125115bae0d3d9ccfbd011
eeeb00f0ea01161cff3cf8bef728d3ebff13070718151ae7e6fffdf42728e0d0
1dc9eef2e7030f432c23070b0c17350912f2f0e6e8f504f2ef1418edf2eef3fd
d1eb19cb0403fbfa0de4dfb2da1b19f2d30d0bc3080d2aab04e7fed7ffeefde5
1d0a15c60b04d701e8dc25b2e9dfda1a0d0eed03042d0cff2b01d7f006071608
0afdc3ff1a1f05d4dadbd1f111a427fa04f4d31afa0525100ffa08ad05f8181c
e9ebd90603e4142520df0ffbf5170c0a1725fd3105cfcfe312ce01f60afc35da
d4fcf9a412ddfbece739d1160edb29091725fef118d82d0bee0d1b0426ede5fa
13d30e3ec6ecd0ed0df1c900e40be5161216f72011f31bf50cf706ed2935ece6
1dc718121af5fe0ff24b02171bfd2e4ffcf816e632cc0dfa050ce2ead70d22fc
fff826e428f5ee02fc0821e9e8faf31bf202f651032133f80d08da1be9d9fefa
16efa6dcf3e9f0f30e0efe3400ffda09fcf3171a16c7fde5fb0d10e5e21efd14
0900fdede122101aecff590406c10e03c2c801fcf5cbe4e517f0ea11e0f81523
04ecf5f9df3bf2f3e7fde11317fab920d50d08150af728ef1a08fe0e1920f3fa
071a2cc4ed0334cb06090932f8f61df432fbfa3325eb2df9d1fffa181325fc13
ea07f534f7340b2308f5f809171e1e26ff2f2aff1df503e224e8f6de0f222c04
f205fdcb14e5d70d04f6f806c9fa2bfc0f0632fe1afc0d01df53ec0e02161a05
1fdaf515eae9160f0d0c17fdd0f101e5f30ed605e3fcedc8fdd531101bf302f4
faf8300d2ef713f509e90b36fe2712e7d71325ff1d014614efd708fce0fb25fb
17c93c1ad1f204fd0111c0e6cf152828d8c0e214c32e22dd09f5c6e0ede8e708
1812111207c413d4e815f8e6d9ecd104c1dbc506f5f3eefc17e5eff6caf2c3ed
1103f1231c03dae4070225e0f42bdfb9f405e6edf509d9d138f90af91e02fbe3
ddf117f01e27e80df9f225f40be7ccedeb1eedfe2a4bfe110306031c35e70143
ee0df823ef35f4d804f60c072f0200f4cb02393c15fe0e37e718e9fe04081e13
f8f2250dfff71d000120071f3aedd91ed8eaf5240fe308ff110419f51cf81218
19fafd221e3700ec11e4e918040e331b1f1702e111f1e0ec23c32414f727f60c
1300d2dbe9dbf006e00903c5b0dbddf730080913eefc08fee10adf330907fdfd
091eed02d0ffe31607f1e73316e8f1fc2c1d0e11f00aeb2bf10fe10c31dc0a24
12eeda23d3bd0600f815e11015e6e7d52800f0e2f0c0d106dd1801c717e01dd7
1e0ee605d10bd8f9f518e1d2df0f49f7f70ef31ef117e1e62d0b0b140eef0bd1
e7224301f2e50f35052c3709d206bbd6e8f507cfe7ce03e8edf60300f1f413f3
fdcef6e21c0f2e2fd3ecf8102312e01e020efe3620ea1d130eec1e033a0a3224
1a1fded007f4ed150efc0e08102721baf906dc0910fa392ff9eef6d21d22d210
4cfe2cf8f23f20fec1f3ff120003ff21e5f1320ffefb541c14fb1f0d2b19181d
e1fbf7c4252bfad41530f830e72009de05dfe808d3131424d21207d80de30612
06de0beafd17dddf1a0209fbfd1ae509f11aff0b3a01e70d080b311324080d18
03ec16ee2127f70cfd34ee3507f9ea32d4f5201603dbdb2907f7fadab424ca03
0ee562131638e00d020700270915d009c42514170fe01a34190fe6250bd21a04
131733031e110001151a26d8ffe50f0cced4e2f7000a19eb0808b214210809e4
cc1f0912f1f1e6ca041c15380ef10231051bbbc3e30625d217199417fef60806
f603ceec04ec20e0da1dc50ef41c0c0b3f2043271d20f238f20be8da0a3bf4de
e927f3eaf827fe24d8050d02260be4f904f6e6e2e1eece090e1b1419fee8fd1c
1cd4dc1005e9f10df2d6ddafcca125ee0cf0fcf4e71a04190ef9131b27d9eb12
5f1ffe0d3e16f730f1fe33e3f606ff2ad30128f4dd03ef34fd060c22180ae9df
f30a040e1bd8eee9f101fc39d1132afd1de5f8e8c00bf81009131e0a1ff50616
e7291ceaf0f40afd0bff06e21720dddd12e02bddfb0613e2f9fb110d1607deee
2717b9fb2502f41df2d70508fd1d1d0efc04320eefe118fffa2c031e17def9db
13d1f7d4ff001ff513ecfcd60d17ecf715fce4d0e4efcafee2f507dc1a26db01
1124c7c8230a18030540001b1cd5122223fb130f44fa071bdbf6e4ded2dddef0
fcdfc4fa02f23cdc0d0628f304d10001fde5022b0d0ff337d3f7d908c61addf6
032728c8e8fe1af716f9de27dc0cfe03f9180af6f52c13fff1040a330d0cbed6
ffc9eec7fc0f220420dd1cf40d0723f5d0ebe3efa7fdff08fe04d60ed9f120f0
20101801e910f3ec290302ba0f1ee60ef105370e0ddc121a04e103c8ffe72829
23fc1ee50f0c1ae60b2713413afbe52d9f03eb0cf9143a1722f72030dcd330fd
e4fb1ce8ee30c002f2f011fdf4dc04021205dee50dc3e412ec1aff15f9242b1e
f2fcf30df9f1e9f608000aea4cf5031a001ae2f7330f11e2eedc0519c4152f16
011b0bee11f34bd8fd24eafa280e1bf80c021f1ff6eb3f27bd4dc805061012e1
fdf61cf7dc180117f51c0740d4e2ecdcede6270f00231df81bf40edbe9cbef1e
ddf0e4f914060a28adf10f230138eeddef16f0f60509f3fade0ae7e5d8f8cedd
fb17eb23d9d50b05120f132bf5ecf2f41ff1422b02f5fee81f0c1b051400e802
01f6e1b60bcf0d1416cbfbeb1fc9070dda1106e721e4cee028dacaefef09d513
f1ece910f42ad321f70011281ff7e8fa12ded50e1a100af514eef3b82f1402e6
fc060104e00e240216f3ff11f0f80818d5eb3a21c9e109f7ec0ae90ac70ce312
12360b22f8f2f7032107ebc23e27fe1410f3cbeefbc2c9eae4eacff01ce201ea
e708ee0de925d6f9eef5cbca0504150bf817131cf6ea32170e0bf02cc921d917
eff607e8ec261420f3f9faf0a5ddd5ed06d0d2e0f3e4c6f4f1eb0de7ee23e7f1
3af6311f0445ff39eb21f9f1e11e11edf7eefc1f10f8f9fffc0823090913e7cb
0d133b1b35f5bfffd6dd1020d3e82fe1d9ce07f2e4c616eeef080419feead2fd
f213132906dc06f917f2f3e4d1f717daee112714ee0b2525400d1dcf12f31c1b
0200f1f90026f3fbf0041df3bdf10b16102cf4f9feeae0f8e9fee913fc280c0c
231d0103041cf00ebe0bcc08101603fdde16021cfceceb1014efcbe9e9bfe8f9
e41a08032211e7de29f40e0bbf2108ff13dd20002d02371ae213ec2e46f02ed3
fe28e4fbe4c1fcddf9e3f8fedd2315f30e08e424fc0f2016f3e600f9140d22f8
daf5050c0e0731e8e1fdf12acb1329f8221a01632a23e3141814f9cf2712fb05
0121fd09e80dda0c00094c2015030338e613f8e8dce2eff11a29f4f7e5f9f407
07e9d305c90ef9ed2e0922e709e606de0ed706d6112dfa31220f14261ded2129
05f10825171234ee072f0609f7fd1df828ebf2ecf90616fcd30acc0df335d5f1
181bd13b0a13ea1ce51f360031f12400fff60ef618241607fb173decdcfefef7
1bf5eaebed01f5e2f419ead81103fd31f80a1d12fa42f02bfe02f4f735330402
0c1a0c1c3d15e9f4c42007e31b1400ed16dad7e2eb08f0f82408fd1adc260600
e139e9eb1509ebee34d1ecf243e20be0ff2604dc18e6f3f608ea0c0cf43d0334
0bfadfe636d5fe2d0213f714fb44270a10f7d709f5edffd8e01ff215cffed2f4
e80806ef20e5defa000a3516fe31bf412219f50229fef823eee93c2a1117f226
f2e10d0afefedce0000e080be2f6f72d0fe119ee02f32000360f04f70c0bea27
e6ecfe0604f8fffb202316fdda16dfe82428f51320e8f01edf01aec6e11ae714
e313fdfc0e11da15ee02d819f11306e3e009f0ede22bd50b1f03dfe262d4cc02
fbff0518d8e20528facbf7e1f8f22deee5fe27182efc3ff0f60333fb2b080df0
ddf108f2b803f1f3ee04fd151d0df8ca301c1adbd8e0fc24d51bd2ef25213312
cd0a13cd400824ea1e0ce0f0e80012e926f3fc21011e0400f41f131422f80700
1608101c07d237f3f90ee526db202f262dc6feeb27d4040cffe6d8cb1016f7e0
1c05b808f5cb46f80a0403dde0f20005d5141703f3ffd0f3e3e4effb1dbdedd7
0203f120dd0efdc810e90eecb4fd24eb29f9050c170cf40efcf00a1b01f22727
1eeef620fcecf7e9342805ee2e0f19fcfe08d322f005e31d07f508f6fadfe5ec
d42af6ebd8f70138e0fbece408b20bf4061ced3100f70718e11d162ae30bf5cd
c0efee16dd0a080c1710e2df0bd719000ef31e04fafaf2ec32edfced0bedd605
021228ec0a09dddb0ff9f7f83e0dc80b2deefaf40c141b0af40a031e190b1219
38eb10f4f2fae0e7d8fd25e102061714ebc50ef1de0fd705ddeb0302eef00329
f53022f1c3e8eced19fe781dfeec251a2afcfffa2c39241907030a401beef5f2
0f1e0b01ef0af4fb2819f8dbc4e4f71f12ff1d01edad1de51524e1f0fd0d29ef
d103d0ff060becf2e9f0fb1832e5052018e4cffaf81a202ff226f22b301a0705
faeb0ef7fa11e42ff4fe0bf0f008f7f9f2f1f71802c816f308e8eb233c130bfd
e805f723f930f2171a0f0cd0c6100207f016e4ed140225ef1b04cb57062602f8
e701f4f9063117ff12f00af0de0e0202f9dd1417ec121300f108022b1ffecad1
0101d2eb0f1fbddecd14111e1428f20b0fdd07e2e2f721fbd20feceda797e6b5
01ee23d503022eff2eea21dee6fec104002b01470424f11204e704d7fa1e130d
26f2edeee00e0bfb26fb0312f3ed0c2ed0e50ee60720e60af84af7ae031110de
f01a023af9b9fd0b0fe0c41de92b1aef1d0f0bf937eb03e5e3fadbf4b91e2004
0023f32efdf80c0deb29eae54100f73119f70d1709f32a042dff2128eae0f5f5
eb22250d3201e7350ab9fc3008081e561bfeeeea00031b1acb0e110dfeea28fe
0d0448e7d7350c182d13e9eaf713112028fcd0222afcfbe5e918f801f81101f3
220228e7f30a30eecae41c19f7ec54f334061206ffdc11180d2dc217f6f5100c
dbf710d3ee13e6211bee0824f4fb28270cd51206e9f1001dbd0ee1cd07f6f8e1
b1ce17f1e8eb040022081b1e2f23e9020d1630062d1bf8ee61fe013a22f1021d
e1fd0408180bf1d2e40f11000c04e231f3153806f8160607d80c0a15e6fee70e
fbe8d21cd4bdd5ece80fb9eee30efede180017021efef8e8f11d350dc8f91afe
203a040811c1ecebe8ed060bfe23fb080e0df0fd00e5db05d9e0e0dffaf92807
2510ec0fc8cb09d9f7c22e0537d63504111c220af5cc05cd0805e4ebd5070014
1116f11431fd211dde00070c0511eb3ae0ebfcf21507f51b2aaefb18fbdafde4
f613bbf90af32d0839ddfcc9fdf7f6bb1df328c90908d01f0f04dc1503f0fef4
f95d1e09320b2f33fd01020d170cfcef01fc2a0703e9f426f7241ddf0d262915
07e8f80d0e0bf9fc33140f060b000e1b181c02121e2bcef90000f315fedc23f3
02fc0adb2003040846190bef0823cff50a04f810ecda1aed18cfda051a09ee35
e1f81c17c5f311d3f6be0b270c29f7f815f2ea03e20ae701f40133f00bd803f2
0c42d60ae3040ced27dbfe03f007f8ce09fdf7fb0d1700ee1df622032c0938cd
d512e6c4eefc03b8dee305e322e10511fe06f8f9a4f9e1d2d3deec1023ffeac9
1ff6e5d6dcd620152d2c11f3ed08eae00f031cd4f8dd12c9fbfe071216f804f6
0701cb2ad0060918fb15f7f7f81e0ba3161e2106f7cddbe5cf0c0c1612c705d3
250d340df0efff11e7f9312014001125030acbbf5afcf3f6fa17dad7c900e4eb
f04a1ae70e003efac9daf9fdf419e30e1db9ec18e809fa01facaf9fc1c0f36ef
d2ea01e40ad326d710ea08e6fc0af90604fdc71efcf946b8f4fd04e402cf25f8
14eeeb0405f314191f0ef6fbe62afb0bf7f219e32a0808f112090ff60300fd06
f7f509fa080b20ec2bfceb070a1dc0df01dbdf05f0ecd907e9fbe0f62edf01da
d6be0028ea0ab9e8fef6f920dfc109ef02280808162ae00a36f7fdeecf0e1703
f7fe2fefda01df1633fae50e10272e251e0008f2f5130000ebee1508e81efb1c
f70ff9b3dbf82008efffebf514ec1ef4f60ce62cd1ede423fa030519d4fed907
dd02e61d160307edd7021f09cd0a020bedf1f01b172213f0f1062a24eae90cfe
1bdb0422220407e3d900e90deedfe5e91647d7231912151fffefdcedf43229fe
f9e72d4f064bc559edfae5f8fc04310efbf8cdfa00f43e301e011cde0920fd07
ffedf81415fd250f1dfb0af8180232f116f03a1106fe120bba0eff18dd01d4f5
0b11ecdbf5c7e4dc1c0e0b08e8f41716cbd5e1f6281622d5e1de34e42ef4bbdb
f40016f9ff31f0072d3e2fe5fdfe010fcfdde306110af7eb00ca090c000dfff7
29f3e413124f49b6f8ef082dff0ee80af8df071708dd0ddee8e9331bedf1e0d0
16d7e0faed2510f5fb09f80bfcfaeee8f11062006b3622eadfec0110140e030c
e5e81eccd5fd0608e73530130e121f45dffb000d0c422604461019ed0cdc101e
01f701dc162adceb1e292af1f30f00fbfef20933fe22ec2314feefe5fd02d9f3
fb2307b1f6fbfde1e70321dd2542270635f727d4f5fe030520f71a0fe31c0cf9
d1f2f2d8f005c30c19e692f02afa23d0f0e510f1f50614f20a14e510dd0d0a30
f7e0140bc408e7090be825010708c61fe6f60006200bea00f708e6e8dbf9e3e6
ed0f0cf6e0141103d0ed020409fbe8ef05f0e61214f2eb0dd9ec0404f415f2ea
1f040829ea350718d2e4f1efddfb0df6c433dbf8f7fbe3f5e4dc0e18caf7ded0
0010a902fc03f7fdfaf1f4d8d726fddbfa09d9024c171d11f928f5190638f21a
2108f9f508dade530ff7fd15efef2916ee08d5ff02005205cf110705e8f8dffd
dbd9fdfe24f3fb1b07f2fbfa0910043e2517fb0a11f60e391ee30409fcfac2dd
11fa0303faff00fde3ebe2e9fcf7180118100f0ae0a6f6e8f204db1f39f10724
090c23dbf60e04051319f5da10e00eedf01aecf218fa150f02d6fae71e111515
19efcee0ced503e5f70f2a2214fd0b10360c010cf7e1d630f32804ce04e2ea09
18fd2c4503dc1e4324faff0649ee31022dccf4f61611fffa071c1c0cd31921df
0dfb18d6282600f817e4fb10ebe1fb073c0af3fe320cfc12ff2609ecfdfd1e15
1e3605302f3810e5dcff1eee2809fcfcfad11124ee1bf6d417fd29ee0814fb30
e952edc924091619fdf2c9181108d9fe09f8ea0fdc1f16431e04141023fefdf9
ffe0f8fe1ef9ed02ea2a28051fcdef0af4fa25c4f1e703ddd606ec0a21dbf517
d4613ac3ff1607f42a1dd5f6e0310a1d15e12018ebe713e2091c2ae80bf41a11
e2bfe10304110af0f8160ff008f61fd90aebe4f1f1e0180325bb150d1bdd22ef
e117ec00f41110141917e8220afe0de72718ff362b00fe42d927e0f1dad9d501
270b28f80418011e11f50117f41c45fd0108b2f0df0ad3de211139f6fe06fd07
e4081afbf9eefe082f0e1d5ad8222ae7ce17f61cd2e8f9b5082bf2d82dfdf10d
d8f20a0bcff9f516f60918e3170adaf8190fc6dc16f525f805d805cca8dce21a
f0b42e0704f90ef40dec1706e9cf04eee608f0d0e2c81ee3ef3c0acbd7eb14e0
eb16e5cf150e25defd06d2e71524d40f461ae00df2da20e9d9032ded1af3f400
ffeb182c092b0afb0fcf3bf5d8f22f05fd00f20a06e9e61b0dda031e15f6df04
0ff2f7df06f5f624fcfff10902d2021deed91037ebf5c403ecd2d903f429de11
d91d560409d60b34fff202103ded2ee2ec08cd1aef16170e0cf8fd15042c2e0b
f806f9d3e115ead9fb20e8ec110a083bfd0cf200200529172defed00e10c2709
