e7fe16f0f7e9f80fff100aeefaf60c14de0417dc01080c1b081a0009f8f6f112
05e7fa0013eef109091bd208f709fb0e230c10f4ff10f1d4eaf81bfd040df518
0205f5fbfdf51206e910fdef081cf4ee13fd0403fe052be8ea0a02ee0aea0df5
111f15fdf409f014fef4ef050be401e5111c24f50317eaf9fdf809d70cfbee13
1bf31206f9f904fb0906e5f11efa02f6ec27f3fafee309f5082909180bfce80e
f223fa20eef502ee081301d81305fceef50a19f6e91e1be400f8020fffca04ed
03ee0805fb0d132006f3f111ff19f1e5f9f8ff110410f00ce6ef06fe03000aeb
fb09f9010ef3f016e2fde81bfcdf0b060cf2f3e202ebfff1fef31f1a070315f6
09d9fb130e0a12deffe5f6200010f515eb04130ff60d12f6db18e6e60ee202f6
fdfb140bebe5d9000507030ef906f6023920de3d19000b0e16f118da0208f4e5
10e408ffef06f601ee06061eef090ff9e6ec1ef31a0903fc060a16ded7e705f8
f01113f4f60328f1f5fd02f50ce9f2d6f408101a030ae80b0002f9fdf1f30e0f
06e90409fc241df9e3110c101e1409eff509fef5f81419111107110df7e7fc02
ed090bda14ea1b05f5dc00f9f5080d0206ec01130ffc13fd01f7f804ed1c10f7
ebfc09faf51117eb02f401fe3001eebff91dfdf20e1f0df9fffaf10f07d6110b
0e0fdd01e5f4e1f6fcf0fe00eb1bf50ce8fefaf8eaf126fcfff60602e7f9fad4
f6fc0d070604070f151b1fecf2e100e7ee04fce51a0efef1fbe7090626f7061c
fb06ff030ef4fdfbf0f90504f8e9e5eb0101f6e9eb15f5170be9f3e021ff02fa
fbf3e5fb061fea100bd8f4fa2b060e050dff180b0503220f0acc1103190afdf6
10f601ddfdebef1a13faeaf9ece710e8e80ef1f006e715fff6fcfb0a160e1afe
eaf2eaf5fff0cd0a092001f5f4fd15062103091b161504f700f011f7fe07edfc
1209f7de080cf6f2e116fcf611f807fa0c10fcff15fdfb14ef18ed0d0ff01007
d000f102fdf6fbffff0dfef3f310fffbe8fc19f9f3fe18e9e7f803ef1d0016f9
0902150b01e6fbf7ec21ff01f0e8fa02fd0ffd04fa000e160bdf0313fe0d0837
f703010bf3f0f809fd07ef03140004ec08fcf001e0dffa0c0bf0e31400f2f6f0
e71f0b18fbf6fa0001fceaeef8ee0aeb00e7f0dc07f4f210190ded0e130000e6
fd0bf6fff4f3e6e7ffeeffee0100fa0bde0616f91806d0fe0ff600fbef1307f0
001904f217f2e70b02f8f3f80010011b02f6f5070ff50beb04ec00dffa160fff
22d50022eff710f8fef50410fee504faff080a0f1519eeffdff302f401fc08f4
f4031006f9f2c6f7f9fb0bf40af5f309130e04fa05dbd0fafdf6fb0d07dff717
1200e807e509f8fe1d1c01f1fc06fb07eff1e712e3f81d07151de224f624f203
f4f4f9fc18ddfa180dfbffef08f00c05f11bd406fa1a0b061a17fdf30d1ef30d
0bfeeaf9e9f6380cf0f8f7f8ee06fe0e2213ed1508eb08f8061c07141eecfc0f
08fa01f9f2e5fbdef6fb15d802fbf51a0df810f209f71cf3f90df8e109fef421
fdfe07fd06270cfa0411f6fd0000f0eb16ebefeefd1aff03e90b1901080807e3
ee2d12b921f9fd290f1417e51332f9e4fae4f6f0f7f6f0fde9fc14130517fe01
02f6f9f9f5f20c0c0406150de8080a0b0d28180a090a15e8ff06fc020e0c0dcf
e7fb0fee2f1806fb010c01030b13eff00af208db32e8050d1400f00fe41af4fb
f0dbf5f60f09081706fdfcdeed0210eee60e0310f01a0e01fc1c10f6ea0df11c
19fcdeeaf0ff18f0fbcf1c180711f324fc06e80200f9f907f4fd0c0d1c09f006
f6f9f1c910eb14080be9f5ff08120a0de004f5022a0c23030a0306ff1ee6e1df
f501f5f3f9f6f7e524050de207e7fa07fffa1402f823e9160bf9e1120a190af3
f4f704dce91c11f7ea10f5f10ee5ecff02350607fa4de3dafc121b29db141518
00fae71bf0fd1f33f907f80109f7f3ddfbfffcfd0cf7fc04f80cfc15150304fd
0cfd161b0e12e0ee040afc13f8f4fd160c17fbf813d9f6111409050cea05f6f5
dce212020205fb0913030715061306ec000324e30b0e19e901fef21a0af8f50c
09f501070201050c04f0fdf804fe08da0910f91e1508091204260bffece7f0ef
1823071001f8fe1af50112f305181107fdf8ff0bef2a18d41c00c50ff7f8ea05
1203f90b1610ea23fbeee502f60c091204eff3f2f3f20cfd1cf0e31107e4010e
fae7f801f9f1efecf1f0fc07f7fb130c0dfef5eefef6e8edffed2001fb24fe09
f80e09110016fd09faf1150afafe0f0cf806f9f1fc03e608feeff9f1fd0d0cfc
ebf90b090fed091edaf7f606e9ff082af9eb21fe0ef5e217f2ecfa1b1207e91f
09ff1bfc04ddf919f91811efecebff08090b11fc1a0f0517d903e3020f06060a
fde933d9040315e5fff302f718090afb0b13dc11f70ae9f3eefb01e4f4fff914
1bfa12f9170616e6e3f1e8e61220fb230115060bfcfe0efe13fce7f7ecfbf91e
2aef18ec04ec0ff7011a20f20ced02ee0c20f91401000b171503e8f704ff0205
f6120deb09faf004fbec12fb320af70d1005f7fce304d900f50f1311f6df1a18
fe1df708ca1af71eef25fb0e071b08d7e7ee15ff08eafdfd1709f8ef00fc170e
fc07010f07fdf901e704ef1912f4f715f602fef401f4100aed0204f3e30c08dc
f4f4f80807f3020501fbfaf9ff06e50de9f007fe2801e7fbf2f602fd0d000bf7
f107ff090312f7f6f0e00314fc1211ef020fe4ebfefff5001ef2ff1aff220309
24f903fcf90c110909f1110108f104f102e9fceb1a0515ffedfa0be4f4f7f8de
f3f0f306fbf4f6fd04effbfafefc08fc010519e50211e20412f4e7f2f5040306
ff02050cf5f6d3de2af005f51be4040c24ff160a00e10c07e719e90c06f4f51b
e5fcf41b10052de3ef0d26011315fee209e61b08d501001bf7ef0d0a0aedf801
03fd0e1a04ddf0012702f7f2fe2bf5f8e40623d80d0403050522e917f8fef4f9
dd0b20e901ecee0817ee130ef4030318f1fbfb0ceb07ecf828010a06020914fd
06fcf0e9220cce29000ffcddf1f40df1fe23fdf2fa1b010e0afffad31718fc10
01e2141511f90ffffefa14e7f802060a0521d519f3fffa111f16f40906fe0206
eaf2062944e8330901ee0d0b3da80de0f40f19d9f81d152bf02ef90701dd15fb
fc0af8fa07f10d0cf6fb0b01ee1207f0e622342c17f11bd0dd261d0e17fa00e4
eeed0df814f519ff21eeecf60203fd0707d9ec06d8da0908f7fb16f5081ef9f1
f70cf92ef4eae80513f80513ecf8050605e6fb0af305f9f2f80adb0215030ce0
f407de1fff060be82d0aea0f060212fb020dfefefe05eef7d806010409060503
0cddee12e209eb01ecf200fcfd010d110521ebfdfcf9f912090b03f3050cf0f9
e10ae70af10af1f9fcea01f9fcee08e6faf902f50917f60efcf2f9f316f9031c
01f616fd0806f1fc1524fa0e090f1104fd0712060fed0603f4fbed1a04030401
1a020fe814fb09f1080bff05f610040feb0fee03e4eefa02f90fedef0bfffa14
0ceb06f620def11d0900f9e60af0e4f515eefa0b03f2f9370906fe06d5f6f31d
15ec1007f40c03290511fa32f00710e10cf500fc00ef1308e101031cebfafdf7
e8f40306000aeff8f704fb0cf9f7fa07d6f6f4f0f8ef0500e4f0fdeb351ffd10
000f0af9f30ff80afc23eb0d1d260105f807f3ef0febf012ec041f0df3ede5ff
fae3093607cff2f701fc06f404fe123805fdddfde6f7e6f808da08f1dce4e39d
05030805f60105ff0de4e600030ef800090104f715e9fc1f11f803f5fce3e7fc
0ffffff719f801e0f905ed0be3dfe713ed07efcd0efd05fd05fffcf12007090c
e9ebede7f811ee10fd050ffe13070818f4f021080c0806f1f70c06e80e15fbed
030613fdfa0cf908eb0aff15f7040a0ae824e7fa09fc0406f1140311eaef06ec
fc0cfffe0afd1703f3e9fbed14eb0ae80806e307ebfe07f1e803f8f704150f1a
fff808de17eafff7e3210ae208eefffafa0def210ffa03ff16f10ff6100b0ac4
feebfffbff0a061ed6fc040a080805f8e4fe17f514e4fa04f3000ef5f20ff212
09fc0c19020e25efe9f801f0eff8fefb180c03bbe9fbfe0d0cd8e81ef3f50af8
f3fd0cee02fa00071af009000bfbf409090aed0dfefd08f0fff50310ebfaf7ef
06f925fbe52ff81feeededde1718fb19f8dd090ef2f9f3070c03e407fef801f3
f7fd070fe7eff20af9edfcfa00170b0411e3f70813fcf513e2f3fffd07f4ff0f
120aee0617110a041a1b08fd05e91e1eeafe1619f0f70bea03fe12fdf01300fe
02f2f4fbfb0f1cf5fc06f2f9000beee9f6f90608100af2f902f0faf0fe15f2fa
19f9ffed0ceaff1cf901ed13f3ed00eceffbf516140601fa0ff7ea1cef030b04
ef1905100bfd0b0405e106f4f217f92405f0f112f9effb13e306fd1011f5f604
eb09f42308f00f13fff40b1de8f305041fc8051dff0410f8023601fef81d07e5
eb0ff50efafdf60525f703fe0107f7e6f3f9ffe7f7f01c09f3f0f60ee9f6f505
f304f6e2e2c7f31f08ddea130020fd1a070b0bed16fb0ef41af2f7eb1a0401fb
fff3ef1606feff0702f2dbf20bfa00e805fa0ced05022808110006190205fa00
fdebfd20f202fb07f9130d0bf0ea0300f014242001e9fd07100ce4fbfafef7eb
e52a0cff01ef28f601fd02d01aeafaf0e6f4140d0817020f02d0e9e4e7f3101e
08fdff0108f8fb1207090f010305fe06fbdefff4fb130f01000901f5fb040400
0c1a24f3f619fc010500e81116f7f8f30ce619040f0ced1ffceb05f4fa04100b
05ebe4fee906fcdafb13dcedf7170aec050602eb0c131dfbe2110804f3f5fd0d
13fff93df8eef50213f3fef7d8dc151e11e10d08faf82bf304ecf00afffe0aee
0704fdf30af5f707f500fcf014f1eb02eef9f106f10e1407f0090dfb2002f423
dd22f3f6ff0210fe060108ecf9e6f01cdee4e603120007f903f920f2f806feff
02ebeb1004fa1705ebfd06e60302f80205f6ede40f011b0ff91b0f000b0902fb
eff80edff40b1313ec14061f06150e23f602ddf80a0a1b11efeffffe0ef2131e
12f016ed1b14fcfa00e512f9100afe18f400fa0f0fec10f6f216f9f811f0f8f1
f1ff0607f1f5fd03fcfe10ea1206022af605f1ff091410e9eee00f19f6100905
dc00021319f2efec18e3f9dfe4ebf3f81cfa11fd17e9e1e819f4f500051a0be7
f2050fee000315f40ff6f2030beff7efece0f90eeaf109131a160c080ae8f7e0
05fff7fbf504f609f10d06061314f209f6f70dfffb0a03080ef8efece819fffd
dffd0df5e101f50ff90afdf5031bf80e0211fbfff3fbfdfe07e603fd0de50dfe
06feeae4f1f7eafc061b001af0f202f5f6fdf50506ec05fbdff9ecf7020309fd
1214271deae4f516ee07f8ea0f00010d040afa0943fefdfaf11b0516260b06dc
15ea0c050ff9f1f210ffebc22a0d06ee19eae1fdf602f91c1014071207ed07f5
09ff0bfdee19fc03e60404fcf3faf4de1308f60a17e6e506eb12fb1f1efcfa19
ea100c031706eefffa14fffb0d0102062b1140fef2092e11f9e8e2c52afc01cf
f308f9f5f9f605fef8fbf30ffdf1fd1022fe0ee0fbe3d012fa15f2ecf8efe601
ebf9f9f3e2fe152a1a0f04f40af1f908fb03241a16f5f603e61bfaefee2800f0
0fedff0306f1dee8fd07f4f7fa080f17fbf81eeefe0206040f1716fbdef3f1c8
fc01f4f407f81c02fb0ae8050ef4fe15f50b0c03fff40003f6eced10f5f20cf2
fb100efe0b11ed190104feeff00501160af3e6f105e5e000120b010c12e6fd05
cff31ff70ae910fae7f6041912fef7e928e802d413d8f505f3040301f4fc0004
d8dde31d13eb1d0513000301f6d004d707fd0807f10bd109f5f9f10c11fef914
131b151705fa01001ffcdc0dfa0ff1fdee050602d5f10df606eb0ffd1ef7fad1
eef3c31e0f0524150212fefbdaeeeb2c0602fee21a0cfbfb020605ec0f01f0e0
1311f600150ee5080a1812eb03e00bfccfe4ef05f8f4150dedecfd0921fcf9f1
13f7ff01fef3011a020decfef5f600f3070b0c13f1f7f9ebfb2604dd15edfaf0
0416f101ff07080af30305e706f60b18d3ec01f5ff0f1df7fcf30ff70401040c
d8dd54c0f70737f3ed352300be6717040df50ef4081added0f010c01f4dd03ff
0ae6260707ee2300e4f804f51725f9e3fcf732cdd1d317ca0c1307e1181503fa
e50c0302ee0604f1020eff0efe180c1af019fbe40f0d0efefdfff8e40cf3f3e9
1e23efecf4f80ce9eedd0715031115db17f2160718fdf42b040107e90af7f914
f202d2f103f70717f1fe0aede9eef0ddec14f505f9ed14f1fd1006f0f6fef313
12f7dbf70eeefc09072cef0b05f5040ce516faf9e4eff1e2fdfe07fa1c01030b
0af8fb0208030413fd0df30bf902f7f9e90f0603f1f20316e7fdfad407f4ff1c
00e000fc0afe001603fdfc1603f9faff1f001c040efeebf3ff24ffebeb02feee
e9fee70300effd300014022907040febf80421000307f6eeef0fe51d18140817
fdf0f9edfae6e7f7fc2506d7ff12ffc9f3f4f107e6fc15fb0bed01f8e7090620
ff1a22e7edf308f401f804ecf207ee0920f9fb000fecd9e218fbebec1d06fbed
f817fee8d70506f600f5040cfa05f601e0fce9e7e9f70503efd90109e513e6e4
030a0fea0cf016f813f100e00b08f1f4e332ecf7140df81dfb040c1cf115e715
f4ecfefe0200001508f4fe0321d90a0027f707fbdc0e0b020feefbec08060bf1
f6f2f20ef6f1020cf7160bf8e7fb0d14ee0803e10ce90efe04f6efff0bf60106
090e11f501fcf709eaf20d0a13fd050cf4f817d9e10c0926f3fb0dfa1eed19e0
0b0211ff29dcf7110cf3fddb0601faf9fd18e81e3af7eb0ffb030813f307fff9
f906f4070be202ed0b04f5091ae3fbf408fb0cfe0c11010e21fdfcf7ed090417
fe00f40ee100260aebeff8fe1e020ef909f80325f91de6f10003eef6f4fff0fc
f736f0281cfa2feb12eafce4dd07ece3fcfb0af811f738e6030002040802fab2
ed03eb1feef30af8130be726ef06f8f4fff8eb03f810fc01e6220309f0050614
0af7fa0edbefd6f50009f0e60011f3ec09edfe0a01f42f08f9e8ef05f5f207e7
f716fafb12f6e10208fcf203fbebf7f418ff0008fcd4ee0103faf12700fbfafc
070105f31806ff08f419070c211219fd022318fff30311fa120a1310e70f0204
16f6fb1ff2ff1d07f7ed09fa05e9f719c5e9000909ee1df6f6f704fb13de09f2
d8e80f09e80a0cffff03f6e60605f926f309fff9fc0707f815f704ea0afb0bdc
fcf216f6edf811fc0c18ff20fe0ce610d309e7dbf1faec02ed0eed1d15e3ff1a
e60311f323eae21d110d0cff1c0805f9f3f40600f1f0df03f1fd040c0ee8f117
f5eff500ec0e1b0c15240c08090e072ff214f20306f914fbf6fa0dfe0d01feeb
dcec1607f2fff8f4071300080ff2021b0b0404fa20090ef01b15020817f60bda
f8d0faf21ef5f5fef5e9f1fc0add0de0e019071c06fa1be916f20de9fff0f216
eb1309d3020c2afaf4ee0efafc0606f4e70b05e7e31408f90431e019120e0df6
f0f7fcf2020efee6fee2ebd5e2fc0d0ddad7fcdf11f71d1a3bffeeefca1dfc36
11eb121d05fcfa1607011c1508fefcfe031cfaf00cededfdf5f6fcfcfa140fde
d40e0eea152417fc0103ec0908df18fdeefbfd1f031d010e09fa00ed0ff9ef1a
3204dad6e8121dfb111107ef052204d6ded0f202eb12f0ed01eee30116e613ed
f52506111bf305fc09eaea11f6f514fce9fa0218ea0130eefbe2fefdfff513ee
e2110012fff0fb1b0d3ee5da290701e4d0e3ea003b0210fafc3eef00e922f118
0e0af9f71bf0fd19060cf405ee18eb1bf3dc0104f107f10305f8f11ef4fc0012
02f0f708050000f7fbfc0404f2eb1622e9fffbef070c09eef4f6f3f43108f110
12150e090f08ff030e0900f7041408dbecf01410150cebee04f0fdf6dbea02e3
0c1f20071c23e41709f4f9ea0515ff030bdd13e5ea0109f7fbe40714fbfdfeff
0d0f1012f30afce6fa0bf9f608f9001004e62105e50305e512dfe4fd0c0dfc29
14090dd30508041ae814fd08eff4fa0cf2e61adf18111d04f7f00c23ee1af726
e5e9f910e7072903002203030c09fce90b0905f9eac5f91228f60202ed0ce90c
f5f804bbfae7f41c041bedf8f20c09ceffdd1303eae9df03f21d0dfa10fb1dde
01f1f812f500f0de1418fa0711fefdd80011f90df8fc0bf4fdf504160005fe12
04e2f800f20213dbdd0511ef150ef0fc0a030912e814ec031efdfc15fa1c01f4
12f90b00f7f2000108fbfcfcf4f30ded110f13f6fb07f4ef04faf7f108150802
fc1cf9060110030410df04f9dffb07e50bedfb0709f4feefe318f90d32f3fb03
0301dcd0f309def1f710190c22b102fc040317f9f02cfc0a00020c100cfa0d1d
15250b04f3f8d608fd03edf616ff0d0600ebef0d1df702f3eeea04fef8061904
e801080e0319fbfef803e9f8fa05ffebf80520f307daf3f3f2120803150bf819
f3ee1be5fad1fcfef50bfd03fd170410fe191d040e09f213fb0010fcf0e6fdf7
f30c0d09020812f4f9f202faeaff01f0bffbc2c0401efbcfafdbe3de220bf615
0502fcfb0024fff11809fe00ecfdf0110e15f5edf8ed09e80811f9f7f9210cfc
e8200ef40b00f902ff18fc10e2f7f40c08f01218f7ee01efe10d0715faff0617
0b0205120f08ebe1d329fc08f5eb01e80b0000f0f3fa100d03e418fcef001100
0d10e0ce05ef0af8f1fd081a02fd041514e3f3140807ff1607eff1fe081a141a
0df5fcfefffaf407ed05f4fa0611fbf609edfffff4f411070a0309e6fa00f605
0ffaef04ed0402d2041cde07e701f30b1000fddcf90b24dffce80241fe010de1
ee04d9ec1709ee070601f8fa090e060beef417e9140401fa19fafd0cdcfa05f3
e5f2e5f8ec22e4f8fc06e2f4f904fff21cea1adcf6190613faf8f51607fcf4d2
f5f810edf2f9e5fbfffd16fa11e20d14e610ee1000e4081311eb02ff0708150e
e0f3fefeec0007f9121ae2ff1209f81319ffeff3f70ef9f6e7fb19f42912e217
0f27f9f20e05050c0bebfeff0f0310f2e512f2f00cf007e42808120c341c20e9
03f7fff705ebfd09101cfb05efeb040aeb06fc0001ebfb01f6fc0bf00b06f2e2
01e2e9e60300f72401d02103eef10afcf4cef7f0face030ced0fe60517000efc
04faf3f51501f7260d10f0f805dd011fccf40ae6ebf02404fa09f7e9f31c0a40
d709f4eee90ed6e417f6f8fa0a12fdf2fee3eaf10bdce91607071f0101f7d800
0c0207f7320512ef030d090400fc0f111de10ef0f511190a02fe01f8eae0071f
0df2da0008e9e611ddf20df70416fcfbfdeff2e9f81600fe17191b0613121626
f7fbf80905f00bedfefaed0cf31ef4241a0d04f206fb0fe106ebfdfc0824fd05
f00b04e6f6060406fd2d0d15100500f9fbf2dbeefe130601fb14ef19e8f708f6
ec14159e020f4811edbceece03e4f3ddfaf901edf6eaff170df7010e0400fdfc
1bfbf208fcee2204291bf9032f0ffc09e604eb35020c0116f618f6150d15eafe
eef60eed0414e7110212eaf1160503f9f7e7eb19130e1cfc00040d2106140df7
0af9e311151be6f6fc191010f600fdf60603111912e700010e22fb18e412e917
fbffff22eafaf10b0be2f72513eaf9201eeef6d805e529faebe712f323e3f1e3
0eee111105f8f72deffbeaf5f6f901f5fb0a08f5fe14d00d060703ddfde704ec
0b03ec09fce6ff21fdf0f6f21c0700f505ef06f312f5090516f920fbfc0a03e2
10f2f5040ef00d0907fe0f16feffff011414f7eb01e0fb000e0cf5fa0604fe15
ecf6f511fc121308fdf306fe18030d05f0131fe3e11e0e2f0a21f8ee18f4f108
05f7ecfbf803f0f6fceefa13f203fe21fbf616e1eff700031a10250409f2eef4
0fda0410190519ef03f9f9f711fa0f16da1e0ef7ecdd010ff513150b1af707f3
fb0c00060802101bf705ef0c06f5f611d6f3fdf5f104f6ebff1410f02015f707
ead1cc25e916ff09f4edfa0ffdf6feef03f8f7fe0701f7fb070001e7fb0deaf7
0cedfe13ebf6111812e7061012ff000621eedefd06000c1c07f004170cecfc1d
0700e3e1ecf90cf1021cfadc1104070804ecf6fafb13eaec05ff0100f6fe0704
10e8eafff90701fcfd110604efef11ee0a1effee170fe0f508eff20002ed0b1a
c9eaec090b0014f806072b17413905fb04e4fa05190a0becfde902060a03f521
f91ff60eef1a0b0711f6eff81408092a17fc13e0fafa06e91110ff1a07c7fc17
fdfc00f30d0bf41510191a0426141013ff23f10efe02e9e01a0302eb0907f8f7
06e8f512f1f819d32aefe1eb0bfb06e512070918091bff06fe0403e8040c0305
ebfd070715f9e80f20feecf8fbfff4ffed1afb0b16e801fc0401efed0cfa0add
1e0c000ffa10eae207100cf6f6fafe0223f311ff01f3bde30a0af70deff8000b
02fa19fc01fb2a1fee0403f61ef316ff0bedf7eef41c0213f6f209f401f9f4f2
0bda08011e15fb1af316f10c0fe809e4faeaefddeffafcfe071df8d11f1100fe
dbfb1efef0fcf41ef6dffbfef6eefcf3e3f302f9e6ddeafbfd0ad9ff110df605
050df407ff03031122fd15f30f17f227f9eeeee3fc140809de0dfaf9f0ea0403
090df1f2eedb2cfafaecf0f609ee0c18f7f00102dceee7ee14fb070efaf40a09
170a031506e6071b000b030df8ee08edfd0efce404e5f115fefaedf60afefc0d
f5d4fdfc27e8eeebf705f21b2e021212eb120beae3fa08e6fbec11f416ecff2b
d7f0e6041607ecef11ea081d11f7fed6fa010b211bfaea0704e9e9100e0608ed
1eef10111b081cfbf91606f81aebfaf7fbf911e2051ceafff411ff00eefd0ce8
03d60e0feb1111152aecfc0023f802fb010cfffa0bf2f2f6e704f10dfeeff702
2101f6eaf500e8111102020308f9f9fafeedc50b0f0b0300e314ead6dd381f1a
1b03f7f0f1ea021b1c1005f8f2f6022005030205d9190beeedc40424f616fe08
15e413fef6e91e07000fe9fdf1020dd5030700f803010b1514f7f71b2416fbfd
e0edfe0e0a0ef2f8f1eff90ef8fd0a0bf6f6fbec11fbfefd0cfce2e7ee030f2b
27ff20f5f7fa1d010df2f30ffffcfcfa04f9fffef8030001fef1f70efb08f408
07110c072217dc06ff01041306f6f800defff4fb03f90cfc0404f4011af30c06
f0e9ef12f4110ee9d9040500ff11ff11fbeef4efff07010110e1f70efdeef816
02fdfb1cf9f7000d0917f8160bf01018e122fa0703fae5f40024030df00a07f1
030df2e804efe4e80be514faf2011df120fff202fe0e13051c020218f711190a
f4f6ff01ece9061311d5daddf70900f6dddff10801fa06070b150a06fddc0709
e8e902ece5fb1bd2f325ffbc15fff8fd05030916e704f5150711060400cc0afc
f006f00e12e9fce21afcfffbdcdff8f0ecfb11f5030ff2071707ff08f7fa08e4
11080cf5f2e7fffcfddf05fc0def070002fcfb00fe0afdf8101e0c050a0f0603
0a0208fe1119f309fc060b03f7020a1108e7e005f4f522f8f707f7020200ebf0
ee1c19080d06fae2e51304fce712fce60d0501ff2115ea1513ef1604f50bdc0e
f416020ff71104ff0b0aeefaf61ce6d5fbf9f52fde15f1de02fe04d2f110fbfc
fa09e808e808e9f4eedffbec0f06edfe28fa00e9fe0e0b1104f5e900fbe3f817
f602ed02f8fc07cd09fef21a06fdf21a0a18fafbe8eff8eafbfaf7130814f606
eff117ee141b0309050ff40ff3fb0c150908f9f610e2fafcff0a26fd010bf318
de000cfe1908042802f311f0f4f5fb12000522f2320ffbef041cf919ed040504
fdf0f5f1230ffb1706fff30715e1000505eef5fa0e0508fe080c13e2fcfa101f
1dfbedebe90b21d7ecf2d2fcf90aefce02f9f7f815f3011702071a020325f51d
fa0616ebf1fa02df0600f31601fb0b0ce6f50e0321f910e2fbfa07f201f9fbeb
16effddffc19ff0f04f414d9f1f506f0ddffe918fd1bf4fa071ced0c01fa0102
f9f803e9fd030fddfdf512ff0709f6e2f20edff3ebe603cafa1d12eb03f50cc4
f2e60107f2f80bfe1204130104ede9fbf412060fc73402caf727fde221291df3
fd0a1109c1090f18f90505ef0410f3de13e80710f4fde8fffa0f15ed01e205ff
f6f0f3f400f8ecf30e10fc1516fcf406f3f5f010130804e805ed0511f1ed0b02
0d150711cf22f7eefaf232eef000fffaf7fdf40ffb0c0bfafafce902fdf107f8
0de4dff7effaf62508e20b130b0d17e401df0fee1d1407d8060300ec091cfaee
02e708fe0dfdfff906050be20b09eafbfe36f40dff0503eff2dae0e70e07080f
f307db00dd01f9140ce2f0f2edf7e1d10bf70ad10b100ceaf7030e01f01aef0b
0a0c0a0e0f0ffa170109ee07f3fe00f30809f2cffbff08fc03e70f0803e91e06
fc1de40ce7fafb23f804de1ff60e1b061034f2ff090cfaf6f805e9070bfffb06
f40b0903eb02050cfcfc0b13f2dd0b1dfbf427e7fc25f3edfb25dedaf90efb0f
071012060809f22300fd2c16fe1dfaf7030ff4fc16fafde6f5071d15fdf40201
061111ef21fa140b08e91900f4f6030c110903da02f7eadb05f9fefb09ee03fb
fc0e30dd03f9f7d0fa2203e20113040ff40509f219da03faf7fd04eaced5f906
f9eaedfc10e6070dfa0df91bf5fe1d061ef502e409eff5fbf10ddc2beffa18f2
e711e4e0ee030701f6f3030001fd021914fd01fcf6040c19f80f09f305f9ff02
00fc1216fbf1f50607f404ed020aeffb071cf901f50901f50315f8fcfb08f510
f8f20a0bf81af81000f006e2ecfb080f0f020a11e603fa03f5deefe2f4080110
f508edef0508f1fbfaf2f6ec07ffff030e00fa11eff401fd1109e10bf2d411f9
e921fb07fd0afee508160617f9e004f2fcf414fcfbf2fffaf20f13f60ef209fa
fa15f7ef03e8f6e003031e0df218fdfb0f1c0417f4ed16f60308fe1114f0daf9
e1ff01f2edfd070401e8ee04ee25d9ea0bf031ecf4b1f808faffd840e6e621ed
e90c0201ed0804070203fffc040e150b08dce804f2021113f6eacb1908f21aff
fcf30f2b170ef8d80af509e40dedf7f9e6f205f0f6ea0fff0307f8ee3e14ffef
df1bdde908fc0e17080e0e0605f609f01503fb02080a1308fcf825fbfe15f51e
0d070bf21108fa0bf8df05f0fa161013f6fdfbdf0408feff030d050e20f902f7
df301ef71ef9011e04e6170731defa180d06f2f408f402f90a0305feec09f9eb
fdf10f0b010c03f106ee07f10a0de4de1d08f5f9240e0ae608fff2e6f8ea0012
061ee508141f080703fbfe02fc0010effa09041707e7fe12fd04eaf0f50b0814
01d70bf70724fd26fe1f0503f61403172e011118f5f302f502021c0804e7f70c
2ff4e5ef0418fef305fc39191a2d0b08f4f6ddf414e7fd07f8fc00f915101704
de2707f8e702030001e90b0a1121f7000ef80bef12f206e10e020707f30202fe
1e0f05e505f5fffbfbe906f1050de20308e20cfffcf607d2faf71b1022f624cb
1809effaed18090febfc01f50d08e9fcda01e608250eecfa17e32009e4ebf115
e62bfdef03f3f9ff020701e4070218fc0214edff1a0609e6060f07f2020c2617
15f0050be4ffee1906ecfcf7e0070516f7121af6ea090f1af30dfeebf50ff106
080c0417f3e3eff90623ee0c1bddfec8f5f901e70006f7dd06130bf708fd06fc
08ed03fdf61a0702f00ff0f918f21d081509fb0c0f00040d011109f3ece4090a
180511070c0809f4fa01f9fa06ec1400ecf4f8d4eeecf4e7f40a040dedfefedd
052710f82005000505140301ea17f10e07f7f7100409e70afef9ef0ef20c0d15
eaf811e21d13021904120b06faf9060e18f7000703e2f9e9ef0b0709fe29eb05
02fbe419f5faf7f20609fa0a0916211b07070de90bf30aee05fd060e10f71e09
00ee1208e2eb04e3f1060201fd07f7e10a1d0df4f612f9080a02ff0efbdcfd27
ec0b02fa0c02fe0adcee0bfd06fa1821efed0308ebe90c1105200eee0102e50a
16e8e8d0e3fb121cfd091df2fbee06fcd70418ef12f9f60b0df4ef220402fe1c
18180a080dee03e301f4f0f9f602f1fb0b0d0708fd0f06fef508ee001702fc0c
1dfe1417e8fa06210107ed091512ff0debf613f9e5fafbfc02f1ffe813f10003
f5f21aea20ef04d710fde213f50d150a0a02f8ea0a1bf90dfb0afbe60800f905
fef9fd06e0030af7fcfe0ee611f9e711edef0301ec01f8f5faf2e60407fe0406
f8eb1608f5fc18f1fdfb15010a1310e91300f4ee0e1b0fe403fb111f05f7f3ce
101910f7fc00fd0c0915f5f801fff70c0111f105e61803df06faf815fbfcf413
1eef0703ebf8fcd709ef2a0f0606fefced03e902fcf404eafe161604070ff7fc
fe05e6fceb0707fa1615f60ffaf2fcf30410f9000903feedfafddfe2fe1d11f3
07140108110c07240406f1f7ebe11911daebf00703edf2f8fcf016fd0705fada
f20aeaf9080c01f4e907ff1c12ff0ff90407f115ec2e02eefe1bfc1602f30918
0001f80ff1e70503fe011802dbe60af10a18f903ff02ffe803f9f7010c081e08
fa0304031c07ff0efa04faee15fe2a2405f2f9f8dafaf6f501f902eff4ebfe0e
fdec04fce11d09f5f5e918fd09e926f8ea08e402f71dfd06fcf523eaefeae9ee
1416f7f218f703fcfe0b05ffe811e1ff05f3e6e8fb0e040309fae00808e804dd
f2e7edee00f1f2ddffe4e0191e23e3040a0bfee2edfffdd8030dfff603f8e5f4
0c9ad2a2fc0401c7fdfe12f9e9b212edf6da09f9f5100ada05f4effa0d04ef17
1028fd0d0d0bf2011006f603060e05fef80d1a0d2ee2f5210be2f814e8f7ec0c
07ee08141916f4fb09f6f90b0b0cfaf5f1e718c3fcfa080a09f7172a01fcf9fb
f7f8fefc060bf3241908dd170100071914ff100407efeafe0708faf6051f00f5
10f5efee0803fff602f8f8ff0af6150f0d23e7f70cf501e70509f4eb070616ff
16151205db1206eefcf30cf907e703f7110b0ff61ef0f724fe0502dd05000b1f
0ff109f504eb1d0ff7fcd6ecff0bf8ecebf70bf00aff07ee06f9f7ecf317f908
0be116f40000ebf7fdfa34fbdc021308fa01070109060910fa0e1127ff0bfd06
02e7100beb14000002fa0dfdeff406ea190c0c0ae005fdfffaf0210bfbf71208
180814f8f8030505ee260cebfd0aff041c101afdfbd403f5fb1407e7f3e20816
07f8f006200ef2fa07fe0fe51cf3ed2ee5f3fa0b000f08f601fff4fbfff3edf3
d30d0bf4de2902d30411030623051008f9e43acf0f0202c9fcf8df061402fb02
05f5f502fcf00e0b06f1ccea06ed0eeae91ae9f916e90e0ce90818f6ff02fe05
f1f5f127ecb4fff5fd11ece4e5130cef08def223edf10ef3fed01c0c0e06c721
fb160df2f91607f8f5020ef20103011609090b0df4fe0000e60907e715f118f5
0403f9ef11f0f60aff0debfe2010f1ca072c070709f7fe1ff8f417170b09f7fb
0d1df7f3f7ee09fa0cfde7fc10fe11f3031406091dedf6150cf8e11df420fbe5
ea16e6ea0bf100f118fb040debe5fb16fceff4160605eefc02071efa0603f3e8
0cf2fb08e7040afaebfc03f10aec08e6f901e4f6faf6fff6f50ddce4cc180c14
090ff70900060f01eefcf60810f40cf1f52a1e32f3ee0c1802f80501060a04f5
03fa10dc270c0518050a2319e6f30cfc12fffe08f9e0f0070117f2ebfe07ece9
2715fdfaf4f6fd0d04ef0d05efdffaf0ed11f6fd01f507fe02e9fdef09f41314
e80dea11f60af618faff06f60004f6f608f40a0912edfd0a07f6fafefde506fd
f5d1260dea1405fbf2f11728faf811efeb0df50a02def310fbfc1bff1715ea01
f7fbf9f0fd0401fffff5f7f206fd09f402f8f902e602fcfc01f7fdf90ddef3ee
2a14f61ae0fc0c00fe0019f91208f3fcf6e1da01f703f4220af71ed9f206fdfa
1ff9270ef2fc0d07fcfaf807f00e06e7ff0efb09ee03fa1306172700e40f060d
05f9030615df01010d061f01090313f105fe03150efafcff1af60a06220f1afd
0f0f05fbfe0a0c0708f102f30e1200fadb0c0016fd05f712fc0600faf2f90805
0dedd0ee2e0409120af7011fe6e2f90c140deaf61227082002e9eafa1cfbf5f7
0705f6effafffaf600f3e5050304100fe1f80c16eeea211efe130d11feeaeceb
091400f21a0607f6fd040ff7ef07f008050eedff070907e303001cfbea040a0f
edf1f3f800150b0c0202f8f702dcfcfafb0de4e9070303e5fc05e9fbf6f70608
edece9ff05f707ffea0cfbf7fef1fdfcec02f7f901f7012c070fe70705eff712
ff1200f7f9d9fecb0606f708f2f20ffcfa010ff717250400fef2ecf600f6dd09
fbf6020eee1405f5f1080ff203f3fcebee061101f4e0081dfffe2d050c11d7f0
fbf615f1f8f0f9140ff60404030df2061b0216ec0d0cfa06f505e70703ed040b
38f6090feb05fd04000fece9f1f8f30d1cfcf3f4f90b0b00f7f20ef717e9f708
09db110ff5f2fc0b08eb00f415fafc1709fa0c190b0cf813f600f300fd1005e0
0709edfcf1fa0510fb0f03e7f8ee06fd020f0217f9f8fcde06fc0c132507e503
0700f8fbfbe5f10b04f704021806f121dae9f1fefaf10d0701050f03f608160a
f9eefde90cfb0208040115fe08f601181104f900f100fcfd03fe09faf9001015
1df4f307fce70403060bf509151ffaf10bebf209eae911060704f8eff900ea04
f810eaf71ff5f41ef80bd4ea050e01fdfaf1d2f0f9070ffd03ff000b09f309f1
100a19021932fd0c03021dedf4f7f6fa18ead609f3e00ff2071120041e210ff3
23f30ee6f92cf500f8fd09e4fc33fbf60603fef80f070c02050d0b03fee70e0e
01012df000e705e1fcf5faf5f706000af8f8dc1424140121fd0f211008d2edff
0b1207ea20f8050afa1f00edff06e7fcecfc01f9010df90b020a0cfb1502e703
0bda160b06040a050fef0120f50b06faf005fee1d10c10f10012eb06f40203e4
edfcf329fe0f00fd04f5f8e5020f01fdf911ecfbf10202f5fd0f0506f309f8f8
0b1116fe110cf2c30410cf1cf70ae711f905ccf2040806fffce7f3f9fb010cdb
2209daf7e906f8edfe0ae60bfafefce10402eafe1c05fbdaedf61fe8ed0701f3
fce80a0adef801dcf813fe17f500fc20e305000dfaeaf80f05f20dd30d030be3
0204f51323e114e20df9e9eae90de1fa3f8683ee2c12043e021107c6230affd4
08f3ebf1e5fff02000fc000f12f7ecf9f0020eff0ef91112fa101df1f0f5f1f4
1b141c04e9030d0809eff6200905f6dfed0302051401fd0809de0617fe05fef9
11fdff000df9fb1a04e2fde2fc00fe17050702c20b27f8e6f9fff7c71efa11f5
09fcf625fbfb0218000312ee09fbfefd131202f4170bfc1cffeb090503ff01f1
ff0505fa08f1131c0111fffce8070d081708ecece41ff4f102f60a13fe140209
0b20df12fc0208040b0103eb010a06fe32160717e8f2faedfbfe02eff2e61712
2f1313e7d908170407f6b8abe416f81ef5150f10fa14fb0000f5f5f408fff6fb
ea12ec08f02afcfc02e9e40407eeffd3150aea10f403fff104f7fff8ec0feff2
20fcf1eef7ff040301ff0b04100e06fc13eb1bf1f8fc01fd01f90004000609f2
04041dee170d0d0f040419ed1e0ee2fd08010008ee1503e605eedb050afff7ed
e4f50d07fd02f911e8fd0bfbe7f602f4e40ff605f102f6c902e9e4fcec00f5f5
eced14e7f70207e1f616050f0400f3fa0ce6eb0efe0105fd040eee28d7f2f8ff
39bdb1ea16fe04640a16e0f1f554d4bff1eefff9e7e80116f405f40bf3e2f208
fbeafb0a0e0404f40d05f7001ce2de010ce51af9ff05f5fd03e732fe1534040c
21f112020af111e7fefff9eb11ed09ec00eef01cfb1309f5fe06fdd9e1feeafc
0119f8090c12f41908e90feffe141514fef109f60f040d05fb100002f503f9e8
08f30808fcfe04f306e8e819f2f9ea1ae8ef13df04110f32fe0bfbe30f0ae707
21f1f9fde6f900070017f6e80fde270bfef80515f2211bff080120f309ec04f0
fafaf02ce8ff04ee060dfbd011010d1908e6e500f3eaf7150f1c04130cec160e
0502f00308030d06f9fe1b02011316010ef2fd18ee0bfef60207151cfef8db10
00e5000505ec0313f8fe1215ec0bfdefedfefe0916fafbeef80f01040a050317
0ae717e3eefa030405fe2cf917ed01dc10fa0a0e07ed15e40bf2f00512230fe0
1d0eedffde06f1effa14df0f070f00d502e50cf922faf2ee07060810fe111325
0c0afbf813090c17f004edfe0e07ed02edece90d1808f608f9f8ed291302f50c
0114fc00eef1f9160703e2fcf509e11b0ff700000507fdfff7f7edf7120ef9e0
f516ecf015f505eefde80606040000f3f0fc0fe8fef90af40ef3edf2fdea08e9
ff0106021109f216fdff0414f001faf8ed09f3e5fcff1015fe15221104000223
0ef8f7f3fbe3f7090af011fc0e04ed03010f08e21def00f6fd1fc3d0fcc4dc17
05051c0cfdff1418f717f1f4e8ebf6180fd9030c06090712091af6f80106f0f7
120c07f4ecedf30d06f0252c0a25eb1bfbeae5e5050a121cfe09ff0e09e20b16
fc15dd0303df01f302092be728f70c10f3fa141c03e8fd13f5e21b12f9f90128
13e006ecc4130ad8f7f7fa1c04fd00ef0b0d1f15ba0a011dfc0c1607210fff02
0af72a06d2dbfa0306060120f30104fc24081af0fedcdbf708faff0b1ffd2010
0a1a0018161af101fefbf705070ee6dff8f4061cf7f0fff1fb0cf4070908fcfa
0a0bec1dedfb080a06ffefedfdf3f71e10e1ff11e822f1fff9f5eb20fb06000d
05001ef8f4fdf40bfceadb050dfb03230af2e9032401f80d00fde7241b010507
fb250701ffca03f81006fef30bfcebf8efe20ee8f20bf3e20706f00af4f41dea
0bf82d18d4e2fd01fc02bef000eafff505f60bf204fc06020012e80ef704fdf9
1514fcf5fe26fffc03db14dd02fc15161524f70e26eb0001f9e2fcf81705e000
08e81cf121ed0ee8f6140eff1004f4fc0b09ff1e001206e2fa1b25e1ea202324
011a232009f40f11fcece7ecee0512f0f611fbe50804fdf3050b02fb060e0900
ed03ebf7110408f4faf4061207040dfe09e90c0c131102f902120700fc1000f5
0af8e32240e4eff2fbe2e0f92dd507f8f1f802fd06df0625fee7e510f9edfdf1
0e150d1ff015fffc03f1ec03180d12001deee8fe270f050b07e9d70ef1f1fc0f
fdd1fa12f1dd09300918010cf203f702e5c5c713331202f907341b710cd6ce2f
ee16fe0110ee06f6f5020b19060811190f1ae7f212ff0f09fefa04f31317eef6
f3c416db2b290eebfaff0718e6120ee911f21512e9f8f3ee04f4062f10ff04fc
fce8f815fe0ffce7f21c0ffd18ff191902c9150704e70c0f04f8f0fdfef712f0
07f8f6e514f3071100eef007010505f901f6feebf11ef6c90105f7ef08ec01f7
f10bef1d01210e08f00803f7fff2fe07f7fd24d3dc08fcb80a2fd4ca013bdd18
f61400f61405fa100bfd1e03f706eb21f2052107f101f8020bde0ff5fc0eee12
1bfbe8ff1afc070cf6fcf9fc0204ffff1beaedefeceb05ff0615ef4010d80708
0cd2edeaebf2f410fe09da0604fc02060004010009ed0212f920f40c12fa0d0d
23e217fefdeef10a0bf9061304f30b00f90f08f604fcfefb02fa050b03132124
0bfd00f6de100be6ffee0cde08faf50e06080b15f6f811e90725e8e51408ffef
edf1fd180b080603090518e6f6f115e120e808eeceee03ee0def21161215f108
f3dfe6f70621fa03fe05eab1f5f61e180011ff0528fb2cf5c5fbeb10410217ff
f22cee07fcf601e205df1e0bf61bf6e90c05e40beef6faea04f6e51821030a00
1406fdf90f0b132f06facc0f071b0e00f8080ed2e7edfb0905f300080bfd07ef
0df7080209e7100103f712fc0e0b0f0405fef7faf60efff7fa26f3090c021708
ebe7ee1127f5020005040ae8080716130506f30205f9f10400110d12030209fc
00e50be5ed1e02fd10ec16f0fb1fee0e132ef4def106f614f8fff8292303f817
0e2321f6fa21fa35fa002c14c8e9f7ed28040c040d1ffcfa0c12e9ff02030700
fdebf515ef11e8f5fefff4f02219ea1112e70df4fe0cf72205fce1e9f50b26ed
0415fd15fa15fe1402e8f0011ef9f80a11f831f2e8f409f80402de100cf1fce7
f80b1bf816e71cf105feefee0ffdf426fd1a0af7ef060912f91102e4140de501
2604100e09f70107fe0ffef5f5fce4e81fe5d717fc5808d401ffbaf922e3fd04
16e9fdf8f413fdfb00e1e3ef051815fbf822fdf9040b0410fa0216faf6ddfc13
07dfef0306e70cf5010f2cf40b23f8eff3ff090c0b05f5050710f4f015fa05e5
f20af7010ffa003914f0f10bec0cee1113fcfb0207290017f504f402f2041606
11e3fcfcff0e02e9f903ebfc0d09fd1be8360fe60305f6060a08eadb040204f6
fc15f8fcfe0900f8fafef6e9010a1002feff1604090efff704011ae91ef2fee0
ecf70fcadee60915fdfef7f30eed0207ca0701c5a2d6022905e50d22171b28c8
edf4f407feea0504f9f819fde8f2000e030a07fff3e401120a2107141109fd09
08f8f6f806f604f2f9fe1bf5fbfbfbf5fff1fee60b05f6200c0de6e5db04fbfe
0300eb070cebf9310fece8fa0a051513f6030af72a08f7e40ff912f2030303dc
0be9fc120107010ff2fa19f4040ffe0009e7210d0a1a050c051bf3fd1008190b
ff0702efef08f605f406dd01e805ef19fbf40b05f3d2fbeffb04f4efe5f3ffff
fffc0a2606fffe0bfc07db34fb030d0318d51a14eff102e2f40cdff5010d03fa
19071fe50ef5feed07e3f6f5100507141103fae9f1020914fc0700f7e222f5fe
f80f1a0cfe1f15160100fdef05ff2106fee8fd2ff213051500f20c1d08ef0508
d808e005e7edf702fb1011ee11fe2010f5f8fbf004eb1804dafc0b04240408e6
f4e1fb051514000302efea081a01f0e8f310ffff07e300de0bf11412daf80012
fe04ecfcfcff0bed030ae2ecf713071612f6edec0204f8f9000fe80b1907e9df
01fdefe9eaf00203f2f3f01200fff101f202f8ebd20c040cf9f6e812e2f41408
10e4dd08f723fbea08f21f0b0e2108f514f81ee2fbd317fa030ef913e4021ef8
200aef08dc2e07e0f61dda0bee1f3dfffb0dfe0f130ef4f2f3f7eff0100004f8
f8f70e0afef7f7f5160400f5d606fefe08eef802d0130ef006ffee12e9000ae6
fa10fde1e30407ed06df021cf7f0e30201110909def60004f104fe0af40ff206
0e0b02f5e8f8fa0e08031408e60e0230000403f4fde3fae306090d0616e1f7fb
0ae0ef3703e2feef090b02f1fa061005f50128161019f405fb1e05eff3411cd7
0ed50dfcf60cf402040b04f7eefe23f6f81801040400f4fdfaf3e9090b0007de
0ff6fa07ec10fc0304f5f30b031aff10fcfafb01e926f208fd0bf80408f9fc00
e2db010ce62d0a0d00faeefeffe4fbfc0e021a08fc0c07f8eb24f10516050afe
1301eafaf10cfd1903e4e601191cf81b04e41df3f50706e90ef8ed1afe050a1c
f6fcf826fb0d0afd0324f908fafef4edfdfff10405ddf3f60711ededfef9faff
f600fc061210000808f8fefade07f70d0246fd07eddd0014f6fe0b1114f8f3e3
10d117e2031807f9fffc041a19f905e90ccb2108fad30105faf7ddf108e9fc00
ef012c081710fce2f2e7ffd0fb1406ec17fc08081205f90e0623ffedf40816f4
ff1208f8031cfd020902020bf5f5e8f8e208f4feeaf1fbe002f3ebff05ec0808
e91406020ceefae901e8fafe00010424ef1eebebfd0a000c060316f30f0c030d
0afcedfa0ee5f80b10fdf60503f5060a160c191aed0005f7f60ceafeff02d4de
01ed0b25e3fb0cdf06ef30ffcecd18e7fd1d0c0200f803f7f806e01a0019fbe7
e3180be412fd07eb01f313f40304fef6f2f3e7ff03050ed100fbf923171c090b
0300e70cf1f3ff09f8131aff05fefdedf2180af00eff01fdffffeaf60b16f30f
0ef719ed020705f3fd02ef0deff4f7f300f8feecfc0de91fe9f10601e7edfe08
f1edfef60cee13ff13f002f204fd03fd0effe7fcf3f6f4030f110f0e110e1af8
fd06ffee0228fedafb13110a04f0fe0219f61d01260cfa04fb2017e01f1e09f3
0419f50710e5fbf808f4ef06f9f2e8161f070904f0ec04dfff11ff1eed0034e5
0fff080f08f5110302f00e0afd23e4f10b14fb14de0200010ff5edfb09f5e800
f51f010bf9c6eced0323f80c000dfa040811f6f71809010a04fc0b05f70df821
f3eeebfcf5040b080dd9e413f7fe14ff0bfa030402221212f8f9090304f806f2
071c1dfdeaef0006fb02fc0beb131b11f5180c10fd06030407e70ae4e012fb1c
092f040c0cf9020301fffb14020200fde1ef10ffefec0813fce6010b0c131c0f
19fcf50222effcf0feee28fe11ebf0fb211616f4db090914fee7fef318e1fa0e
0f080a1412f60103fd11f7ee0aece3fe24070413111a02e302e60306f6ea121f
0f02fde80b1a0edf05e210e20109fdeb170312fef72a120b000407e9e602f304
2f35fd01242203fe0312fa0b04dee7cff01af6170af6fbf605f704fee3fe0e09
f9f4efff0400fee1030e0115101ae20af7140e03e21103e3fede23fc24e524e0
e511eaecfc1412f601f607eceef8ed040de5fd05d0f105eaf8fb3c1c2014ebfc
e0e9070d070a09ebf9fbfefff90a01f4161ce7f6f90805fc05e71ccaf009e516
04fd0efaf8260b06f1f41cf60bf91c060a0f0be2d401f01e0aff0303fdf306f2
fa0a1e08140dfbcd06ef0e0bf409070d051301f3f60406f3030ff91309f60325
f30a11eb041b0714ff0810df05f5080ded0812e9e6fd122e01f9eb160dfcf000
ea02f80705f8ed21fe010e1007070dfcf8fdf2ef3014fd0301ff0d35dfeafdf7
e70af3f6f81b0e0107ef09f5e8190c19f3f4f4f40814fee3eb1cda0303faeb07
fbf20dfcfb0bfb180319eadef4f414080611080ef6f507fc020aed0b0fecf008
00ee030de90bfd11ea0701eb1c1507f3f61cff11f6060c070719fdeffc0a27f5
0c031c0e010705f8000606fb2f1b0120eb1dcc01fdfbf820e7000cfdf4f91fe2
0d10e9f900e504ec010707eb0c11ea18ffee080d09020bf400f4fcf71d03ff01
1003080e051a030411e20f1101190a0a020cf90a0b07f30801f8f8071d070713
fa1bfe07f506f001261afceff50b0a130def082d08f305dffeccf40b0505e7fb
2c05f4f6ffd2fef7ff1c050df0f40bfe1510f4f4ff0011f4fa0d1df101ee0cfa
e10b08ec0514fd03fd01f901f0fa0a000503d4f3fe01de0508e609fd06db0b0e
f4f1ece6f41817010c06eaeb0bf1e8fd14fd0bfef807240202f6080fdafbf502
fffbe915010fee0111ee0f07edeff70103fbfcf601f61801fffbfcfa1efbe500
0c1210d000ef011011fdf6e6e923e4fb0303010df90b12040deef402d110ff05
fefd03eb0b071ef8ee0505f50e0bf3fe070806fe01f8fbfdfd101610fff1d309
1efd0c03f5f61c0410fa1116f10500ff07f6f5f407f3ec07fb16f3131515effd
fd141d03f409e4f9f422ed12e718e700e3f8eff9ff100104f0f206f1f001f6fe
f20beb0ff4de1403f0cdfb14feeb08f6f5fc08150ce81a0a0b08fc1009040102
0efaf6fc00ee0d01270a14eaf7e007fd26fef9e7f6f400f50af7151df6ee0e08
ef07d6fefffc0d06ea09f9f005fdfffefb0a0e010801c3f9d21806da22f4ef05
01fde8d8060cfbfe01f8f5041cf403120e01e303ec0507edef0f0d12f0fdf804
020708fe0403021714190f00ff0c0b0401ff1303f8bd081010ecfe0f0e11fc0a
fe0f26fcf904170aff2112fcf9f9fef110f8010affe40a0800fb10020213f9fb
f70c02f50001fafbe016f8edfd0af7fffdfffafe081315060702030111d4eafd
10f3020202021906022dfa041ceb000afd0cf8f709def7ffd80ff01b01f6e601
0df7e2effdd802fffa05fafcfe3b07f900fafb10f31d0cfffaf302f5d9fc0103
0dfdeff20625fe0939ea011604fadc02e803e3fe030e21f511f6fc0808f1f803
0406f9ebf3f301f91e1909f51e1d06fe10fae908f9f6e8f81be600ed023404fc
0a03150002d7090410180722291d02000500eff9ff021d05fbeb020317020d01
e8fe12200002f704ed00e8fb04e6e9ff15fe2c11fff2eb001611fc01eeffff08
f108dff6f8ee07f715fbf7ff080bf80005f7070005eff4fde21100e3fbf4f701
fdf306fd0cd20218ff0719ffe0fcfc00f00217fdf301e9fcfef4f3eddd0a1cfb
fb0110fffcd1f50516f8ff1f0efcfbfef7060914fb00f5f10106050c090a0f04
e707eb0cf918f5fffa02fcea230200010c03ff1002f3ff02ee041003fcf4ff02
fe0cfcfbfbff1d030bf7f1ebed02f2ff0101fefdf90307f804e1dffb06ecfc02
f1fd1300e808031303f90502e7eee908fb07eb06fa05140122fffefa0b000700
fc022506ff0cf3fbf4030309e700f50111fefc17fbeaf4000202040f0e25f803
f5fc0614fc180907f7f00fe5f2edf8f7fdfde0060613dd02eb0c0c0bf2f0f705
fa01faf2f7eaf4fb12150002e4170300f8f10c0103e0f103f8e3fbf2f3f4f907
fa0e0d04fb05ee160ad70bf5f71ef502ebf916ebfa15f209faf0071711f30902
0107ed1df9defb0203f8ebf3f4fefeff35f608fc033b11071b32ffeb10ea0200
e6fb0beb02e90405f30215f6ecf1170205f7e40deb081105ebf8f005faf809f9
ff08f3f1f7f004fbff1c02f9f815fcf1e4f3efe4f9f724eb0fd507fbf8fa0210
eafc1c0efbfc0dfc04d0f90ff5ed1203fffcfff3f4df1efcf610fff4fc060df7
0af7f8fefffeedf80302ff0af1f50605f5f316fc0afdeeff0614f9f4ebe308f7
f000f82000e4f1faf024f4fb2800030af8f7f31205ebeaf9f8fa11d6010bf300
eb0803f6f3412ded0608e6e9f9fd0801f7f6f608fde7f20af3120ded0301fdf6
0107fb0b000615fb0901f1f01dfc1202fc0bd7f814e1e304f7f3f5e41df1f100
040919f0fef7fa0e03eaf103f00d03fdf004090206f7f403150d050e0ff2f606
18f11a0bf1fb1a0cdf200710f203f00902031b0af8f71dfde4160df9050a0301
fcff14f7fd05f504f10ee8f0161d03fff5191109f6060c08111907f9dcf7fb0a
1b07f7f901f40a020ff709e8111ffaf80a1003e9fddc230ede0bfe0018edfffb
1203eb0dfe041500f4fd13fb0a06ec08060cf2ff27fc0dffcdcffe02f4152c06
0cfe0c04f9f603fbf810f604feec030a18ff03ee05f21703f2fff60811e1ef04
f70ce216080602fe1ffc15f4ec0a08f90018151605f8fcf704eb00041118f2f3
0b0dfcef01f8fcf9fff613edf9110b0a00fd0af506f1f9faf4fd06e408ec00fe
0501f601f304fb06fcf203fffdf81803f20d0a0700d815000b0612150bf80a07
f600f105041504fa04f60d0b011101ff0f03141400f3f206f8defdfc07100c01
d709f6fefbe70e0002e20af8dff9f90617fbfd08f0ef0bfc1b1504fb0e06eefe
f60cfef5002518041016ffe1e7fa080400fbf8060506e6fc1b0201080e0ff416
ea0111050400010506f90913fef000f8dc0a14fe040e09fb1404031103040afb
0f0c2309fdfd0c0b172aeae914faea08fefe07fcfb0a0a02efd6faed0ceafe03
23e60c0b2feb0bfd05faf507ed02fefd09fbe1fafe06f50201f3fb00f102f3fe
1f00cf1fffe90005e8e60a250cf611fe17ff0fea14eff9fff20bf627f2061c04
f81308f707380202180105eaf00f06f9d6fc0f13fd040600ee13eceff517fe00
f8fff40606f9f3f708dbfee6ea27f8f5ec07100812f41bfe05f90210eee0020a
0401ed17fee6050527f007fb1cf1fc03dcfffde203161304ded30e0602eb22f8
eef70af8f4da0fff13ffeff60dfbf80b0af9efedfe11ebfbf7080705f832d709
1400ff1bf9030bf30613ff05e0fcf50205fb1505002203f70df5f600f0e80d08
12ee0b030310dcf2faffe402f5e6f7fd0502f6f4fef4f0fc1b091015f10f0206
0e0208fef7fb24fdf204042601ee0000f305f8e90918f60a1cfdfc001a1005fd
f9f7fbfc031303fbdd010e0af8fffd02fbf2110efef00cfb07120a0e091909f6
e40800faf318030c230f1011e6f7f2fc03f1f004f9e003fd15fc08e1f91be7fa
0d00f0e91d0afffb29de06d8ffe206eff001fcf5ef05f5fafc03f4ecfeece800
0a0cfbfffeedd005f610080ff915f600000cfe1feed00b10f719effa1214fc0b
0008f403020b0bfb0f040005eff91801f009f0020224f706142804f313e1fbff
e205f7f6f43f0d09092907fe0202f7f705040d03031df4f1f3f9f903f11de7fd
1cf70301fa0afe000513050828cef7000ffff4fa06100b03edecfeeee5ee1403
fa140ef903040b030309110619fcf603fef3f8eafddf15f9f6fffd02220af80c
000cdf15f7e415072430fa0fd916f901ecfcf70705f615fe0607f81311e4e108
07f4fa0cfdf50a0504fafdfe2829f305effb03eb05acfb0013f50fde11fde4fd
040401eef715e7010ef9feeef8f609fa000ff104ff45ff060af3f20300fc1502
e80210fcfcee0a0118f8f4fe0e07fbf900171cf4d203f8140e2509e4fcfdf919
f10bf700040f0bf3ede7fb16f40d09fa01ed12010716000aed23f50d09080b04
0afeed0105fe1b08081afff315f9ec03070903f3f90f2af2f9eafe1ef5e7f0ff
f308130bfa19fefef6ea05ec1801ff04ee01ea05ff0b02f207fcfafbeff5fc03
0414e8fb03fff5f90e1f0ff10f0e1d09d8eaf604042220f9100400e9fcfc0109
f907f61110dcfd0d04ed0601e5fc0bf8fb160101fef4fb0705e700fdf9030400
10f6110610270bf70cf5f6f90dece7f3fb00f9eff3f9ff02f90be6fc11030b02
1a0bfb00fe24120519f6ffffe8eef8fce707fe1cfd1f0e000beb07f611080800
f5f62afb01fd1710f82e12111a04fcfbeafa0cf6fec60004fcf8fc09320708fb
090ae4f6ffdcd1fa1f00f5efe01304f925e6efee08f30fe305e2e90dfbfd04fc
0b03f7f0010f2a08e626f6f4fefb0900fb07e30b08fc0d09231a0ef500fffa06
1113fc02fd0824f90c070e060500f8fcfedffafc0a0302f512e5f8faebefdf03
02111ffff5ebf809f31a04eedf08060a07f90807fd2c00fb0110f61003f1f605
fffb20fcfc1a100a03ff04ede903edf5140b0417f8150502ff1304f40a01f6fa
fcfaf3f909040cfce9c6f015fdf71402edf6010beb1c0dfc170efe0ff109f9fa
0116f1fffeecd20b1308ec1a1b08f8fe0202e5f3ff170c01110ef8ea0b070709
0a1f060bed0104f10107ff020fe1fa07f6f70808f40af4fef6e8f3140cf1f508
fe0a1906ff1bf902270af509f4f7f1fdef0816faf7f7fbf6da04f918f2eef606
15fafafe0608fcfdf909fbfe2ceee30804f814f800f21101f00ff4e4fe1b06ff
f00b16fbfff8f3f80c0502ff09f9e50c08fb14f4faeb15020dff0002fcf90600
d2feebe6f2011c011eeffef0da00f604ebf70a070325ed0be3e40218f1effc05
f4030d0907281b00f2fffaf4eef9fcfeeff912210600000207050b080affe801
fb0002090c0813070cf9fdfbed031703f80e0d10061f04eeecf00c130d0b2d0c
06f7e502f903f907091005f6fa09030bfcfd0308f5dbf405270af90105e40507
f7ef11f5041109fd0b080002eaf609fcf5fc0cf2f709ecfb0f08eb06ff110e02
f203fd070410fd13f8010feb08fc07010afb140bed0101fff9ef0205fafb000b
fafdfa0cfcfff3f52c130ef1052e0dffff0f18f2020cf8010fddfa0421ffee0a
00fed9e4040ef1f7f1e80ee90108f10008f7f805fcf4fcfb0ce9e809e10eec0e
f7fe140aff02030806110303ddd51d091a180f130003fdfdfde1f7f50b07f404
020512f2ff14f8f0ef07f206f40001010806edf10af4f30701e715fb04e1fdff
0bfb06ff091b09fcf90b05d7ed1006052510f4fe05f614fceee8f5f6f30aed03
0ef513fcfd18ed06f4f517f40915ed0117e4f30af9f0dbfaf0fe02e7fc2c0d05
edff03121b1002ea03f7ff0f1007f9f5fdfbf5eef3c2e2fb03110316ecf60bfd
10fa0af70c18fdea0d13f50a09ffea07fe03fefffef606f1fee4030bf11f0b0d
f408f40bf70df804df0e09f5e4f515fc1619fe010a04fa05f7f8f705e3f8f804
10fa0ff00a03060aeaf60a0ffff4f5f3f8040808f2201307030a0e03fb0df7f5
0be8f3f40425effa11f4ef04fef902f9ecea0bf3fed405f9f802050e14f50803
e8fc31eb04f8f50ee5fc0afde310fd08ff1b01edfb0a0100f4f90bf60aec0402
ff0ff8f80600eb05ebf10af9f7fafef70d0305f6f8f10c04eefcfcf1060e07f9
050916f8f1ddfb06e9fbfd062aef030a07fbf0eb081308fa2208f7fcf70e01fd
0203eae2fdea0e0108f9f90ada14ff00e100f70401d707130310f908ebe5f206
12efd9fcf70704091805050310fd14fb0211fc0ff707fb07e00afee4def8dbfb
07fa0407fb34fbfdfcfe090dd323f1011b0bf6dfefe600eef30f0dfdfa0efcfe
000118fa0a02e90ef70002f7e61208f80205e6fcfc17f80606130408042c0b02
09f9d1f1fee50b080af4f618f6e8f308fef2ee0ef21bf903e3f006c80ef3fffc
0309e605fddc25f70617fff0f81af5ff040301ec060cfefdd0fbfb06f0fee601
0afef915f3fe04f716eafaf7eaf302fb0de90802faf808f80907f2fbef011407
ea02f4fa03ec0e031b05021415f809fbf80816ff081cf708fa0d1123f0f713fd
f6fc10f7ffe0f4fcfef6fcecd8cf1106f80113f507ea140af2fe01ef09f9eff8
d705fc02f6f9f0f50aff030705efff011800ea0cf601020017f60fe217f81201
1b02f3fffe17fdfffbfdfb00fc100200db091207fe0691062d29f81e410aecfd
e1f9f1eafe00fcfb121e01f1f7f1fafa0fd20c00f5fc11f6f209e001100b0009
09ffea0df923dd04150708f6f4fbe50300fa03e704f4f314fee4060a0bfae0f8
010d06ebfc0a160502f703fd0515d7ff1a0401fcfc1b0bfcecf905f40a0f1f0a
e01302fc02eb0702e40e0ef610e80a020a0601f4fff1f3ffef1004f2eeeff7fd
0bf8fff5f7f70e09fa08f401f4121007fee907f8001cf9f6eb03fff7070bf502
f0fd030df6d714f713fefa0e0c0908fef70225fffc23f5f10208fb07fa0ef101
ee08f4f2033b0a070808f525c82ddf01100111f8010002081b01faff000700ff
f90123fdfc121806d2e9f80903fffb04d9fc02f10209fdfd1e21fdf5e81e17ff
04f905fe0411140708ed01d70ff7fa01eef4feeffc16f10814090c01e9fb0d06
f90813f70405fe01fafcfcf8e6e805fef304fa09ffe81008160bfc21f206fbf8
0d00ff0502f2fef80aec0a1df30af6fc12f70103feeb0cf90ef905ff09eefa03
f10bf401f3e110faff0201031104fcfffefcfc0d0808eff807e1f9f40b0bf708
f70172f60097a80c1ffdf7001707fa02fd021d05fcf6ea05f6f900f7e6f2fb00
ee0228f207ed00fc140600ed1b03f906f2f3fa0601c52207d01109092e11090d
effe0efd080cf4fc27030cf8f8220d06f7f311f7f6122202e7e90301dbeef906
edfa000be91507010e16edf6fef406f8fdf6f2fa0016fdfcf4fd09f5e7ffee0a
faffee070b0c1f08f10106010b000b071bfd1fee03fc250e0ef606050fe8f705
08022300f3fee408c707fbeefbdefcfdf5091cfc0a15effb29e906e6ea0205fe
0ef5edf001feeceeedf70e0b15effd04260408f2f3ff12fbfaf4f6f7f601f700
27e3fffb0516f8ee16f6ea0904f0f800060407f805f10cfe1a060f0f0d061305
1604fdfc002ae00511f20a0bf009f00105f8e7f7ff021704f205f224f4130703
0d0ae501fb18fcfddf11fbdcff1606020707150709090808fb1e030ffbf903fd
00fe230801d4e2fb230701ea00f716fe1205e80cfcfd090600e9f5fff4f3faff
0c03effdfd03f4fefb0d01e2fce8fd04f00af5faf7e6e00924120b0e15d2fd0b
fb06f6f6fae31204f80601fa13fafafaf302f10208040bf6e81716ebfb0f0f0a
ea0903fc0abc1f040ad90808fbdd04fd05f1e5eb051acc14f1e9f21a03d2f8f7
f101fd19e813ffed102d09f80f0ffafffcfaedf7f5001403f6f10111ed1cf6f4
0b0bfa1601fefd111de80efd0defe8ff2309c90f0624c102f9e1ee22e0ee0007
26faf9f509140c070cfcf9fd0ff1ebfd03f52108f9fac700f70f14f80d03faff
f0f90eecfdf3efec200cf711ecfb1b0301f7f40ff0f8fd0125140515fc04fefa
da0e0106fcf223fefb0101f2ebfbfe040eff1018fc100df6e30d1ced0608040b
180302f80206f6fbf33106e40003f705f7fb0905f41211fc1f0f07042a070601
180bfa02fe141b081c1906fd26f305080602dfe804151afff0eb00fcee0117f8
0004ff24f1f2ed070efd0deeeef3f702060101f7fefcf8f70012fc09f00202ff
eb04eafff2eeec0513e20efede04f8fe1806ec0bf9e0fc05ff0204ff0f050408
f9ebf5090a160407ec0aed13f8f8100718140102fdf1eefc0e0d0ce8f903fefe
0b0318fafe0008110306faec1df1f3f80300f9f507d517f51ef111eceff6e70c
080bfefb060be40407f00408fe07f202fc07eefd06f7f2fb060feeff2522f4fb
06eed102f2d1070b030c01fe23de0d01051cf8fe0e2c03fcfcfefaec12e60800
fb0a15fafe0dfc15f40ff702fc050efa0af02a0df81cf2081604070617cbf902
ea1b06f9fb0209fb02ebf400ff020c01e4f506f207ee00040cf7e402fc0bf803
0afffe030718ef02030bf0f907faf404040a060bfef80902f704ff160ae1020a
0112c9f6f82800f80cfc07f82701e205ff11fbea03e9080f0e0adef202daf2fc
0efbfc08f0f613020bf9020109100dfdfcef1206f8fce5f8cffaf80614f80906
ea0110061502f30b1d0bfdeaf31cde07220c2e0303ea0800f31f09ece7391704
fcf204ece6f8edfe11fe0502f707050701040503f9e81bf9f0100b17f3e7f7ff
fbf3dcfefbf9f8fcbe1b1c28fa01d1ff1bfafdedf4fa1b1e0dfdfaf205060afb
edefe5f703fe0d080cd1080de3eddc07f4fbeb0103f2f7f2f9ea11e91c0814fe
05f2ea00040c0dfef5f0fd0adf1e020af202fd0b01fb0f06051f01120609fd01
1d0c01f9040d000afdfe0e1709000703eb0821f904cfde052eedfe29220c0a05
01ecfc110401ff00f90fee070703eff511fcdcf1fafee2feefecfff5f2ee12ff
02f7fd0402def2fdf4db0b11fbfd120801040d0703d81a0105ee0112f803f303
ec1202efee0b0a060900fada01fe08fdef12f0060b07010f11fd01f7f4ff0c03
f70e0a070334050afbe0010df5f70efdfa0207fbfcef1bfdf3fc08ed08070704
fcfd001e06fa1ffd07fe0bf5270703fcfa05f8f8021013080301080108f80dfa
e00e1711fc1b0a0038fcfcec04ef120003f7fd0b02f91cf1efed0d06ee14ea03
fd041c07fb0a0f030efd0dfbf51509021ccfdcf94e0611cd04dacb3efc2521ef
f2011eff0debe6fcec1a05d21d04f7fc0904fcf1010d0405fdfffa00f4170f02
eff91015fdccf9ff1d29fa031bed0b03fc0feb11000edeff0afd010e15fa0efb
11fef4fafee00309f10303f525e91405e10deb15f107f0eeecf805f8fcf00efc
06f70505fa1a0e06f20dea17f1ed130900f7010702fefeffe1f80afffcfd16f8
fc09e8f809ee0cfb0c0301050b11f6f5fffdfdeffe1f0cf3e7fa0fec0f071709
f0f4f2ef052c0f04d0cf0ae604f6fe03f0041011001d04fef90c0eeaf9ed10fe
e80811081e15d70706fa1dfbfb0d0ee118ebf00405d70200f9050ae816e4f1fe
0c0aee04fff50bf3f0fb0affeef41effe9fafffd06df0102ff050b00fbfef8f6
1300f104f71515fe08050b11fd11fa02fef1f0fdf31119fafefd10fc04001100
fdf61c05f9120001fb090500f31bfffd301b36f900ef34fd13eafbf05731cd03
fa081a19fe1503fb0b0e02141efe05fc0500ed01fe1c06012503131306e80106
170120fcfd1406fcf3e701faeef6f505eff0f005fe00fefaedf6ffff1fecfef9
0803190d06d9f30818fc05e3f4ffe4101309fa0904eb0bfafdfdf5eb030a1909
0408df0f00dff1f9ed03fbf8f7f50309010616f912152e000af1ec0603ec14fa
f509e3f8f703e606f6ef02060f00ebf8110302f4f221070015e1f1e82407e301
0802fa09f115e6fe22f40310fe16190320fdfffff71cbe042cf0080bf6ea210a
f503f901fbf4f902ef0f03fdf9fef6071509e81600370f00d9ed0307080ef3fc
fd06fd010014f9f7020efaf6fe07f8fe04f3e1f606f2fbf9f9f90ff9f7ef0d01
fbff2400fd1d0f0607fef1171fe60807f703100afffcee01fffb032aeefd0802
f410fd0b00050df1f00cff17e8030e001218de07fdf8feff1605040cf8f8ee00
eafe05fef52bf2f8f9feeafcef01e4fb10e50624f2eee9ff0aef0fe3f019ebfa
f305f9f30b0f1a01010ae2f7d711ebff02031fedf90001f91ef80102131c0d05
110f06f30af2fafb1dee1211f602e204fe02fdf5f20908fc04f6f0dc0308e004
e7f8fafa05f90bf7ec0204e913f6ee0cfdf91bfef709e70f0e0407fdfb1ff8fa
f6fedfecf809100fffedecf80af3fa021dd509fe27f90ad40fe2d212f8fcfbf4
fafde80ff91ffdf90507e6f3ebfe01020406fff3fd10dceae9081afc07fef603
f6fb1901001cd2feeffd04e211eb1703fef8e2fbf0fff0081d0bf0eafdf9fb01
0c11070006fbfffcfffd050600fb1103fb15010801052400091500f315f601ff
0304e0010318edfc16f00ee804f208fc1efef402fafd29fb032d0403380309fb
13f7e71002cb1d083404f8ed13f51b0decee1d0a250f02f1df0506f4e5161dcf
f2040203f7fdef00f3260cf8ed03fe02070ffb01f703fdf8f7fafb0cf4ebd302
09f90109fbf715f9faf605190dfafcfa070af1e9f6f1f8faf5f8ecf1f6f90aff
fcf6ffe5032001f9071df6e4020d0b01f009fc09f5ee0dfc1001f5f9fe22ee06
2a0605ec03f304032f17edf1f50a01faff04fc12fde8fd10f2f706060e0d24fe
f00626fdfdef23f0dfeaee05fafefa08d408f5f60022fcfae71302fee305fd0c
19fa0109faddfafe1601f8deea0910011b010c15f018fa03fcf60b0df7d2ef01
010200f7f7ff0a01faf406f112eefe03fe09f5110b2615fc23040915fd1d05f6
f10adaf501edf5fef81009fccdf3f60017fdf30102ec2407f52a08e7061b0a06
fff90b080b0a01fafbe2f910f8f60b04f5f4fc0bf31d010106e8eefde805fd0a
02fa080d04fb02f6fe09f1efedf41afef1f212f1fff019050cf600fc26100cf5
02fc06effedf0606f5020403f8f2fefdeb010306fcf9040e01ff0f01f9090703
030104f30227faffeef9f4f103ec0109fdf9f4fa0b13f003d8fcf707f109f407
090dfd050901fd04101bf504ef110e03e606f307fc0c11fcef0b040d00fbf106
e50a15f8eff722e410e4f2ea0316e1fceafd020307ff02011d0714fdeee40700
03fff4ef090504f70c00050a19eef30fff021ceaee14010503120515f4f119fe
08f9fb0308c3c70d012afc01ee0fea03fc020e03090ff90bf4f9f8fff50df2fc
07fb20fd0012f6090af90ced0424ef00f8f93704f006c608fe1618f11a07e304
ff030ffb01f8fe02fa0ee904fae00cfcf007010307d517fff10a00f40a1200f8
fff921f8fee1fcf3e70004fa02f9ddfef5f121e4f91f0c10040cf6e91109f203
f9e915ef0008250a0df0fef201f400000606eef50e0e290106f4f8ee000306f6
f2090df9fa0b0803fa05fef5fdf4fef109f911ff09f5fefa1403f909fd02ff02
10f310f203082cfd0ee60e1520fefd03ff0df30110ddf101f3060be605fe0206
e910f1eef500fa0b0ef205111e14f204f4f2f00d00eee6f2ed150a030918040e
ec010afe0cf0d0ff010a080d01f7ee04feffe905023ad1f502e5131efbffff07
0502e204fdede7fa0e08fbe6ef14fdff0b0c11f5edd4f707f406eef51410f3fd
f800fd01fe1107f9f0e508ecf20debfdf900f703fc11fff7d8fdf6f8dedfff01
03f7ef0201e41afaf411f2f6ffecfe021305350afdee04041af8f7ff00180705
ed03fb0802ef0e0cf109f4f6f50805fffd020b0eeeeee7050bfe0a1616f0fefe
f2101605f3eef3f9ffdffff5f7ed080af5fbf9ee0a09dbff0ff408f3edf122fd
fb050df3fff7130309fb04dfe6fd00f908030601fef7fafcf3f203f00b00e1f9
14f607fdfee3e9080b000909d01ae401f80a14e8f70315fc2108f01efb060dfc
1b050af9fe0b000013fdf7ea04f71101e702d90c02e0e502ecfcee36f7ffea01
0900f9030bef050a080a08d9e4eb06040d0bedf708082008d6fdf9e9ec05ea03
08ef1310fa1bfbfd1002f5fbf7eeec050c02e30703f7fd08e506f813fe14ff00
0c0600f6fe19f507ef1bf0fe0d030d0408fc101bfbe90d0005f201ed11fff3fd
ee0f0d03fbfd0cf30b02f40ffdfa1006f9fef1f400fe1504fff7fb0606f20802
02fce108fbfbf602f7deee13f6091ef0f6010b18f7e201fcff1aeaf304e7f3fe
0cf612f409f7030316110cf200fcf609030719150fe8f000021ffbfcecf40202
1405f906f70ddaf708f1f0fdfefef5ff120709f9f90a160d00f201e5ea0cfe04
faf5f2f8fb0102fd2820fa19f0d4100ce3f8dff80401040401fe08f602f8fb00
2802f005051effec0a18f42efbf903f8f601121200fff1fcf7ea0215fa0a0702
f40ee2f9f7f7f9feece601f3f706ef03ff03e1e3fcf61dfb16e31bf60e0ce106
f2fe0004fde50a02fdf50af1e6e7fd01fd02000208fb11fe08f81bfc16fb0202
0913f20ffa321502041508eefeefed02f9f5e6fc0114fc08150a050e18f4f3ff
f9060703f6f7160df3e9f802fefe0f29f1fde905fef30e071e17fae230fc07fa
06f8110ef7f2f00411fffb02f223effc0ae6f700081403e6f8eeea010bff1cfd
d3ed15ec09eae9ff0d1401f1160913fcf7fb17f4dffefffaf7f7012428f50a02
0c02f60eff00f9ee05fd0ffbf808ee040627e7e8d6f20dfa0ee22506ed060409
011bfc05f01002f3ebe4fdf40a02ff080f22ff0a07e7e100190f07f0fa02e8f9
edea0209fcf4131cdfff01e00af2010a09ee100de7ecec0c08f6fc0e04fefee6
0b05f0ff08100de00c02eeece408e6f51d2c0402fbedef0e3d0e0aeee8011afc
e9eee623fb13182c0f0019e4e906c9f6f208d2d1f5002effdff30b06e604f01c
04fee9fef704f611e4fae9fff4fcf4151209ec030b0efc0500fcebf20701170b
eff8fd0bfde40814f221f508e7f9f604e90ff9dcfee903f00a0bff120dfb06f7
16170423f2fe0e1fee0602ddfef40bfdfe0deeeb120f0503f81315df0efc030f
2108030be303fcf51a13060118fa1407f328e6f5f10a1c2803dcb8ccdcffeef5
fbebf7f0fa00f70f04fcf50d060afbfb05f5cedd110b0a25ee25dc36dc0119eb
fb08e2e0f8eef3ff23fc23e70efa1afae6f4f7fefafdf7f9fafd0b01ed030cf0
fff605fff6f4deefed06e4201e0de900f80200f802fa07050b25f8071500f303
13fe020ff903fdebf30002e6ffffe6ff0315edf0f5f2f618fd0f08f1f8fdfa02
05f2fbec0204fef927f121dc01ff1604e4fdde1216052b0dff0f0dfe0006f7fb
15edddf80006ff19e908f8e3ecfb0b09f018f521ede0f80a0b12090e0612e2f3
cd1111e4f7fdf0ff0becf0fe1ef8f708f201f1eb0af802030003ee062cf716fb
292f04f6ec1c08110200fffe05fd0efc14f43e0a050e10f60300220aee15da06
ef05eeec14dbea09140cf7fe120bef17ed100b0d00f90424e919000ee70e040e
f404eb18ed05fd0d04ec02fed6fb150316030be1e802ee00040ff80a050a1104
f2f2f9efe80233f92704f701fa0ae71502f4f2000ffcfff9f7f3fe0600faec03
0e13edfb0d03fe2df8ebf2fffa07eb1501f9d4da14e902e007e1040cf5110de4
ebf9f112f2f9fff628e70ee1df01cc01fb02f80d02fb170012f209d4f00404fc
ea1ff5fde0180fe9031514f9e202e0f7f50fecf90b0205090b14e3f3edfee002
141bee02ea00e408fe01eb0be4fa030405060ff30d08171312fafe0bf6fa04f5
03eff7e7f1200d28f30ff6f8f301fb00daf006f20a0be702020e010102f7f9fb
08fffcfd02fafc07f0fdf3fb16090ff9241d120de00eeb030bff0df80802effc
eef9eafef9e2ff16dfffebf7f90807f5ea101902f9ff13070efef4f30c02f6f8
03e90c14f80a0bf3f1e6141bfa0502f1fd03e4e81d01f4edf7061711fffefffc
f6e80e130b180907f4f402e02508f00d06ede00b00f9f20bf6e40af703fb021a
1424f6f0effd19fd1a150bebedf002f2f0c9f0fd03f916ec01050404f804aaea
01f7f91408e204fdf4f30600fd02f90ffffaf1030f0b06f40402010ae70e0d02
120a1bf7f2e4ffe5050bf9ecf8fbf9f90ef5010302e4de0be9faf7eddf0cf5f3
f6f3e6d2120304f2fb12e6080208ecfff5060a15fefdeaddf40d03fb12021202
eb0efc0102fef2f401e701f50dfff5f400fd0e16f1f7e9fff8f8f7ffe7040602
16f9f0eeeaee29da19d8240912fffce8e90204f30a0b01f9f4070a0afc0524f1
0110f90806000706f30fff021814f7fc180511f3eaee01f014e6fc0a18f9100b
011012fd0bdbede21407020bfc09ff03f507dbfa22e106f60ffafdfb0204fcec
e5f7f6eaf207000100f225e3f8f6fef9fa02041b01fbfcfdef07ddd703f2f6f6
ecef1cdf130423f603f2f2ee0f05c5f9fd00e6f4f4ff06f617100ff72601f7f5
00ef110100f611e115f126f2fff60bf60702030915fb01f2fce60bfef7fb1c06
fcedf4060f0ff216ef10fef5d7f10b161a2807ddf5f8f7cd03211b1802fdf011
101effd5f304f90afe0218020302e505def01a1c16e4edeef1f9ed1612110bf7
021b1eedfcf4ec16f0ef070d0205eb042d0ef3ff04e80dfefa06f202fa030a07
11faf7ded6f50307fa1b14150bfd01eff305fbeee301f5f80a0105f10701fc0d
f9f511160a0b11ffdd0408f5fdf4240b11ff061dfe0d0506fff9e5f9ff011009
12060af8ed0202ee04f111ec0cfa12110af6f80e11f20d14d208feeafa04e307
ef12f20be0ef11eff004fc031503eb04090ee8e201001cee1d10f70204f5ed02
240904fc0ae9dfe7e7fc13dff8fe0d111800f3f30afbf3ff0e060e02ff0eec03
140cfe0f04fd1215220619f9ebf7fffcfbfef0e8ff07040c04f308010107f1f8
1c09edf8e90211ee0c0ef7fc15f7e5e10807fff9f50c0904100a1a0913030204
08f7fa08fcf0e4010d1525ea00061805faef10131afffafef4f5fe1c13002005
fb191bfb082a10f608f9f7fa09fa1516171f0401fc11f816ff06fc08f509ec00
0802f3f5f6f2fc20f41319e71303100bfcf31214060812f6eff7e61919eff40e
ee190affed09f20fe02d0515f7f4fc04161bf3e3f80904ecedfef40800041b01
da2a040a06f40813fffef20efeff0ae50aedf521f6ecfce5ebf1150afb03ff02
ed0df2020eff02e60515deef0ffc0308f7fc1e17fff30414e317f123f2fde6e7
fa0d04e5fb0b02e1ed141301060616f2f60f07f0dfec15060902efdd190c13f8
242003f7ecfad11b0a1b0d1304fc10fa10f4f5effc030f13f9181414e7fa2314
f612fb0e0120f7faf314ff150df6fefafe0d00fc08f1f7d404fc0b0908ffeeed
0ef0efdb09fb12f000fe181911fde3f2e2e907ed150d0aef1d1312151bfd05f7
04f51413ff10000cf9090dfef80be9f5f2f0f0eded1a111124ef05e8fd02ebf9
1c1804d50bf300f4f9f9100c1401140cf50910fc01e2f613f305ffec040efcf8
11fbf3e81defdbfeee15f107fe01d21fcb03fd18f6132e08ffdcf2d50ffcfef7
e51de816fffaf91c05edeaeff8020315fa10ddfcf81deadefffff7181df9f704
ef1e24da03f6f501e815e5e71efa05f6121906fde612042cf30ddbfa1603f5ee
02f3f2fefdfdfff907e11212010814fae6fefdf60ee8ff1eecfb0b11f0050717
200f32ed0610130802010df8160410fe0afcf6edf6f013fc03fd1debe6fdfdf9
081d001302f8e000f0fa21ededf7f202d60cf70903ea1f08fffc030ffef7e207
024524fa3c2c4ed10cdff6cef1fb2217c21704fd0404f802ec0a012ff5f2120f
f6f0fc07f40fe503f80aede317f41305f607359611150312b3e0e3ea3803cef1
1104ff06010204db06fa0313f7fefb0cd8fe15000f0300f801051600e5fdd709
e811fc07ff0601130d0905f5ecfd0609270110e903071626051703effd0af208
09dbfff4e0f9130c1300021a04faf4fd071423f802010610080b09f9fb000805
0c03f70111fe0116f000170206fb1901f3ecfbf711060c251708fc13fdf926f9
e3f1fd03e3020ae5f30dea090004150f0211f6f1f704e308ee00ed0306fef1ef
00fa1de9fd02f8e005f81d031002d8f4f7f50616ff17fe08fc0df305e60103f6
f4000c0ef606f825060f0d07f2fffb0518fceef3f3ef1327eae8f4e6fc0809fc
0bf80d060a250227f70d01f91debfffdf1f532f428fdf22b0e0c16f91b0afffc
0911e1fffbe2df000ae7efdff004fefc28fb1af4fcfb0c13e51607eed1f81a02
02e5e7e016df271bf908ff10db081ef5ec1df80815f704e70408cad313030314
12f024d4130e152e20f201d7d4041ff602fd0615060aec02090302ff14f30eff
f1fcf2eb13f7dff00f0409e6fa010a14fce3dff9ffe103f304081111ff052bf6
f60805fcfdfbee01fee2fbf90910280d060906060f0f0d14f9020bf708f301fe
fe0007f50eef1cf6f41a0eeff00122ee06060422fd0011fdecfef4fc0a02f902
0f000d02fd05f5fd06fafcfa11ff030904fcf9011cfc12f41b1bfd03fcfe020f
20e30b1805cfe9e21805f814f80deeeb100e10121c13040419df02e80fede311
fa0bfa3616fb11061f01fb0cf9fee3f717ecdddcf8ed10ee091a00fdeeecd606
f9fc0604e9f90afffe03fd0ffde2010e2810e4f7ef0bfafee200190aff0815ff
fcf7dd2204f2ecfce207fcf40d06edfd0104e4cdf1ec02ff1aeefbfefdf4e707
0a05e91c1d0d01e00b0a1103180feffe0509ea02fb01120219f91be818f4fff9
f304ebebfc120ffbf0070ff8f2fbe8f5fafa0c1112040e281af30511f805fcff
14fed6d40d07df021723131fedfd1f0c03f1ed0af6f80b09eb0af1f6ea090514
1ee6f2e509ffda010ef2f808f20405f71809ea0c0a02f7f30915f5fffff70bf5
14f20ce6ff050c0100fd04f90ff50af9e4090401e9fdfe051eda00f4f702e3f6
fdf9ffff070a0116fdfc1007fd06fb06ee0fefed2601fa03161007f006f80702
061ef3f3eb1bf6dc04141b02ef08f7f421020ffffc06fcfcfb0cef07220103f4
0b13eb09fbe62206f20a011002020e03f6f8140810fe1bfbe900f5fee8030b13
0e002feb0df4d904070ef102e2fc0800031beadc2de6f3cc18e5f4f1eafb01f7
f8f2fe0bfcf5f801fd1015080e01f5f51f1400fcf5ec060402f004f50e03e106
ecfe05f9f303fbe9081bf2fbeef9fa040009e00805ef0d00d30bf4fcf3fcf0f1
fbf21ce5fcf4072000fc03f208f801f4f0f0f8100ff9f9040205db13e90115f6
f7f6fef4f821ff0fffeb060813fcf4f8e40607f905d9de0ffeec100213f707fc
07020adfe0feff09dee72bf3eaf924fa12ffe2f6ee0525f816fc262b0904eafd
d9e3110728fbee00f802fe011cf720061c1bf4ef0403f90e1ef0f201f6fbf902
f1f6eafd19090203fc120b100c040afbfbfbf5ff0608000ff3f818101fffe000
01f8070b05fb04e613fb04fe170e0aeddcff0ced05f7eefb0a090401fa0df5f8
0d0dfa0edcfd05f7f917f11626fa1b0dfaecf5f6f9ffecfafeee0cf6f6000d02
0d03ef090a0d130d0c1600092bf1fc0af90ae9f518df15fb110bf9eaea0203e8
132a06e3edea060ef215ff0b1e14ff031504f82216f702f8ff1108fefaf123e9
f5ff14e9fb050204f51802f107f9f6f00afb0ff31419e9f905ff020108fc0df8
f7eee802f9fafcfc0a28e22215f8f9fd13e4e20309ea17101709fa16fceefb05
f412060c02160e1123f32006ebfcfbe00517f90cf61c1afff5f106f3f70c15f1
0eef050deef203f7edfb05fc01fe0afff40907e70d0324dfedf411f2f8fbc209
31f90efe05ebf902ed11f81e01052d0531f6fc221ff5dee5f1ff08f005ff000e
e2030c02ee00ed00e30e0afb0a02f4180500e208ee08e41c0300f803df0212fa
fc0924ea0afa0100fc160c0319fa0502fef406fa0414030801f5ecfb16080b10
170ae6e5f10de0fd0c0f0b2df80804071a0bf5e5f9ffe500f70ef0061202d8ed
f4f52a03120703fd0df6f5f1030a0aeaf4fb14fc0800f613f60901fff2fd060e
f028fd0bf6f715df19ff0617130ce907f80bdefe01fdfa24001f11edee06f40a
042008ee19f3050909f30befef08df0602e9f70bf6fff4f9f1f1fafe080e09f2
f309f6fc1123fde703f600fcf4080806fcfffdf4e8070d04eff6fa1eec00fe0c
fe020cf4fbfb1d19f9fbfdecf100f3fdf3f82b592cd2e6ee46d4f050eafae004
0a13eff9ebf5eaf4e3f60ffaf8fef7fc02030b09f521011b08fbf5f1eee6fcfe
1120f4f5d7ebf808fef4ffdde302e90409042ffcfc0802ebc4e414fb2901f10a
160610f4fcf0e9d6f5ef0e08120bf3e410e5eb10f1ee1c34effbf204d3fee2fc
fff517e9080ff20a07191713f6030dfff0f3f6031a04fe0724eef50310f8040a
0a090806fa0deeece7f1010dfff2ee04f4f40b0b0a05190cfd0ff8fcdb01fdfb
0619f7fd19f322f805ea08f108f9000904faec09e5ed1600fee8ec172d07fa00
210820aa36cd12cff51f0808dff1d90e03f6ef0104ff0bf5f9fffcfeeeff1a01
0cf8f7f4eaf3f000fe240ff9120311fe160be5fcf806eaeb240407e70f011402
0711e721f9eae3fafae91508f604ea0210f5111009ed171b1201ed1b13ff0b0a
dfeaf5f6ea080c1ef4de14fc2007fd141919ee1224ff1ef70cf3e20beb030c0f
ff1817e6eee91d0e06fb0ff40912f51c16e428d8e5edee03f6ef0418fcfd2504
f112eadd070cfd0019fce90ff5f31506e4090ee7ec0417280a0b0effff04f009
02de1c50e00924289720de1d42fef8130d042ffe0c090d080af51cfbfa07f4f3
02ff09f417f20beeee0109f4090503f2dc1f070f1af5e4f1080717f8dcf200f3
0201d8f51009e800efe7ec0302fae001f5d9e002e6f00e0c1318141225ffe3ff
12f9ff0ce5fcf2f2160dedeefdfe1b01f30004e6fdfaec12eeea0af30af50b12
f40510290afaea030817ec1e160a1ef8ec0ed2ec19ebffd8e1f2e90fe2f8ed06
06150bff040cf3e20cfe0df225faec080605e9040beaf30aee16001306f7f90c
1105f50910f4fdfef415f3e9fefaf4fa18f6f5f3f6f31704e3f3fa09e8050414
01050de2f31b301807f60e0307ff0cef0dfc0801e6ec17e5edf5f4010700e4f1
020d020bf90f170014e2fde90c03fbf905fc07100810f8181cf8f70011081bfa
0c15fd1607eef70bfbf600fcfef6f40302f21503f300f702f9f0f2f9f1f328fc
e903eb1eed1111080114f7f305f31204f2011221fff4f4e7001de82908101103
19fe17f40007f9fb010109fbf4f612e8ed0c15f20cd3ea06ebf1ff1913f31d04
ea0b00ecf41502dde0f4db06f608f3f1f30517e704edddd5fdfafd1602ff0dff
301efef7f6e711fcfe041b13ecff1800fafa09fcf911fb1df7fcdabd0101e013
21f5eb01f80a0613d2f207f224fb31f903e303171705140409fc20f641fe0300
24fc0d2dff0305f601f4d1090903ddf501f3f2070be21e0106fd08cbfbfe1ffd
01ddf30503330e2e050704f501eff40fe50cf8f7f5f8e3d7f7e82d1af40101fa
1bf720edfe08f0dfdb0eeb06e911280205e5ece8dbff0111020bedef0100f714
06fa29f1d90408fafc14f02f00e9370200eb040b06f501eb02fa1708f804f5ea
dcf1f0f60be30de820fa06eaecff0515e0070700fcebfaf31af94ae3ecfd15e8
f7eeeb0500fff9ec0f0a0ffcf7fdc1fb05380113fb00133afe1609f2f0061ded
f217ebf8eaf40e0a17e4ff250407e101e2050d22f6fe0e01e7f9fc1a10fef9ff
def0fbf7f00af7fd0b1e08f8faf5e4f929eb250dfd04fa00daec07fddfff18fa
2bff0e00fa1ceb01fdf2defef7fff6f4de16f51411eb01d7f4f605fffcfc071b
f306e0f803260b1212f5dfc6fbfcfffc1327090b0ddd0ae928071af5ff0017fc
fa11060008fc041e0e0c03e90b001f04f5f7fdfa00080eecfc101c0bfe0302f7
fef4f11d0b07021d1011ee02f40e041020de082903050eef1e01f9f40c00f409
f2f4000e080cfefafdef11edfcfa10ecf10b060213f7f9ffec0200f5fc08fc05
fb0b06f8fff40cfe1e0bf60b0ef606f2fb07ec08ed070407f9fa17eee1ff0903
14e7ff12d7e001ff09edfdddfe0ce5f1fcf313f9070702ec0607120714f8e90e
daf7de19f308d6f31222fd25fe02eef1fdf202f3ee15f7fbe807fcf339010bff
02f60609ec1400f903e4f2e8f1f8ef071aed060303fc15dd02d50d06ede8fd2a
fdf9f6fdf6f9fdf510dfe603f8f70407cb11e6c2d8d6f33f1c04f7d7a7000504
171704f7020bfb1711f1f107eefcf1fafd20f014030d05eaf0f5f911fbfe02fc
00fdd6fa29131b101a1c01f6faf804e50ff5f6f10606f5f11a230600e8f81901
1cf203e50a0be7fae3020cfbd303021114060a1917050900e8f90300f909f601
01fb050b1a01f2ffebf1131b04f9040a06f012f816fc04070505f4fc04f42e11
f409f20008170deeed0506e30bff0fef0eef0d28f007e7095deb1aeadcf5e3eb
0cfe0c0e01e9f8e6f9f806030cf9150d09f5ea1f09061709ea0d1e32fdfeec0a
1b1814eafaddfefd1d0ce8fcff00180609010d15f306d4021901f002eefb0bf7
09de06ec0af6090af9ee08f8de0110fe0a0504e6d912fd0de807e4fa1afef512
13fb0bed0efd08ed12f5181c09ee34ee030ee61afb0206f502e52112e9f710fb
fdfaf40eff0b04fa0611fbddedff00193205e7f3ea13fcf31bee05f2e003ec09
260607f609040e07ec090d06ff0af9f802f0f6cd29f110dff3f5faf1eef2dd02
06040e00fffe17f800e619e7e500ce00d72710fcfd15fdf612f915fffaef0bf9
f21b04ed02ebf618ec1210df0d00eafce3e7faf1f7071e0b0a060110f30ae8e0
e4f5effdf7fdf3f30411f6df26040113fd11091104ff04d3000cedf500fff0fa
e709fe08fc271330e501fbfdf8fe0ff7f6faf7e7f3f61402f8f30505010bed12
0009131bf208f5fef9fc070e260af40eedf1f3190104fc150601f608edf8f507
fcfdee0507f008f2ed0f000401f410eaf902ffeb0af10d0021030c0421061cf1
062102e4e213cc02f93ff909f600fdde000317f7e6e902e7f5020ae9f5fe2008
02e40f040af902f5f20a0608050b0212f612eb0dec0cfa29eeff050be606240a
180b03061f0fff04e4fde1e8fc06fc09ed0e1310f3f405f6f400e50626100005
eb01cef5fc08e815f7e104fd0cfdfd0803030df705080a1812fafc06e402faf8
051704f220ec0918f90e07000308f60710403202b442b2de53e903edaf040b08
0a0501f0ee0f060f160dea0df5071019ddf20ff90f12f4fcdcf81d0afafdfd03
0303130115edd902d4041aef00021f10f50a13f3f803f60525f5fe01f31505e2
1af941e9fb1c200ee6fc0e342108ebf80c19f3f202ee01f3f909e8defa09ea0c
040c01f606e40a09de0c06fb2806fdf4d91928f11603f711ea0e23e6f0f91bd4
1718fbf8fefe1ef6fcfffc100b03fefdf007f5fefc28051116070a1e20fff913
010ff1130adc01d0030310fe10060e0e0c0d00e9ea05f0a917f0dacb07fc1b1a
0cf613e60f0a020206f6ee18080715010af9fcf3f80fdd07efe3fee5be0bf7fb
1716faf7fe11fc1809ff09da31080d03fd07e611fe2bedfb03f0eafbf902f5f9
0ff7e6fefefe0e18edf6e926dffc1507fafdf803e9f4fe10171908fdf70206e9
f3fa0cf81d1f17fee20dda180303fee7ef0ce9030bfd12e9f214dbf31efaeffd
05eae2e6ef10ed0008141d0e000bfd00e90aea12080ff3f6e904e5290bfa1716
260ddf110e04f4faea11010a1afe22fed60bfb0df2f2f714ec040e0c1603ebf8
08f81904e0f1eafcf5050de80101f4f70ff8f9fdd7eb2108001df1f80afc01f4
07f9f306f8f2fef4090409edf40ae70bf8010d0100f1fff6f906f2f6e603010b
ff1a04dbff02e528fe0afff61d11f6fdfd111500fb21050c08f614fa2af4fced
05ebf90817f3fb0106f00cdd1002e1ff12f004e70902edfa1efa170310050efc
080bf5cef8fbf7ffed041b06f103effaeaf8e0e8f51d0607eaf31de9e503fdfa
02fa11eff3f50ef1f7fa0902f310120d1b2dea09da0e0322f00ee10c18060408
1efef60019f4e6f4fef80e0f01050ff907dae4fe08eee9e80f2df912ff03e002
ffeefb040503f50926e6f8e2fafffeee181104190410e40e0706f40604f70e0b
fb26050fff12110b0ff6e1fe13f710f8f2f9f8eaeaf2d9dd0116fd04e706fc0e
12060bf801ed0702e31a06f708fdf9fbf92705eff4f7f6edf2f500fcf7080705
130cf71f06f3061e0df006fef602170d1afbfef8f00cea0c05f11408f7040115
fbf81ced1700e9dff019f703f206f4eee2f7f2d7cce0f2f6270b1409dcf82c06
ff0ee3fdee0c05fb0a010e0f0301f3030d0215fcffe8fd140dfde9020a00fc13
1619e9f4f7fbfe0430f31716f9ec05070beffb15040b12e8fa12f621f6f9fbe8
070715fb0ff7f8f8e5e20012ebfd00ff09f7fe0a081cf1fb12ff18fef201f212
f4f90bfc05fce900000e11e7ff05f3fefbf50eef092ddb0e390beb2c110ef602
fa0c040802f910fcfa0f09f60005ff0300f9fa00f9e3ff07e7f2efd1f50200fa
19e5e70de3fd0810ee040afff70225091c0502121a06fbd0f3f91309f7f8e1f2
1114f0d9140822080ff3f4fc0c08e805f208f2eb11fd13dee611fde3fcfcf4fa
ff03defee21a0b03dddc0806efff2c0415e709d9eb0a03f0fbf1ea06ff0614f7
07faf9fa1409f6fa290aee03f6ff17ec19e51421eafc0311f92a00eb01fd1dfd
f8f2f518080c22e50fea00e4e00f28fb1b02ffe1e40d06f126f4f8fbe1051705
1f1b20110000edffd8fe04101203ef02e116f202e6fa041f0af4080014040403
e212e80b0dec04120eefef25f3fc0d1534f5070007fe0f1203fff9000b0af5ff
00090a06f5f1e7e9e10bf4e41600efeae4eae91806f215efd8ff01f8f6f7122e
ed03eff5f01800f6fef0f0f4f508fdf80c1e10fcec0df906f3f1090718060603
ec0a22f6f916f632d8011ee819010af50322ee0209fff7f7e70a18e0fa0e13f3
13e0f3ff0dfa030918f8f6fe0efe10f5fdfdeedffa0012efd7f801f6110c0402
22fefa09f9fcdefe0103eb1e040ad7d927203212f71e0802ea1a0be8f30717fb
f70cf9e61c0708e80d12f9e9f1f730f10d08f7ede0eef6d4130cfaf1fe092fe9
fc10f71ffff2dc08f209f80301ffe9f00d040701fcf50ee8f6051c0118ff07fe
eef4fcf7ffff0fd210f90a1ff4fff0060a1ce0110411f621f4f0f927f8fd1104
00fcd3d012f8170de0f208ef0bfd0de9fb110910ed09f0011a0501e9de10fef8
fc1b0de8f600ea0ff9fb0c0009090109fa231b27120302f506e00111e30805df
31f3ffe9010003e4e212ef050a0221f8240c10fb06eb0901e3f1131f00fde214
e41004f6e8fef90dea0aee0cf7020d0aea0102ec1adddf2dfe1b18f508effdfb
08f9d7ea26fffa14f8fcf2fe0dfa03090fe40be6f6e5e8130f0ae9f41afaf604
ed04f228edef03e5d129dee504eff1fa10fae3f5150c17f2010b05eb000f1af7
0213dee42cf5ecdc0af3e8fa0c0409ee060908070d07da02fcfa0af725fa10ff
0b1400ef0c0f270c0cfa0911270126f1e2152a2becfa2000ee190b2c0601ddf1
f7ff050d13f706e2220ef704e90606ff13ed03aa33fb2b11fa0f05fd0007d406
f6df1e08ef1afafffc23030706020006f9f302fc0515fafee92cfdf2e9f6e506
0af81001fbf9f0e4fde6f90cfb0913fc04f6e402fcf2050115fef316f40418ed
081e07f2f2e7e1f809e3fdfff0fbecf90e0d1114eae3f803f204ef0119fdfe11
fe07320b0c0cfd0af8f6fb170bf807e30304f2090cf9da0503f907ebe707d2fb
e600061b0500f30708f6fde9f9ff1905f1f1d9f51becf7f1153303fbfb01faf1
c11bf3e4ed20f618fdfe1905030612f8e9faff06feec0ee8140ff7f717ff1f00
1b2718f9e80ff409ff14dce1fc0af224f50904f8090ff712ddf1e2fb020800fe
25ecff1cdb051c211b2015ebe6f92211ea1001e8f4fa100e16f3ecef00ff0600
1b01f90916dbfef0fa010416d5040504e1ff16030be50beeebff1100f712ed01
06e2f5fef71dddf012fc09eafef8fc09fafe21f80007e3e7ea06fcf100080aee
f7fde7000909f719ed1af619f902e40c131000f61c0602fa2416fd121afafc01
04060c0912fd0af6f8f50c04030de9e1e405c918ffecf4f11a200007fcfe1eef
fb22cd0806ee0df7f400e617c0071ff90316fa0e0df9e8030bf8051703de26e5
f9ef000aff020a09fef6f31ef80111f20817f7e90411eef508010b12dfe50809
09f10e0bed03ed05f5fdf81bf31cf602100405031af0011018100bf0fd000ae6
0e09fcea1a09fff6ede500fdddf7f1fdeefbe1fb0ff7d5f503d3090af6f01fdb
ffe007090ce1031a110b0a1907f0f5f4fd14130cf00ff50efffee5ffdffe00f2
04f6effd051610faf5ecdd05e71e0af312d1fff0030de90af80ff9f8eb1cff0a
0b0104f911f011e71ef4eb1af40504ef1404f80b0ef20900e20a1fed10f60b10
0b23080cfa0cfc0af9f61a0d26e718e4f4f00415fa1307f8fb000afaf1fde811
12e0eaff0f0df0eeed20f5ebe3f505ddf7e3ef0116fbe701f3f7f6f4fb03011b
fdeffe0c24ecfe05f101e9fa0aef15eaf401f5e1f3fbfa0a00ff010a03f40df9
0010f0f409daf4f2f319fbf5f0f5fd1bf813c3fef0f9ee3134ea0bf4cb16e3fc
d4ff08fee3eeff1bf408fff6ec15fb1609fc3c090df21a11f303eef7f0050705
08e70a010d16ff01ede3fefe01fbe7e415f3f9070bf914ebfe01e311e10509f9
f710effd090a1d16f00807030be80904fc04ec031fe80fe0f3f50df8f9f2fe09
fb1bf4e8ed1609e5f3f30b03f0f5ecf6150d0b09f706f4fe08ec1af3ea2006fb
f3ee0ee005090d1c16f3fdf808fdfae8fd0fe91109162417f3e413ea07f010e9
0011e90913f0f508030017160f0c120df30de6ea06010b1afb0703fe07fd12fe
f7fffde51df10df9f91f0a17e309051f20080803d7200300e40d05131a0311fb
fb09da04151901defe0d101318fa03f8f10af0fc140df9030b0a04e3fcff11f4
e40324f4ff24ef02dbe0edf313f3df040f02f301fbf207e31916ebe3d8dcddf4
02f214f5f0e1e60e19fc01100c0dfa0d0410000de70ef7f40706040526111a01
f0f8f8f9ebf4efe401d402f5fe0c100eef0fdd0af6fb180805230f0406f8fcff
e2fd010a00f905071f00df031df601fbefeb0417eb06f8fd11f11205fb0b0c14
2d18fffd00f403eee31018ff130002f10304040e1123ffeae8060efa15f81007
051727e3f80a09f6fce510ff04fcfd1a1415e8010e1c0cf8060c05e3efe01af7
f105040103fd1e21f50bf7061c0702130ae81206f6ed1b0b0d02eefdfa0e11f3
fc0b0b0121ebeafa0cece7f2ff1e0b1807f7ebf5ebf40a01010a02ff0110f3f8
08f70bf71f02f8f1fbf302fb06f90d00ec1b04f2fdf504f311feef1918e4fcee
fe06250805e917fd02ed021202e90e070ee6fbff0dfc0013121fff1118f90410
eb0f12f7ee09d80d00f51215f3fefa140d15f705fb1300fcde210aeff7f5f80d
000f06f7150a17fcf2070605fe1eeff718ee041707fa0612f2f0dafad926f3fa
08ebfaf61f03e8f80af5f408d0011004f6212311f3041dd4ed1607f4c0fae2d0
fbf302f806e8fef70309f3110ff700e8fefa040905241c0a1310fc05fee5050a
0ceff6eafc10ee04f7ffe9140e00061a0300f823e5fb0bf80a18f504e412f0fc
11fbe410211e00030909e71808f4dd130916ebf205f8f0ddf6f9fdf412fe2504
0f06f8fbf10b12fefa0ffe110703f4180216fff2fa050c18fb2317fe01f30010
0f1fff05ff001bf5ef0fde020de70508f2e3fe1507fadbf80107faf9f5ffddf4
01f5190605fad009faf9f508f3110bfb0c01fe0af6f5f8fdeee2f41610f703ff
12f2ee28070c251d10fefef20c080010f10a1ded0409060f0aeb15021728030d
2405fc04010ac900e508fefc08faf713010e05042306d00ff4f5fc07e4e3fd0e
1bf71df5f2f118f8e21021ed05012611eeeaeef2041108f6fdf60aff0511e108
0e05f9fd070f38fcd8f2f3f502fef5fb02f207fb07ecf9f4faf203080305fdfa
11ef0e0107002ef3eaf50409ed1bf51af407dcf71df5f20bf80a1504211dd7fc
210df90ad9fa02110612f10beae7f602aefbfdd7ddf00cfaf11a09f9060102f9
ff10ebf9d908fdf3fbeed612f1f8141b25fe03fcfd05f6f00ae703f80af80816
14e6fcf2fc19ee04e5ed091711020dfd03f127fe09f2e9ee0fe1ed17fd08eb04
f2fff0f514f5f70803f82602f8ebf0100511f50efc05f604f9da00e018060cef
0eec18fef503ff07090cf2fbe3f0fd11f714131ae823e1f50ffdf1f4f6f61813
feff01f2f8fe00fb03f600ecf7ff08130710f3070bfd140410f20cf303ee0ffc
f803f810d4fad0ee0b08fb06f9050fe60907f6fa0f16deeffb07f7061509f8ff
f91dfcfbeefcf014fefd060b2718080b020ef40303f6010e1cfb04f0fe20fe08
ea1bfd130200e9f7f8e8e319eeebfa1215fef007fa01ebf22213e6010600f4f8
ee08fefe011ed6050407f8e6fbf3f106071b050efde9f30316ebeb0611ffff07
13e60820f3f40eee0811ff1a000feefc1aff0b0cfb03170cee0f0706e9fafef3
f8e8fb14381ccefefb0be4031bfe0815f0da08f5f003f8000105ebfe071af7f1
0af3f90508161308e3ee0a01fbf31ef6e20af6eeff1efd13f21a0b010ffef616
f70401f50508041df808f7e5faf4fadafdfbfa03f813f4e702eff7f9f308ff04
0e18100215f0eefff00ef2fe2f0cfb16d9f309fcfdee0b1aea06fb140bfaf81f
1bd6e1032507f2140004fe08eaf900f90700ff07effa001bffe20ae30be0f3f9
18eaf8fed9ee05e5e31201fc0aeafff2ec0bfb11f3f40af2f414ff020b0eede3
0518fff5db070ffe11050aeffe0bfef919f8fef70df9fcf7e407fef5efecdfe4
0cf1e9fcf2fc0b1b030d1106e4f1281dfaf52708f8fe0a17fbdcf2ffe9f60b03
fdf602feff1ae9e4fded0a09f815f207fe2c04f830f7fdfcdaf8190d10ee1716
e8fceceffc0e00f2f6e2e9fefaff01fb11f706ef00f2070703fee3eef4e7e7ea
e1d71a21d1ec0c0ee2eaea2a073202e81c07d20b1eff05fcfd1bda0204160bed
1006fdfb0f04f8f6f90107f3f004fb10fbf5e3090010fce017d7fffb1f17150d
f6f70cfee9e8f50b0319e6fe062cfbf2f4ee0c0feaf214050f0ed9041e0c0ffc
ff05f415de230410050d0302e802ea0a07f512ded51df4f7ea0304f1f0f8fa14
f70818002104f803fdebfaff1818e4e7f8ede9010916f71818eef307d2eae41a
01030aea0319d60f0511fd0511020ae7ee17ef1b24fef50c04edfdf92c3701f8
dcf0340e04cdcef9ef010613e7cad4e6f720fd0023ee221e0ceafa0dff02f8ce
140df20de1f3f2ef181c02010107090cdbf7dc0630f007ff3719f5f30bf0d7f3
def1e7ec23f7100dfe1805fdf903fbf80d16e80919ebfffdf90c0cf311ec2a1f
e00c170ce80ffe1de817f0e218def40f08fffb1020fc0d080600daf90e041410
f10bdc12da15080901e9fb0502f61d0b10f3fc120af80ded06f61905040aeefd
f419e0fe0d0f10f6e4031701211a1f1cf6f509fc0c0a0a03fce1050909071403
0bfd040000fc05180a1003f8e202e520091e19160806eaf90bec000cef0a1213
fc001602ff0d08fefa1307dfeff818f1f009f7041007fc1de9faf5ffecf30d05
f71c110100130a0a08f7dc09f5030df5f710f7e7fef932ffd80101ec100a020d
20fe0c26ec03f8e71bebfb0a022ffd02060301ff0009e8eeff0cef01d9fe1612
fceeff190009ea0fde09e40d26fcf306190901d9dd010900ff01e50909060211
effa21fef30e021301fce405ef06ff001ced06ff2211f7f3020deb2505fae213
00f9f10a21fefe03ffd7f9f9ee0105160ef10e09ece105e60cf9ff15fc15daf2
0834f1fe1217f022fd0402f2f9fd022b1ee9f10c1f0005ecda0ef51018060ff8
17eeefe313fe1b06f5def4f4ed06ff0923eff832f8f7f7f206f60608072908fe
f20306210bfcfafcfd00fa0703f31007fe1ffe11e901fc08e103e3ef10efe709
fd11cd0eee0409040d0d05ed19fafc0809e3ebf5f80af9e501ebf30209230ce8
01ebf2daebee1820dc0a05e3dc0ff1ee0b080600f7eaf5fff2f614e7f0191100
05f0effc0bfddafbf90601f001f0f300f3ea0609fb00fe141307ecf7fe0bfb00
030a08ecff230c0cfe07ecf90ef2f7fef41cfb06f9eae7ebf9fb020fdd12f9fa
e5f8110bf60bfff119f4f909e3061129fcfae206fdfbdcf0f1fffb1504e919f1
030a03e102f6fd08d70b17f6ed10fc010524f00508010b0ceefff4f3fffa13d6
f5f1f0efe811f6f30107fff9f411170713f3f701fc00f7200d0e08e818eaf315
0f0de5e324e7e30f060218090c1d140e11efe5e6e2ec1bf0fe0af60ce5fc02ea
01e2f1f707e102f7f0f801fa08fbe701f7030908f00916f7f41307e9defbedf7
0300fcfcf114f4f2ff0be8fef5f712fb2d0a01160af8fffc21020af3fbf5d2fa
03fffb0706f426e4f8120fff0df6f9f8f30f0cfff3fa0e0be80b1306f0f4f027
15e50c0012ed11fc03fd0bf9fef7f51febf501eb0603f708011bffec0eecf8f1
f70ff519f9fcfeeb0c2af1130bf81e011608fa0113e312f5fb051206f4f4f9d7
1e0d02fc15e8c20914c805faf6e0110410f40dfd24ea1702f7fe02ed0b062ce6
fe08f30d16f10eed04171508ff08eb1218f2fc141ad90415f60b0112e203e90f
f70005110618ff0d02f8ea0402f8faf8f0f70bf914f8f00efeee18fbf301ed08
04f7feed0215e30b04f3f30b0cf10cfe1aec0607f0f40b0202eaf700070b0303
ec0802f8e8f2000cf3052108e815092203f9fffaed1dee06e713f408e5f01907
0ef417f50ffaf5e2f3fc1f0e0114180912fdf322ff22feff02f606fe1503e204
05000107f20ef3fcff07260f0208fae20015fd0114ff1001f7f2ecf70212dc09
fb2503fdfaea111a02f502f21ffde9eef8e5e9fce4071d0ed4e1fe091febe918
f50d1ae9ec1207fd00f8160bebfe03021f111008f8fc0a070ef1f7070bf80bf6
040109f4f3fa1af6ea0813f9f3f90d03190d03ecf5ef03fb1f05f70d01f2fdf3
ff0d0112f50a17ecff0d030d0e0315ed1beff711fc15f81b040201f91608fcf9
060bfbfcf3fc0a1b12dd08f70603eef306eb1413f7fde1000dfd02ed1514ff0e
fe0c0306fbf30f020dfdfef611ecee0116e7dc0b11ecd7ff15f7e80bfbeffcdf
f217f0f119ffe606f7fc0afb0902110bfe030ae41a0910070002050414ddfe15
050b0617eefffce9fe02f7fcff15f815ec03fafa02f8ecf109f3fc0ff9e5fd13
03f40801fc23f2ff1104ee06f5ff0bfc10f9f00e05f806f7ff0a04f111de2118
f0f8f4fe1bfcf4f9f3deeffde1031bef06f40406190637dc17fffdf5defe0b2b
eeff09eeef04ef181ede070202f015061714eaf90b210cfaf4e50ef60beae3e2
f3160eff07f9ea0cf021040f021dfe0bf204020a0b0d0505fc0be5da060afffe
ff14e3041709fe02000c1d03ffff0304f1f119041724fef50be9e400f50bf4d7
04090e18fae908e7ff0d13f9180c1bf0130b060413f6e50efc070ffe0f04f203
1501f3e9d4f705edfcf7e3f1f7fbea08fb15e5f010eaf4f7f012f9fcf90ff8fe
13fce3fbfb21130c1ad6f1fce7e10ff80504030cfd08e20a01f3f9e9e8f1ec0a
fc0ef4ff02e7fbf7f514f9e60b140c0a0c070f0fe711ee07fafcf80de4110afd
f50ce90113f8f0f1f1e5ecf72ef7faf4d8e8d2dc05ca97d1eb1d09fa1f17e607
07ee03f90c13f10f14fd01fff918e92e00f7152b0afff7fc14faf40afafff100
f2fe080b0c08f4ef040310fe1aeff02dfaf6f60008fb0f0a112df00c13fefc0b
1d020c0604fe11f5001ded020918f910030f250cfc27ff070aef06e8fbf51912
1502ee0be9feed0504fa0aefe9f503f30bf40e04e709f6fdf700ef0bd5eeef12
03e3fcfb100919e5e8ffff071502f2effbf6f9f513f8d9e7fb24e9000d261ceb
0406f40007f30914f2eb0b091dd0fd03d303e50403e907fe0f15e10adfdf0027
0717ce073425f911f7b1c0fbb128e6ef080ff114faebe9f601040feff81d03ee
0831220823f5e5d4221df6fff1d8f0191a073510060efe0821f901ff0cef0103
eee708e920f6e406f2d7fd121c1500f1f615cdf7fef1e50f0604e0010f0c0b12
fc020e04fbfdf207f7f40501fc01f8e400e2fbf00b11eff41bfe0901f4d9f00e
05f80d0e06f5090116f6f519f10914f6fc07f1fb0011fe09f80be7e51a1707fd
0d1dc70502f60bff23f418feff08eff5fe0c0004fe1ffe00eae802f110f800f0
1a2cedeff8e01600f62921f2e3223130ff04f3f8fb07ff0c18f9ff0603080aef
1bf2f4020810040603fb0cf20405faf9fcdbddfc292a13fe02e30406ecd557ee
f2e1f0ec1d09fa05091ee808e0e415f30fecf201e503d71832dc040e150800e7
14140cfaf609f5160604f200fef2fbe2fd0507f6fd0bff0212f8070d01e4f002
edf7e5051ffc43eafeffedf30a051502fa18f00dfbf1e9f5f4ee0d13e7fafb02
ffdefa06fef30e15ebfe02ec02ee05de060fecf9e1d0eb0ef6f702ff04ddf7fc
02fd04f7f8e117f900fef1fb01f801fe03f6f820fa0c03fceee50bfb05f4f1e0
fef9fd0ffa0a10fcf508ebf7071b0cf5fc0ee7250107f6091412f211fb1604eb
e4fb01edf2dc1aeafe02eef7fb0c10fc080802061411e5dff911ee02eb2505f9
03190f0105fe14f8e90be20c12f2fa0e15210efb0afcfc2c05fbee16f2f8eefc
faf61afafc02f70d1311010eef0210081013080b01eee7d9f5efe7111feeff04
f9050211f518f7f5e5eaeb06fdf101fdf9fd1a040e29d8070e09000ffafcdc0c
0405040e0bf8effd0cea02050d12fefbf7fdeefb020ae4090c20f6fb0cfb1908
f8f9eb03f30df60204f706ec05f011f008e7e8090c15fe141e0df8f50ef30322
0af3dffdfafffff600dff1100a1107f2ed0eebfbf213e313ee0cfd13fe1feaff
fdf8f90ff6ea0425d404010021fe030303f9120013101215effdd30705f60a15
0904072804e4f7e212ecde11f9380f06e3f414f123f2d41616dc0af30612081f
18e8f3d51cf603fe00f1f7161b110afdfe0ee8020bee14f7f818f6f92d0300d5
11140704ff00120016f9f01de5fc12f5e6e31ce0f10800eb0926e510eb030313
0afa13f6200f0c112425100c14f206e916fb16110616f613071c020a09e104d0
06090515f20103edfe0a13f0ee060fedefe0f0f500130104f2f8f3dd16ebd818
04150be3f7eee601cde9fc03fb0b0df2fbf5dd03eaff14f2f718e2eff220f924
0c090bf1f71b08f209f20708ee19eefd0a07f00cdbf01416071df501f8e9f115
180517e916f7fc0c06e9f5eefe0af4e6021a20ed02f80901f6fef1fe0b06e901
fe17da10f307160c25f00ffc02faec05f7f70eef02fd13ee20e40bf8e6ee0406
f8050cfa132819f8ffe512f313d9fc0114e8fbff09fdfef3fe1711fbeefcea16
08fceb15f1eceb081212fc03f802f4f9172002f0e310f60ffbf3efe4f902e6da
0501fcf7f20f06f710e31907f00c0a0ef407e6f7f3dd0300fafb20ffeefde501
0706ee0a05f11615fe2607fa0205fb150911f8f5240704f2dd0b0be311ec06ec
120f050609141209e111d8fa0809fb0e0b02ec0204faf323ff0afa0201e4f6f1
efea00022a2b0aebf7e6231310e600f90206e508ff0b04fe0a11060300f4ec0a
ff19f90918d8fd00fdf1171103f104100809012525f9d4060efaf4f6060afd06
fbf2ce0009080af8feede3f3f6f0fefff528ea01fb11c3d9d3e7ee040aeefed5
fbfef5ecfae9021603041c0be3f70b020017f8eb13f8fb190afefc0dfe03fbf7
0514dffb02ea0e080debfb08f4e81d05f6f7f6091b01fee5fceb03fb26fcfff6
f109e3ecfa09f1fb01dafb093ce5df061112e904e9100330ffea28f30317fe02
09ec0af2f9e3edfcfcdff0faf3051801fd0427e5ff21fb0510fd15ecfcfef3fc
1ee5fd071601e2fcf923f2ef15d10507491fecee0817fdeede290af521cae61b
000ef612e9fa1be3060bf90de8ed09e0f80be8f9f719ff1cfa1e0318eefcea05
051411fb11e01dfa101afe19061feafc15f7faf706efec10ecff030508fd17f0
13020105f71428fcecef0d05f6f00a00f9f50409ec07ede11317fdfb0820f3ef
f30bfd01f30816faf5fef30615e401180905f6f1f900f9f802fff701ee1deff7
fb09081023fa15f20deaedfdf2fce903ebec27fcf41cec0d04dcf30e0d01de05
070cee06fe1435e71cf004f11610f00224fa03f32fe40cf8f51004fa13e11d10
0d172ef61a05f41216e8fef5cd1ed10301f708f5ca04f1e6002125efef00d7f2
0104fe18f116fff509220f081be8091211e70409dff6fa17ffff05fe0c15fffb
fc0311f1f6eed6f50c040f1402d6e3fdfef7d006ff2604eb120702f924f400f9
f60ae60004feed011703ecf51103e7f5fe101a06df0a0f07fe1415fff61010eb
0409e2f10e02061b03080817eeee0efafb02e70309130c03071e151805f808f3
170c010e09f11d03f1fd0f0309f1fcda1efbf30006fce306e31df6fb1116fa16
15210d0c15f1df22f808f8fdf7e0e156ea0f08f00aef08f40124f9f20202ea15
03fc1d22ece011ff00ff20fcfc1b1014fde602122401170a08ffe1f703f10aed
0af5dbf8e5f20513fb0405ea0b0ff105fdfd14fb01f4f3edea070bfb24fe0efc
fe09f5f401d4ee0423f7f3ee1902271610091af601efe6db17f805fc07fdef06
00ebdffbf0fe08fe0d12f418fffcdb03bb11c11af4054d0e232e1317e514341e
13f52dfcf3fb1a07ffecf6f1eb100a04071cfc1512f9e7ece00211f8d31bff07
e00314faf3060a071010f514030bfa04f310deeff6f01e07f5f0ecfe0c12fcde
db03fcef10f405e9fb06f6effe0de8f510fef6fde70f030df9040313faff1ee5
07f5ede4f718f50be8051802e50fd5fee90ee3e8d6ec0d02edebfed3fcef12f3
fefee3f61ce9f1091111fa030705271415f315ee031feaf40e0befe9e5ee09fb
fb17ec07ec3c02010afa10f30b0804d8fff6b10c1c45e8f105cd071226e413e6
1ef005120400fb0af805fd03ddf4fbf7f7f407fdf0f4de1819e802fe2d09e208
0c0dfbfd0b02ebe9eaf408faf8001204f7e0e50e0324e417fbf7f5f2dbf20afe
1f090001ee13fc050202e80c01f30efb12ece117070ef5fc000806e0f0f723f5
0006ea220bfcf2fdf91202ea10e3100b2a23f0fcff0403e5f9ec0c0b0b0b1903
e0112304f3ebf80c0b0f0606eb0214e4110cf801030df215dcfcf4f31115e70e
fd12ff08f9f1e908f304fffcecf3f30b06130404f403080f0bed0c0903f621fc
02fbf6fa0cfed8051409f5f1f91f01e61df6fc130bf6ee020afc071909f8ff17
10010801e80210fee80ef8fb1b12f8e20a1de4f7211509e018131cf012f0f3e4
0519edf91411000a04f3090f0110deeb19f6ee23d4e405faf9f916030716f6e4
0b16d4041bf407f609f729f9ff0cec100a07fff605fc0805ff05f40903f7200b
10ff0fe10bf7e80a1817eb0417f7150afbf3f100f714030306010501e7f401f6
dc14f313fb240b06edfcfdf91ce90bededeb021d06e6f70b0115f3fdfeef0cd1
f009110ee0e722f51afded03090cf80f2119e6ffe3e40af2ed1b1109dbfb00fa
0d0ffe0b51f0fc2bdaeb1c0de3db1b1601fefa04e8f605f90e040909fc080200
0214fb0903f80704fe0213fee2e808fc09060912f3f1dff2f6f405f6fffd0cfb
18f4090df5f1ef0ef3e2f2080cf0eb0703fa08fa1af7f5f9f9f003ebefefeffc
0ffaf0f503111af905010b06d6e4faf2faf606160411d6f700f0f80cf2120aff
f508ecf7d704d1160b0bfc081601041205f4131efaf51608f3f3f4f8e6fde40f
1aeaf10021fc02f603e7ed1011eefcfd09e61219f9f3e303cd030d020c071902
19f3fcffeff21b071005fa09eaf0f90a02fbfffa12f109050cfd0500070925f4
0614ddfcf80ff8f908e2e00e08eded0808fb23f6fa1703df10f31ef6fd0df0e9
111ef815ea071700edfafef8fe010409fbf8ea030fecd310f80b1607e902f308
f40703ea05f5f707fa0dfc1a11e209f1f807f71013e7e7f8fdfd0a050ff20a1b
14f3f3e833f7ef09091df9fbfde7f0e901111eee10fde1f2edeae0011ad90ff8
0ef804f5fe101b03f4fbf6fc03e90eff160c0ef30616fbf9042c0bf7150afa0c
dc2005fcf5281e21f208fa07fc0c0ddbf30e04ebfe12ed04e4f6ee24f3fb18f4
110c07001a1f1cf20f06fefa04fc07fbf50f1dfb0fed180c05f80a0903040cec
0fe8140ef327d1fff40200f0ffeb1201030b02fae20ffb0de91fffeee61bfcfc
feed0a0a060210e606f8040dfd06f71e07ed021410ece7f708bce9e80af4f107
251b11f7e227da0ed411f3ed1c0e0af0020207f607d4e8fff9f4f306e7e5fedf
21e81616f6f60f23ddfaf4fe0305f62905e9f6fdfc06ce06fafd1016fa020906
04f211f400dfebef0000ec1f0e0611ffed06090102f9e8030d06ef0c09f8eb06
f70cfaf909f7f00bfe09e508f20c05240ef3f8f7f50b05030ff1f4f714f720f9
11f4ee0310ff0118f9f902f9e6f7f5f913fa02fcfbf7ec0c08e9f0fdea1a0d0b
ee0201f21507fc0b0e1111fefef1feedf6fcedecf50003fe05e414eed6c2f6fe
fcf3f0f2080909fef5f8030418d203010703f30713f6f90012fb040c0cf6fb01
fef9f113fe0419f5232214ef0f130904ebf71d05f9ea10efee1201ecfcf80f0b
fe0a0219150b02e302f4ed18f2e8f10ffded001708db091c0203fa1dffe9f405
f30cd0f60f03d9eef8ff0a17e0fefd0ff8fced03f5eb010ff5192214ee15f5f5
18fcec1012fa0c05f4ec0fd5ffed020df706e712ffef08eafaeee41a1607dfe6
06f5ee01fd09f2fc17270df3070e0e09f5f9e00f04effb15fcfdfe02f4f7f3f4
23f0f915f500f9f902f80b0e12ec0dfdf20502fd0618fed817f710f2fe091507
07fa09e415f2eb04022bef07fc13fdfaff04140bfd03ec1208f41af0ed1605fa
ff09fd020b09050e0406f7edef05ea11fefdfb12f60bd7ff06f31efa0a1903fb
3a2f0df5370b3606f4fbe9032c1012defffa000604effb1ffbe6f7e5f7e9fced
e00bea1ef7e908f203c9ef06f5f5f2171ea317eb1dedae231a07f223371b290d
0516f101f71bf301fb18f30209ea03001bfe10f01c0513fb08e515f6ffe93718
1dfc0113e7faf2f2f8ebe6de05f8fb06fcfdd9f5e42322f90fd00f08fcf1dafc
f4fc0fff0e05efe8010b110502fb19f9f619f7ffebf2020c19f1fef11d12e509
050905fb150e10faf91aec0cf41701f80e0b0114f804fffc12f4fc070c050eea
f3f6fcf0df02d4ff0310f030f004fcf307ea1403fbf5040af5ea0816e8f60fd9
0e11e817f40ffeed16eaf6000500f3fff920080bf62ee7fafae0f8ec05e3e304
ded803e3030e2eebfd0efa1c12dd060008ebfdfb1a01de07010d060f01fddffb
e4d5ed1e080d130ad60206fdfd0120f30bfe09020018fc160e0507fc0b0dfaff
230d1514f207dff316f7f512f430f1f803091b0902190219feed0e0f0fe2070d
f90ff309f3e8d6dd01c80f10e8d936defff8fcfcec0b070deaf8001d14f2ee05
ed07fcf2f8eb2600f6fbe8ef0df8030306ed00f3031716f40c07f3fe0ef5f1ef
0f02f7f147140201f3110a071efff2f7d8fcfb071c0ef50903dd021805ee00f9
e6fff5f30910f4f1fc05fdeaff0beefc0b0bf2fc191d04f2dd1016051df600f6
011bfbfd06f7ef021d11ef06ffe60b06070c0900dd18efed0cfb0dda18ec12fe
fb19ed120dfa0200eee805fbf3f418f6ef0d160b0b1dfb01e51e1804f7f6fd05
1208f51105060316e105f00bf4f4fbea20ed09fefa16ffe6160820030cfce90f
f3eef8e91602041a0307effaecf804e5e0d50d0df9f500e4eb020bfe1beb0ff6
0cf0200be1f30c111e0df7fb0ce1efdd0d06f3f1f20efa16e8fdff07fee6171d
e106ff18ee19fdf7ec0003020af005d6db281907f51803e809f502ff050107fc
fe100aecf80a05ff0700eaff0e0c1ef729fafde7f604fefb12f0110106fd1bf3
f5fdf62118fff7de0f05fcfe2c01d90aeafe0cf5020d030004f2e9f9101702f9
fd141c06f9e5fff902180f01fbe6ffda0303ea02f41a00031e22220b1205f415
0df307f80ce4fff20912e80dc1132011f905e3160cee020500e212fff92117e4
f5fff7f5f613ff00f8fee30a03fcf6eee9e71924183200f93a2b380a00eb0f16
01fd0504fa0905070807f7fdf004f10b24d20b254e0cfcee19e0d102cd0f0ce3
0ef2fbd60d08010511dbeaf128f3e9fb0f1001fe16f4fffaf5190f03fb11fef3
fff518010a0cf7e70e01f8e608ffff07fa0819d5f7e1fdf7ec0aeaee11ec1f09
1a0f13f8caee030eff26010ef4fbe0f7c2ea1111fae4fff6fc080909fdedebf9
28ed14f9f628fd0927eff70f300fe51a1800fcfff9e805110de70afd17f31902
f3fd01102028fd00f3f929031ff124def5fee20507f5fef1e8e60d0c10e30918
f2f9e70ddcf902dfe6f7e900030df00e01e4cde60ffafb0c0813f205eaf50903
24081409fafe00fdf701eb03ff0003e904e8eb13ffe901eefce5e60801060415
051814e8e51f05dafdfdef03fbe401fa1622fc0a01f30203e9f1e8fd040903e4
00f4fdfc07f70806f4ebf803f5f6fd05f9f91c03db150812050306fe04ec0217
f6ea07f9f5de0020171ee5fcfcf8fae604f2f1091403fefb0b0e03080becef09
05f9f80214fdfe03e1051afe0bfefcdcf311080006000106fa14e210f2ed0804
16e917ebef0d030c0de9f0ec18f5071ff5f50102e7f600f0fef90e06f5e3f1f0
1919f916f0eafff008ff0305ff2f00f20c161623ef1efb0b11f601f809edff25
f425fa050af800fffce611020f07fd05f7feeb1100ff0afffeeaf40a0b090df2
0516e30e0dd4ff00f4f108f7052800f50215040317ef00f9010804f60a0f160f
00f2f7ef04f803f9071cfe0420ec18ff0c010a011fd90404f3f2fe070bf5f7fd
04f3020d1cf30d01fb09f802f50d0afff113f20e110efee40e0cf70217eb08f3
0609f9fde6f7fdf5faf6150feaf71ffafafa0dff0f0501f813f401050a0fec10
0ef001fb010804fc0c1000fa1af705f5e90feaf9eaf903fefbe001fdfd1a142e
18e318eeff110006e3fd10fadffb13ffd9f2132ce922ff0a020032f232dd24f9
15fbc9faf2e805cbff140afaf91319e800fe1a0ff50400f60d020102010efce3
0f270213251502fb14e608fd13f908d5e7fe1b02fd13fc05fa0de2fb10e81fd9
08deebfceef808f901091cfc10d70a0bfcde08ead7fcfa10f4f019011a20fa1d
ff00e206f2edf8f3e81705fb07fcebdbeffaf7ef12f4ff31081407072204f308
1902fd13d4f503f2e92206fc060710de05f4e202f9270011050619fb0a070002
32da06f908f9fe09f3040505040b08fc02ecdcfcfe0b02fd04dee0fdf408ea10
12ed060ef503000d0b01fcf806fbf210f60c081a16e5fff80705fefa17150505
20f30304ee1700fe1bd708fa24e70714effa03f225040400e825f7ff0210f9e3
f319111be8fdf9fc1af700f7def1e11de71b10fe080ffcfbe507f603f4f5190f
21f40c00d81ef90901050100f6dffbef09f1ffe2f6e9000df1e4200d2b0fec05
e820e0e605f306ff1715f80236fd19f1e60cf2cfebe403e0edf6180afdeed50c
12ed0201020a06090f14e4040609f1d80cee0cfb2ce20508fb00eb03ec3e0c2c
fdf707e519ea011af20901fffcf2190be1f915031414fafbf9f0f0f9f20f070d
ee063606f0d20afff7fa19fc11cdfaf7f9f80403040df80703fcef0dfef705e7
0e0cfbee0f1803fc07fefef7ec060d1bfbf7ff1101f807dcf8f40aff051c1127
f205f81210d8fdf8061d1cebfef110fafef6f3fcfe0004f815e300f214f7e5f9
0bfdfff5fc1afd0711eafaf2fdfe031c02231203070002fa08f519f70a04290e
fd03f90516f001f605ebfefe08fefaf5f6fdf5fe10fa0209fa0ff30cf2f5fc05
10160ff5f10403f019eaff09ef18ed0419f7fa04eeddfe1107eb09fd02e90f01
efffedee03f903fbfb0d00f702f80deb1bfefdf0f900000dda010afa08fa0e00
ee020516f51e0002eef00c06e0fae50deff700fde4ffff281400f306f0080fef
f30e20f0f008ff04f1ff0c220605ff03fc020214f3f80100f0def707e316fb12
f5f90204d4d402f800f3f607db01e2e500050e04fc29f806ed18e30bec20f60b
0e201df8fb07fffe0d0304f80afb0feeed150402f404fef2ffdcf0fb3113f6e1
13f6eedcee06fbe6f8f5f7ea0efb171211fe060107fd0203dafff904fef710dd
fced02f905ff0002f8fb07f80002122315ece8052b0a06f4ed14f714091206f6
f1d2f90f01db0005f4fcdf06fadf22faf8edf2e30bf9ff030c0112fd13ec0631
12fc2bf60106fc05141af5f2e518120df9f402e12edbf9e6f614f0fc12180bff
fefae907240c02f8ebf60ff8dc0119f70b11f5f8161c010101f7080d24f8ea0e
f40d1f0fef16fef3ebea0400f5fff10ffc0bfcfe23cd00f717e90efbc9e70607
06f8eef9fd1003fcedf6e1fdefebfcfd0bf21411cc0606fa12faf1fafe121803
fe0c072ae2f8ffd703fafc00e102f0d31700efe901f3000a12f5e10805ef0101
07080ce50df9f8f1de05dcf10a2d10fc01090c0b08f900f1f5f5080dfd12ff0a
0a0bfe17ed0f04ec0df6eefc07e5f4e7e903dbf9ff19fbfb0f03130414f205f7
16f4fbdef5fef90d0914f604e60300f4f8fa2f04d8180a18fafefffc12fff307
f8ea0a0202ee0508180414fcff130a11fb0c0d07dff0f411f20e010cf513f0f9
03f007eef8cf02190512fffdfc03f8050d05f3fa0a0aff062ae6f9f6111dfdee
08e91d24ea0d04fb08f9160cebe700130cfafdeff70c01faf90201ff0cf51dd6
0d0e012f33f8ff17e4ff23f65fbb1b60101004f3e5f000f60ef100f50806fce5
f80ae8090c03fff8f50a100cfb00fb031a31d7f7092b03d7f1c7ea04ce321a03
0af60010f5ff050f0c0ef40315d00cfb003c070af80ef80903e9f7f6d10fdcdd
f4dfd7e901fa00ee0dfafe09f7f0f4d3f708d50a0c02f222130afbe6fde3fdf1
f9d5f800f8e6000ef90208f6f2490dee011705fff107ff12fe1207f80611f8fb
0b26280d0d26021100f8e9f304ee170601f1df11f4e1080cec02f9051806d3ea
ed042f05090000faec05f2fb20e21af104edf5fafff1fd0af708f301f71401f3
fd06f701f8000103021621fc09f4f6dcdb0f1b0c03fdfa09160bff08050cfb1b
fae30a1707e90ae4f623fef8f0ef261901ec08f50708020df6fee10803191204
fd1aecfbeff309e3fbf40b0cfafffcf40ffff0f4f7fc0314faffcefff7eafaf1
f6ec16fc0b1907f800e513f2151316d2dcf9f30dfaf603f30508f10106f416f4
1de1fa15050a03f603f8f3fcccf41117fef9140ffffe08fafcf211f7eeee0b30
0d191e04fa08051ef50f1b04fafff73502f3ff04fffe0debf1fff90af40cf70c
18f8fc0715f0020804fd0a03d514c9f4e8fc2312f7fc03fc05db320402db1a1d
02f30efbf9f1fffefc02f5fafef61feffb1ae4ed03050605f9eefa20fd09f1f6
090c11d2fdf3fff403161208fcfd0ffbf60504f8f60efbf8dffce800fb0bf50c
defcfbfa09f1fff1ffece3f8f30c10f1fcfcf3f2ff0a0407fa160901fcf112e5
07fa090802fa0512ff14f9f00312f0fff6f6fafa04f5fe05080927ea0af410f2
e6f4ff0c0b06fafa261528f213f4090408fc00ecf0f705f2fefb0401170108f6
e20ef407eaeefaf30723f810fe05f507072d0a0210d1fafcede30016ee050af3
1af3e2f409e106fb09070f09fbf3e8f114fa01f309f708fafef9fff409e4ff08
ff0b19f60710f6ff0ffc110006ee0d0a0efeecf331fcfaefff1ffa0b051604f2
01f8fe020416fc06e509fc13f40df91c03f906020a10fe00ef0aeb0906160705
fbefe6dff30602f4e7f20a04d5dddbf610e01b05ebf00114f0c70f0ac1df0f00
1610f100030001f8f303050121f9000512050204fb0f00ef1e0112fafc39eeea
031402eb08defffd070813f6fb0806030524e9f9d4fcff0705e4ec0209d80609
f9eb2407f824fafa0effff0dfde71712010d0ef60e2ffbf4f717f0ffedd9ef13
15f71913fffc000511f4e405f40f0fffebdee1eff9eb02fdff221003fdea0201
1018f2f9e8f60002fe080d0205f6ef0402f6faee04fa051af8faf108f104f406
05eb0710f3f3feeafd05e1ff00ec10dce7fe00ef0805f401e1eaed1526fde9e3
fcfb001103e00106fb1cfa03ed070804110015080d03081b000d17120600fe0f
dfe1f1e61ef7fef8e5e801fcfbff19e50bff08fff407faddf6ec1c011807eb01
fe260c1506ebfaf9f2e4380b15f51d0f0ffef0e7190202e50af703f8240df501
fce801ec1f02faf3020807ff03eb0df505151a11e30701fc0b1409f817ed190f
1002071103e2fafb1bf9f7f5da0404f9eee31f000118fbf21df703f3fefc0cde
04111dfcf00efeeae9ee0804eefd1509fc13d616e809010d06faf6ffe5ff4007
0e0cfd0b1b12f92103fa1afef0ea02e31b01f5090be4fd190612070317fc00d1
eceefc0b10f6fdf606090a082920fce017f5e6df0cfdff0907fef910ff17f502
170ae4f4f0e204f5ff130e0606e410fef7f7eb0a0eff06e403eff3082716ffe2
f5f6faf7f0fb08ecf7f3151200e1fc070df30025f3e1fe0104020bfaebdde400
f2f4e0de000b03fdf9e8fb0b00eb2ff0e4f10004f1040401e210ed0f00ed0df3
e4121ae3effd03160b17f4fe0e1001effffc00f8fa0907ef1df200f3f2070dfa
fef2ebf009fafffb17f90708fdf3fa161cfaf30900050c1302f0ed05f1151af6
f2f4ec0705f3f8eceff8f902ffecf8fe01ff0407f6ea0000080d150214f6f22c
e000e2150704feedf8eb090117f1f70cfefe3402c8e90800e11304f100f3e309
feed202e02fc01fc112f13f4041bfde919fc14190a0503eb06f0f5ff0bec0dfd
e221110606fcfdff1c1c0905fae3e2f8fd1af0fd252e0202110eebf014f2e408
f6e00831f0f0fe0af001ff061902fbf610fc100b01020605e80c17020a08fa04
eaf0facbf3f903f5dff20903ede5f60103091fec0e200115e2ff1a02e9000cf3
fd0206fe0b1efd11120feef6e3f2f7f7f2f5f8fce625fd17110705fff02b0206
17111b0908dc0401070efa020a0c09ec14ef01f9e6ee06e5f20ff8fd01fd00ed
092f0614ea1e060d14eefe030713050f0be70a22011609051108110be405010d
12e0f304010c04011711e7000a0a070beb0a1ffa06080aeb01fafefe13fefdfa
ddfe08e8e90efefd0df2e8070600f30bd3fa000d0402020046431dfb000d3019
fbf20cf008ee02fef0f409ff17f50ef504040c02fe04121105ff082004f1f705
18db0a0bf90afbe8ea0d100007f80aeff629eae70d1dfff903e7f7f501170af9
f505f7effd1d0af8e11106f0f20307f9fee32fee11e702210bf202f7d9f009fa
06e3fde0e808060e20f20c050a3a00fffde2dffc052301f8f506f401f402f4f6
f2120e0503ecf82405f8e6fefafa0cf8fb1d18fcec0402e5fee6fff10202e0fb
0d09fff5db0f00070821f6fd0a0bfa04e70612dd1afe000325e9f502eae4e901
0fd30b6f1f1b01d50834f2fddc21f3c6171711070afe00020303e7eff6fef30c
02e6f5120d2801030710e6fa0e1df7ebe9edffebda04fdfe04ffdc0803f1ecf9
12f00200f715fe32eed50d00ebfaf40ef9f3dc03fb0bfff8e5221008fbecebfb
e816f00305ef010ce3fe04f9010be7e511ff12f301f5031516fb330127050d18
fafceaf51aecf50a0af8e707f2fff9ea0418e80bf10b01f110140bf8f9f8020f
fef5f0efee1500f1010a28fefbe10bfafa12fffe290cf9ff1518f60422d9e801
2d1dccd2254e04f53be325fa1d0fdf200910eff80110fe0dfee1070ce4f11ccd
e9f0faedfd02fffa2a0a07e616fbeef5ebd304f90303ff0b18d00a0341131a29
27fbf1f2f8070307ef09fb051302f4dd08011107f4000720e30c0605f9f8e222
0efa08f51ef7fef81106f80418f20bfa01ef0803fcf3ffdb08f62103f1ee0ce9
0712eafc06da01fff4e720071cfd061211e8e40ceadbff0b080b0300f8010af4
01190309f319020dd8f711edfffd17f20efedcfef70efc01f10cf40aeaedeffe
f405e9fa051bf7ff1807f9fdf803f116e00a090010ffff08e1f9fefcf0f5f7fa
fc00f0f00ae20612f1fdf5120816faeeef0bf4fffbe6ff0efa070404f6e40600
f3f909f1f9ebfb010705fb09020cff1106ffef01fa12fb0a0c0bff06050717df
0ef6f70700e70101ff20f6f7f7241c000106f31a01edfef71e0afaff03f3f212
100af9e3de1afefb05e00b00090fff0e15000b18fa2904e7061c15fcf31aecff
0f0cf4fcfcf9fcee03f5fe050cf7e0060a0903e2e70704fbe626f405ea04f8f2
00f20af9fd1000f9e31800f6fefffbf00afa0bf8e3e8fd100d0bfe0cf8f21ef3
071104260412ff01021310f8f1ff0af4eb100ffe182902e32e1436f0dbdee6e6
230de100f50f0e0af9fb2bf9f60e0802ecfff8ef04df00fc021404fcf6fdf4f4
0f1f11f80d1609e10e090608fdf5f912f50f0500011d00f2e9f22dfbcbc7f6e0
080efcf3faf404f2fff80b0d101bea1002de0ff7f5ff040cff0102f80218f8ed
f20802160d0f040eed3307fef901daccf2020519fb0600f50d0309e0f30e090d
15e830f9e609fb0401f214fc11ee0213021cf20129effd08f2f305f4f2061001
d6d4e61cf708fdf708151c0010d7effd0ee10dd1091fffff00f0dbf12701e206
d8db1d16f406fffcf5fd19f104d9fcea0bfe060b10e9f9edfc08ff06f1e5e605
fcf2f9190bf2fc02fefcf9fff10106fb15ecfdebec120009d21efaf904eff803
c3f51be20507fd211106e31201f20005fa060a211def0012f0f202fd0605eff3
f30cc7e5080300f4f9241601efe9f40f07ff00f3f52609f70411ebf30af7fe08
f4ce0afcfc18ffeb08302af3e2f4f406f7ff06100802f60f050d170119f8fc20
05fa14f21c0aff0cf1ff120001eef51dee0500f016effdff06f308fb08eff417
09fcdaf6010fff02022a0defdf27151404fbe4ec10fa01ff0b1a1e0513ec0cf3
ee12e70bf70b05eaf817e6fcefff0bfa01100e0dfae0ffffe8f1e90425fb06ee
fa180f26050cfd0be818f203eff0f9070306fbfe09fa000bfcfaf50c0ee20515
0e08fb0c04d403f51c0cecf2f7cf0df0fcef00f10409011302010507080220dd
ff2905002228040df1fd13fefe0be415fb1a0000140ef6eefddb13eaf717140b
fa0417fee124ffea08fee9fff10518fb01e1020c1912070b0b0f02050fd60205
f7010b1502f3fceef51f0505050ff5dcff37042c0b2200ff1407b4fc06e8f536
fb111c031408fdf4fb080a0a1e0fdbfcfbfaf111edfd020efcfeee0cfc04fd0d
1529fde8e6d3fcfdcec805fa1cf54905e1fdeef6efef00fa0d0e010cf6f4f100
1aecffeb07e704ebf91712fdd5d618fc02f1fae518140009f8211af3df0ad50e
0efc181105fa0102fe0515f30708faf911f3f016ef08010716001ef504e8f6f7
00ec0307fa13020209f602fcd81217010ad609fee309fa010102e2ee1ffc1243
fe01f2ffed06fe170cf50527ec0a001c09f4fd17effb03fa10260efefdcff802
d9f3fd20d703f9ffffeb190bfd1a1ef6260ef1ff0814f2feedf105fc24edebfa
ec080d0afb2005f10605f3110f19ffef00f4f3ffddf3fe1bf900f906090e07dd
09fc01f9052400fa04fe00f8effd1603080af3eef008fced04faee0e010d1800
00f5ece00cf105f1f4fc160201eb08fcfe0cdf01e5f1ff07fcf6f016220c1fda
04fde7f601ed01f6030df50303f0fa0ef92523dfdc07fdf2190af60efbfdde1b
14fa0e01ebef00f10ff5fcfd06e921e4f506f0fcf20011fbf1ebe94df5201bdf
2cf9fb11ddf604f70d240eeff9f5e3e40f0ced0f0ccf0309e629f909f41211fb
ecfeff01fbf6fd03f304d605ddbe0b2b0c250306f70d010b0d19f1f802fd000e
0023f71ef3f4f7f8f719e3faf61e20ec02df18f60b0af31eee100000f8e609fb
2317fef003f4f2160200e702ef11e6f8f700dddb0bf402ffffe7f8061309f81c
1a15e9fff9160307f6ebddeef81300fb1004001e09ef020e1bf224f8030b12df
3019f8fe32f507daea100607ef2316150bfa2612f10bfffb09efffebeb09f1eb
f515d705fa08ef1ff701f7fefa1e2af2f9f1101200ea0404d210d701eef42ff5
fb0df4fffcebfb0bf912feff29f700fd10e4f9fffefdfc00e6f203fdded60117
2d042d0e04edfa010116ecfa1907ebe60f01f407e60206e7eef3130d0f23eef9
f8fef3e7f0e002010104f0fb010702f741f80be0fc0f060232f242faefad05c4
f20a0213ffe7fef11af3faef02effef3f605fc0300f7010af9f90efdf8fdddfd
00fc2326fee6fc01e3f6f4f9f7ef02edef09020cfb0efbfeef0eed01ebf2fedd
0e21fbe1051f08e2f1eae9f1e21a051af9fdf8002305fe0af1f610fadefcfbe5
fe00d00ffc09fe040908e7feff1504f4f5041dece8f7f8f20c16ebf6ffea08f7
f210edfd00010b1704e7ee0202f908e20a222819e0f3fc0b110ae0f00cf91413
071ef10e060300f7faf9d70c1406dd24202c0622cd01ff0536f8cffc0cf71714
18e50eedebe200ec0a0500f90607080511ef09f7ed0804f9f7050deb10f213fe
10ef03fc1912020601f3f2fe110f09f4ed1f1b04e8defbf8feede901f4fc23ed
faf70e14faf500f2f30ffe02fdfc03f105f9f60a121b061214ea09f107e80f1a
f30a150af9fa04060aedfbff0add01040df1271003f8ff0ae6f91807f9fb22fd
eff307100af0051a030bfdf11d05f60afc0b0907eeee011411e10710fdeff1f2
1e02f809090dfcf114f1e3f713f82de9ec1aeb1d0d1bfbee16f41ff4f91a0707
faef04040fd9030bfdf7f8ff0c11f5080004faedffdd052113fdeafdecddfcf1
05362c07e521ff1f10f4f1ff2c0a11f2f3241c1916110201011407f40fe21530
eef20bf90400fd1801f7f1fef70d09d6f1f8fe00fd091be9fdf0ed33fa01f70b
1a0703ff05f2fcfd0cfef9f201000ff2f4e80b0132ff06f706f8e50102fc08e8
ec0decfb0500013af7fd0c0ff91520f9fefe04f7f2f8fd000dec0108fa11fff7
0d15f7fb06050303fb03eb0cf518020312ec060811e106f6011fe4eed4041f0f
0915ec0e1df201f806f502fd05f7e8f2dbe80d04fa2d040100eb190dfece1909
d40a2a02bf3506e6ff04e705dd0a3cde0af9f80c10fd02eef803f10f011601ec
fdff01fd042cfef2fbf80a01f4fbf1f0f22900f7ea0b03070616ff05e30cfafd
f4f1fff60df8f907faf11efb100f0decdef00bf0fee402fe14fb01f700d9040d
f3020ceef81002f508002107e5fe150402f9e0f703fa01f6f9250efc150b0d07
fe0502fc00eefcfa0de4f304d213160a0d1a03d437c0031202def2f10018e1d7
da0aef1103f400f10cecf5f4f4fcf912ee06050b03260305e9ec07030100fcea
1a180d100af50005f60602f8f42f01d618030f04e1fc06f807ffd2e932fbfa30
ed05f9e2f40c0217ff000c0cfb0efef9f40bfffddbeefdfafae20800eff70f15
fd1111151a0905f80de406fd0fe82bfb0fdfdce5fce8ffddefeff504daf0d3e0
1103f20d1cfa00060edf0ffb0506fef20f0814f80ff4fff60cf1fcfe060317ee
0702ff0ffa0402e6ef0606fedc0518f11911ff08ed090515122c0bf104e4faf3
0104fdfd0ef0020708fe02fb11e3d813e5f417f7fa0000ed07fef412e1e1ff2e
e806f8e8ea0108f91d44e4fe12221c03f70afaec1bf6fd1bf114f70af7060e28
f9fa02e3e6f9000c03fef9f914ebe2f210efebffe1f3020006fcdd0df9ff1dd6
f91aea1a0c0d0418fce3d10cea1311e51f00f1df102c0226f3091ef7ea140dfe
0b13f5df0b1903170cf5180aecfb100606f831021c0301e4030023fe20250e00
1420fe37d6fdf90d04b5ecf91ee405a0f911fef9f0e703130507eaf604f406e6
e8f8db0e06f2030ff2f2ef07f80c1cf8fb0413fbf70806f0ef170408d90400e8
fa120208fbdc0514f9f6e802f10bf5060afa171b000c0500140f09090cfe0af8
fc11fa0dedf900fd00fc08070d1af916fbfafb12fa00010a0cf5f6fbf31d02f0
18eff80705fff4f92005faf4fcf50405fbf6df02fa07feef19ee060307f80f18
1ffb020cfefdfef222fe08fdf9ea0c01e507071705f8fc1ae3eff804f50aeed8
f0f802fbfd15fdf02214f808cff1ede9f8fbfae4eef503040000f9f60df012ff
14ffcc0e021bf7fdfdfb1b0d150dfaf92109031ce80200f3f5ece8feef1003ea
1b11f5fe00ef0703fb2414fffc3adff610feda1ce105fded091df90503e00903
1efb0cf5e7fcfd0e1308e5080e08e5f3fd05f7f5ec130409160206f50bfc0207
fae417f822fb0502110eea070f11e9040d060cf809daff091f240ffaf6f6fbf1
0beae5ecf40cfd2110f0fefd08050ffce8d40013fa16ff27e8f309ff111bf8ed
fcfa07f9ee06ff1118f4fd10f4fbfffeeff70dec07f6ff0f0af8ff03111b2ffc
f3e9120403f5020d1cf4f9f5e02e180b1e0203e816f50000ff0ff5fae4eefb14
01f31dfff5090217fbfd0003e6e5fa020212f5f3f610022afe06fdf5dcf9f008
e0f107e3c8e3050add1c07f003efe0e8f6feff1ff20c06f80210effed91df718
e008f50bf2ec03ebf9d9fff712100ce8f83cfd154337ffc337ead6f832de16d6
08fbf6ea271600e6e4fd1103dc1206faea2d1a0ed60504fefb182ff7ece0d31c
050209ff020002f9ed1d0a09edf608dbe3fbf1001bfc04eeed0802fae91bf60d
0beae0dbfc0afddef7fcf7f6ffea11fdebf5faebe80d030404f0f006e5fbf61d
0404f8ea11fdfcf015f9190004fdf7010dfbfe00e3f9031004ebfbfae40018f8
fbfdfbfcfee50deccfffde19eb0ce2fc18f2041307ff07eaebeb0d02d9f4ea14
f90402f50a0100fafbf9eef9f0f6fcfbff0c01000023000df8f0f4edf3ef0c09
ed0606e6fe1af907f21c2f0b0df5fceef00105f9eaf4ff0601f91604eb20f9d2
d4f3f2fffad901011d06d90df10df7e3091f0012240c00f8fcd00a05f6182115
ed0ef6130bdafb150ef51c170806f3f709171b00f3fbfbfe0fcce9f6df044800
11e11cf1dbea0206facf0cff150f1918070ee7fb0c190712faecfcf20becdaeb
100133ff19ef03050cfa000bf3fe05f30e18fb0efb08fe101606fb03ee0f1914
0d0c27090e00fffffbea0f0121e5e60af912eff7fd200214da1201fb1c190af1
260af9001bed0a1702eff2ecf7f6e412ff0b0e20020cfd03f1eb27030debf725
f4070cfc17fd01f6f4f10dfcfe09fde80b04f4fa00ff11e307ff021003ff021b
01f0170e2414fb0005ecf701021312d311f90ce0fdf3e401080cffe4fe1b1bf9
f8d521f123f0faedfcfce21b3017fc20dde707f41f0df1fd041df514f1eefef1
070a00f3ef1c20fef5ecfb1425fe1a18f2f3f11ef519120100fa06070ffe0f2a
08f7ef15fe131c0bea0af807fb22e004fc0ef5030215f4fa0414f40f070911fc
1b050be905f717f013ec2113fdfbead81a1816fa1c14360ce9e8d91c1d08fbfe
ff01f90506fefb000330ed0a0add0efd0cd9f0f6f720f905f9f41aee16130b0d
0a06e4f0dbf70cf3f4350ff30109012b0af6ddeaff1b1eee01fe0a04f5fc180b
0ed21e11ee06f3f70d05cd0307de01060601fd091313000afe0e01e3f1f20028
0906efee28040bf912fbfc02fdeff2052909f40dfd250324f5fe1a0416f1f308
00f003df10eb0902f8f90a01fbf41bea01340026f3d5ee070519fd0522c4d800
05fc1fd70bfc09eefaf0ec2ae8160bfafb08e3e5d3e604fdf8fef41918e410ef
1cf411fceb09f2def90908f437d32be21b021f2906f2effcfaf51003fff00702
ed031108e8e5fa0ced110de4f907f906d6f01510eef2ed0304fcf20102091f0e
fb00fb0dd1f9180a010c0ae4f4d31a0a06fbf91be3fd16f9f80fe6f50c1c08ff
1fe90c23e1f4e1defe1c15f022f708eef2eb02ede9090ffc02f908e620100efb
f5f60a0eed072419fff311130ce423ee01f3121f0b0a1dfc05e9f1f42e08defd
0502e70d0e1102ff01ec14fa2d00e919f9081e18071a1af0ff100bde29f6010d
f6fdd8ed09e4e4f9f71f02f3e0ef0a0922f116f1fcf40116f91af4fa1aedd8f7
f412fdec06100d0c0009fe2c11e6173717fbf50c19162224f82cfef5f70ce9fc
0a0fe2050cf700fe011300120ef92d121103ed2407e8fc080307f90302dc0f0a
040d032e0a01eafff820e5f3df1ff1e7ff01fe1cf7fff8f9fffcf4f8e9ee00ed
f8010d14f4df09e8ee0f02fd06ec0dee21ff0d11fe1809f603000b120f09fb1a
0901f42ee6f5e802f91a34dd0bdbf40726320b13e0f8f71d031107e5f0250001
02f6e510f6df03020303e8080926e5f3fb00ef00fb121703001900f10d170413
27f2f5eaeefcff00031510f50115220304f20a0211fe0efa02fa0bedfbf2f520
f20e0efdf3fb0d16f40aed00eff7f0f90e00f4f41206f004fd0c1c0dfa0a19f0
0df603f6fe0811f6fbfb0204ecf4110c13f611fff3e81bfc0705f6ebf7011df8
10f60618f5f7fcfbfa141411fd13fa09090dd6ee1bf0e9f7f80bfbeafaedea17
0fef3c1b0806e3dafde21409e9090b26f8ed05e80b0104eef5f409fdfeeff2ff
ebef060d0f09ebeefc230efb150ae90af506d90ee8160116fbfcf0e9f2290002
07f20b01f9fafb08faf41f05f010f2f92a15d4d2e4151807001c2b03b4352cfc
fef715dd0905291403140e0cf00ef1d9fee8f7040704df42f21cf3f1fbfd0ce9
fd0ccd05131df2190ffcffdcf5ea0219fa160eed17fafb0201f3193aeee6dc11
e4e4fb1902e5f8fafc07f8041f1ff90afaf4ef04140508f2f411171121e8f00a
ee06f807fb04f904f80bfb33fc09fff4e61a0e0504e9fc0408e7e7f3010a0f12
000ac200e220f817edfb0eeefcf40221f6f2f90305f20dfaff0dfced08fdf5e3
01f5f0e0f8e219e90007180e16ec15010fe8121a06fa150810070eff0c0cf90d
de09f000e52b10fbfcf50ef3fe07ef2de8fff3e4080a190107f9200fe31014fa
1226f90219e80417fa2407d4f3e3f209f3190f1b1af605100028fefbe82611e9
09f7150feff9e002050024ea2b040cf6f4f6d70f090fe2f1f7f91ef70cfdfe09
df2bf0efdd050602f4f71bdd0300fe2504190214080ae0fcf4f3def3ce0dfe0a
fe0b11061001e207f7da060d370502fadeebfa1306f1190601f0f21e0afe0ef6
fdf9f70906f9f90ff7dc17eccef51316f325f5130def0a180aeceae7ecfdfac3
0af5fded0af7e9fd010bfde7eb1e09eef9ff1a04ee160305f8f604f9e908fcfd
fbfb24ed0a0d210607060404160df80716f1010f0b1afc0803f60c2307fd0f02
0012fc04eeda00f40226fff2f9fefb0ef60e110aebf2f403f921f3003b04edf4
f1fc050a0ffe16e7f0f81e0206f1ef06f10212111b18010506e307f51d160ef3
f9fbfe04f8e4ff12eefb061e000c0df3cde0fff60810fd2a022f10fb07ff060d
02e606eaff091af9fff5f10bf3120ceafa0206ff0cff091002ff0e08fffbe227
0b01fc0b030cf2da05fbe5f7ee08f902fdf41cee1607ff0e0210e1f813ee19f0
0908fb16070315ff00fffef2101514fd1d100fff1df8ed1df1da1028310617f4
28e619e7fd02fb0402fe07edee38091204f01106d50a0de0ff2000fd0df2fdea
00effbfa2807fd17060af30f1d0710fbf904f00cf605fd0709fd07f7f100000a
1c1d01fd00eb101ef601fdeeee0f30fa140ffa0f0bddf6fb05fcf50520e60fe4
0e12ff11f90f1df3f8f914f4f111f7fa171714f50cfee811f9020822f10a15ff
fa0501f0f513170507fa0e1fe5240ff30213f803eaeff3fcf7000af606f0d203
1e060a07df0c04d70002eef22a11fa101d0cec0a2400042201d8ee0bfa0b02e2
f600fa0de40522110f100ce4ee23cf000600edfeeb01eb090c1af0e5f2191ffc
eb10e5fa1ce20404f3fbfbee0c12f4ee1ef507071f050decfbf9fb0910ed0c0c
05fa04141a11ffed0308f322f713f2f8ff0302fefcf6d61c05fffb05f13bff14
fadc1602ec040b21fef80908fff6faf4e90901183414fc0cfae2f5f7e8f5070e
eae90f0a061eec04fe0d1afaeff8120ecf060006dbf8e7eaf6ff09de0bfaf709
1a1304fb0d08190a010a100b131912fd170afa1308040513062f0e1ceffa09db
ee2c23fc4b21fff50ef8fa0fe8100f0312c90cfefa00080df9e8182a03070e21
ff0de4090e17ed040a0225f7fee2ede9fe1f0615f7ea120d02f301fb18101beb
f5050c1f091df4f203f60018ee0aefebf7fd23f726ff1bf8ebf51218fc0c0315
0eeceb0904f7020ef20aeff30eec08130913f8fe2b00fa2302fa0d0fe91ae3e4
04e614160b0c070e021b2111020bf0ea0afee81cf2fe0c11ff2c06e5fdf81504
ff0411f3fa18e0f3fbfbfe05f8200a0ceeecfe06efe9ef0900f302f01f0d1cf7
b730e234cf030735fed6b41e8a0107ebeeff18f5010cedf5ff060df316f5fadf
faefe5ffe9ec09fb0008f40de10213f5c7181127e3e0c62f03c908c5e918021e
f8f50ef004fd10f9f50f1f092c0df310ea11fb130feadc01050ff8fff3fa02f2
f9e10cf711190b0704f405fe010c0401e9ec14e9140405f1e60d19ff04eaf119
ec1309dd16f703f20111f91105080603f9ec05170a100e010201021219ebff0f
0712eb13fb19f7e50600fb0cfce1020ce5fa06fbf601f3fffffffdea03170304
e4eaff12f6f501d417dd20e50410fc0b1a0a1604f3051feff5121000f0fb1916
f109f8e3f001020aedfdfa0df8f50908f1f70c160cf9ea0efae411f703e203e6
07001404102ff70de708e5ffeffe16f9f1e20c0a0f0c2de80afcfc16f9f611fd
e6f200f21e0c08f9161e010ee90af2ffeddd01e9fa0cf5fa0009e6f40406defe
dadefcf3040d0bf90902f8fbf7faf7e2f91005f20c14fc0efafe09fdf7fe06fd
1410f8f9fde6ebfff6e7e7fa062314101e090d0bf00505e603f509c7fe1cf921
0fff03230706fe05fa11f1eeff25eeec01faff050606ecfa2102ed140a0201f0
0d0821c91afbe51008ebf20c192e1019fb20f4f80b2bf304fd17d2ed120fe316
08fdff0d1bfb0bf3fdeafa1811eff704f7f604f5fe010cfd1f0dfe18f4fa0f1f
39f1fe0a101bffe906d908060dffde0ef102e511fdf1f904fcfefaf8f2060412
07270dfcfae80eeefdf4fc190ef5030507ebffdd1ce7dd0c0cf209fdf4edf5e5
0d06f3f51e0a35fdfe0dfffd1afefdf2ecf41c10dc0f1105edfbed12dafa19f8
e11804f4f706ce13fb1c0ee611220e0ae2f8f8e8fafbfb00f5e50c0ffcdedf0e
0510f90016fc0a1502ff0be7fbe8d0fcf601260deddc02fdfefb2609faea0306
eee3060511f8f8ea0103010210cef4e304f4e8f40a07ec0106200508eb14fd0d
ea09f6f0dcfeed09f409f6030ffdfb1d01100823fd040907f3e3f6e9f7e40e04
fbf90f14fd08f9fef601ffeeda0701e5ebeefc0415071d03ff06120d06050410
f107f118f2e00e0aef06fbf8061118f7ec27080aee0ef3e6fbebe80bc7fef600
12f40b020205faf3ff1019f5f0f9ebf828f90cfd2a040911fe010e18f51b0716
0cf0fb0eff06040ef9020a01e600212106e9f7121413fbdd08ff0c0115eb071b
161ada07f4f524f40604f3fa1b0700051deffaf8fc10fd1a00121610ec15f407
0f0307f1f1fff110f7f2fafbed01edf4fd04fe16fa0301f3f3ff0d08f3e4fa06
01ee02ec16f3ed16f5f0f3e4031cfe0ef3f7d2f71410db12ff121cfb0a0903eb
e102e7fee8160528f8feff4ff011ed3df304dfee19f8e2f7fbe8edf0f70d0813
03e3fcfc11ebdf06f3e40d0de502edf0def806ee09180ef8fcfb192deae3f90b
f32a07f9fbfeee0a01f80a0313e6f6d11d21f80b230d02fe051f00f6f227f8fe
eefe14fdf1f411f4f11bf80219f8f807071622fe0e1cf3f700f30000df02df12
f006fdf404def20cf8d70a16e218fafc0efbfafdeae702f8fe160a0301fa0504
1ddb0b13f2150401070cfcfef3f70608e500102508fae113fee0f81ce12d1707
16e4fd0206f611fe18f9fa0be6fc010d180b1101fd12d5f60b15da11e5f7f8f4
0605fa0b020f04fcfff4f2fa021dd603c7f1100b1611fadff7fa17db28f402d2
fdec1c1cebf00009051506eb19f0f8f70df4071112eef3e8eedee1000ef617ff
080dea02f50400dff9ec07ebf1ea0ce6100015e6d7f1dcfe01fdf804ee0611f8
f602f7010aeffdf60a06031607050b0905fcf5f0f50d040ff7f0fce71e12f71c
1df40d110a29dcfefaf9feebd90601d504e9f3fcfaee1210000028fcf7fc0c17
1b1105fc0e0815fff70afb240bec0cf913effefbeafef00201e7f0f80be805f7
f905e1f90415ea1109ec09fae609f6f0ff000415f7e1050001fd0e0ce4010e08
10eaf5f9ee1f14fcfceff60117ff06e8e3faeb08e30711060bfbe51be10014fd
f9dcfa1b09ee021401d4ec0d19fe142af3f9f8f3daf90205f6071606fa17faf7
f9e4e624020afb27f0ebfffd3615050511f81807f61df4f4fcf50a0af8ef0bf2
f10aef2800f3e516001110fef510150a06f0faf7dbee0d1d040903f1f1f1d743
0af71bfe0110fa0302f81be7f9010a11180b18fc00fc030a07f6020df2ffe603
f3fbf812f4fb11f8fffa16f7120422fae50e060818151bfff3f712e40420e817
13f01433010a1bf1f4fcfd20e3e50a12ef06fffa0b1207faf602e70bf1f21a06
1ae91af50e0ed3e5fbf30b0f061ce41507f309122215060e01ef26fbf92a00fc
0af5f333f30f25eb02f00de7f0ed08f6e92110f4000af00107fafa0ff1eff4fa
f209dffd060809fa0b0a0dff08fff913f6d90401f6e021fbfd070aec06fe0202
ebf10204020113f2050f031e0e17eb0bbd063fedb83adc22000004e334263bdd
01fe02e909fdf9f9f9f307070903020af8fe04fa04010eff0106fb11f9fde5f3
0b0607dc1411f8160204dff00aebeffeee0f11020ef6fc0b0cf7f3f1f0f0f215
10fff4080317f9f210fa1903faf3ff0315effaf3fb05ff1301d6200ee40c0115
05fe120cfcfae60bfcf000061ddd0911df1e04fe0101fcff05000aff0203dd34
fbf0fd09fb0ef4f1f9eaf41e080805e30d0715f7f7000ce605e3e803e1fcfd00
eafce2fefbedffe4fe06f4f2e6fdfb06f2f901f5d92bd50805f60608100de813
191ddb31e0d414f9014c0208531919e50efcf221f40df1ed060d042101fb07fc
f11bf609092cfc1001f311020f0b09f8090cecf6c400f10604fa03ebf4eeff0e
e7ee021ef71beff300f60b070b0504e804130401f90d0eedf8fc0cf41ff81837
f7f600d2fb06061ff70bf926090d0604ec05e7e5d911fb23fdfb09fde81d0d03
f805faf7051813fbf2e9f301fdf0ec01ecf80ae2e31a23170203051de90501f4
ed05fb13f0da000cf81005f20be2fd11dcf617fcffe1e409f8ea01e1ec12f51f
1101c7dfe5dc0d39ffd3963fc2e3d33bf8f5f9f719f80e23f0011bf302fd07f7
f90514f8f0f4e2e4f51502f4ed0f0a15bae6b409020110fff503401dfb0bf257
f1d90116f6e50005f916f90302fcebf8f2100feedf02c9e7f8fb041d1605de09
132c16fc05e80beb01fb0ee0fdf50b09090e0207eaef04dbfa04f60507e1080b
f4e4260ad40ce4f2fd18fdebf2df02112c0e0e07f410ff2708f90406f3e2f8fe
030604ff0714eff904fbf9f924fa061303030dfb0a1110ee0228f3f8cb1408f0
f5130ff9e5f6e806f90d13f504171bf004f7f5fcff0207f00b091ee2fef10921
d504f2081817e5fe07f60c000309050e04faec11fbf4fc0f01eeec130a05fef2
f3f5dc0d1efe1cf5120d08082302fcfdfd0eebf8f617f11201f802fe05f9f7f4
16e709ddfe03f6090b11fa0b080df712f2eef6f4e0fb0923f7ed05030af0f20e
06fef0e5f50a051907f6f5fae0ebfb1200f8f30817edfd1102f702f30d0909e4
e4ff0be6090a12f8fcf6f20af5fefef5f906d2e0f7e81be305ef021cef0621fe
f703ef0df60b12e5010b0eec120501fdf0030524ecfcf6030417f600f900fa37
23ef06dbfe0329f506040005e81306011b07f823f5daee1cfe23f4f11f02090f
11fdfad9f9eaef0bf5022d02ef19ebdef8fad2f61c0df1e201f4f40a080af11e
ea02f9f2ee1bf8160707070ffb0913e71a24eb0be7ead93eff0a27181754fcff
f5f70bf7110105f71307f6220226f9ece70012ede028e90ffaf5f6250e2d14fe
04f9fa0fed05fb09f6080de1f80aefde03f3f5fef5fcf6eef7fdeef5dcfafa14
07eb00081717d5dff40509071d01f8e9f80520f304fe021700fcf9fef6f1efd3
ea1e0007e0e40ff2fa1218db14040d1e3600271af504d8e1fa0419f3fde42ee8
10efdee8e70621f7030a29fded242d0bda09041615fbd8f1fb08f8e8fe1e2f23
050e2709fbf300130e020d02ea000d010dfd010f0a0506f8f9e7120cda0debec
fff21013ef061e0bfeedeefefd14f2edfc0deb17161902eb050ee6ff0e13f206
06f009fcee201c06f3f1fff40813fbf110fedbdf0af8ebfffcf91b08fcfaf304
f31aef0ef1f2fb04010b030b16d1fb1cfbf9f70de7e70a10f711f6faf72d1900
0425ffeef5f3ef060144f3caec220411fbeb1bf7e31d02ee03061509091120f5
051eee0df00eedf7f21f0404fef9ddf2fa270f13fdef0efcf810130bf9fbe8fa
0e000ff222190701f20efdfafc12fef0f7f4f4e7f5edfa0302e9fee318ecf301
fc090509f91add14f6150af30e08fff8fce1e6f8f3f1ecf5fb000be2f21003df
0102f3fa1d0c1f02fc000efbf1fa130e01f30007f500070607e115da14030002
150ef618140f27320c1ec00903d8e1f701081f2ce2f9fe1bf40123fafbe9eb08
f9faeaebeef2f3cbf4dcedfc0314e4f9f51027ef2100fbebf20b0df5e2f9eefe
05dd350600ea0813feff210701210b17dff10ee7e3be0eec01f343ad0b33d06a
050010f511fa02ee14050b1a1af405feff10021f0af602f806fc0bfcff180501
e5df0ceaee14f801072af1d13c281e02d60aff04ef08fbfb050d17f9140ffd28
17e2ee2b10f8180709f7ddff1627eafc24e904f7f40a26f4faf30efb2405edfe
fd06f60e0120eeec0203f307e91211f0ed11fe06e7040707071602ef05f70ffb
f6f2fefcde080d10f3faf4070a10f4df1f1aff49b3f4dc08002044fd15badc0e
fc0412f904f3fcfdf9fbdff6e5f9eced0ee9fb2004ffdcff0cd50d1133300f27
1a06fe1410f5e1fbfaf3fa0f25f30a090aedf1dd041307ef03fc00fdeb03180c
1a00f72d000406f50c1a10e50dff060df6fff413f62e02f7f0110b020bf7fd22
0b1bedee0af007ed070d0d1f0001f202ff09010fff082e14f714f00205010700
061e01f50df30913f71cf9e716071bfaf6140e02dcfff115fd08f902052fe706
f70af7db050efbf204f7190a03f202f70ff10f07f00beafef9101804020bf5e6
060913ee02ee01d9fd1de20e03f3220f0f17fd22172be42144fcfa271f040ff2
d92cfb210a05fff701f9f1f622f408feeb030d0b11131305f6fd1808f817130f
faf7dbf405040010f602f71f31f90f0de6f30bfcfafa1722fb12fbf6fc0afd19
0509e803f1eefa23f713f90de0fb03f8fc16fef1270315e9060a12f70dfcee11
0b11fb0ddc16eeed08f910fb19f311f1f7191df7170e05f8180817f8ec16fb16
fcfe13fa0efa040f020be81b0419040afe0c02e7ff0213030502fbf6092ad705
1a06051edf36fd06f7ee13241502feeff6ee0bf7ef18f515041108fe03e5fb1c
0bf900e60dfb1d02fc0bf713d019fae0011dfef5f902000ef129e307063612ee
e101000bfd02e2dd0bfaf80e0f091cfbf300f6090d21fce8f2f90ae6ed06fe0c
09f22504ee15fa0a1306e904e00cfefd18e5f202f50ee1e8fffb01f619e20c06
0dddf5ff0409090ff9e8fff5fafdd905eaf639c005fd18f402351dd8de383220
07f40be9faedf3221d0af9080efb130e03eff9f4f206ff03f7defa06fb07ff0c
0801ee16f509eaf5f114fc07f6020e1b14fd10160d120af201e1ee06ebeaed12
01121907faebde0c02dff8f5edf10df606220315f415f6ff09f2dd0021f4eae9
05011607fe0514f603f0fa10e40e1117050510f805f9f4f710f2f016fe141c13
f913f709fdf9eaf2f909f602f30c05f72208fc0b1bf417080ae0f3ee100b1530
f2effee7f3062722fc1ef5f5e5fb071bbbd814ebed1003f4fbee03d919340904
f00907fd0a131c0bfc0df6ff1bf9f8030006e5170c10e713fce9f2fb0b29141e
16e60aef0505d70a04fe09ff1bfd15f20d0cef06040dd00f09280d0803fc1406
e2050c1c210bf8eefa04f4f1c0e100ee19fd03eaee1109e201f1eeea0a1bf925
24e50bfc02f002ebf506f0f50ef90818cb06060bf0f9ef00f501fce603fb1513
17edfff4f4fc0b0e05fdfbf718f3eaffed0fe1ea0315ea04f4df09f9eb0303b1
edf919f92912e512fb0a141020f62af301ecf8e8dc101703091bf8271d22ed0b
f8d701eef302fe0efcd205fe010401daede6f50c271d02effe03fd050ef8f40d
05fff2150ef41500fdffe60ee20d0ddb091b03ece5eeeeeb05021bd6e908f522
eb241ceb090706fc02fde912eefbf2fff30a000505f9ef0d3411060201090109
fffbed12fefa1a000aed22f701f3fa030c24e81b310205ee05eef8061a0ae407
e9ef03fdf918041bfb12e9ecfa071bf101100706d30de9100206f0e806ec0710
f8fd1af91114fefc0c0dfeebfc0a09051516f5faf820cae5f30b09df121a0912
082c0afb000ffae102fb0b05e817f704f7f5e1fedb0ffcf7fc213b00e10a1a1a
e6e2dfeefde5beaffde3eae40b05d8ea200c0413f80914f91203f314f206f3e3
f703fa2e10160d05fbf714eaf0f4d9df0c02d8ff0c13dd140af0faf7f20be80d
f0120df90f0b0111f70704011fed080bfcf61ff51011002c06fb0ef3fa0ff5f5
f5ec1706ecf7e70b0b05e611ff20f1fd04fce811fce2e9edfa06f901042b21f1
18f8f6ecfaf104e9f7180e10ea07090e23013016cbe9dae6f423f70e1801350b
09111c02f1f6060808f6fc18fe1bffea08f30d0708fb1203f1ff0507da10f50a
f40cd41ecd2b0d00ef0914ed0af0f3fef8f2130e1be8f2fbfd0719031bf50b03
0c1a0b0415211fd7f907f6fd0a1bebf60bfd06eff9fb060dfb0b0f00fc19eff4
ff08eef303edfbd800f40bf0050b04f7d7f7cd0df425130a01ef0512f6071a03
ed03f7000a150304f107fa1704fe1af51804f5ecc9d7040706f625ef110602fc
fcede2fcfc2910f80cf5f5f0120a0c001504e211f123fbfdfd0ffeda2e19ef30
f511fdfdf4f8f406091513f7f3fcf4f606fb2ff2eef7dbf0fd23e2f6130ed435
e3dff2140a16d432f9df2134022be719fd03f1f1322cefebfef706f7070505cb
eeffdef0efe6e314fb00fcd8caf8f91d010e2b06f4f5f50a05e7faef0701f913
0c0bf8f312f7f6ddfaebf80b18fafe2101f4ecfa0e070411020927ff0ffdfeff
0400fe1101f9f71304f3d9fe1ce1e7e70417080807f3f8faf9e5ef0ffd08f402
2222ff16002eca0afeca4ef81303c8d51109181cfcfc100d01f7050f0204e204
0109fffdeafdff1507050b0bf620fbff0a0af5fe0f03db13070601f2dae01114
effb18f2edf9ffe6ede103e4f70ee10a1203190cf90e0c0603f20ef211ff14fb
fef9f60103ff0c06fd0305f21029e5dff600050605010df007f90a1bf207f5f2
012512161b02fb0f080304fd05fff70a0c2a061a04f8e80c0ffc12e921fe0702
0c25ed1304f4fd030cdc230c1af32008ea0613f928181603fc01fef40e17e6ee
05e815fd100eebe203ff0df5f7effc18f8edebf9dfedf0eefc0306f4140c0cf5
0506d7edeb06db1dfe0ffcfcf1e2ee06d20d101fee0128050406f8f1fbfd19fc
ec02060bde11f1eef7fe290f03fbf50a13ede80dddf70911fdc90d01030f27fb
0f05fb1eec09e4fa000cfaf2f2f5f2f50dfe1f001ef1f0f5060d170014010508
140601e6f312eef1f5e017f514fc14f4d91c0cf2e203fa0ef9f42202bd1cd823
01fe110914f6fc0efe05f3fef51008280204fc07ef1ba20ffcf6fd0c2103120c
24d027dcfe14fb11fa06f31016cbff07de05ed1708fafcfc06ff2a12e4faf90b
00e1f9301af82efc030515e808ff1d0af7140f043b07fb1400fb22f70002f206
0ae6ee0e24030022ff0522f6ff1b0411152013f8fc15fd0304e1122302ff0004
e006d4e5efe0d7f90b07f6d4d9e9082d07e2000d040521f10206f00f15eff0e8
24d9ec29fb19f9eff7f607dde9e90e052affa0c5fd10d3effc320ce5ec11c624
ed080ef4e7070719f7ff20021202e3efce20e7fdefe7cef006030c0b3609f9f5
f81b12010a07f704fcff0b19d90b03fcfa0415e8110edef7f4fb0209c8f0f422
08040a14e9fd06090721e5f52807da0a0ce0091ef0eb0f1ff8feef001f14fe02
0904f70406f3f503022ae7050900e71ffdf4ff020114110ff2fb041806f7eee4
fd15ee2121fa08ff13e00523e2e5efe4e1effa0a2214f01406e41007f3ff1015
f2fbf82310230ffe001cee291ff119f7f0f9edfee8f708f803102d1a011cf211
fef5fedf040b3beffbe40a221cee18f6e409e4fef823010109fafe05e513250d
2516e700ed1bf8100c19f3ef15140c0201ecfe01e604f60efcf6ed1cee0f0e0a
04f3fbf9151f240cfff7fa03040ff410f50400e6f9ffdcda0911edfb14f3eb08
e4f4c31307fd012206fc2f261bffdb3beced0e1afef3f81001110bd0edfdeaf8
14e4eafa02131507fe09f8fced17f508fe0408f9fcf8f70106ee070dfefd08e9
02010906ec10190703f3d6ea151107222516fe08f6f3fa15f614f71305fdf222
04eeefe214070710fde9f120f6f0eaf1000c1008f8141314ff0debec0de4ec2c
010a08f60b0e0afc01e9fe0211fefff40a01f5fc040208df1b1001fef0ec0901
00f0f8f8ed16e9f9f50d1f0afd0b01250d070bf0f9190809ed1f0712f6060103
09eb162e00fe20f70424f8f4061c080ee6331826faf21307fdfaeb0c00eedcfd
060bfd070af224edfa1f08f8f204e7f4d91309ddf80f121f020b1eed01fc1bef
1e03e9f5e00c0ffef7070300070e01fa1df0ce0f2f090309ffe6ed2a0bfcfbff
10ea0affe5eef9e7fcff010cf108f5070bf5211af91a030404fedd0c1506f2fe
12fcecdf1a07e4e3e615fd190c181deed30afd112814e8180dfd0c012709fafa
fbfb05100912100c08cc0eff04edfb040908e905091cf30bf908feeb0a00f2f9
01e6f6dbe10f2a16fe0009e10bff07070b110500fcd9fe07080aeef804fbfe18
e304d001fa16ed1404e10b04e61108030b02f8e9e1f80716f800050cef1aeafe
f506050e2c010e1206fff6000b11f5e4edf214cf311d01e608f24c1dda0d1e11
14f3070e18faee01f8080b0109e9edff3cdfe00cecfa2bf40ce3db19da07ec01
d5edf107fb0720f0040ae403150a070c060115fefe16fce3f4030f01e3f3fa0e
f4f116fff1f1f1030b04fbf6051d16070a1d08fb1108fce8ff04d40f0c150b0d
0cf7f516dd06eadc09ff07e6f4190c110d0b0fe116eaf8f5001a0ef806f7170f
0df4f811de130e0c0c14ede70a07ea1dececf2f40cf510f308f4f8081900f6ec
e8f70d0e30fef3130ae4fafffc03f4efdd04140cf7ec0afbf51dfe01f115edf7
0ce60ce4ee02ea1808fae4f6fc090d0de2010e1608f50de90b08daf702fdf0fa
dbf20ffbf90c0df302f9f600e4ed0de1f81512eae108f1f41215f8ee1508e8f1
dc1c280a2ce630ed0121f9fefef41afbff03c9090e00f70c0af611eaf0f209fb
21fae9f8ec031c1015f80c0c18fdf81ff7f6f3fffc10061bff2215111015fbf3
f629181cecfee4fbf7f11700110fe703f90bfdfd0af5f3eb02ed2e010c03f8f3
f8091504f60006ebf4e8fd05f709f5ef01f6f8d8d201f2f20403f8f9f7e20306
0615d51cd721fdfe0a2ffafc16080405f81b1a1a210b0feff9e5f2031302021d
f7f3f6f5041222330804f60f010902150003e2efef15050cf2ede7ec050af303
010f1df00c0df3f9f7fff705fa0e0c010716f3fc0c0019fdfce6f6f0fc0e04ee
0a0dfafef5fa34f0120509012105e61905ecff001208f503f709f3fefc190b0e
070aedff030e0307070001fb1a08fde607ff1aecebff040dfcf9ed26f0fff702
f30107ecfe0d0e0412021f070e0402f9e0e704201d10f701110efb2cf211f400
f4e8e504fc11f403ffe4d7071fc3edfbf6eff6ea00e600fef6e6fb02ecef0509
0200fe0304f7efffe502f206f803ee09f0f6f9140ef4dbecef1705e3ccff00f6
f7ef0cfdeff50118fc1521e3fc090efd0efb1b08e9202218fbcff22cd31af709
0bfe0a0ed71ce5fbfefeebf511f40617130f0415fb141007001dfff80df60122
f901000a1107e3e60df7e9160a05f7f2071509f816f4e1ff16fee50cfd0b08e8
f6f20cf5f9fbf22c10ed12f7da28f111f4ed0bf1d1251120000729f215e015fe
fd1008e60cee24e50c16fed6f4eb21ef03131415fdfbd2fffcf8ecfa0010f10a
0af1f81f0f24c1f810dcf2def42407051c13ea02f8100506100702010feff5f2
fe0affea1cfff8f3fa0f0204fcf90e110fe8e8eb00f40afb0109ffedf4160701
f7ec05fdfd150514fdf706e1e5f5f500f5030bffd3e5e70a09efe3f532fb1b06
f017e5e60030121bff19070209ec05022003fc0c17f50804faeef6f50ffbfef2
f6b7c824d6fa19fc03ec06fb17f401fbee0bfdf5d8180de5ffe40b0fe4fb08ff
05f10511272af01e10e7f9f016090f0910d7e2fe1315f50e0df4ece50cfc0bec
ea08f81621e9f3000b06f0081ef80e2f1f15c5f820fcf6fc152b26e911f0fcf2
e10011f4f5f500ff06e80df10510f21afef117fb05f000f512e204f408f5100f
fafdfbfdfa060e0309f109f51001ebfee9fbe30b12d0e70904deff0e0f14ff06
f7f02308e8fff10f0f01eef90af917ffdeeeebf3f6ffe818fb16ea17fd08feed
0c141b02f6172622180fcc0efb0ceb05e108f90a000b081014f805e4f00f0bfc
161a06ecf902f20de9e31f0c05fd120d171af509f808dde6fb2a0ffbe9e5f1e9
f016f112df23fe16f2f30ceb0406ef0dfe0af704fffef6ef0ed60106fde8f7ee
eb0aeaf505130904ec04e6fb160d10160c032504fff306f508f8f60707d9f205
06fe13e1edfe0301f8f9f8ffe407041110f4fce7f8ea10e3fa0aee03eef9010f
e300191eeff30e17fdf3f2fe0b02fe000af505eef701ef02fe000b12eacef8fa
03eaed1df72df514ec02f204fcff1dfa01f42d1108e7fafdf817fbfaffebf8f4
1413ea01fcf3fd0df20dea01f401e4ea12f91efbf7fafff10b06f711f1d8fcf1
ece6eaed171309f6eee9030106d91b1902f3020508ff2017ec0e0605f90dfff9
2414000e09dcfbfcfdf60703fefd0cfdf803f716f1fafcebeff809fae50219f5
f4ecf0021915ee0907eb09010203f20b0306fe18d6011de716fcfdfeffff0b06
f401ea0709f7f4fe0f09e6fadbe0f8020000021204e1e1fd04f014fa1cff10f4
17f01f07f1f9ff06f1f912101519eddfec301e0725e610250af3fadce70fdfe0
e6f70708f1fdf20602eb0114eb0c1114000506010d12fd13f705f5cf1ef0e50b
05070d120beeefe5f50cf313eaf0e9f6f5f705ee1a0bfd020501fe0de01b1312
0ddd060ddf25f3ff17041209140ed51cef0df605e6100e14f70b09fd10ec0401
0fed02130909f6fcf1f810ed030b1009fe0410fd32f5fb0a041afee810061504
fd1400fc1bff1604ff0010fd08ed13ff10fe0e19effff8f012ed081616f70d03
0cf20a10ee2201240216fbf3170aede6effd1509e5e0012bfee804e0e913ea05
11f71be3f8f00012fc0120f8fbfc10e60b16f1fb030fdc0cf0080323001aeed7
0e00ea07e90103fb0a070cf427f4e8ed0313d8080efef3f80023f130f4211704
0cf1ee0a15edf9e10ffcfc11f10eeef217f60304f7def70e041d07f7f705060a
0de60bf5150ce400fcf807f8f9eeeddaf711d41d02fe070d07e2fc13f7fef2fd
f7150525ef2aed02fd0cfbf6190f07f91506fcfaf8e30ee90307e90022fe08e9
edae1a281303bafc00070cf217202310ee1118fe012120d0fff80b251509f216
02ff11ff25e20bf6fd050c08fe08031f242b1b1904d4600e02f213f90818040e
10ffeaf318e41df8010b121905f1eb12f301e8ef1207fe02fd04fa110af40d04
03fef308e9f8ea05fbf9290efd021ee9f00516e7ffe7fc021211fcf61a0afb1a
0cd7f40a02e6ebeb083a01021209f516ff06021dfafa04f700f9180410000df9
1d0a14ebdff10bfb00ea110cf70df5fa12f6021210f2ed0d010c150af9e5ea07
0ded0dfaf01112f50025fcf11400150714f40a01080314ef0427f5eff2ebf21c
f3f2fce70afdf8f6f0eef10ff104fef9fde2ea04251009e310eb100b11f8e80d
efe9e1fef10212e5090207ec08f60ff3dbfdf11af00d050efef6171306f4df1c
0404f0000ef3ff05e40af6ecfdf5d401fb05f50f0600effb06eb0aecf81100ed
0915fe12e922ebe4feeb0cf8d224f216fafdf6f91cf312090c00fadaef1f0e07
1f06e7131c0321ddfc06ee01d905ebe0ff29eaf0f9fb0bd510f3cf03eee2fa18
0df400000f002a0afa26e706fb14fd07fa08f70c0b13ff15f00500f1f107dfef
0df30d571802f528fbf802f60a0cf9ec022205f6f1e5eae502ff04ef1e1105d6
0afafa0a2007eafbf60217faf70b030f0108f4edff03030de403f6e008efeb0d
fdfee7da1bff05f1fc101a10f21805fef708fd08fc1d0d0306fcf2e9f80802f2
0e000325fe03df180f11fa06fb09ede8f60ff820e217f7e5fb0a06040d0f0015
033de40efbfcef04f7e80cf618f2210afcfb17fb01eee2fb0a130005f7e7fdf8
eddcf9fbf7001016011df924e0ec02fe07fcd9fa120218ee0110fb051116e8e4
01f4f01202fcf6f6f909def82319fe06fb041a1ef6f5dcfcfdf6e206fc03f2ee
0cfe0015e2fbf216fc2501f70bfb0a0902f7df020fec1c07071606f4fbf80b09
080302f1140431fef909f202ecfd140a09e2f9f7fefa0a190cff03e3de020fed
ebf80c04f9fff6040903e60916130e00f51106f9041cfb01f9ecfbfeffee0508
1104db152df1cbf70afd1de105080aebf8f6f00109f5f00b0227120c06f1fae9
0006f81208ed0fe308e816eb00e606f0340f0cf51d0e1bfa00110912230716e2
f3fdf8f9f7daf609fcfc1bfaf7d112f3f421181db6f40e1ffb08150303f611fe
00e0181ed8fa0ef1fef7e7fae3fe100dfc281e00fcf92b02f007ecf5e0f603f3
f30e0cf413fc0506111e0804e903ffedf71132010d010b031bfbe7ff17040521
01fc11fdd912eff7030ff2f2edf0dfef17ff05fc15fe06f3f30ffc1ef7000005
f335f7070f2714bf00f2e612b81fec11f8181621fc0710d1f207080adfef00e9
eeefee000107f1f207fc040f08f7fe0cf7fdebe819ea240ef80107fefa0cf0fc
01161303f9f2f2ee0d050b0fed090c022716e7150efd0ceaed0706f609ece514
e0fb0505181afb0006360501f0050feb0de8f10ffd01032df6fdfff9fc08f217
20f1180c0912fa0ffcfa00100cfd0ffeede104180bf702f002da16f601ffee13
05201cfd1603fa01ff0cfb21f8120601f4f40b1e07eef1f1f5060d09fe081a05
02fbf6110b030b0ff5fffbffef09f204f2f9d314e3fa151407f0ebe4e11731ec
fa0202f7e10e010a081504ef17f603f41ae217fb11160c03fcf8fcf90301fdf6
ed060d031f00f01008dc1ff4f30febe4f3021216dffaf510f61f04fcf90c0007
0711ec0cfcdc0af21a22fbe2ded705f60716f4ffed15fcd01bf10b0e0a050013
fff0fdf3230ae607e914fc0cfdf3ecfe02df11fe082103f90803f8ff0cf7fbfa
0bf60a0b080507010110fa0c09e60d0d1512ff10e8d624f40fe711001011f302
0104f0edf510edff02dd17fb14ef0415fdff07faf6eb01f8f1011b0821f220f4
1beefdf7000feefc1af4f1fe25201102ffe9d4fa03f928ff05fa1214f70908ff
0a0100f3151023f10d16051018fefd00fbea0efa0df7e110f80c12fc092212fd
f6ff0c02fa0f20060608f61303e6eee400ebeae7defe0104eff601180ce9cc07
e8f5eeec0cfb27f817e01ce90af1ff03ffe9001015dde2fefc3913ea0702f6e1
dc0c0cea0d00fdfe06f8f7fefe0efcff02e3d1090d14051506160a17f9c3ff15
0b00ec08fcebfde313020509e5d80dff01fc08ea1eff010bfd2202f001fc0403
ed0cf80319ecfa060904ecf30f0dfdf31007150de30cf203fe0009f6041fe6f8
010712061d0ce7140711fbfafbec0b03fd040812ebf90105f6fdf1f40afe1405
22f5e3081819d80bf9e80e08f3fa0a0013f311eb24fa080bf5fc11020bf7fd08
fc16f60dd5da06f6fff1cf18e9101dd7f8f0171bf6fa130d060cfdecfbfd050e
0104fdf1fae5fc0602f4e90700140b01ef01fcfae8fa15ff0712e1ee15e805e9
0805f81df404f5f30beffa07e905fc14ebfe15fac6fc1c5af1271c39c8f9d7f6
0efa05f8fe26f522ffe50b170ff80115000709e305e10201e9ff0507f513dbec
ebe410f3f8fe16fd07eefff5ea05f5cdfd0610010fe62108e80a25f50c0a010f
f604f914d5ee2010f90bfd130313fbfe17f303f9fbecf1fdfcfdf802f6f8f70d
f21f0dfce911f316eee5f404fef712fa0b0004ef18fb07f20efdf0050a1610f2
e81cf707fcf2121afffcff070118fde6f51c1c1226fc0df11e0a0e0af5f2fb02
f3f4f205f70b05090d0f27ff0bdd2206f90e08eaf61f07dd111900f53615050d
083d01e20814fe1304ba2b021cd1250cf4f913f0fe060aff07fcfff31505e60c
cbf9f8f5f7da09f2f8eb002517f822f3f00ee111dc1afe08f9eafd000f060f03
de1702ddf20af901fefff0ba2013110c11d8faefed15380e00f902f60f1d0605
02120306f10f080805f707020111fde705d52c0c19030b1bf9090ff9f9e6fbf2
171903e2eff20bfb0800ebfd0cfe09fbec0adaf2fd01d9f90b0ce4ed00000b08
0dfc08051917e9e6081b15df10f505e504fbf709f6fe0c1ffa24f02bf2261ee0
20f121e00bd50095fc81dac80904f813fe02eff90900e9130c1903080000db14
f8fbfc0f38ed1103f00c1b0cf416f401facf12ffef2c4b2b03030df2ffe92dcf
0703f20809dce8140bf6fe160917fd13f709081306d12b02f4d60123e500102c
09f309e0e4f6f5f2f704eff30d04f80e07f70204d9fc0204f8fc13ec1904f1e4
f3e8f611d309f807f803fe0f11060c0001f70b0f1f0f101204180f040f220b07
0d00f2db07e8fe0102f5dc1622faf5fcfcfd0aff06eafaed010500e613f10f10
f3031de9d506ed05fcfc0624e80cf908141514191303fbff0a1be318faf8f7ef
03f110fffe03060beb0fe20711eae1fb030300f503edef140404faf6fe12e7f7
0f1afe1504faeefd02f8e7e8fdfe1df8ff1114f7fa07edeef70d01fb1515e2f9
fdfdf9f8fdf320eb000012ef34f808f81612d712ed0c05f8fdda050806121202
08f9eceffa17eadcfed706f603fcf6e208d705f804f626ffff031aee032ddae5
f9f8f1080909f80a0a0afa0edaf90805e009fd0befed050bf4fc13fdeae8f1f9
f10103ee250e0d01f90207f3fff1f91015e6050b0fd71c07fd0de2f90c1ffa0a
0c08ebed05070a2ffbffeb080ffff9fbe0effdf83bf6f9edff0f160ff1f33433
fe0eec02fceceffd0b07f0ffffff141d11fceffade0c070d031002f703e8fefc
12dd0812e3fef6e8000ef21bfbea00f2d4220b222fec25f6fcddf90a25e90709
10ef050312f4f80be6f90cfb0df8d1f6110114ebfc1a01fcf501fdf6ef1ee903
00e106e222f62d13f9ede8ebee0100ebfbdc0308f4070b0110f2fb0bf3dee8ec
fd1c051f07f2fa1ce6e5d6dbfcff1502f00f0cf1f6f0edfb00e308e7fef6f418
f6fa0900e41b2210f2031afdf402faf7f6e2efe0f6f3ebdaf21abbbd002afc11
04ed1c03f302fdfd00f7e618ef06fafc0cef2b1104fdfee8f416f5fb11fbfa07
f6f60e10fa0e0c03fdfa03ed010c0af5041309101f1518cd060cff11e2fbfb02
f7dedc16041e19f70b0411f5fd14070d0a15f6051f220c0efd09061100020d14
f814fb01db0905e30b10fce4f9de19fef904fd05f8ed0f170116fc11dbfc05fc
170df9cf0e20ffdd090f27fffbfa03fbf9dc00051803ea090007050702f9f409
070117f6e715170cf301e300dffaf3dd1cecf91ff8eb15e61703f31efcfaede9
f304ed0adc15faef0cfb1cf9eef710031de4f3f4220b05f807051afb0cec071b
07061008fdfd0cf5fd0f0813f1190700ecf3da12eb0108f8fdf7d7f3f60af717
ffef2bececea1bfefe1a0be60803f003fff407f61500f610fc08f3ed03fb0406
0f04fd04d7effd0ef71ceafe06f6fcf3ecf20012f40ce4fc0aee070cf8e60cfb
16efedeee701f6ef0ed8180c0016eff213f70d1a05ff1cf8fffb0206fafae9f8
061f231212f6ecf41405100c08ea0d0df3f7e8f0f6fdf4dd02fb1316e51b0f00
050406e30de0f805f50ce71609e4080a2011ff2a370a0a24f734d4071cb4fe04
ec120d03f700fbfc0910180a140d04020416f70306fe0ef902f0f719f8f2ff0a
e0050cf614d3fd02f3f4f6dd0c2707cf0308d60911f2e70504fd1005feff09fd
ebee0a2ff6faf50106d007e5fff812f824d70043d2f9101cecfe1d1ef60114f6
12031904f8fbfa0714f8e5d7fc10130d00d907ec000901fdfcea1ee8f000f3fd
08ea09f5d31409f5f9fbe60f21ea07df0322c63ece2af32defff342030f6fff6
09f804e511ed00ff0c1bfb030c0412f4fbeff915ec0af9ec0817e6ec1e0a0e11
0f06e92ff9f7dd0ffdf602f01312f119ee04f816170a0d0af3f218f100010e00
0b02f5f80f06032b05ff0b0708fc0612dbf9ffecd1f934efe902062d2404f807
0207f2f4e1dc0710eff117f2f903f407f9ef000a06e7f119f4031e2b09060609
00d804faf20e03fef40aeb07e60c05f4160315f0f1f9f9f3faf00dfa0c16ec0c
ebf3ebf4260a01f4061e02e601e5dff50feade02be2806eefdfc00210cdf03ea
e63301f4e708e502fbc220ea01d51c03fa02fd140215dce6d40aeaf312eeffc6
01f1180dfc14000d03e5f9ebf1f9292215ef060709e8dcfdf0181debfef9f713
efe1e6ed18f214040af114f3d5e402de12fcee03f01104e102f10222fa02ef07
f014ee20fdf8fd0400fe0df2ee1afff800f607f7ebf9f717ff0606f7031109f2
08fd00f2f411f716ed2008fae70ef60afaf5e91401fd08150413f0f105fffbdb
dcf2edeff010fe1300f91b0c0305fcf3150b03f712f9fa16030efaf7fa0220eb
2b25f21ed90108cd0bfce429e326ede0f2daf9f8f3cbfefafb090cf416e50a18
05ff1bff0beeebdbf9fefdff191f060702fbf10ef41dff0afef6f40bc4fbf302
0816f10de6fd0ef708f6dc0904f806070707021215fd1af6f2f0ed0ef3fbfc07
0e180101fb050a050d04ea2dfddf170a01fe0ae3ebf5080dfbfd0df90331f6fe
09021023effee8f5f2f9f2e6de0a23e5f0dedffde2181c0c08a925eaf6d81cd5
2b041217fcfaf1fce6e40dfd0605ea04f80cedf9efeeddf203000a1eeef9e8ec
d90dfe0ce0f3f105000326031a19ee09100418f3e00603150bf005f00cfc1ce8
0a0e000622da3205f6f208f012f505161815ff1109d70c0010011702eef7041e
f417e310d80704f80a262ceff718fd032af503040604f0f40a0911fa12fd010f
f6ed040313f5f0dd03f4e3fc0608f9fff11605fd06fbfbef011810130e0a2bee
1af00716f8fd09fbeaee191e01f911f72922033a160e1ef2facd2f2b23f303fe
032b01fef22f02fdf403f9e901000c0923f8e5f1f1f3d611f402fc08f2ec0514
280002f6f60d0a03030a110ef01b2707e1e407230bfbed0bfb2207cdf8f31e19
09efeb062409020bef28f10724f500ceee01db0a17ff1802f9d2e4d8141ce710
21f40c06f1f20003fa0105020d150809fd18fdf10a01d0ff0613dff4fc050d17
fafa0029eafef7fc03ff0bd7030a0bf9f0030cd9f0030a1116f6220708eae400
f1d1efeedc1406f6f027f2f312110b060c02f6fe0afc05ecf9271c0bfee808fa
0a04e7ef05f103e50604190cfb210b11fe26eaf8fde504061a1903e9ebf40811
fb19f9042f1607e0eef018feeef3e1d912f318f01418f8f3ffead720fa16eaea
091a061be50cdf03f121e4e43017fdf7ff0df8f81d02fb06d215f7f0fbfde3d5
f80bf40408f40ef803f8e60efaf01efcf10a0a0106f91dfbfc10ffef0002e717
0dfafa040c051eea0d04f6f8fcd0fb0012fcfbff1aea130208ede3110d02f009
f9000c00e8fa0a0c0c17fe1805f2fb03e6f1db11eb10020e1df1f3e6e61505df
fe18f40c16faf51101fefd0a09e0170c0c160816fd0c28030ff5f9fb05fb060d
14322712f6e0e4ffff061e102dfe23edfb01fc0500f7e2e5f70e01fbfa070300
0d1704ea2002fcf90cf308fdf9f3f31e2211ef0703fafd0e0412f7efe9ff0809
f704e9231ff00808141fe5f6f31503f81af4f10f08fff419f1e90603f2fe0b01
fcecf93101db13fc1802fd0e0ae5040df80808090aeff4f609fff8fdf71319df
13fa0e220318dfecf6f9ff07250e1df413e2ee12ed07e6f5f9faf338091e00f7
fef8e9f209fc051b130d0ffbf51c11eceff8d70ae7e4081201fa00052003fc0f
18010e0b2a01030508ebece5fa17ff23fc0413f8e304f32a061f0ccbfbec19fb
ec00040f1814070afcec02fc150fef240feffffce404ebf5f806e616f501ffeb
12fa02fb1b1410d80b1f0ef70b00fcf2e70af6cc33d9f914ff0203d90f121204
0c0304f8fefbf314f72a09e6fb13f01301f4e5ecf511ed25fafafff6f5fe0a04
ffe1ee1afb1703e90df2fa0710ee0d0de41bf7fdecfd0ff317022efe19150113
f2fbfb04f30b24f3f6fffb0efa130c02e31603fd150803ec09fd040fd6d301fd
031bf50afff2e8240afee202110b040a05fef209f70a010102e813f5f8f3f91b
eefaed09e2221d03f80a0d28edebfd1325fd00f7f4041f11fef9ea09e5ecfa02
040fd00fb5fce90113ffed2006f70408fd10faf706f421e2042d08101910e8f2
1afbfdeffaf7fb04fbf5241feff9e1f70108eef0e303032600fbf5d214f5e510
f2f426eefece0f390ef224f6edf0ede6e20a0d01f80917f70cfbea0d18fc01f5
0be1e5dff3f1f9f8f113fde7ffd7131b1c050a12fd17f5e6ff01fdec051e10f1
1408fe0b29f513fefaf6edf102fff801e60ef0f611fdfdef08e200e3ee020e02
00f20717e9f003080214fe0c010c0911fc050efc0e0205fbfaeef6ee1e07edf8
f5150613faf8f50d0500161af81201fdf6fefaf4e1fb021210ebec05f9000cf5
1b130d080018f3eb0305fafe0be60412e8fa1410e0e6def10b3ad3120df40132
fa15ebf2dd21f3f80efc020810fb0d070009f708ff06f80bff1712f90f1719e2
f3f907e204fcf501f2ff0d1cf5f1f6f30bede9121236e90c10f40bfdf019091a
d4fa0718d8ffdde10d0f02c9e709070dfe0a13fce90bedfb0e1b0cf20d12f2d7
03f6d6eddaecea1109e60809f407e51a0df4fd13d0f5000203e719eef3ed06f6
0703d7f0e2f0efe4f4e908fcf60a03fc1d06e3e416faf1cf0707f2e5f929ef15
ee14000ff41cf20a091fff11fbe6fffbf6fefc03f6ebcb020810f7280e0e12de
0f340eebf102e215f5ee10f103dd0a1bf7de1ef3f51a2a0805f208e505cd10e8
fbf704f10612e7e9fb111613f911e60006e61800f5f8ef1cfcf6e1fd140904e5
2910fb14ea06fd13fe01faf3002d160319e8fd0e2d02f103040bfff2eafcdc00
c903e515cc131e1100ff0d240de5e80a0ef3fb09f5020b12150ef3030d11f910
f4f7fbfbebe30dfffafbf22ffc131edc969bfe585bf5de23fd28dd21ec20e7e3
f80d230ff1f6f6e7f1080801f802220f09ede4fde825f218010efe341428eed7
0104f911edefff23f905fbf20dfbf90012ef00f5f10303f907ffe6fffb0eed05
08f9df1325f6f8feecfa15eff639171feff3ecdf10061316fb00120d0f210d0a
02e60901fd0609f4fa03ff0b0a08fbfb0ceefc140aec11fd0511e810e710fd04
e4ff11f8fdf407f8f908f4f9f5040d20ee05eff9f8f7db040de6041e0f01ea1f
0c06fbf2f5e8fbe8070a1f09fb030c0add1f09142303f1f1faef28eece090fef
03fcd7081ae2dc00100bfb0209efe30806f20308fafce6050214f401f9effef1
d8e5f4010408fcf804f70505ef0b0a210feff8fff00d10fef8ea00060326fa13
f201f8f2e30803e304e6ffed22eaefefeb11f40c0bedf80ff9f1ed0ffa0011f6
e70402e5d002020408053a06bfdb19fefa00f60c00f802f700f1eddbf1f303dc
fd2e130de101f801111a28f0e9fdf705d8f2fcfb07e2fbfe14fcf408f009f2f4
e9ef01010703ea03f400e9f803e60fecf9ddef03eefce2f3ee0a24e0e805eeee
0a071bf4fdf7fcf710f70509f8fef6020204fcf0ef19040f06f510f8051410d6
1000ed0010e9fd000119e9e90df10ef6fd03ff021909f704da01f2f4fbfaf219
