07110b07fd12f4fb
e9120313e61901cd
0b060a030b03e801
fb05d9e60e11090d
f7f6edf0f40aebec
0109e6eb06fc1301
fefefb0efbe8190b
f61720f91aeff9fa
f012e905f0f40d10
08f7f1fa07f60103
fdff12ce0df9e1f5
000123f4110bf7f7
05070c09e40809f9
09f209fc13eefd16
ef130c070309f5e8
0a05e7120007070b
f017f4f9ea1a12df
0bf70e001be6effe
f2f9110704fb09f3
04fa06ee08e80118
1306f409f4f9f1ff
f8080b070ef9ff09
e8160101f5f819ea
ff0f0ef2f020dce5
fef300f20802fff0
0efa0ffb180fd123
f20b04ffeffdfb11
071a12180b09f1ff
10f506070b15f80f
f3eb1ae4f00106fe
f70e1eec100501eb
1407030c0ff9ee10
15cc291bf123e5fa
fb1fe403f6f8fbfc
f4fdfe090af91104
050a050eeb10fbf3
0f0bfaf515f7fd11
e8e71df512ef2cd8
f4ece8d81c042216
fd030bfa15f6fd05
f8e8ff10cf2601ed
0405ff0bea05f1f8
fcfe15081606f302
fe06e8d3e6e61216
ef0cf0effafd08fa
feedf408e8fb0c03
d513fcf2f71a0fe3
f6fdf7f7eee7fafc
ec0ef00c12e91001
02f5080714f1faec
cb1e08fc132a21e3
01070226eaf210ef
f3050101eb0e0af7
fd0000f224ea0e18
00ec11dd160bf3fe
01f4f4f1f5fdf511
fcef060ed4fcfdf5
f3e7feec09f30409
fef2f417fcf90a05
ef06f71df7f10efb
0d0befeffe02f400
16f5fd06fbf2f003
02f505130708f9ff
f5fff910ef0f05ef
f5f3f1fafd0cf800
f7140ffb16fafbf3
0008020403f10cfa
0cf6ff00060ffa09
f4f5f8fc0003100c
0f07f008fff60009
f90409f301050f01
feff071201f01303
f8fefcf703040ef4
05090201fb0fff09
02f1f8ff0006f802
faf001f70400fc04
f3f0f1f80af715ff
ff010415f30201f4
f209fa061a1506fe
0006fc05f9f10afd
f80b06fc1e1308f3
0efdf90cf90309ff
01070202f9fb0105
f503e5fefc0c0200
0c04ef0803e01420
05080b110bf3f800
f40f00fbfa06fffe
f6fce6f00ef31105
f0e2ff080cf3fb0e
46cf15160406812f
e705f10bf0f80def
11ec16f8f3fff01f
03fcf5eae9f00404
032ae520de1604f3
f5effdff2100fa17
f10e1c03e50dece3
fdf60bf0ff04f815
eff9f7f506fff4ef
ff06e10be5ff05f4
06f8ea03f0ecfd0e
0202fb1cff03f1f3
f00211f60eed0a03
0d0ee90f030010f8
0effecf41ae70014
200cef11d7ef001a
0507fbf9100b0b05
f71416ec05fcf2f1
f3040708fc08f8da
04f5f80907150d0d
09fb0110f4f90cfd
f0160e00fd0a0bf6
1afaf602f404e11a
00e314f31f02f5f3
fb09fbf21910fa10
ef0ef011ff0708f6
08051411130cf216
f001130ff915fdf6
e800000122f715ff
0f05f4fbf9ff07ff
f80e0012e41ffbeb
d90a070900f3f8ed
f20717f5010314f5
17ff00ee0af8e216
0ded0911fcf9f40e
10fc10fafff7ed09
02030026f117e7f3
10eeffd60f020113
f4000bfdf41d06ff
f30dfaf903fcf8fc
f6030af6100fe9f4
10f7fcfbf40df40f
fef8140f0d090307
080e051c07041205
01250d0ff3010d12
f4f609ea02040dfe
1b05fafcf3f1f40e
ee000af504ff0210
f411ff081904000b
0a0ef7f2001315e4
16f5f3fae9ff0beb
f01801f3fd0701f6
1cfeff0300170af3
11020d0107ebf70b
f2eb13f10903de07
060803f90cedf4f7
16f0ea04dffc0d06
f6eaf1f204f8f4ef
01fed8040a080ef7
08feff04f30dfc02
f00909f50d051202
fd13f9f513f3eef0
011024042b10ecda
ff0a0ff80812f7fb
1ae127150f2ee0f0
120ffdff060106f7
0808fdeaeaf30b08
02f4f1fef40f09fc
06f6fa1216ea00f6
fd0a0af1fff5fafc
15f9f7feea120502
e6b7480a0e24c3d4
072600ebfef4000a
d6fdfbec05fb050e
fa0cff0308fb000e
ef06ebe3f2f20305
e3f9ffea03edfede
fee8fe061b030df5
1c03f201eae9ffff
fbdb31f93dfbd2d2
e901fefdffff0c04
0801fcf8f8fc06f3
1b25d734edfc4328
f020dbfcfef40108
fbea021104050c0d
e01100fe03f6e2ff
09f3fb210cf4211a
06f6ebe2ffe3f41d
030cfbf5f8fa0602
d80eedda03f0e6f5
f00decede503f812
02000f0304080bfc
01f6e4050e0214ff
12f7ef0303fe00ea
fd03210f0903fefa
fee70803ff091100
09f1fe100d0b00e4
14ecff07feff060a
000f08f8f6f7fdfb
04040403050af401
0efff502fc17f8ff
faeefdfcee0bfa0f
faf909fb16f7e7fe
0aecf50c0a1106ec
1300e6fc011a01f6
110c02fbfafcf7fc
0bfb010ffc0d01fd
0215f80204fdfc08
d3100302fb09020a
f2fdfff20bfa07fd
e30001e708fbf51e
f10bfdf8fe0610fb
ee00f7010405020e
fdef160d0a1afdfe
f5e6f00a18000ee8
fcfbddfaf7fc0bfa
fb0505f5fa0600f2
e80010ebeeff0606
100816ff07f2f81c
0300edf306fdecfc
02eb0bfc0707fcf5
0312fdf2fcf9f403
0df8151f110af300
fe05e607f8041a1d
f8f503f0e1fef40a
f00f10fd050cfd0c
f3edf4f40ffefa06
06d010f8091b00f1
10e65c1ce834eef3
e903100402eefd03
ecf9fc0df41214f2
04f903070c0624fb
fb270709fef4f31f
fcfef3e9f3fdfc03
021510fb07ffe802
10f60f09f60b1003
040d0e0e03f5f7fb
e81bff100aeafc11
03030e1afdf11308
06f2ff05f80b070d
01e908f5ecf70409
00fbfff50dfdeb15
1908082adaf61b16
f5f70c02f910ff0b
fcfdf8e4efec0af9
0712f2fff0e9fae5
f2fb02f902e6dd03
fe0a02f0f8040a0b
03f80bf204e61006
f926fd0702f3f0f8
fc0301edf7060500
fee703eaf1000dee
1cf90ffd1aecdefc
ec0400e3f708faff
2108f4e401eeec00
fdf3fffff705eef9
fffd06ff0fe902ff
01040312050d01fb
eafc09f31cfee8f2
1415020c0fd707fb
f6fefffaeded15fc
2108f024fc180a04
eef8e600e8fe0000
f313fe0bf70514ef
01f103fc04f2f5fd
18fb0119fe0b1bf3
00fbfb18eefdf3f6
f515f1f504ec0a1b
04fbf1faf001ff07
fdfffef402f90e0d
13f7f200f30301ff
0a0ef6fc0006ff0a
f92f02eaeaf30c0b
0b060c00f1f0f801
fb00f3f91af812fd
240ffe1619ef0704
f01bfce9ef0bfb0a
f80bf5fcf106ff0a
feeb0420040d0f0e
ea1001fd010e0a05
eddf09f2090c0702
f2fd07faf311f901
f6ff06f20005eef3
fa0104080e060004
09f31d0d0c040b04
0910fef6fd100506
fffb07f602f604f1
03fb07ff0f01f805
fe180f05e7ff01ff
2d0804271cf402f8
e91fcddcea0d0f1d
07fe00faf901f5f9
f511091f0a1b2f1f
0af6051a0cf5f2f4
f3f2fff4e30bfd02
04ea080907080df5
0401f5eef407f2f6
05ff040105000bfb
02f1f70605f70a0b
fb44d3ecf43a3e41
e7020bf5fcf805f6
0a1408f402f2f50a
0015edf3fdfef508
0f160d0411fdfd01
0bddf408e60ae2ee
15f5f504fbf8f9ff
04f706fc14fe060b
2becd71105fefc0c
f40ef5f0f2060be7
f7f1fb020b06f8f6
04f8210604d5fff2
170f04010de6feef
f7f2feeffa02f3f3
1b08e9ddf2e6f50a
fe13180109f506fd
25f3131c14e7e6ed
f011080d030c08f5
d9fbd6d1cc00f3eb
ef0c02efebfff2f8
fefa080302f1fe00
010b08ee0cf7f2f8
e9f4fffce716fb05
f20002f60808080c
efe0f806fb0801fd
0cf60412fe13fef3
efed00f623e4f3ff
01fe0d0bf9fcf1fc
0217f301f80909ef
e7e808160e060016
fefcf80412f908fb
fef202f00801fd06
1507e90cfdf80a10
ecf2fff0eb11f8fd
e7f50b000005fbfc
13f2061115fb0911
fdf9fafde8fceaf9
f113f6eff701fff4
f503f9ee09fae80b
14ea0f09f7fe06ee
fb2d0107f0f4fd00
0afe1203f8020c09
1eea02120efe0513
fefcef1df9f8f0f7
1bf70c0e0ee5effc
f1001305fb050af3
f105edf5e502fc07
0af5050c0dfaf303
f616fa05e401f10b
f0e9010903000305
faff0405fe00fd04
0601ef09f904f300
0fe2362018eef1ed
0a0204f6fdfffef6
100cff1f00fe0101
f916ff01f6010804
09e8f2f918150bf7
b74811e2f132703f
031feee6ed0b10f0
eff60b0d090bf8f2
fcf6010809ffff15
081b0afe04ece5ef
03080b090401f9fa
0300f61f05130c0c
f4f505fb0301f9fe
f817fbf1eb160b0c
0d0003f4fdf6ea06
f0f2060c0d07f904
faf1ec080fee0af8
0af1fcff1bf10103
ff06f8ed0bf80010
df2121f909051108
f30406f5ff0beaf2
100ff5130bfd09ea
fffdf7fd0bfe0300
0cf9f502fe03fdfe
eafd07fff804fdf7
fe02100afbf90407
e81efff2e906170b
060006fe09fe06f8
03e5f7f5100a0806
1c07f7150a050611
19f8fc1609eff5ff
f0faeffffd21fcfc
fb07e811ed090501
fe0900eae7180f07
0bf50a0d120afdfc
1ce6ea14f4ff020b
f411faff0506fc16
050c000af9f1fd01
f6130cff040c0d13
fefefa08fd0a0e08
e3e700f403f406ff
0a1108f4020bf902
f2eb05050efd04ff
f6eaf6f1f807fcf8
00fae80d070eec13
fe09f4f426ebfc17
f8ea15f502fe0900
fbee0d030e03f208
fff707eeff040fff
01e90702f002f5f4
fffa15f904ed01f7
0afcdaf9fff1ef09
f8f0080ffef3fb06
0307fefc0801ea0e
d9e801f2f51308f4
0308f2fff7fe04fa
fa010a03f1fe0d04
0013f5ef02000cea
f10701ecf908f30a
050efff60efff807
fefc00eb0712050a
091bf504f6051def
0401fef60202fd24
1010e80906efee01
0a01f8f8f41100f6
f4f60dfaf604fdfa
01041b1223f2071c
ead819cd1f130325
120702ef0cf2fc11
05fefcfae40929f7
07fa0007f7fdf701
f50908fafb05fdeb
f6f7fe0303f804f6
f8fcfaf606fc0200
1005f9f5faf90003
02000306f20103f2
e5d402d5fc3e2926
f2eb03ebff04fbe0
04fb0a090002f6fe
08f8f0f5011c0a0e
0408f818fbece800
fcfb0f080908f610
0a010f000d010012
121fe501f9f900fd
000107e73901f229
f5f4f900f9f8f6fd
10fcfa0c01e60815
fb020019eae8fbe5
03060bfef9fbd9fa
ef0005ff060205f5
05fb05f23409ec25
0006ec180304fff1
0a07080802fefefb
f0fd06fafc040e10
e9ef12f81c05de0c
fcf8f101fbf4eff5
04fdec100bf6fa07
0af8000207f9ebf8
ebfdf90006fa0e01
ef01fd030f13fff5
0506f20901f3f0f8
0af2f107f50406f4
0e1de80700ede3f3
ee00090b0503f5ee
ebf906fc0c090d0b
0c0afd01eef708fe
000df5fafff5f6fb
01fc0c0805110904
0600ebff02060413
e612fd0500f9ff02
fb12fe07e8ecf8f5
0a1aedfa0afc080a
f70afd03031101eb
05faef0102fad9ff
0708f003f908e608
fbf80d110bfcf2fb
f3ea21f2f20f0afe
0e03fe01f7fe0cfa
09040601010a1510
02fc170507ff1f0f
1c0d061008eafe01
eaf9fd070401f702
e7040afb0df4fd0d
0613effb06ebf300
fbf80e0d06040f02
05fafef40106eff2
eef50ef7fd070feb
fb0503f0fc0dfe03
2524ee31ebf3f6df
06f8e2ff00fcf307
00f101090a071dfd
06fd0d1513020304
03f4dff311fafefc
f0dae3e2b40c35dc
edf71402f80ffafe
0afaf312f3eafaf5
140cfcfef801f8fc
fdf903000309f5fa
0614f8f701f5010a
f4f804f8f7040ffd
fbf6faf7fef2fb00
ebfc1f05ee290ff6
f6edf7e9000fe706
12f1f3fdfc070ce7
1311d9faeff1f903
0b0006f506fb0f08
1702f8ec0ff80208
0401e90ae3fff9df
03ffe703f1f609fe
0ffffd0bfb07f7ff
0505f503fff8fe02
fff702011105070c
f70705fdecf70ff3
f7eefff9000bfef5
fcfe0bfbfb11f0e9
f2edf9fff5180ef6
13fe05070904090c
fbec0dfa17261301
03100c15040e010d
fb0c05f8fd0707f7
f8fa0c08fdf71810
eaf423f3f016fffc
0101f9f7fcfd000a
f6ee0af10a15031b
fefa00021918faf2
09fe0807fb0b06fd
f4f20af5f90b17f6
05fe1bf9f607f8f8
020ffafbf6f5f7fe
f8fafcf5fd1d0f04
05fe0312faf50df3
f9060305fa08fe0d
ecfcf803f4f6f407
0b1310f8101e0f01
f3fc03f30ef705f7
07eb0efe0b030507
e7fcfcfa08f501f0
c908040f14e1f614
0403040e06fd04fa
f0ff04fdf8fff9ec
f7090a11f020f60e
d9eaf11515f00ee5
06f3f2060ff117f6
00fd00eefef7fbed
f8f80903f80b0005
1cef0becfa1207f4
0bfd01eee706fa0f
f902f7080d1000fe
19090ffef90d000c
2812fad1fc0fe5e9
03f8ff0a03f8fbf6
f50b10fc0e08fff2
0c0a010b07fb0705
fb00fafefc0c04f8
05f5fb1406140309
09ebd7f037010fd1
f4000003090004fd
05e0dafe01f912df
0e0b01e80a0a02fd
06fdef130ee70df3
1a0106f20bf50a01
fcf80402fafdfe03
f4f3050d0dff08fd
1bf8000feff1001a
b0bfd20305031fe6
f70bf9f3fa10feff
f405f2fd0800f404
f702f2fe07f8f909
f700fdf6ffedf1ec
19000c0c09170c21
02f0f32202f10003
f1ecfde6f006f7f7
160d0df7142915fd
fdeffffc01f3f8fd
0705fff3f0000d0e
0a1515e5e302da0d
f8fe0a0dfcfff20e
010606f404fc050b
1e080708040d131a
f00614e0e014faf8
ec1605ff050cf718
f2f608f9fefcf9f3
daf707030a1021fc
fa0a040603fff8f5
e7f2040707ff080a
fb0bf20102feed06
0000070802090805
02ff03eeef040b00
0a05fc06030a11fd
f5fffe0500f506f6
fa170bf1ee07f0ee
0b0707eef600f4ff
e003100b00fbfff7
1cfcef0af5e90cf4
fdfcf1fe0bf009f7
f71403fc050d0bff
f30906faff0cffff
04fd021c01f51cfe
050807ee0306eff2
fd00080af80308fb
fcfe130b0fe80b0e
f8ec012ff1ec1d01
fcfbfb0d06ee0af8
12090403ff02fc02
cdffeafe0efd05fd
04f4fc1403fc0a0c
10fdfe151201ff04
0308f905010a0a0b
ef200e13f508ee0a
11050bdc051ef0ee
f90401fa13fa08e4
09fd02010b02f70a
e2ff010c0313f1ff
04fa0400ed0711fe
fc0a00ee03fff2f6
1000fe01fe12f7f8
0813031fece6ee10
080200f611ffeddf
dbf30a0812ec0c06
f9f5ee2313e301f1
16faf5fefafd0d10
c9c0b2e8fcc4f0af
eaeefd190cf50b0e
15f3fafef2e7fbfd
f7fffb0904fef9f1
fd0b2102e3fae916
faf904e9f612fbf5
0a0407fff319fc06
0cf3fff100f711ff
ddfaf50910ec0301
f8041009fd0c0e05
0703fff0faffef12
0703ffeff00cf703
050a0410f9f6f202
f400ef0e07f706ff
e9f104e8ede0e1f8
fcfeeefeef06fb0a
ff030b00e7050204
01f2fbfdfa090afc
fa1016ef0412f40b
f5f8f50702edf6ef
0c01fbf5f202edf5
ddfd01fdf8e215f4
1800021c12fbf905
0406fcef0b0806f4
f4fffc05f6fa08fc
0e11101a05fefe08
0bf60bff0afa0c05
feffff09f6fa1008
f7fcfc01120512ff
fb0b070afc16fbf6
19010fe9ef210a0d
fcf8f7f503f806f7
f40ef704f80ef20d
fb03090e09fa08ef
e7f3f8fe1afb13ef
1207f808f5fffb09
05f1fdf607fa06f7
0bf6f402f5f3f2f5
0dfff9fe0cfe03fe
ff04fce911ebe703
05e80409f30afe13
fbfd0bf40a10090e
eefd080b03f6e1fd
050306f0fcfbee01
df08f7e6ff0dddf0
08f6fa01f311f7fb
0b0dfaf71202f6fa
0008f316f2eb01ec
f70203e3f113f6fa
fbfafa010105f903
f508ff11e6290d05
fcf9fbf010ec000c
020bfefc10e91904
fc0f0a0e00e4130b
09fc07f2f9f505fc
0d01fe0f08e30907
0e060c02fd0c0705
f9030e0903f9f5ff
f8110204e91409fd
fc1202e519031706
0606f7f801f0f400
0902060705f513fd
39ec3815de28dc30
fd030005f811f406
0a0c0af21a10f50e
01020001f11a12f9
fbfc09fbfd12f2f8
06ff071113081200
fbeffefa0bf2f202
fa06f606fefbfd00
fe09f5eb1df01b01
31ff32ef2ed7bb3b
0c060404f4fff407
fafbe9fbee03f003
f9fafd050bfdf607
fc09fb0bed10fbf1
faebfe1dfbfa0808
08e4effff4060109
080906f8ff0501fd
33e72a3cedee1225
02120701f0f6dbf8
0201fb0e16e70a05
f023e4fbeff7feda
040800fef4f9e5fd
fa040bfcf40104fe
08fbfc0000db0410
0c1e03fd15e510f6
dd0de924ec0b16eb
fa03fc1006ffe700
fefaf810f206e012
f70b020be30cf4ff
f3faf1031508ed00
0afdedf2fb050fef
f8f7f0050c05fdfe
0afa070310ebfbf6
fcf60111090b0cfc
030003f201fa0609
09060b12fcfb0902
feff090cfcfc0ced
fbf90bf802110109
00f10bed0b0a240e
fb001101f817f70c
ffeefb0a07fb09f1
12ea1208fc010518
e8eef2040a090d07
fe0e000d00091bf2
fffc020a19df1401
f80df1fa0bec0ef0
ec05eeec10eecf07
fff6fd05f203f808
0304080604fe01f3
f301f3fdf31fd200
0a12f3ec17f30a02
01f7f6020afb1300
01f4f20cfaec1801
f0f1ec01faf512e9
ed060511e908f2f3
fbe609ff0011f7fc
f609fb0201f60ef2
f50af9fef806ee0a
fe01f40200e501f2
0001fe03f809fdfc
0202040406fe070f
e804dbe504031cd7
f80d10f8e32005ff
08faf909fe02f10c
0af0ffebe8140000
0dfd02ea0ff50516
063108c22222a80d
f4fff2010706d8e9
04eefe0809171a04
0ffbf9f8fb0019fb
0007f405f2f6edf3
02000808fee5ff11
f6f7fc0c0ae30e06
00f5fa150708fd03
02f5f8e307fbfaf4
f5fc02ea0bf3f9fd
130efa030dfa080a
070d13f610f9200f
06ffff070209fd03
070814efed06f30c
de1aeae80b11dadc
f61bfffd0ee9f4f1
ee0bf90a07f4f801
fcf8f806fc0bfbfd
0303f718fde9e609
fcf6fdf40926f606
0903080efaf0f208
fc0800eff710f1f7
0f05fcf518f70bfb
10fe1f18f9f20906
1afa11080cea0104
f6ff0202f1170d00
f90303fafdfd0efe
02f4f50905fdfb05
f4ff030d0d0de4fa
040e09f303fffbfd
0f00151a14d21f0a
09f6f3f9e90212fd
f901f50c03fde8f8
f7fd0ffb0e050302
00fdf7fbf521f9fe
f80a01f117eefe0f
fbfd01f80c12f412
0902ffff04ef0e06
ecfdf511fc0af4fd
f9f00405f10404ff
e2f3010eec050303
14050b1205efedff
ed20f7f1ee10edf7
11040616fafff909
1d19190307fb06fc
11fa0af6040a0706
0004fa010308eff8
f50007f5fe13e3ef
f0ee02f1010bf002
f1f7091a0ef10e10
06ff040a08f40018
050702fa0002f0f0
0c13f11b18e6f6f3
f7ef07eb060a0c0b
f016eff3e504f702
ea07fd01f905f0f3
16fbef0626e9f218
e900fe02f7fd03fd
020cff050801f6fa
080f020e16eaf5fe
0b07f8020616fb02
f9fce8eee51703e3
dcd8d806f2f12220
f6ed0302f01004f3
fc0aec1b04d5f003
13f4ff0af20f0917
120004fe08f30212
001b080f09ecfbfe
e8f30904f1f508ea
f4ed0909fe03f404
090ce80318eb0412
d0e8ce1cffb40a13
140a02fafe00071c
f6e90cedfa100e04
ff1bf7f4f505ec00
070101f610010a0e
edeb02e9e30d1af5
06f6fc00f5150601
01f603f625ebfc1b
ddefd9fbe5f50f08
f60c0605f50af90d
f412fb0705fb09fb
19f637e22b1afff4
f70924f9e827f1eb
0e03fef5f610ebfa
eeeae2e6e02400ee
130d0bf3fd03f4fb
f7041afbf2230be5
fb030af81508f909
ffea07edd82608f3
011204e7fe0af801
05fe04f80d010003
05fffcfafcfef50b
000df01cf7f40dec
f917f812f4f0e7f1
040af7090cfbfc04
f2f0001404f619f9
10f8f2fa03fbfbfe
fc0d03e0ff061407
01e805f4efff0506
0b01011bffef07fd
020ffd0716f7fc09
f8fcfff4fc090308
ea02f80cf2f4f4eb
0707fa12f8f903e6
0af7fff90a0d0803
0cf7070306f6f3fa
f0f71efbf215eef2
fdf80c04f303e005
150b02f6eef9ecfa
f80713f2ef0c09ee
05fa00fbfb15eb0f
faf20aeff0f40500
fe10ec140ff805f5
f3fa04fff4f207f6
031210f3ecfefbe5
fb0805fffb06fa06
f607f0fdf01bdff6
02f9f2ebf9ff0a0e
f4fa0a05eefbfdf1
0801f6fc000602ff
01fc0d07060cffff
010df006edfae40a
19ef20f6210d1201
06f80a080104e3f5
ed08fcf1fb0ceeff
fdff03f1fe1414f2
f513fe0308f00105
1109c86736a1fe35
f8f100eff8090aff
0d00fd280bfffa04
0902fd0512020af8
0deb18edfa0a060c
faf60107fb060101
040106ff0af9f706
110cf40806fafe07
fee904fa12080f01
0b061401fc01faf1
0f01f50b1ce80d10
0819f807fb00f0fc
01f2fdf703fd1719
ebf9fcfa0411ef09
12072bfb0e000018
020506fd11f508fc
fde407ecfc0604f4
0802fb03f30a0305
e6e20deef00b1cfa
fe07fb0305fcfa03
140afdf90a09fc17
0af5f40402fe0306
0908001912fa0b01
f509f30910fdf8f1
0308f9030dedf118
06fcf800f604191e
f312fd0efef9eafa
f9f3f3f9f9fc0404
fb00fef0030a0d0a
00051303f6f2f309
f2edfa08ea09fee3
eef9fbf40318fefe
0efb0101040807fa
17faf21214fef511
fe0d0606ff06f2f4
fde9fef908fe180a
fcf3f1fcf0f3fd0d
1205ec010feb000f
f3f9f801fd020401
04050300010cfe0f
f005dd00eaeb0cfc
010900030cf6ee00
01fee0f7f2fbf601
fff0ff07ed06fe04
04fd02f00d21ff10
0ffe05e403f6000c
0608f7050cf9fa11
02eef9fa080af914
03fe0ceafcfbfa18
030bfe02fa0ff0fa
fdf7fb13f702f1f0
f8ea05eff4fbeb16
0bdd0e0b14f7f1f4
f80a0101fae200f3
fbfdfcf101f503fd
eff2eff8f302f40e
16fa1a140afe0deb
eff4fa00ff00f0f8
13eefc0c120d0002
070d0bfd1101f1fc
14fa06f1f702f7fc
fc01f3e8ea0ef91b
e312f019dcdb23f7
fa00fbf90505faf3
07f9f122eedbf1d7
fbff070f09fb0dfd
131f02fc03f71ef3
0aedf20a0100e1f1
fa07000600fff705
02020200f702fff9
08feff0302f312e9
ca17e73aa9ba0cd7
f51ffefd021d1615
ef01010cfd060103
fdfbf5eaf2f3010c
030a0efd00fc0e12
fefc02d8ecfb1211
fffb01f9fbff0510
000b22f00302f311
d505dbf7cdde21f3
070200faf9fa07f7
f9f4fc030ff604ff
2c0f20f11f37f00e
07f1feee0910db09
01080904fb00fc02
e5efd2d7f605ed04
f5fff6f60010f418
09e5f1ed141aed12
09180306e9fc11fe
fc09f6d8edf9080f
0a050df803ea08fe
f80dfb0c070411f9
08f207fb0711000e
05ecf307fb12dafe
fbee070e020be2fe
fb0efcfa02fc0b02
0dfaf400ef08fc11
0601fd0410f914fd
090703fbfe0bf704
fbfd0507f201e8ff
0bf70c03fffd02f3
f010f81306000d12
f6ecf2f906ec0615
f6e2ea03f6fbe801
fa05f4f8fe0a10fa
0206fdff00faf604
0013fd0506fffaea
0ef8f90c1c06ec0a
050a12eb0c080213
f2f9f3ebf9fe110b
03f70af5f6ffee18
f9eaf7f20619ff09
000b190a03050118
fdf3ee0af9f10809
fce1f406f204170e
15ea11e91912e812
fdea0df403fc06fb
f5f0f9f1fc09fffc
071718fe0df6050a
f8faf504080107f3
fbeb0206fc03fa03
07020df80100ec00
f1ebff0d0e0101ff
2c1022091c180bfb
01f9eef60a01fefa
f1f0f6fbf5090409
08f4f1ecf8fd0112
fa020217f9f7fa00
0c1ff657cfc002a6
061119f2f701080f
11110e1906faf7ff
0a04fc00f0100213
f30c01f2f920f30c
f400f7f305f50602
f10ce8080103e7f1
0a08f9fdf5020cf7
f71405fcfcfaf912
f9fffbf907100108
090a060f07110913
02e804140202f8fa
f022fef60af71cfb
fefcfaf401fb0613
1f1b35161dfcf2fe
05f60b0b0507effd
0001fe0203040909
0801eaf8fffff2e6
ed0202eeeaf2fd0a
00f80cf00308fe08
0af302f9fef70bfe
fc210ddcee181d0c
07080612fb02f903
ff000206eded200a
f3ff020300ed1804
f4f90ce4070411fb
0aea03f900eff7ed
f706f30504fef7f9
f50f09f2e9061901
050013030404fd0d
f0e4e0f3f6f0eef3
02fdf4fc05f7f711
f204fee909040b05
0803fa0d0e08eff1
00fe0009fcfffbfe
0d200908fdf4fced
fbfaf7fe00f023f7
09ff050c1203eef7
f2f1f2f40c0707f8
f2060e0002f8f507
f4e92904f912f619
08fa161306fcf610
feeaf800051610f7
fd1ef8fc0af9050c
fee900f313dd04dc
f0090efdf902e5f4
f917ff02fd06f102
020201f7fe02f3ec
f40b04e5f8e8fdeb
fb0b0bfd0903f8f8
09f4070df5060012
f7ec0e13eeeef4fd
10080216eefcf41c
f21cfffef0fa050c
fa0e0aeff80b0709
e5fdf9f0e224fc05
18fbf91f05fef404
fd02f3fcfe0ef0ff
fe03fbf81a0b0dfd
f6f5051f11f0eb0a
fafff7fd02f6fd00
000d0205fd23e6e2
e20d11f8ef061c29
fafeff060018ff06
f603162afc0cee22
13fcf60f05ff08f7
ef05000e051209fb
06f2e80f06090702
fd0aed13faff1112
fe0efcf4db17f6fc
0beb010d0e062803
cf1d2a14d2fe063e
13f308091bf11f03
de0df5edee0710ed
f00af602fbfe0d11
f109f5f9e4fd03ec
fae110f0fc1d0b01
051302f0011bf7ee
0d00f502fceeee04
e21310e8f0061f17
f411f80af9fffef6
03f601f903fb0711
3218db0b1f04fee3
0b12e2f2f41709f3
06f311f2100af9f9
f806f8e0f2081c06
f2f7df040ae4e6f5
0dfaf2e1000a21ef
faf913faf6eafb07
f2d921e707051bed
15f4fd0d11f408ea
000000fafc0cfa0c
1905e5f9f2f614f2
11e307eefff60a12
fb10ed04fff20711
12f50209120d2513
060e050f0509ec0a
1afb04fd09f51401
f719e8fcef012300
f502eff7f815fd06
05da111906faf61a
0bf20c0405e51304
0302f7fbea050b01
e8050b04020700fc
11f4f5ed320e1bff
0bf2090b12f6e6fb
0ffbf60afef3f006
f2f6f7ebddf6f3f7
ec0f02fe1af2f0f9
f40800060204ebfb
0019ede7eaf9f9eb
ece5010200eb0dfe
03f606170400ecf9
09fe0d0bea0efb11
fef804faed1909fc
0800f9f501f101e6
fa0405fc02fc03ff
eaf300ef1af12112
fc10faf0f3f0faed
0b03fbfb00140804
00fb11faf50cf107
0210f9f8e900f3ef
080319081102ec08
2c08e0ff19f0f7c2
1417fe01fa10f1fb
e4ea05f4feffff04
e70afef7f0fefef4
0520e90bdf16f313
001bfb56dae4025f
e9f508ed0af7fffb
02f70a15f1e8e509
0c18f4f60aff01e7
e60902fdf0fcf7ed
ecfe07fafcf2f3ff
0bfc0d08fe0c0307
06f1011308f005fc
e820edffe5f90503
f80c07f10b02e8f6
0c06f20d06eb1405
f70601fc05fdf206
12f00d03170111f7
00f111f1ffec0107
fe14eb2513dcecf4
08f4fe0f19e20302
faf718e4f801fef9
08f40409000c0806
e80411f1f7160007
00fdf809f5ee15fb
f80e01f6fbfcf903
eff70809fc0106f8
14fff508eff6110e
f00f25f7e9fef70c
fd051108f606f702
faf90ef71305eff4
fa080505f4f70010
f6e32b0b0200fd0d
faf405f2e600ff00
04fb09fe01eff8fe
000111f2e612e1ff
ff0608f3eefd0f10
1310f8f9f80e12ed
1109040907e72306
0717f30000f6fa09
0f0900070a021b08
f1f41004fc03f018
1204f00b04f8130c
ffff03f00d080bf9
f30ff209fdf806e7
e9ffe8ffe2faf002
e813eefb1e1406f6
0cfef60edf02f4f9
12f8020cfc06f302
0f17dbd8fa030d06
0cfb0dfbe5f50eea
1ef50d02fd04fb01
f2fff800eef310f3
f3f916f615e921f9
02f1fbf901ecf103
fefcedfd1514f70a
dff3fcf600f9fdf9
f6fdf6de20140002
0af9ff0c00020601
13f8fdf3fdfefc10
00fc1409f7f6f00c
0819fcf72311edf8
f3051bf401f6ed03
0beb170a060701ea
070208f9070bf7fb
f600f70705ef10fa
0bdd181cd7f3f1fd
1005f50defffd91d
04fde60aeb020702
ef040fec1513d310
0ff2f5040b070a03
fc1705f7fe09fcf4
0b1d02080314e30c
14e91309fcf00702
05ef0d1300f203fc
f30eeeda1b10fd0f
f6f608e8f0e8c346
0b17cc0af7081410
07010d0c00fb1800
0003050fed0a130c
f2032de7fcf916e7
efd4f721e8e4ebf1
fde81af3f5edfcf4
0ffb1bf9ff09f703
0bef2b06e6dcd92b
1104e91a010c0a0f
020af5eef8fdf415
0a250220081725ef
1105f211eb130ae9
02fefcfe030103f7
feef0514e4f30a0c
10feff0e10f01200
04fdf20f0b000bf3
f50604fe12000f09
c617f0f7f5ed1cf2
e90df700fc0a07e6
04f5e910f5f6fdfe
0e0cff130c0b18f6
e30405e926ee000f
08fe180815f1f806
01faf30d0313f203
f80202eef705f208
fe0dfafb1e001b0a
070bff00f90118f0
0401f4f30306fe03
fa10eaea06180200
0c19e3fc12010b1e
ecea001500edfbf9
160eff03e807e212
0710edfd0614e918
10fce0f5110d09fd
f7f9fef3090cf1f9
11f70ee9f9ec0bf9
f3f4f40cf7f708ed
08d70f1eecf501f8
16ee1b21ececeff7
d81af4fb09e71aef
06fcfff3f5f406f4
f1fd08f200fbf417
f6f5080af10eebfb
e5f309fa1bee0fe1
07ff11f405fdf90a
ee14f6edeff6090c
1bfb0708eff10f02
02fc0213effc01f9
03f9f0f5ff0406f5
f7070c120801f8f0
0af70afdecfbfbfd
0df42f03090b13de
17120710fd02f8f1
fef7eef5f1f2fe00
fded0a11fbff14ea
04ec1a050407edfe
151017ec391ed845
fc0d13fa04e811ed
edfff2ff170ffdf3
2903f1060b140c06
08ed120efced1bfa
e30dfff601f4fb05
e3f8fcf0ff00f201
fff701e1fe14fb0b
fa06fefc07f4ff03
1edff50ddcfafff6
100904f00c150b0a
2cfef50df718070e
030012fd01051215
08fcfa04f8f0fdfe
19160df2141715e8
f112ecf0fe12100c
fe03ffeff60c0ef9
fbfd0c000614f700
18f2f324dcf8f100
f2f5f7e708150cfa
07e80d0910fa0bf5
05fcfd07e5eb06ec
f607e70e09010006
f0fd02f5fdfffc08
12ec1502fc01fb03
fff3ef02f0f70bf5
f401f4fc0307fa07
e2fee8f5fb01f512
e6f50e0002e5f8f7
03f6fe0506020706
00d31116e5e3e8ff
fefd05010af010fc
ee010f0bfb120df9
0e2203f43312fe13
1213fef10305fd0b
0204fff90b030c07
f608f8efff09f4f4
0717fefd121d0005
10f60514fd03fe16
f401fbee0cfbf800
eced080efb18f8e7
031405f0f5fa0515
ec04f907f320feef
0705fdf60dfbff02
07fffcdd22db00f3
fdfefcfb05f9faf9
1008fff208fe1113
0615f203fb0ff3f2
f42405fb0dfeeff2
ef00fdf4f5100005
fbfb000003080d09
051403f60d04fb00
0bee0101fcf4190e
08f1f80efdfe06fd
fa180805fbfcfb04
040b0f000009f6f6
11fbfc100df1380d
e8fb15fcea0404fa
03fdfbff1cec03e9
12e5060110e80f14
ff0700f8fbfd03fc
0205f000e004f2f1
d7071c1f110c00ed
fb0a01020105f5fb
08191c1e0a162812
10f3020308060108
f9f3fefa06fe0914
01e5ff040810100a
060205fcf404f804
fcfb03f3ff0ff4f9
06ea0302fe0f141b
d9254323f82013fb
060702f308eb05e5
020efe020b07e7ed
ff00060f1cf4fffc
f9fffff805ed08f6
f7e7f301e214d6e1
04fe130410fde9ed
1204080013e91403
e8071a3cf627cbdd
fb15f7f7e00afd09
fff7040af20a09fe
24cfddd824dbfc0d
f90ef2efe902fdfe
1502090205f9fbfc
ecec131d080de8f0
0e14fbf4fddf180c
0fedffecf608f6f1
0619fdfff7fbfa07
e0150dfaf815f1d1
07f4f2fafc0a0800
f9040500000100f4
06f60ff91bfb02f5
f604f50cf60e10f9
fb1601f7ef05fcf0
faff030af9fefb11
01fe0c07f7fa09fb
06e5f702070d060c
f9f7fc02fbf6fdfc
fffff3f4f1fefe05
0cfb001200ff0209
02150008f308ff0d
faf20005f306f4f4
ea130f1a0404f20c
eeed070af30cfd09
07f9f508fcff020c
07e9031403080c0c
0403f2e8eafaf00a
fd1d02dee4f1ff02
f60513fa08f6f9eb
0209f8f0ec0cf5fe
f009fef40af3f7ed
f7eefefa12fc0703
07e8120907100b00
07e7f802fe08fef9
10dcfcfc0cecff04
f817000bf5040cfd
fe03ef080208f8e8
1bf8f6faebf50801
f7fc09fb12fefef3
07150701f30e000a
0520f0f404fdf212
020a0b040a0f03f3
280ccdd8e8ea0c17
0a13fff20d070615
f502fb07f205faf7
f4090cf10ff3f7e8
fd040c09f113f40a
1336060320f95b48
fa10f7f6fdf5fdf1
0d06e308e1120815
04ebfef71eef0efe
020d01e30bedf709
f113fb03f90600ff
fffe0cf6ff00080d
fcfdfb01080a0a08
090903f20df0f309
f80709f004020703
071beef5f5fef709
0e0900f10608010d
01f40e0c06dff7ef
f6fc15070ef6fdeb
2014eae41edd2a28
0c03eff9e001ff1b
080e04fffc0af2f8
0809fd07ed050203
f1f404fdeb14f3f1
03110104edf7fcfe
fd06fb08fc070802
fd18f0fbfe0001fd
01e705060b060d13
03eb181d010303f7
ecf70e0d0009fd0b
f5e9fbf8fbfaefef
faf80f05ee151413
f6fa001002f901fd
fc19fefaee0ee5fe
12fb0701f8fc0b01
e6d9120e001d00e9
0c190d00fdfdf7fd
03f1fff90cf8f801
1010f1fd07fe1715
0af103f303010503
030d0104f3f9fe0e
fcfd0f0d040affff
11fff1020c051f14
fdfc09071409effa
090e06f9f5fae50b
0d0b0ae108def319
f7fefaf6110a0017
09fefeed06fafee4
f80100ff1ff801f6
1133fc09fd0a00f0
050b0509eaf90a02
06f2f300141b01ff
18f8fd13010805e8
0902fa09120e021b
05f915eb09eee9fd
f109040706081312
f811fcf501f4f0fd
db09fb06f0f4ec0e
fb0801fdfbfcf202
0502fe0709fe0709
05fd05ec080be5f5
e30af41cf9fc0b1b
0bfdf6f30704e8fd
0205f90208fb0902
f6160afbf0eff90a
120e04030600fcf4
0ff4fbf40a160e01
e70e27e017d1df08
000000fefc07fef2
e70105ef1ff2f713
f20bfd06f8f9fd15
fc080ef8f9ffeaff
eb0aff07fcf70903
04e502fb06080afb
0808fcf005f1f90d
ebfffcfafef72113
ecf33cb247e9c910
04161407eaedf4f1
130ef200f2f8f0f0
05f803030808f103
fe15ed08f702effd
1dee0df704eb0e0b
fefc0bfe05f100fb
08f0f7f6fd19fd1b
ef022fe80fd1e60f
16e300fe16fafde8
fbfbed0300f105f7
2527ee1dcf00f0f5
1ff4edf2f708fee0
07ebf8f90a040bf7
051d09f0f3dde705
07f4000aec0d0ef9
0f0cf811f40f0ded
f7fdfd0207faf50e
2aedfbef0f0108d5
0d0bf814f70cf905
fd070cf8f8fcf1fb
09160205e3170301
f502fe01f8ec0909
eef501f70b0f07fb
edddf5fb07ff1e0c
fae6ecfc0e050e00
f809f80eedfd03fd
ff1a050303fef7e9
0df6f6f60806fe04
f9f8fd03060d070a
fcf60408f4f20600
02f903fefdfdecfd
f8f1fdef04f909ff
01f505fff3ff19ff
f40ef4050b0e0309
ee0efdf9f7fefe0a
13f80003f5070408
21e6eefd08fee9e4
16180901fbf9f8fc
0ff8ef0007060ffc
10120905f6f5f90d
fe10fbff0605ec09
faf308f40ee9f714
08030a0106f9040d
fa11f91dda0b0a07
f9f6f5f705f2fcfe
090008f0faf409ef
05e9e8fe022318f5
f5070803eeeef005
02f90c0503f8f90d
f6f3fef7f9f0f3ff
fcf8fbee03020bf3
03dbda2ae42d21ff
03f606f9010309fd
160201080ef9fde8
15f2fafcfb0b0bf9
f0f112ecfff5f305
a8fc15fe2df9e33a
0c0307101004e7e9
fdebf2fa00f6fb0b
fafbfffbee0b03fc
150df608fb0ff4f5
04ebf8f80c0807fd
e900f4ff15051205
f3ecf5ff040b1903
03fcf7f81303f4f6
07fbfa07f20bf3e7
eafbf4fff9050cfb
ebfe0401f6fe0219
05fb0efb06ff050d
090af90706f7f010
1514f226e51c0af1
f000030eed0305e9
05fbf8f4f50ffffe
f6fcf6fdfa0715fb
0ff513ef04f900f4
090001fd0107faeb
f7fffc04fa0608fd
0d12fa01fbfcf6ef
f40701eb0202f915
e6ec0bf41001120d
f8fd19fef807fa0f
09fa100403f9fa08
f6f307f606fc0508
0b0f15f809f4050d
fff1fd01060908e7
f1050afff802f706
09071df202deec15
08071605fa01fcff
080803010802feec
e5f5f8fd0e020e03
04fc0f06010c000b
f5f70e0b01f80afd
02f90dfff7edf401
fdfc09f901010ffd
05150af7f8010ff4
f7f6fcf0f4050b16
0910120c1619f607
eb00f6fa0eff0f05
0beafeef03fb0c0b
ed1408f9fbef1600
07081000d4f10103
05f81109f5eaff06
e5f0d500f9eb1b01
f1eef7fb04fc0209
f203040cf1f7f4f8
f6050cfdf7010203
01f2f0eafee9f8f7
eaf7f807e0ea0900
0d07e7fff0f307f7
f8fbff05fe030b07
070613071226fefc
edec0affe6fdfc09
fffcec030ff60e00
f8ff08e409f90e0b
06f105f802fa05fb
0005fb0607ff05f7
f8080f04f5070f0c
eefb09010efdfe10
e718f8e8142615fe
ef010afb07030e05
011bdfe3051100dc
f812fe14040bfbf5
070df4fde5fcfdf7
07ff01eb00f90dfa
f9ed03fe0005f511
00fe000b0509f602
0918fa002d0201e6
fc2ae2f3cf0602ea
fc1b100d0afffb05
fffb1c0e0e1ff011
f6190406120104f8
fdfefb03fdfb1400
050523ff0d1de708
0002f7f0e8ed0709
01f8e9fb07f5fcfe
082013f21e1ccffe
eafd08edf7031b09
1102fcfb1b0cfbf8
19ef1c30fef1f40e
12e51af9effa1318
090304050bfdeee8
f00215fffe03fd09
eafff817e5ecfdf8
03e110000504ec10
fc01f0fb0df708f8
daf4fcd0f4fa212b
f8fffc06eaf6f9fc
e701f706fefe0707
07e9f7f6f5f90804
1100f0f103fdf7ef
f408f8f60901060f
02120afc0c0504ff
140404080d13fcf1
07f0ee1105f6eff4
24fe0b22010ae303
f3faf602f80401f5
fd00f1f20dfe20f4
0d1ae70cf6f9e7f3
fef304ef03f70c16
11f2f905fe08e0fa
0e01f4f012f707fe
1306fe11fe03fdff
ff04f40f1206fafb
0ff8020bf0f3ef03
e60f190a11071c13
fafc0c05f609fd08
0b040f13fc01f800
fcf8000eeef4050a
fdf7f501f60806ed
fc0b08de23231508
11eafbf509fc04f0
fbe60a00f1fafef8
fef8040d16021504
04fcfbfcfe0a0116
01eef6f203f80801
13fcf902fb040300
f905f6f30502040d
00fd0201fff2fa05
051010fa080a01fc
1204110a0a01fe05
03fcf6fd0503fd09
f903ff0aff00fdf9
00eaf6f8fef702ed
fc0c04fe1303eded
e028e317e4fa32d4
ecfa0e08d7f5ff01
0b1405fdfefff4e4
f600fe0504fd05f7
fcef160df4fd0d16
11fb0905030001ee
0a0ffcfa110cfdf5
fbfaecebfcf01003
f60bf501ff04fffa
ec03fff60b070a15
030bf90a130103e9
000ded010a05eef1
eafe03ee0ffafe07
f703f9e6f7f90a08
0310f323e1f1fde7
0104f909f50000fc
f5f311040403f007
04030702fcf80000
eaf80106fffafb04
f3f800ffedf70e06
ffefeafef8ff16fc
f215190deff5f802
fa09f5fd130d01f9
f8fb08f01a09f6eb
ff0104e80afcf800
f804060a0a01fe12
03f8f4ef1614fcf0
f6000af3130f0a11
0afd1102eefb07f9
f214fefc050af507
06f212f9f9f8f90c
03f00a11fefb03f5
08fdfa08f0f600fb
ed1103fd060103ed
02fdf1fbf6fdebf6
081004fbfe10fafd
ecfaf7f5eae5150c
0200fff5150fefe4
f2ecf5f4e4e30dfd
fdf603f9050a13fa
170ffc04d9ece80e
0605f302ff0af7fc
061cfbeefb0d0ae1
ff09eef60b0805f2
ecf1f4fa1b0d0315
0af719f4fcfdf811
e9f6000b1a1b03ef
02f109eaff0205fb
04f40921ecef08e0
fd1bf3f116f402fd
e600f30cf70aea01
f8ec03fd070c0bf4
fcf706fd0b0ae3e4
07f204fcf3f9f608
1af00606e6e8f60c
f8fb06f7f6011ef4
e90a04f31213f70f
1505fbebfe0519f9
edf501fef711ebfc
fd0ff80108040505
fdf1fbf808fd0afe
14de00feeff712fa
0e13e6fb0bf01d06
eb0bfcfa010503f8
fe06d61104fdec01
070406f8e8ffe50a
fb0aff01f206f7ff
e500f708fa0df102
0714fb0303060cff
13f8fdf6fbf60a0f
fc18f0010101e30f
0cfbbb3df5f103e0
03eefdff0305101e
19fe0aeef90c2116
0909fc07fdf601fc
ef0c18e8111f020d
080f01f7e7eef20f
03ef0205f1f518e3
f0fdfa09ff01f6ed
38f0e426cdd3f2f7
fe16feec0a04260b
fc150bfcff00f203
15d72af9fa15dd2b
02dd15ee08fc10dd
16f90905f4fcf9fe
120dfd01e8f3f1f8
06f114131309fe08
ec0027f211fff6f9
fe18f20907041b08
0535e9d8110b1be2
03f802fc0a0cfb0f
f7fb0504010e0909
000013f7080618ed
1005fff8fbf9fefc
1d0a040104fa05f7
f90cf0fff6f4f80a
fb0aff0d03f50dfd
fcf313ea0a08f009
08f30e08f705f508
0eebfd0609fc01f8
f1ed04f607eff2fb
06dff90bfceeec0e
f9f603f9fdee02e7
0be7f81de3e1e3eb
f308fdf2040dfff9
f9f10204030cf402
fb12fefdf8f7f904
0af00210f6fbf0f8
1509f4f913022c1c
0aeb00faf907fefb
0bed0e00e5fafbff
fb01eefb0cfc0e07
f911000704f908f9
fb1dfafff8040602
f506f6f8edfbf5e7
e80e1afd01010605
ea030301090c13fb
0a1efde001080b13
f80ef80807080e08
01fcfa08fffbfef9
f60bfb06f5fffdf7
e907fefb0201030f
09fafa0ceff0ecfe
fde823ea0218e823
f802071102140b07
f206f715ff01f6fa
1ee3020ef907fdf9
0af5020beff707fb
0010da272d2d111a
f8f706fe0e02f1f0
fe02f61afef8e209
0901ef09f7020d10
07e82300f80b1915
09000601fef8f4f2
0401f3faf8f4ec23
ea1cf0fa140501ee
fe01f3140d03fbf1
07041aec07fb1c06
090908110711ff07
00ecf80af904f112
f619fbf60009ff02
0309fa000dfa10e3
ecf4100d17140f0f
0002fa000a01eef7
0a0510ed02f9060c
f4f00af60003e2fb
0113f8f112f213f8
eb0102fc1417ff02
ebff08f0fbff0dea
07e1f6f50bfdea07
fd0a0cfb0c02e60e
0c04f8fdfbed03f3
18f5fe06fcedff17
000506f3f7fdf50f
0115f708fd01000b
00fafa03030d03fc
0c0707f8edf501f3
ff0f020afc0ff00f
0bff0216f1f5f9de
fcf00b13faf415f5
f70804f8f8fe0ff4
0012f50618070008
08f0ff190001e4f4
faf7f8fffc01e6fe
0b04e708fbf5f9f0
fd07f8f6ff060413
e51bebfcfb06f8fa
04101c0a0608fd1e
0fe8e504eaeaf5f4
030006f3fa09fb01
09f01a1101f9f807
09061508fa09f20d
020e0f0314f504f8
0014fa02130c0a09
f7fdfafd0307f5fc
fb0f000c050f02f2
ef0e0a070c130704
05f919eefdebf615
0cfee4faed13eb1c
fe090c0ff601f918
eef8ece8090eed12
0bf6fa07fe0708fc
05f2f7f3fe010ced
f0fcfbfdfdfe07e7
f7f4e4ec0f0702f2
08e91b09fbf2f00c
f606ed1100f90cfe
0502f1f7f711fcfa
f90a13070706f908
07000f0df9ecfc12
230021e7eddcf709
0b080e0106fefd07
09fbe5ecea07f3f3
fd04f907f3fe060e
fff8f8fcfefefbf8
09faf6f9f90b01ff
03fc03fff8fefc02
f8f302f801060dea
0df3f9e4f5f900fc
18f626d2e80bd4f0
fe0f0d11160f2709
e713161411f20efe
f9050afc020ee512
fd1a0f0623130512
10e6e802edf805e4
fcfffb0706010100
ff0efbfd01f7060e
10e6f5f8e0f3feef
16110d0efa05f001
0502f405fc0aea0b
e91901260e040d0b
f20e1a180d0d0309
070904fc00fbfb1f
04eaf3f3ff0afe10
ef1e13f310fd1503
f2f3e009071008ee
00fefff1f506f6ee
0de8170aebddf2e7
ff1212080c040904
02fe0802f3f50504
f10e0c050716f717
13e6fa02e4e5feed
07f7fcf407f9fff4
18f6f4fc0d07f4f7
0ff9f7eef7f9fc0c
edf8e4f20d0a1efa
f706ff0913110c05
090c080cfeff02f3
02fced000203eef7
01fe0bfb0703f809
eadefa05fa0409eb
08eff7eff7edf6eb
1ef2fa12f704f70c
020ef1fe02ff00f7
0009f4ef0aff02fc
f9f8f7fff70c00fd
f012341119061209
fa0c04100e040215
f61005ff1cfbf812
090c1d00f8f7f801
f80f01091104fb04
04f2f5f5e2f8f1ff
0ee5fff5f800e7fe
f707f3111af714ff
f900fefb011113f9
fdf8080cfaf404f8
04f7f00500030ee6
07fc0cfd08fd010a
fbf5e5fd0408f6f8
fc11f9040800fc04
01f40bf401e508f8
e80e0d181b141519
ff03f4fa050206e4
fef3050bf8f6ee0b
fc0511fe03f603f8
03ed05f0e4fefef2
0a0425ef0822e019
eef80e0107fafcf1
01fa01f5030efd03
000401fbf6f30903
ec0e021612fd2402
fe0ef807fae803fa
18eef3fefbf8ff02
16fcf501f80bf2f4
010205f3f5fb0507
f70c0e0b0cf40bfa
f90af1ef05080b07
070cf6f8f4f401eb
0006fcfcfa0204ec
15000afefcfb08e1
e306ee10221014f4
f817ff051708f516
fd0b0a0d0f0a0d0b
06f3ebf700f8fcf1
07f10411f3ec07e0
01faff070508030b
f2fef6f6f6f708f3
fe1c12060ae20a08
120608f8f502f90f
08ebece6f7f1f2f7
11f000f5fc0401f4
05f7f20206ed07f2
14f802f5e902f2fe
09ecf702f001f5f8
f1f81b060906f405
0303fe04faf00108
02f0f4eddbea09f1
fdf80002fefc09f0
fd0a13fc03fb0c02
0c16fce3fffa0701
190417f7f90e0001
0bf7ea05ec0c00fe
fffc1bf4f105ed13
0b02f109fe08f702
00f20c02f0faf00f
0a070dfc09f715fc
0c16e3eaf31e16fb
0ef50ffaf30a030a
0e1afaf510f60700
0af901e4f6000a09
f9fbf8fafaf9fbeb
f902f91103faf9f9
f6f2050803040001
ff08f7040feceeef
04090cf6fa02fe04
0ffcfdeb01f906fd
f7f61801f515130c
08f5000704050af4
06f2160cde07fe18
fd0311fd03000b0a
fa01fd09fe08fdfe
f306f2fa16f602f7
f2dd0616ec0cfd11
0311020211021900
0b05f60ff1f1f0f2
edeb0ffff005fc06
0509fefd01fff7ff
0f16ed1104f1f1ea
18ec10f7eb220d12
0e09eff409f6fff9
f2eb10f3f11b160d
13f00810020bfbff
fbf119fffb00f801
0d030b00f105f90e
0500fefa030817fe
fc0dfd0af8ecf400
17f610f8ecff1023
def015d0c0492728
0afc02f7f9f7ebf1
f4fefbe312f6f0f2
08ff00e7030301fd
f7f60a0101f1f4fa
e719e8f719ee06f1
f911f9eb0c050bf6
07f1fd0ced12fc0d
161002f0ef22161c
0bfbff06021100f8
0100f9f7f4030c04
0c0401241fd6dae3
f005f60e0debe9f8
0e0207ff0dfbf8fc
ff0701db080d0c0d
f7f10b1dfcf1e5ed
cef0f8f91000fde6
03eefafcfbf906ff
f329dff5110ef5eb
1504e813fbfaecf1
090208040c08f900
f7fb05fc04f50a0d
f9ff0700fc0d0a0c
0203f6fcfdfefc12
090a1103f50b0d0b
0e05f30e020b0812
e4f2fb05f5f2f3fe
f7fe0dfb07ff0401
0a00ff0afbff0600
08f31005edfb040d
0b050aff01010b07
fc0cfdf2110d1601
0005faf3f90a010a
050ffeebf40c0009
f8f40512fa03effe
feff0302f210fd0a
e905f8fc1c0600fb
09070201f2fae7e6
fd1405fe07fdfdf4
0807070a0df2edf2
060af3ef0efe01f3
fef60dfffeff0507
13100cf904071313
0b0f0be202fe220c
f7f904faf8f8f5f7
f4f9fafcee0511fe
1411f10010fc06fe
fbf80808fffbff11
0614f9fd02f20207
f40204fff5fe08f1
00f00512f7f2fbf4
1708f5fe11030305
120cf7100ce8f9e2
f7e0f615f60afbfc
f403ef060907feea
0204f0ed07f2fff5
0d0513f6fb0b130e
e8e318dcd104122d
eb1100fc0304f0f0
f8f81405f80cf71a
06f506f500010100
e2fbf2fd0fe9f3f1
fb01f00108fff514
16fd0a01000c0908
ec06070efb100810
f700f8e6f5f30efe
05fefd1209ecf9fa
ebeb0004f3f5f80b
f9f205190a01ee0e
ec0302f913fdfc06
f80af4020201f9f5
d8eafa0f01e0ebec
05fa0605fb14f502
fbed0007020200fc
effbfd0c0afffe00
f813f30805fa06f3
f603fefd0af2fe03
03f60507070004f3
11fdebf9fef1f0e8
16f30c0105110605
1709f5f601fd1504
190ff9e902fd110c
edfcf20915fbf9e5
13020604040f010d
0d11fff1f3050ff9
fd12f5fd0601fbf8
07ea0b090500f109
1605fcf50a0a0c07
f9fb0cfa020705f4
ff0afe02fb00f4fe
13e404ecec06fa0a
04f11cf6f60510f8
0bfc0e04fb02ed06
110706f2f6050d05
faed23fd000a0717
090afbf706040003
f2f515f1150605fe
0ff327fe0a06e914
090d081004fbf8f6
f1ea1a03fc19fffb
03f9ffee06eb1f10
e503100e20f42702
fc0ce913ecff12f8
0c10f41513fe0511
070a0a2c1711fef2
ed2feff4e1170301
09e8080219f5f50e
fae2fd050cf3f60d
ff0a091603f8ebf2
0e0df8ea1ff7fd06
14ee1af705fffbfe
f9111007fc02fbea
09ee0005ea05fd0b
0c01fb1e19e71105
14f2fc17fd16f009
0209f1eb0902ffef
080b0afa02e7fd09
fc1b1403070309fc
010a090af1070407
fdc51cce2ee70622
06f3fd0ffb01fd04
2517e60203ebf322
ec05fffb35f2fff1
f8f80cf5f4e6effd
eefa09faebf0f1f3
05f1eff6f5040006
fcfffcea03f1f90d
0ef918f519e8f71b
2fdb100309dbcf27
e7fe18e70a092104
f508eaf40af900f6
fffd10ece6040b03
f915e0030f06171a
fb0109040001eff8
ea04e6f10d18f2ed
180c00e9f5070e04
31ff0a21f221cb00
09f2f40cf3f825fc
11f402e8110deb13
f4f704b601ff23f3
ed11fd05fa140ce8
fafbfa11000802f8
10020df82019f20b
fd2ff6ef13012f02
effffff9050304ff
0df81a0621f5fd0f
ffec2c0e0c25ecf3
e60c091de3ff11e7
00f5ed0506f7f611
f4e1eeedfb010000
f507f7f1050c0326
fc1601f6fd22f1f9
0cf60e1fdff000fb
1108f216fb10e201
000c0b1af80ef7ec
f206e2e402fd0801
04130726020108f9
04f1dbfb0dfafc11
f80d18fc0afaf4fe
08f6f5fbfafbf3fd
09f109f81bf90504
00f911e31303f302
fd06f30efbfff904
030d0efb02fefe01
fa0e00f6f501feed
ef0107fbf7f400f7
fa1605f5d513fcec
f61bf914ed0ef2ef
f6f90fe029ee08f7
0300e006faff110b
1efe1102f511d70b
08f2f5f712edf812
f61500f8031813f0
f7110231dbfe03f1
fdfa0af8020af5f0
fb0bff1504ff0af7
f5010d01fc0705f8
f8f70403f406ed0e
01f90101f6f91700
f30e0219f30df4fc
e83be501f4141dee
fa00ecf8e6f31ceb
00fd0cf915f2020b
f608effe0e050200
0d0d010a03fde900
1e14c812f3af152d
fc06e215eb0e020c
f7f1fc111af00406
fdf802f002061618
d602effe01f83202
06082332f5f2fcf4
18eaf01a08fbea13
03ed0c13070e00fd
0bfaece303f2fc15
e7ecf805f0fe1bf2
fdf4ecec08fa0e28
0506faee12f60d11
0f1502fde911eb06
010b0609ec0d02fa
f736dd12e9020eeb
f5f4f6ef07fa040a
fb04f6fb130b1a04
000c0405fbff00f7
08eb1d25fafde907
09f0e2fdf1010900
f50609fee8fbfafe
f7f9fceff60813f7
08d5fffbfce2050e
21eb1afefd03e611
18ee06f1f609e310
fcfb1811e8f816ec
0ffaffdff7f0f804
0afb0bf411fdeefd
effc16f9ec0510f5
000505f7f4f7fb00
fce31e1306ffea03
f500f102e1fefffa
11f70cf3fcfe0302
0e1bf1fcfdfa060a
04eafde6f4fb0309
0ffe01ed0ffef60c
0b03080debfde403
0bf9ecd917f70611
07e904f2fc0b0503
efefe2e1e6fb10fb
00e506fbf312f8e6
0b0bf703e4faf901
04f0e502fc04fadb
10f1e61104fc1eed
feedf5f20bebf602
fd10fb031bf8ed0b
060efeefedfd0613
ef10f2d5fdf1d100
0c1b03f425ebea02
13e8f3fb080ff60b
17eae0ffec051cf2
e20ae9ebefe40707
f70d0211e2152711
f609ef03fe0312f4
070d17fefffff706
fb071a1a000506fe
f5f2fcf9eaf90317
fe0414f9120ceef9
011c06f6160ff1f1
140af40b07e81f12
fa04e3f0f7000bfd
ed061cf50aedee02
0df2e80ae50306e5
ffee0eff03f505fd
2c08fdf4f60f0029
1dfd090106fefb0d
0901ea11f5011b08
200a0a0d01fc0803
0508051a150f08f1
f3141c150e0418fa
0cf90e05f206fa01
1df0f524c11d1219
e806fd0afef607ff
ef010a052be9cffe
11fbf2fcffe42eeb
0f02e3ef1604ec07
08ee3be9060cf6f8
12e90afc1afce800
ee14f806e906280f
f7ea27030229ea01
06f30a11fdf10b05
0df9effa0911f2eb
eb15ef01f9fd180c
0cfef0f327ebf7e6
08fe0d13fffeff07
08000002fa00f1e8
c11ee9e2fef812fe
e506030508fbfe0c
f307f9d6d6f4080f
f2b916ea071eead9
e5010e0cf902fe06
01e906f4faecf917
0101fa021ef2f9e0
2ee630080004fdf8
14140d10f3f2ff09
04e706e4f0ff0202
0901f8ff0016f903
d70307eef1f9f70f
00170c161b0efff7
030a04f6fc01ed0b
fef0ee0df7031100
050af910f6f3fdff
f8f413090609f200
0bd4f91df607fc18
15e40502030afcf8
03010601f9fbff15
fd13f6edf2fef501
0907070f0d0100f5
f80803f800e20402
03ff060918ee0105
cc1a0c050b0cfaff
09fde0f417f6ff00
fdf5f9010700eb0e
1116130fea17ff00
0ce50ffd021900f7
f209fdec1efaec03
0aff12fefbfdf814
12ef1c0611e4e0f2
06ff03faf204d403
0bff00fe000104f1
f4ef08fee90920f3
f80afcfcef02010e
ff0af70607f7ebfc
d021f3e50103ed0f
0e0af312f6f4f800
f90e0ff001e9ecf1
f7fff4ed10fff7ef
0f0a01f90bf9f70d
0b2e0007dee93b41
ecfe14e80d020303
1ce3eff1fc0907fd
07f2ee0c1200fcec
c500feea2ceffc01
f804dbedd90ff8f0
02feff0d00011108
05ec0cf8ebfa08ff
08ecff13220c0f0f
e2fd04fc2bf3eafd
e6f1eef9ff001710
07ef1415f6f7130b
f6f80408fff7eeef
0509fcfdfaf8ef13
f120d0f2f2fe0b30
e7f0ef05f10e1100
f0eee7dff807e90b
0afc0bfffbf3ffff
ebe11af602fff2f3
01f9fd070afcff09
e718fa11fbeb0107
dffcf90dfeff2af6
18efde2000f81cfd
03fedef4f5230eef
0307ec18ee1c12f6
fff806ffeff1f4f1
20f5fc5218031603
0d030efafc05f6ee
edfdf8f71005fcdf
fb0afdf602e70bf5
10eb10fa03e7fef4
0f0c08fd0bf7f906
f2f8eb0a181208f8
1719ee0ed9fb0216
230cff0efe101bf8
041913eefb0c0aef
fa05f402e108fcfc
0bfaf90c0d121d02
f9e9180c0a0803f9
25fc130c0bedfd13
f514f4f4fe252d1f
f50809020dfdf304
08efe610f71e11fd
09de0908f703f2fe
1cec1103fbeae6ef
f710ebeafbfcf603
f528070407ebfc06
0f15ff0100010506
fdf50401f2eceeef
14f40908fffdff05
08df151d010e09fd
161a05ff1fe40e10
ee0a14f20ae50701
06190a1d0ffe240f
ee03fee7081204f6
f00bf8ec01f80a03
10f813fa0ced0109
ee07eefffe18240e
011bf0fcf3071504
f40805fdf7130deb
0c0a041607f5fb0c
f13ae2e1f4040503
09cf0f2502100403
ee13f5f7010ff40c
ea111bf7fa0e11f7
04f10b18ef06e5f2
f4e912f4fa00ea0a
eff70e04ee09f8f9
f7fbfdf4ff0d01fb
fd2ffffdf4031512
000c17fb020b1010
f6e8370b1dfb1be9
08191106f010dbfb
0302eaecf81d0ff1
03e40fff02fcda06
1103e90d0bf1e7f6
fbf2f9fde1170f0f
08efed01f90708fb
17200afd05eefcf9
faf7fa03091b1afd
e0fe03e1e8f1effb
0bf7020921fb09fe
141d010cf3e9f100
1313fa13fbfcfb07
e8e0f5f0f117fefb
10ff09110f000f1c
12e8020c0dcfd7ec
fe2dedf903f5fd08
0c031d1711f7fe05
0ceae3fa02200123
0d03faecf4f5eef7
0c19010711030106
01e5e00cea13fdf8
ebfdeef7f910e809
f8f801f9f80508f2
ecdefef0130bff0d
07ec091702e91108
20f7f2fc19fb100f
181801f3ea070afe
0af1030416f4fb0a
eafb0cf6030c010c
011509fbf5f71a15
f6e9ed050208fe00
f7f8fe000004f21a
eff4fd05f4220d05
eff2f0f302f40908
2103ff140ced01ff
f9f00ffff1f0e700
fd180ee9e8f6e203
0709fbf8ed01ff01
ee1ff3e0eff10c0c
1e06071503f1ec07
01e5f5f6fcf602f8
eb02feff082126f9
fdf4fb19fb051318
0904e00af6f8ffff
e804f8fbf6f9f106
f0d9edfaef1afef8
06f30bfa01faf5f3
01f0fb08f009f4f4
e336ebf818f72623
ea1b08f8f0f9e102
fcf9f9e7f01d0bec
0c1de4f2eddb0a0e
f50b14e7f402f7f4
0205effb0d070000
04fced0e040bedfd
f10c0df8f51410f4
fd0d2ef3ffedf4e4
f01df6edfdfd0707
f8c10a1207f8d7f8
24fbf63c0ef816f2
0e18ebf5f407fe03
17eefe230ce2f610
f82203000f0c150c
fdcffcff1601f7fe
f7d20e00fc03e6de
05f3eaff05f7eb03
04020d0817e904f2
0d0d01020003f906
08faf5fd0c1308fb
0313fdedf5040811
0310f9f3f4cce9eb
12fb010113ebee09
ff05f4ef0bef0100
0c27ff08fd090513
0819ecf50bf40c1b
f810fdf1f20608f0
021f09d80805faf6
fff302effcf3ec10
05ec0a00fc0ef30d
10df032212fbecf4
ff030c050bfd04fe
f608faf8f00efc03
eceb0ef6fe1e0602
fd11100a0b07201b
0fd3f0f415f0fe0a
0e09080e02fafffb
0cf600050d04050b
01f404fcf9fb0ffa
12e603010cefe1f7
06fa1508fafaf9ec
fbe8090ff600eeec
fe2a021a00fd1413
0d0b060e12f40a0d
00dc0a03fef0e6fb
eaf9fa04f51f0a03
1a16fbfd14fb0c0b
ebf2fee5e21916ef
0d0df3fb0b0406e4
f20dfbfc040d1c16
0510020afc0ce7ef
110619141b1cee0d
00ff02f114f4ea19
01f4fc00faf4eef8
f4f3eff51afff216
f0f0260f21eeeef9
fbfe020be4fa19f8
04fff30deef70503
1ef7fc0cf9f70305
0304f50507ff0fef
13fd1b11f91611f8
ebe9210af9ff11f0
f5f3f7f5f4fbf10a
030df403fc09f8f6
1af8e609f6e50e0d
f9fc0ffa0dfe0101
f5fa12fcf30a06ee
fffd2105feff0500
edf30bf50a06f612
00fd0b13fefa0ee1
f003f8fd14fcf604
010bf2f1d7f1fee2
e8fb1b0efb0c10ed
edfc00feeb0ff9e4
e60510fdf9000cf5
ffe9090de3f20202
f5f61209df0a05f4
070d09fdf50d06f5
1426e614c6e204f0
fef415f80d13eaf3
ecf409fd09fcfb05
03071014011d0ce9
120af50825e8ec14
f1051deefc111606
fa0d070114010517
19f7000ff2f3f704
fdfbdce5f0e21807
fa0afcfef204e7ef
0cfff70310f42127
fdf61f0207fee00b
f1f5140a13faf311
0d02f1070efce7f6
0af7020917150908
0d0412ff19eaf210
eeefeefc0d0ce81b
080504050fe30b0f
061307f21007171e
02ff09f60efd0806
03feea0303fbf908
fffe090a09fe0309
f9edfef1000412ea
faf10efae6fd0de1
10f50ae40bf8fbee
2708f20afbe9f50b
1be6f4f71312f602
ec0c07f8fbf9f312
ecf2fdfd0bfd03f0
0719f812ed08f401
efff140cea3105e4
0f04e7040b02fa0c
f5f3e606e20612ff
fcf5230d05031ae3
f2f7ebfff2f6f10a
0efa0a0dfaff21fe
fa050af1f9fb0cfd
00fe190fff1102ed
f7f90204f3151500
fdf00af90509fe09
020008f71f1b0707
1d17ec1005dde909
fbfbe001db0affeb
08fee9fb04fc170f
fdfc1af41b0ffb07
f0fcfafee103f7ed
eef600e9181e0105
fbeffbee12ee0008
ec010ff50afffff5
0ffb0b03eb0bfafa
df04180bfcf3edec
f1f809ee040b05f7
03020aff1b04f113
fcf80bfaf806e1de
05e8020002fc0214
04fd03001cf3fe08
fe0aec0bf0fc07e8
0cf7f60af0f1f3d7
f80ae0f40d02df0a
1011fd1511e819f2
000d021209f3eb11
f9f909ff2305fa24
fb12fee4020f040c
f708e9faf210f9fa
00080afa21e607fa
011dff1ff7e00005
04020400fefbf713
0800e8041ff3fb0c
0009fd04f312efef
fefd0200fdfe06fe
10f600060c1a03fa
ff06f702fcece5fc
150ced0007f3f1f8
0f15050413f2f50c
f6f11308f71810f2
0f07fbf3fffc1712
03f2fcfffcfad9f0
0df0f3ef0609f3fd
090404080106f400
f4130217e9f9faef
1708f1f5f6e11d16
fcf5e7f3fcfefc03
04fa0ff3060a0f00
e5fafaf5e908feea
080507fff40e1301
06040af71bf90221
f7011efb03f311f8
0af7fdfdf01028f0
04f411fefefefb01
12080efc0bee0216
05f30e12f8fd01ee
e9f90e0af4f10ce1
fbf207f9ec161bfe
fd01f5e2f90b1b02
11f6fe1506fc05fe
ec0aef00f900fbee
0c0103210ff31c16
fad8e6fde9e2fde2
fe0ffbf601fef80a
1ff601f9f2fb15f3
0e070cfa0718ff18
09151523111d131a
07fffdeff707faf6
d9f3ff0d10f604f9
0801fcfe17fbfce7
f5000405fc04e921
0507ff1bf3f408fd
0cfe12faf9eff91c
12fceb0414f4f2f1
05fdf7fd070103ff
08f5ef29f7e90ffb
0df4fb0deb0f07fe
eef3fbeafc1af907
06fd00f907ef040d
00faf1f40afa05e8
f6eced1107060d06
04f2fe04f0fbfd12
0805f81601f20b13
f0f3eb080afc13ec
17080a15fa0cff05
ec00fffbff06f9f4
ed0110faecf6f4fc
0d15f80dfd131107
090400f1ec13e813
050009fbff0de910
fbf510ef02f9fc14
e2f4eaff0df1f0ff
f909fc0603eb0500
1710faf2f2faeaf8
e3f4061500fc190e
fce300fa070d18f5
0cfd0a0bdffe0d1d
0d02260d11080d05
01f8eef5fc00fef1
0cf1ed02000c0df8
00f6ef211ede00ee
17edecf3fbf9ecd9
f81111e1071df70e
fef9fb0610ef0aee
000f011500181316
0200f507faf10403
00fc07edf111f4fb
04f302fc0eeb21fc
fa191718120c031e
f2f511eefcf91d00
050af91f10e80604
0b02e8f3060f06ef
130508f70510001c
fe00fcf710fcfef2
28f6f9f8fc10060c
edeb02fdfb0d1907
f2f3fcfdf8fbfa0f
17f803fafc14f007
1303f4f40af3fae3
0a0402f00c0efeed
15f80112040c0b0a
fb050c0c0303fcfd
0e11fbeef20dfb04
f6e7001418e7fc09
140e05ea04fef3f9
f7fb0df4fa08fbfc
eaf2fe07f1060904
f10bfeeffb1400e9
16f4f41c03ec0406
0c05ff16f210fa1b
f8fcee0aff02060d
f3f8ecf2f7fcf612
fd01ed010f01ff08
0112061bfb160c0b
050b0fe3f61df2f7
eceafef6ff0105e6
12f5faf10c07f3fc
0404f211f8120e01
f9000aebea0ef1f6
04020efcf50afdf9
02fe0401001101fb
1714060bf10a130f
ecf5f4010be200f2
041312faf10ff00d
00fd04fdd90313fc
01fef802090c11fc
f1030ff7e909eb05
f9db080301ff05fd
f4fc02f6f1040ceb
05ff0205e8f50807
de20130ff30cd113
f6f6fdf70104eef9
181d0afbf316f207
f8e8092517e317fb
f0ff0808051109fc
3c190001fe04f807
e8f1040202e1fde4
100417f2fd1cf60b
18090ce6f512f10f
0d0c1d06f91a0712
f90017f310f9fdf5
eb03000ffc05010d
fcf5ec1000ef08e7
e3ecfdfff9f7ffe6
e6170d050710fe0a
0803fe0409ff00f3
faff0103070d0100
e3efe807f5e80d01
eaffedf408f10bdc
e5f915edf80205ee
eb06f1e005fafe13
0401fbfefb0408fd
0c0607f8e704f9f6
25fdf4e60507eaf4
faebf6f806eaeff0
f4f60109fb030315
09f60001f70de90b
e8f8ec0406e7f9f7
1f0ffff510ff0104
0f01f00ffbea0109
f006fd09fbe1fef9
1bfb0c02fc010105
231b15041af80004
e802f710f70d0213
0a0308fff3fefb12
f9efe70808e0f9ff
fe08f6fffdedf0f9
040910f60505fb19
eb0cfded000cf1fa
ea040502fa152f05
0414f6f4fa0bef0a
e7010107fefbfde8
f9e40f1011f9fc15
ed07000509fa18f6
03fff80df8fc29fd
fffb0c1afdffec1a
eefcecefea1beef0
0503f6fdf614fc0c
050cfb0c10e60dff
ff09ffdd0bf70df3
0ff5fbeefaf8150b
02ff0110f21df4eb
f1f7f4f9fe1700fb
0bfef9efea030a04
f601ebf20cf40309
fb07fc02f20aebf6
fb00eb18fd090bfa
ff0911fdf910080b
fdf6fbe409f5e80d
0afdeafe0dededfa
05f8fff60bfd12f2
f0f10404020aea17
f3ed04ec0aed26f3
080c1ef5f8f603f9
ea0aeefe09fce9f0
fd030df313def8f7
25fffa0606e619f3
0006070a14db0dff
0005fb0005fefafb
120a00e804f9e7fb
0803f3080df9fdf8
f41ae3070d0a19e3
fcfde8fa0fec0e07
ffff1406fadeed12
03ffed170bf41afc
e9f4fe08ed140300
0d0317effffdfd0e
04030a050808fd0a
f5f8ef02f60bf2ee
02080efb061a030f
fd07fb0f05f6fcf2
08f806f0091c0100
fdf50005fe00defd
00fefbf4f0f3040c
1d010d1103f30102
fefdfdf0fe010706
f9f3ea090a1108ff
e607fefb1405ef16
00fd0ceef91606f6
1cf81b051003120d
0800051df9e01408
01fe0eebe70df8ff
0bfbfa0a01e5f603
00120ff51be1f317
eb07faf010ed00fd
0704041707f912fe
f4fe0604f1250101
0b0d120303090709
f2fcfff90cf5f6ee
fb05060509fd0ffe
f8f60412f7f9f8f7
e307faec10e2e1f6
fe051002f6080204
fe0603f50d08040b
06111be61be61302
11ff0910ed07f807
f903e4fcfe040705
f40bf3f81bf20000
fdfff5f216ec0cf6
030609fb0cf0f107
05fe09fd06fbe204
04f70409020824fc
00f71512ef1113fb
f91205fc0dfedef1
09ff0df7040bf809
06ef0bff03f8f217
0b07fb0801f2eaff
1c0611001ae71216
01061404fbfb1afd
f3f3fff809e41111
04fafb0b0514dbff
10fdfffdeae9f5f7
0410010c16f5f013
09f60112e6130a10
070b07030aebf0ef
d90108fb020e11f9
02f6f6feff010f09
f206f4fb05fefbfd
f408d6f7edfffce0
080cf619e70bf811
0002ff0ef6f62318
edf7fde8f8191407
16070e0bf6fde90c
0efafa12f00a2cff
0c0201e1fbfde202
0ff8ff0d01f72bff
f80bfb11f8f90cf3
0902040d0cf20dfd
01f80afde71816fd
f7faf1f8fdf706fd
f9070a0608050003
ee020b0ff6f8ef06
fcf5fa14ef0fe3f5
f1f1fefef112f7f0
edf210fbf7141afd
1004e9df0cf5f9f4
130109f1e91bff06
f80600fcf4feecfc
03f1fcf5f4eddf07
01f5ef10f7fbf205
f2fefd00fbf3fcfa
ffebf60afc221de9
f702f5edfd1fe6e7
1802fe1c07e70712
fd0eecfe14ebf901
040200e4051408f8
09fa0e0c000c1003
0af5dafef9f0f604
080f0ff3220a26f0
fe11f80e0be7f1ee
180417f8fa0615fd
e405f0f8fdf8f0f9
fbfcf10717f00e0a
fef7f9f8fe0101f8
1205f002e61501ff
14f5fb04fdf413f8
000f19eefe050e11
fd17fbf6fefaf707
f503d82401d0f507
0a100f0f0bf21af1
ec09de09f0f7fffa
f3f71efef10fedfa
f70007dced190504
f4dd0de9eb0509ff
14f208f006fcfd10
fdf5fcf7f91212f5
fcf8faf7e41602f9
0a0aea0604e9fdfa
0513fe1200fd04f2
1308fbe70512fe15
1a04f6f7130cfb0a
0502d9000bf4f702
100ff2080bf8fd03
f204120afc030e03
0c070af114f80afe
f1f5f30ef4ea0301
f40cf3fbe6fdf900
010af6fef605ed01
0704eff5030ff60b
f9f0f7f7f9100f08
f12cf606f6fcfbf9
00f40ceefdf80e12
18ff171537f6061f
002a0bfdf913f5ed
0914060e0209fcf5
f3110f0904fb03fa
f1f0fa03fbf80afe
0003f6f8f20bf60f
0f11fd1305f2f300
4701043450c4fc31
fbf903eee81dea02
dfee0af7e110f4fb
fcfcf2020a08eef6
09f009e2f80f0507
eb00df13f4f0010b
f408eb0def08fd0e
05010ed60c08f31e
faf8c14425b60a33
03f51510ff0cfcec
07f7ec0b05f9061b
ee031ccfdd2afef1
f9eef0eaec0cff01
fbf40aff08fa0c00
0703f1f9fff9f7fe
fcf611e3fe290cfe
f5ed0ef8f2130b08
1407fcf604fd101e
ebeec90ff2e20cf9
ebee03eaeb0c06f2
f7e507fcfa0a1115
e1ef0510ea12faf2
f7fbf901f5f6f509
100e010215f2f7f4
061f041b05f007f0
05f8f8310bf10cfc
001111f8f9f70608
f5feef00fc0c09fe
02eef011f3fa15fd
fffc0603040403f9
090d06fafbfdebfe
eff60709f5f823f5
06f90c16ffef18ef
fa03ef1ff7e5fdf1
0bf504fe05100e01
0e1bedf90ffa010a
060efe13fe0308f4
030708eff6060ede
f7f9fc07ea03edf2
f6fd0ffa05040000
ef0c1ae7f505f5ff
04e8fffc01020a03
02f8052601ecf223
f4fff31205000205
efedfee6e718f40a
fdf11304040a0604
de02ef09f2fefefa
08f8f0fd06ef0805
fd1cfc0cfe030001
13051f03f903f7fb
000119fafa02f7f2
fef50016efe90104
f6ee1de3ef220cec
ff011bfcf107f5f6
f10c04f7f8fb0500
0cfaf807ed140e04
1508fa2202e7fc09
1ced22cf1c280a0b
00f40ffef60907f8
1304f50a11100702
f70304fdf9f9f408
d5edfeebe810f5fb
0df3e2ff12e7350d
fee20b0d04f1fc0b
0809f60405f90511
01ed0905010210f9
dee3fe00ee0808ec
00f911030c0a0b03
0de810fdfe06eaff
fc08df0c0af0fcfe
f51021fff9f402fd
14ec2aec0a2c0efc
10f712f7ff070c00
11f2f8fbfa050bfb
0507f80301fdec0d
f8eed9051fe60210
02e72002fe06f0fb
060212effe0eed0a
f90711dafc1007f8
fc06100a06eef501
14ffe90a1af70c17
ff0605180ff20408
ebfffe0ef404f2ed
02ff0c0c0e01f300
0601eb0d0af8f412
03f0deed09f518ef
0610f30200fcf0e7
fd09eb2700eaf7f8
09180ff3f4000af2
01e7e9ea02110407
1b19230204f7fa02
fc0c02130a08fce0
1002e6ed00edeb10
0bea0d0529e20e05
f6f8fe000b0004e4
ffedf50a0af601fe
fcf8fde711fb1e0e
f819fe15efd407f3
11e90cfe201301ef
e2e3f614edd606f7
2002050e0ffbfde9
feedf4e21ef81716
011000effb00fb0a
01180cf90d120e06
e00d06e3f00018ff
f208f7f8ef31e2fe
05f9fb0f0efcfbf3
1bf7fa070de90603
00ff0005fdff230f
1dfefef506030ceb
0a0518f7eff51110
fafafe0205fcfbf7
050cf80dd9fb0205
191615e91509fdfb
fb08f61bf80512e1
fef5ebfcf40cfafd
07ed0801081bda02
05fafaf700041513
ed1400f6dff706f2
2ff412010ae60ffd
06fd01fdf5f0fef8
182009251126f202
07fcf2eefdeff5fc
06f208060701ec0d
05eafa01fc09ecf7
0c04fe11f6f9ef11
00080707ff040504
02ff0a020f03f4f0
470a2744281606ee
080206df1df2e70d
d907f404e9f3f507
10eb05e912f2e0f6
0911f9ec0205150c
edfcf516e8db02e1
dbefecfbfe0afff7
0f0919fa10070f02
0c0a0647e4c321ce
07f80206fb05faff
f509ff04f4fd0eff
f1fb0cccee22f12c
faee01e7f6fb1606
06fcf90d050ef0f5
f00b0406f6e418f5
fd0601d8022e1415
f213f6eefa150503
f6ff0c0612171b0b
e2fedc12d9be0fda
fbec06f60719ef0c
05180bf7fff601f1
eff0eff9ecf7ddf5
f30cf1090df2f1e5
f604f704f5fa01fc
1605ff13fdfe13ff
01220008fd0728f7
fb070dfdf8f2050a
fb0e02030e0bed06
fd07060112030704
0e07f70dfa06f2f6
0102f8f902f2eeff
fc0d000cf0f9fbff
0afbfc03fef6ffe8
fee5ee0ffcfddff5
031309fa01fefef7
01f8f70ffb080c0a
06e2f1010007ddfe
05f0fbe70e0bfc13
0af9fb00fc04f808
ee00110ee307061b
fcf3f2e505eb1100
fbff01fa0a1603f4
070a0a3df2ebf5e9
0602f714fdeaf5da
ee01f0eaf4f20bf0
08f6fb0e0406eaf1
e7f0f310f7dee1fc
07f803fa01fd0bfb
00ddf4f608fc02ed
fe3402f602e90409
0b080ffb050ce303
f0020a08f0fffc10
e500ecd4f22cf81a
13e21207191fee17
eb09fafcfbfef408
f60ff3ee02080bf2
06fffd110c0cf8ff
3e0f3300212ef915
001108f5f203070c
fefdef03151006f3
0313faef0f120503
f30603f8dbee0303
010afffbfdfa2bff
17171802f8e90102
08f0f90e08f70c07
08fdf10f1006e5f8
efe0edf5fe1be710
0a1c02f0041509f4
1c0100f80ffef7f9
f213f5f0ec1c100e
f206fff0e80b0d01
15080bd009490a3b
10f905fc0f022008
060808e7f0021dfc
05f5fef6faf6f00d
f917fd10e6db1508
fff903fbff07f60c
08f90106eb01fd01
06ed0702f2fb0204
130b03052013eee5
0b1005180bf40de7
04150d1000e90cf4
e9ecedf202fce704
1af8f7280ff7f5f0
f70b00f7f8f31900
f90d0215f7ea19ff
0507f404070a0111
00e7f01801e105f2
000af904fafc0aff
08180d0afce0fe13
141a0df61515ee09
0bf001040c18e500
ec05190402fb1408
05100d0bf804001e
1d1bf70f07fdf2fa
0b08f70cf2eef0ee
0beaecfd0bfefff0
f6041623e50b0912
06f9ee0907f70401
02d90203050b141e
06f5f6fe0c1720e3
05ecfbedf1271fed
f0f6f5e2ecfb0703
050ae9080dfcede2
f10dece9ea0df808
e7f910f307f4dadf
20f30f150efc0402
0a0bec071f06fe06
0208e308ea00e6f6
fb1ae61e02f2fbf5
100a051a12ff190c
05ef0e0ef206ed12
de04fef102f80a13
1b0df1fc18f2fff4
0c140404fc070f12
ef0d09011703f3f1
f3e00efd1dede7f0
13faf603100f03f4
d9140b1502fbf4fe
23ebfa081e0609ed
0016fff90b020f03
0024ee1df4e1dcf2
05f606fcff0e0afc
f8e71afbf4effcff
0beb19100cf0fb11
fef9100609f8000f
f503fd110ef4fb02
1209fb2301e0e514
38fff02f0af302fc
fff019f92b0af1eb
e60c01f7f007040c
0bea10fe1cf8f7f5
10f8e6fe072310ec
ec031efbf011f823
edff0df8fe0fd90b
ff0ee90c140afce8
12130621ea0dee3e
feec08ebf7faf7ef
0f1cf4130810f418
0edb02ecf5e304db
f6f401ea0421f8e9
ed0005edfcf30602
f0f7fff10a09090c
0007f5d21019ffd5
f5f6f0f5fff80b06
13fddefaff0cfbf6
00f81ffde619113b
ee00edf6e50a09f6
0e0aebfc0e0b1af8
fdcd12001cff2813
eeed1300fb07f814
ff0317f7f90ae106
f0ee08ffeee6020f
091be008edf91014
fd19fcff01f8f3ff
f3e1040303fbfbe4
0404040cf102eff5
0d00ee0f00fd0cfb
f7edf505f9f802ff
fb08fff4fcfa1f16
0e15ef05ed13180a
01e320f80205f2f2
0415f906f4fdfdf5
18fff20cf20b0408
0ceb110e0c01fd09
04f405f4f4030ae2
d5ef0b03effd0016
e7040d12f1fe0008
fedd05f416fa01f5
0603efe3eef908f0
f7110621f4f2ec1a
060b0306ff00ff07
d9ff14ddf40fdc05
e012f207ebfaeef7
f2f21cf7fef61214
f9051004f5f3f6e9
07ed13f9070cf504
0f011713fb050601
faff14fa0bf504e7
fbf30f10f80cf60d
f429f2d9f515f0e4
f9ea24f406d504f4
010af1f403ee0dfc
f91312e81f10f4fa
13ef0f1109f1ef04
1211e11210def3cd
f114fbf6f1ea0c0c
120401d4fa150409
2d17fd09210dfbf3
d6010eb901ff0ce4
0319f104da170901
f70cef0cfe03110c
12fbee0011fd0e04
1ae8f6f60dfc2a0b
07e0faf1fa0028fe
1710f5f925030efb
06effdf81afc10e8
e32300fee801ec07
ed03f7f9f2f905ff
dc0cfdf2f6f3fbcc
14fde5f9ed0408f3
1209f7f5f50efbf8
fa090f1b080df9fc
fe07fe0ff8fb0a0e
ee06fde806ee13fd
ef19f9effcf80707
edf6fee6fa111efd
09d7080514e81604
0e0cf810f8fdfe0d
1bf2fb1b14edfa00
02e80807e8141303
0dd81b0e26dc0e10
ed1dff1cea08eb13
0a00fbfb11121a08
03fd0505f908f5fe
14050523eefff124
0303fef4f117ee04
030600f2ff0f03fb
1010020d00fcf1e2
0fe4140c01f6fbff
f01ffa080004de01
12f4f71302f90916
1fffef051ff703fc
081402050afa1818
03ee090aec09000d
000711e60508d716
df09f1e124110afe
f60906f2ea04dc16
0e0cf7fff41dfc01
e20f0a26e712ead7
08030014eff315fd
0e0014030fedfdf6
f6fb1413fcecf2f9
1bfa1500ece6fc01
09f0ef11f81df616
0d0a11fe0e22e10a
1afefa0dea0605f6
10f910f2fa1017f6
0c07f421f40ceef7
e000fa0000040cf3
1ffefc0513fd0115
17f30300fd1112f6
11e8210604ede925
fd1207f6eaefec09
080ff5e406010efe
0b0bec0ede13faf8
f1ec14fff7daf9fc
011df6f9060ee103
0004040d010a0116
f6fd1ef32f0a10ee
de0bf1f40400f8e5
ed11d9f30d1820ff
e8fef5e919fb1401
fa0edd04ed08fb09
2007f416eaf1fbfa
ecf109e22f12f8fd
01120de4491c1509
f711eb08ebf807ed
f606f907e7e90103
fdf1fde8f307fefe
fde7213103ee02ed
0501fdfdfe13f027
fde20cf3f5f5f504
1bffff10070416e2
07f4131323ffe91b
fd08fdf1050a2204
04f4050dfc1ddd00
dbf9ee09d2d62df9
05fc0607d2f9ecf0
f41b0fde0af71208
fc09fc02f414e211
27e70a28d4041df4
fc08eb21fbf30dfe
100b0e11fd01f4f3
f0edf308faffc145
fb02feefe80116fc
fd10e607fb0d0409
f3f8fbe50afdff0f
0406fef307fdf811
00ff10f807ef05fb
000620df1d030d09
1af920ff0a03f4fa
0cfe0d00f4fbf80b
15fee8fcedf5fe16
f7f907050cfbeaf3
eb0404f40e070c15
eb1ae5f912f901f1
0f0c0ff5fcf8fe25
d20108ee1cf801fd
04feebe8fa12d815
030301fc01f50e08
eb0903150c0ff6f6
f5fddef5faf709f0
ecf002e3eef31fde
fdfaf6f8e4ee0bf7
fa11f41408e716f4
fd02de05e6f7020f
f7ee1cf710f50703
04ff0cf936f9e80f
0bf405fe1210e205
0fc62720dcedfaee
1aff13eb03fb0b02
f60afdf400f8df23
f80c1cf10502f203
ebeffcf0f8020304
0001ebfb061a00e6
0409f7f0fcef25fd
ed1113fc060af8ff
11d9151bf0e307f3
e409effb0afc38f9
eef404fb0ff2ea05
fae511f9ebe6effd
f3fa12dc18fcf7ed
060f0efb1f0e58b7
ecf8ff110bf20903
0007fdf21510f7f4
eefc0219ffecee00
e2dc1f1bd3c507f6
01e71913f20afcff
14120e11160f0201
f10ff5e7110eec0d
e503e01525e81e17
c3fde21305f80600
fd0aff0af904160c
fff907e9100b020b
0df005f8f502eff0
e3f311fa0ee904f2
01e30b0309ed38df
0105061117fe08f8
10eb0b2300f900f8
fefdee03f60efeeb
21f9021800f9e326
e817f7090cf61803
fe15f905f70f25f7
f706fef2f0f913fb
e20c01ee13091dfc
1ff407fe020ae71c
1df3010b2011e21a
e103fef0f0f7f701
0504e9f71b20090c
09f90ef1fe10f2ff
1ef9e90af200ed13
f80400fafa0a02ee
f5f60206fa07f614
fcf1f7fa00f308ea
1c04e6fdedfaf817
f5f90ef81a0201dc
f9eefbf111fd06f9
1b05e00aeb16f802
0f07f6fd0e0d081c
25060ff1f106fb0d
f80ef0030c13fb1b
dd01fbfddb0ff308
0126131601fa2808
1a12020008d70cfd
f7060524fd1c0305
0debf5f9ff09fdf5
fb0bfd02e704d4e3
f9fe06fc11f8faf0
042bf3e90be7fd05
f000fc05f8fef6f5
f70cfc1012f4e7f1
0c02f50eef040909
04f4f0effcfe0402
f6faf5edf90d0a16
24f2ebe90211081d
061aef06dbfcfa10
070bf712090705fd
fe091cfd15f20306
0509eae7edfb07fa
f9f7fe0609020604
f40d04ed0000eefa
111206f81af3fbf9
000ffafaeb05f600
f20f0009fff9f70b
14edee07e20b0303
0406f60c0df5fdf8
1bfbe8f10fdd1427
20fe02ffeeeff2fb
2109fff303f7fd07
0aed170303f60912
1cea0e0501f9020f
0513f3f1f7050100
01faee09fef51b09
2ef1ddf607f03251
000af0ebf9f5d4da
ddfe1df5f709ece4
fff50c030115fffb
0504ed11f9f9e6e2
fe061f09fd0f000f
eb00211d0d0602e6
0c02fff0ff0d0307
0ef20e28f9142b39
01fe05f028ec000f
fe02fc0ede160e09
f0f9f6f1fefce8ca
f30c0807f920eee6
03e804080cf508fb
ff090efcfe0e0006
f4e1d9fcf50ad1e7
ec0516f110f9f3f3
0103f607040ef7f5
f5e50d3cf32f180e
f0f9fffefb06e5ea
010cfbf5ff080b05
f4e0180c0500fff6
f900080c0c081107
080f10190ff8fa0a
0bedfa0d13f41517
fcf6fafeef050b1f
ec030bf1fe0e0204
061efb0cf303f7f6
fb280f1d0400f1fe
0d020607fce70508
fc1a07e6f2060415
f8ea101408010608
f6e302fcf5021b0a
ffee142410fc030d
0b13f1fd19f5ffff
0406f506f3060201
0a070805f0f5feed
f2fff5effffde6f9
f11018f60cf0fef2
0106f7e3eff9f20b
f9f5eff8f410edeb
f7dffa0d0c00fdfe
050e26fe15e91f1c
05e10101f00d1315
f40b00f80601eff0
fe04f40218ec1503
fbf51104f90ffbfd
030af70f0810fcfb
f3e50805ec01f802
ee0106ecf5f5fb1a
0afaf2ebf0ebe4f6
040e10160df702ec
ed03eefaea13e7eb
03ff0ee412ee09f9
f3fb0901f80407fc
fc090e1dfef8f6e5
09f8100a1dfa11f8
2a09e4c20dd80b0b
0001fdfd06f803eb
fee7fd05fcedfcfa
e3f805f6ea12eceb
d8f61613f80cf2cf
0313eb1fe325fb13
fa14fdd8fef2fd23
0bec090cfc0203fe
11e8fcfff8fef7f9
e5f81312fb04f9db
fcf3eeefe3f8f305
fcfef6eafdf70108
f3080f1306fb0fff
01fb0afc1af11dee
fcfceedd13e9ebe4
13f6f6f401f804f9
ee06f7f9f40bf0f0
fd30fcfbf1f2f913
f2070a0cf911141a
f21713e227e50600
02140ff318edf4f9
ebf2f8fa03f904fb
03e70ef70ff51905
0ff7fc19f5200815
13ecfaf9fc041414
f4ff1306fdf5f5e6
0dedfaf001f50d0c
f526f905f2071a0a
07eaf213e627fc14
0d09f9f9fcfef806
01090b09f7191413
f600eef8f4f5fb01
10cfee09fb10eefa
1317f5f605e91601
18eb01fcff04fc03
fe32f9e4ea0cf412
f913f6050af90d09
0ce5f408e1f3f113
fef5071001020b0b
09e7e805fb0a08ef
e8f30df12e01000f
f5faf501fd1b13fe
f3fa11ed0c0bfe03
0400040af1020c01
fcfff91204061ff9
120210fdfaede80c
0006fb1ff6f3f6fa
000507f6feecf7ec
1012fd02f9050600
f6e8f102010b0d15
02f5f7f8fe04041c
070bfaf4f4fdecf0
f307050cf91308fa
fae3fcfb0606f202
daf9fefd0b000cf5
071a1b05fef9ecfe
08fef700ed0deafa
f10814f500d7f415
0afc01eb02f71002
14f9eb01071506fd
fdf6f7f8f90a0ded
0e070ef208e6e8f7
f9dafd0af80823fb
ff0f02fb01e4f603
041ced1df50bffff
fcf300fa10fc1b08
040209f1ff19fa08
f2f3f20a161512fc
04fd08effdfceff7
1301060416faf6f9
effa050308120501
ed07dd22fc1829ff
0ff7f80616190ffa
15040ee10fe7f5fd
f905d804fe1a01f3
040afb18e8ec0fff
e9f221dc1800fb05
031415f4f4fefb15
1200f00ef906f6f4
b2010ffc06e2060e
06011208f8fceaf6
edf5f3060dfa0210
431800fefb0ff6f0
1dfaf3ff0700f9e1
f20b04fcfcf109f8
08eb01fe04fefcf3
39f7eb20f6fd0fed
0afcf8fd0004f1ee
f303ef04e5fc0a09
cc0023d812d70621
0812f6fceffd04fa
05190700f702f1fc
06ff0d080bf50621
ff0f03fe1906f908
eef8fbfc0308fcf8
ebf905faf505ff07
e801111007f51906
0cf90705effefb03
180df60a0af508f4
0007fb0dfcfd18f4
0509f501fefd01fc
12f801f41b19fefa
ee120dfafde9fa07
fdf6f505fd050b09
eeedfdd823081510
021b1b0f00f2f1e9
fafbf001121318f2
0ff4f8f80707f2f9
17e4f2fbff1b08e2
f506ffeb0f00f1ee
1d0914f31ff3ecff
0bf3ef01fe03f50e
0927ef0ed6ea1213
e90907120906f41e
e0fe04ebfbecf716
0300fbe601f5fc03
f3260d0807ec0fee
f2fff4f011f3fa0f
e40af717faf51bff
06fafef41606020f
03ee0aee0b19ebeb
211af90a020cf8fc
faf604fc0a090d12
220e0f09eee9e801
24fbf20a0211fd00
0705fef6010401f4
05f908fb05f91d0c
e607fd0cfc091e0a
120bd93bdd210af5
05110c07ecf7f9f5
f00ffbffeaf8130e
10e10408f2fa2407
0f020bf702eeeaf3
f6e60e0af20316f8
0802090108fce40c
eaf20002e7ff0303
020e020ceb0a020f
0605ff01050d23f1
fcfff921e609f3f0
1bfef206fb0801ff
f0eb08fb07ff1cf2
0a0701f605efeef8
2a11012ae005feef
140b000bea00f709
0bfb0f18e4f50f10
11edfdf02106e40a
f30414fbf4eafd06
131a0cf7faf6ea0d
00030c0af4fddef1
0d0902101cfb02e9
01f1eb15f5060e0e
d9fc0000faecfc03
fbee01f9070d01ff
01fafbe31203030b
e6f2010a0406f511
f3fcf6f714fef800
f0f11af7eeea0ae2
01f2effe0f06ede7
e4ee05e217000c14
180317f1fb0c03f7
0508fe00f6f40802
0e09e814001b0bfb
ecf3f502010911fe
04fff90114f9f5f3
f803f602f903f6f4
10eaf50ef7f9fcff
ee1205fa12f1ed17
09f0f9ee091205fa
f90ee607f2fb04f9
08e3fdfffa04f9e4
04faf1fefe0314ea
15f80605f8f6fff1
02f6fae607f8001e
ff0b15ff0906ecf9
0cf20f07eafc0314
0207fcfb0708ee10
ee020bf201fded09
f6f0f3e503fbff03
08fef2020efe03fd
ff0a11f0ff132116
0ff60bff07100712
fff5f4f8f7fd2508
f3f5050cf90908fc
0810001bef010101
fcfc07070606fe12
0b0ff802190309f2
050ef7eff1f813f8
fef400eef0ec07ee
00f6f9fa0af61df3
01160e07f3051107
01e5e0eefbf9f4e6
fc0aff0404000100
ed0204090cf61a16
0c01e9faedf2f413
08fef9fcfbf8f4f8
22ffee13f3f9ffe4
f8000c09edf002fb
fd07010aeceb1808
0201f70707fe1513
0705fbfc14f90ef7
eafaf6fdd4fa02ff
f710fafcf7f11010
16f603f30003f6ff
11f600e90b100310
fc11fd08fd04f9f0
fc0b0cea19f205fc
f1fb080002fb0e0d
001c030dff1308f0
0405110dec0af500
ed01f7021b091711
e8fa1a05080bfc1d
fcf8f8faf1fd0f01
161109040711e7f5
0f0d02fa03f515ff
f8f21cf50506f718
0901f708f10ff007
f5f204f504fa0f04
061be1fa14140ae8
07f910020c0e09eb
120f05020b0505f8
0704e2ed0a08f3f5
1404ef19f9e6ed05
03eeef05f0fdf5f8
0902fe0f0808f3f0
f715050d131d04fd
ed0c11010615f8e9
fdff0010f7fb05fd
f1ede30c00fceb08
11f800080c07fb06
fef6f208fff21404
100cff131318f0fc
00f2eaf2040bfe05
f6f9e9f9faf306dd
01070ef90911ee11
0eecf5e304080d03
fde5dd09ecf2ff05
01f6edf9ebedfdfc
f60bfefe050102f7
f1fe0f0de6fe0e03
fff0eef1190b0702
0702fcf1250afb06
ee1cf211f305fe0b
f7fff1100c0a0b03
f2fb02f0fdf30716
0a170918ed00f7f6
fe08ed0207eef2f4
03f5110a100af4ff
12fe02f7f4ed06fb
ea03f9ebdefdfd04
06ff1305e805f917
f6f9eefef400f6f3
f903090a15140c10
03f60417f400f3fe
f4ffec042d01f9fb
fa00ff020c0408f0
08fd01f600f6fcfb
f8e82829e8f0fb11
f80efe0110100910
04ff12fb1ef5dfff
f1f9fcd712ff042c
000f09fb070ff902
fae40403101612f5
f30c1713fafc0e09
11f5f9080b06f8db
fd0607110702f4fe
10f4f9fc1804f1ec
fe031a000c090e07
03fd0500f2f6f50b
ed07f3f905f915ff
f8f2fd0a00fa0308
fbf40f05fd06041c
0207f9f4090801fd
f5f903ec170beb13
eff3ff0cf7e81507
fe14f9fe070b04fd
1102111afb06f707
20031b08e50709f2
f8070303fcf703f5
08f3f9140a08f6f2
fe0a070214040ae7
ec05fd01f8fcf8fc
02fefe060b14f6f7
08f7f915e9fcf2e3
ed090004f902140a
0619010112080aed
f600f4edf6001109
feefeeedf6fbf506
f2fef7f9f510eb10
0f0b02fc10fafee6
05e91802fef80a1d
f9f4ecfd03f70eff
e01209faf5060c11
f90119f4f70800fa
fb04050efbededec
00120702dfec0e03
eb2a09defd020400
f7faed0418120c20
f8f316fc03f7150a
ff16f10e0d0709fb
f30dfa01fcfdff14
e60effe0e60113fc
1402ef0af7e7030d
011202f207021c05
0812fe020d0d0315
0ae70108eefaf6ee
fa1409fa160bfe01
f20204f80311eb0b
fa0a0df5fd1b0f19
f80206ef000c0802
eafbff030d0b18ff
feda0b02ec0b27e3
0cdc030d08fffc14
0412fcd406fdfd0d
f60ee9f912fcf903
ff14e6e60b0af6e8
faf11406030703f1
e31a07f1090401f1
fe08ebec19fb0610
ef1e0bfb091105fd
0b050d07fffc061b
fffb2800f7060208
eafcea090f08dbf1
09fd0b0a020b03fa
f4e50a0cf2f1fbda
09eaf4fefefaef02
04fefa061ef505ee
0c0414f916fd0304
030315ee141cf20e
f119e0fc0ce606f1
0cfdde0df703ec00
e8fe0ae60806fbed
010af9e8f10e0300
f3fbe40c0dfbebfd
fd04e6fd0a0dfd10
ff2307dc0af90607
12fa190812030309
16f30e0af9f8fa04
fd02f7f30afc1714
1b091204eff2fffb
faf9edf904f606f4
fefafd03e6fce900
ed1ef6ec1b04ee0f
0610ede2e3f5030a
15f8f60c060017fd
fd1a04e109fcfbf3
f513e10d05ffeb18
0200fe0ef5f3fdf5
020902f90b15071f
f910f307000bfdf5
f5fae90df9fbd9fe
01f20206f5edf7e7
fcef08fd00f6f917
01fbfcf7080ee51c
f7250705fbf71209
03f6f20005fad604
f1051213f7f30008
f8f90e04fe05ebfe
fcfd08000c0105e7
fd03010bfdfbf211
02fe0ff90c0f0e05
efffe701000102fb
0eff03f8ecfa1011
0a01f6f50afe12eb
f9f7f3fefc05ede7
f9f6f50503fa06e4
01e8f90c000518eb
09eaee0bfdfb1aee
eb2003f40a0ff7ff
06f40f00e700020c
f6020d05020bfc12
f0fe0cfbee08021c
fb03eff5f8fa0dfd
f6ec00f9f6f0e90f
fb0af50b0a0aecfd
040cfc02f904121f
e50eed0704ffeee9
04f9f51507111608
0df40504daf206e9
11e60823fcf70ef7
0d03fd0101e90bfe
08e1201ef3fffbf9
06fbff1a070411f3
f411e80a0c07f50b
fcfe0e0302f2fe09
08d83de815140709
20ed06fdfef00414
f4ff0605f7f4db0c
01ffe90303fcf5ff
28f5f706ebf403ec
ff0403e80001170f
0cf906fe16f10618
00151307fbfcfa0b
17e4230bf0f8effb
fbee0e1503efe8ee
070b04f205fcf716
f610feebf80af113
0cf8effd1508fb11
07f6ed0905001100
1df30dfae4f803f4
05180c080f071307
021a02de0de70d12
f80ff901100603fd
010af0fe08181713
06f3fd1ffdfb0211
01f6fa0100fa09f2
07f2ee04f7e8fcfe
ff0208fbfff8f6fc
fd0314f611fd0221
050c0c0cff0c140f
08ece40f02fefbf4
03f0021bfd0504f5
0702f4022012150d
0d28fdfced06fc0f
f3f704f90407fbec
e9f804f109110204
f8ef0e02e200f2f5
110e0bf7f2f7ecfd
fff510f4f9f514ec
02f11409f6faedef
fd05fdf014061311
02fd1702f7fe0d16
fe1e05e8fc05ed0e
eafce409f710f906
0b01f70e010b0513
ff0e00f90b0fff03
04f30c140b050a0a
fbf9f2f205f3fefe
02ecfe07fffefef6
0ee8fcf3fcf90e0b
f5f9fefa030beb03
f70b1e210c01f818
f61400f70307ff0c
f6edec07f1f3e4f3
0009f8eefc0102ff
f9f9f800fa0612fd
e60e200f0a13f51c
ef060115fffaf803
f91209f80cf6161d
090bfaeb01f812f6
ea09f804060c03fc
fbfd0e0106f7f81b
07f601f11205f80e
0cfc1afdf7f6fff8
0af1110504f819eb
08fa0f02f9fc090f
081a1f00ff0201fd
0df1f4fef5ff0e05
fbfafef60f010417
f51f0c1000e60bf9
09fbfad6ecfb1fed
f7fbf4f8fe0209f1
ffedf5f2fc0c0de3
f90207e6f3f91304
fa1b2afe03f0ff00
f40bf50006f6fcf9
f509fb0d081bfe02
0ceb07fef1f9fffa
fcf603f6f104fff0
f809ebe9f3ed22f4
02e4fc07fcf7ef0b
040cfdd7f3fb0807
14f7ffe001fdf606
fd1918231005f515
f30ef3e90e1a0ff7
fbfa01110b0a16ff
f602fbf402feed18
04fa1d09e5e1eced
02fe0dfcf6f90a0a
0bf2f6f6060ae8f4
fb07f9fb0303070a
00ec0b0be5fcf402
f9fa0d010df709f9
f704061103fcfbf9
03fbd9e0f410f300
fbe0ebf7f0f6fc03
e1f8190e0710f910
03efe3e2f20f02f0
02f7dde4f9f912e1
fd0903e9fde209f0
0416e4f7062102e9
05feff09030bdb12
f6fef6fd0706021b
f2090ffb09f404f6
07fae107fb01030b
fcf7fb1606fde907
0d0212f8f5f2fe09
fbf5f8fefa15f7fb
0c04000101e7fc10
0af0e2f9f6ff13f1
ecf3110b0817f606
09060a0e0601f00b
0302f0eff7ed0feb
09fa050ffdf40401
0aff02f701f0fd02
ed1225e7fc010105
05f2fdeaf4ed0b16
f4f3ef0c1001fc02
ed1506fe0d070efb
f90cf7f6fdfbfffc
0204f5e805fb08fb
f70512100b08fefa
02f7f1e3f8fc04ee
fcfee61afef8fb08
0deef5dafafa06f9
f520210cf110f31e
0ef7ff12ff0001ed
0504fbe804f90dfe
00e40cf0eef9e803
fe0dfa17fff116ee
13050e0cf6fffcfb
08f0f8ee00f9f400
060105f40bf51009
d528030e2901260c
fe020a0c0410fef7
02f4d502f6f101fc
05ddf3fde1f6f4f5
03f20904f9fd0109
0009d804f50af81c
eb1117090f0a0e14
f9ded609031600fe
f8f5eef7fb0601ed
09eff0f3faf905f3
f3eb0416fe06f00c
000c0314f10b19f6
0509fdf1fce70113
02101101fef9fcf4
f5f0011402fbfdfa
fe03070f0f0d0303
09f3f715ff1cfb0a
0f0f21f703f3fa11
021918e70b14fd0d
edfa0e1f0901f70c
fc031a0207030114
03f90201f6f6f903
07f3fc0500fdfff3
e118edfb060eed18
091404071313f517
161011eb03f301f0
f8050b0007f3fdf1
fd240702fdfd0515
edf8f9f802020112
fe0011fd00ef0805
021708ed01eb140a
fc0102faf9fbfbf2
f8f8e6f701eeff0b
0104010701f914fd
09fff9fdf5f40be4
fa1e120805f8fb1b
f40e070f120ef723
fef9e807f707f403
f907fdee051007f6
280df9fd040706fa
09db05fbd601ee0f
f809f904f8ecfefb
180110fdf82d1722
f0050500060a0dfd
ff18f7f6050b0d11
fa11fdf8010d0a00
f915f8e800f0fbeb
07fff9fcf70cf604
f022f4110bf8f0f1
0f04f80d03f2fd00
eef811fd04f70eff
141802f30bfe0b0e
fd15f5090dfafaff
13f411eefbf8eafd
fae9ff20f4fee004
dcf105fd0e10fbec
0304fc0100f9ffe5
fd010307eb21071a
020109fdfff90513
fd0df2070efaf9e5
200efdf90503fe11
f3ea04edf30006f8
06180911fcf90f09
e4f211effefd02ff
faeb01fc03f9f1d0
fb0bfe0bf5fbfcfa
f60601040df7f700
f0fb040c0afe05fa
f502061afff80c08
13f8f7fcf8f3eaf2
11f4f10cf4fbfafa
0cecfc1ef9f5fd0d
0e20fbe819f31901
f6f6f5f9fc1cfe1b
1406f60f08f8f8fa
092403f813fa040a
f2f11013fb0f0115
05010c03f616fe12
0f1d03f00fef07f9
e4c2210fd706fb2a
e300feee0cfc07f5
12f107ffecf8fb10
103be6ee1bfa0fee
1205010104fcfb07
d6fbfdf7fb050d0e
11072409f20ef917
0e35e6e519e31e02
f30101f6fbfcfbf7
1004faf20bedee11
f9f916f2f911183d
0408f1f513fc1016
05feff03030dfef8
fcfa0407f514130e
ebe2f318fb07f0f9
fde70c09f8fd05f2
f0ebf801f9fcf803
f9faf80ff9f90d06
fbf906faf5fe190d
f11600130204f602
0af2f90d0c000af6
fc150305070000f7
29f6f210f803eeee
f9e013fef40e0d14
f6e8f10004e1fb01
06e2040bee15ea13
ef0802e10b010ef0
2008f80809fa030b
f6fa001d1608f9ff
0628f9f4190f1d07
03fbf9fffd02f900
0500f5f6011007f8
241408ff0d050613
f30ff107fc0f1104
f5da070debf0f9f7
f0d70912ea0bec0b
fff8f108ef17fdfa
c4f1f0f0fdfeef00
ebf6f5faf90afd22
f1f004f8fe0d0b08
01f1fe0fff0ffb0e
f5f919f6f6110be4
e32bf8ec0ef0fee4
00f6fc11f909ff0c
f21204f00f0a0c03
f5fae3fc0ef5fad9
0404020509f9031f
0211fdfe1104f418
03fa021dfe02f7f2
e2edee1713d9e0d3
f10305f300fe0301
0207ed090910fc07
0514f51904020408
06190fecf4091505
17ff011006f0ff18
f9ff01ed00ebfaec
f000fefd01ff041d
f9fae70a040705f5
f2f20401ff150809
f515fdfb16f7fbfc
f10d02fb11fefaf0
05f91005f1fff70a
0aebf202fcf403f9
ed30f1e826fa07db
1023f6fc02060e03
1a1806ff11fd18fe
28f813fe0901f8fc
f8ea11f3f4020615
f419fbea0f0803e7
f505eaf2f60600ec
0315fddf0d0b08f7
fa08001101eb00fe
f8e90f17faf30c2f
ff050d050ffdfdfd
02f2fefdfb160e10
f1ee0d0e050304f3
19e6110ae606f406
fd040d01f7191128
1007f808f80afb00
1be1041d0207e117
010e00150703fdf6
fd0e0f0710ff0c18
fd10f7080ee9f3f0
00ff02030b03f0fe
1ef400f1fee9fbfc
04f90ffcfa0000f6
fb1a0c211a030ff5
e2e505fe0008fb0a
09feeb020eee070f
fc0ff90000e90600
fb05ee0afbebebfe
0a10e7fcf10a0401
02fcf7ff1108efe8
faf1f2050b0de8f6
eaf70808fd120e00
fff7fdfe0ff4001d
f301f60cfce6f206
f8f7000a050201fb
0701fd050806070d
00f6fc040d0e0afe
fc00f41e14fafcf2
10f5f6010b0befff
0907f4f8f507f9f6
02050600f7f9f0f9
080e14f5f31310ec
eefefb0d08f00bf6
ff010af901fd080a
02fff5f10502f6fa
03f2f605f606f8fe
1404040dfc02f2f9
fdf8fbfd0705f7ff
0e0c0004faf90afb
0402fdfcfc0111f9
f9f4140117f9041a
01f6f7090ffceff7
0202ef07e707fbe9
ff01070aee03e8e8
090113f6fe210df2
00fc10040904fbf7
19f0fffe0e03f507
1c03031c02f5eb16
f0f805ed03f6e702
e4f406f60a0612fc
fc020801f6f6ebf6
fdf8fdfa0a010a11
0104fb0100080309
09fe05f811fcf5ff
0b03040e07fdfd01
04161d030f0f0f0b
000a050df81116f3
0c0008ff10ffee25
160009fcec23f400
f706f30df3f2ec02
fefb06f1f1000002
ff00f3f80efbeeff
15f40cf60005f905
f3fc01f7f7f10303
24ff0406eaf7f933
081a00fbfd00061b
02faf40def090c02
0006f70517052304
e4fbf5f60bfd04e6
e3f8f6f717080de4
0704f002ee04e8f6
07fe0e0c00f50d10
f40209081103ffff
fbfff506fefd05f8
0302f80707070b02
f1fff509fad9ed12
0bfd02fef40f0b10
03fcedf706f5eefa
01060afdf7ff1604
fa080bf2fe0efe0e
fefbe906f506fa08
f70006fcfbf6ff04
0a00fafdf9feec00
0b09f707fa0cf9fe
140aed02ededf003
0f05f604fb06eef5
0d14070af9030c02
fcfdebfc08ebf408
00fb090908fe17ff
f10c0efb1406f70d
020811fd09041209
fcebe5eaff03faed
ffff0bfbe6f3fe05
f5fef1fa000700f1
f4020006eaf6f814
0309f5fb0107f301
0e0ded0c0b0306f1
0cfc0a0ff7180b1f
fa09f80af1f902f3
fbee01ecffff0cfe
ff010111e902fee6
0401fe0d1805020f
f1fc18ecfc02ee08
fa0a060a04f1fb0d
0ae50520010908fd
060d090701f2150c
0efef908f8feff0b
f5ef21041d17030b
f4010c0707fd0ffa
0b0deef9e9e6f1f1
00ff08ea140906fe
0af8f8fbe3f80405
000608fe14101bf5
e8081c03eef40d0b
f8f409f911fd050d
faf8fd0800060feb
1301fa01f8fcfa02
fc0302fff9ebf4f3
11fb0000ece8fd08
15fdf3fbf8f915f7
fcfaea010cf10d0e
ff0becfcecfaf601
0416130903f20e09
fafc050c02141106
04070905e80e09ea
fdfb0ef7070beffd
0afd15f9f7f60903
0a0109faf8100d1f
010908f407f8f4e5
f4fffd1302001710
f2070d00f907ffe9
0c02e9f709fffa0c
fe10f9f5eeedf6f1
03fd15020204ed03
0a18080bfbfcf806
f7030e0a10fb01ea
13f918f0f726fc0d
f7e3f9fa0af6ed05
12031108f3f9fffe
fe01eb020109fefc
140d03eddd070bfe
f2f306ed1608f3ea
f90509f506230bf7
09fe08ffee230e04
08020803f401ef06
0bff040b0804fe0a
0502010af004fff5
fae700030d00f4ff
efef0ff0f5fdf404
0efcfefa0d040605
0aebff05ed09f90b
04f506f1fd0c0300
0714f70015f2fe0a
f613fefc00150101
0f0013ffff1cfdff
0711f1f9f02a0c02
fd08eb05fcf2f3ff
040ff913e421fee6
090bf1040506020c
02f4f10711f703fb
ecf90900fa200606
fe0af8fe00feff0f
050709fafafa0af5
1513100107f5eff0
f91afdf6eb070a00
0ffaf7f6eefbf3f5
fefafe0bfb0af5ec
f8daf7f90905f809
ea0fff000ef3f803
141d1df5180211f6
0007fc060804f402
0b1811060fe3fcfb
ff17010709f406ee
f41817eff9f4fef6
01051af1ee0cfef8
fd03f9f41d16f11e
f6f01c0306edfff4
f3ff00ef0cfef2f3
0af6000c0502fefc
f3fcf502f4000703
021717ea110f090e
fc10faef0bf301f3
f9ecf9fef40209f8
f607df0609f40014
0ef3000d0a1f0f17
ee1106efeeed01f3
ef0906f00af516d3
fb06f2fdebf7fff6
0ef105080d00fd03
01fe0cfdfc07fc0a
ee09f1fa03f92111
fde909f904e9f1fe
effb09de020f0d0a
fff3f4df04130f0d
22f7ed0112ff0a06
edff12f71008100e
1af8f21b0308ffdc
10f02b010903f700
1808060806f3f4f3
280cfaf915161118
fc09fa020d020b09
fdfbf5f80a110d07
0ff2f300020200ed
0405f40104f1f21b
00feff030002fef8
02f612fc0218fce2
02fcf5fb15f5ff0e
f0f4fb0a0c02fbfa
10060bf8fff1e7f4
ff0e03040b0d0e03
fe14f212e9f3f8fd
0816fa0903e902ed
11f10b05f00908f8
0209f9f402fd04fc
0011f3feff091e11
faf21af2091101e5
0101ec03fbfafb12
f30af91209dff9fe
e90efff316f601f5
ff11fe00f5e5fcf8
1604fc051c06082b
03f208fb0afcf408
0df8ee0ef214fe13
12fc0c10ea110ff3
06f30701ed200d14
04f4fef4090309fe
17f1fd0dfffcf400
ef12eb08ecf607ff
08f2020513eff0fb
f5fc0aeaf0f4fc05
eaf50efb04fafeed
13fa09080efcfb04
0202061dfff60203
f0f001f30aec0b10
13020e040b0a0cff
d9000ee4faf4f9e8
08ebf0e2090206e6
f211df17dc07fb05
fbef030705110718
0201f900fe09ef13
0a03f71813ee09f7
0900e50b0f041314
f7f4fd05faf8040d
01e51cfcfa00ea00
f81ff4f4fff400ff
05fcf604f4fff1f8
01f8f80300081603
f6f6e702fd02f8fe
f7f900fff40f0303
000b0808fd0b0909
f9fdeeecfd120513
ffe2fff90ef8f8f9
fe0a0107fa14100e
fbf9f400fdf40512
fdfdff070eebf1ed
f703db000603f7fc
eaf6f30cf7edeefd
1a1007f2000d0405
03fb0019fee5e8e2
ef0904f9f713fc07
fe01e71cf9f2fff8
021c04fff6010ff7
f808fcfefe03fff8
030eff0305ff09f2
f3fcfff60bff0ffd
1208091006fff2f8
0d0efffd1af502f7
ea1802f80805fe00
f0eeee13fafdf11e
0000070efd0701f6
f9e9f40a0b040113
fd05f700fd081907
ff01031408fefbfd
00ff14f7fdf907f6
fa0efdfffef901f8
eff601fd110301f4
0a01060de7030910
0102f8070705fc09
0ce604fcfb040316
090afbff09fd0104
eb0c0e03f2fbecf5
ff030a00f4fef3fb
f5f714f7f5fe0b06
19fffdf1f7031efc
f801120508edff0e
10fdfef9f2fa00f9
0a0008f6f9f50af9
0100f70411f9fd16
00f90cfe04fdfcf3
ff110200fe0c0d06
14fffffc02080503
0a100802fd00f2fd
0205f303faf808f3
11f0faf5f5050d05
f50005fc060d00fa
f0f6ff100c01fe05
22ff1310fff712ef
0b090108ea05030d
f10b030ced00f8fe
01fe060efa02edfb
fb0ef2f91afef3ed
06ee0b020410fefd
0bf9fe07eef401f8
fe0a14030a0414fa
05f205fef7fce105
02eeff15eb04f60c
0fed09f9f8feffeb
f6ecfc060105070c
0a0cfd0d01080103
fdfdf9f903060cf6
01f9070a0c021b0d
fe0e03fe1f051108
eef604fd0909f909
0402fffe02f90f08
04e8f901161c080a
fcf3ecf70300fdfd
f8f4fa110305f004
06f3fbf9ec0006f9
eaf9f4fb07f9fbf4
0cf0faf9f0f6ff14
f906f70ff807ff09
fa14ed000c19fced
f904fb0403f8f3fd
0404faf60a030b0e
0ef103f200f80a03
f8ff0e000205ef07
08fafef3fefff008
ff1707f60308f310
fe02f80f05f21c0e
f40cf4fbfbf9fa00
fcfcefff07ff0402
140c07f702fcf5fc
0400020f06f3f9f8
040b060ddaf3f601
ec0bff0303ff0113
f8ff050e010a03fc
0b061213f802ecfd
0406f4fe0ef70efe
0902f70dffed14f8
12fbfb00f4f8fbf1
03fafbf2e2f6f8ef
000200ec0204fafc
03f5fd050209030a
070800fff30015f5
edfb020408f917fb
0b0510ff08030003
07fefefc07040bfa
0bfbfc05f205fdfa
eb09fc0103010609
ee110807f713e7fe
f0030a030502f509
060403fa0101fe00
fff1ff12f308f0fa
10fe0d040707e506
fa10010307f80105
03fcf5fb0af606fe
fb0607faf204f3fe
08ef0212f705f904
0bf30911010e0304
f60311fff9fc0906
f8fe33edfaebfd1c
00f5f10b0a11fdfa
f2020c0cff020211
01e8fefe00121002
e8dfe7f2fc1bfa09
eb04fbff07edf8f4
f4fb11080bfd0a11
eb161209fd04e503
edf107f8020cfffd
e6f9e5f904fef0ed
f6fafaef14fc100d
fcfa0504fdfc15f6
080efb0504fef1ef
11f80915f20202ff
f3fef800fe070ffb
ea0bedf00cfe0605
f4f6fa0e01061001
1303fb0a15f4f4ec
0505f40102ec00fa
01f10cf70008f712
f507070404fcfb09
f8fef300fe0514eb
00ed07100900fef5
fffdf60101fc20f6
fffb0609ff0f090a
0e03f817f50804fd
eefe0bf1fe03fe04
1514fd0aff0401fa
ef03fcfc0608f3fc
0b1002f2fcfcedf5
0a0802060602fd00
02f301f9f807f7f2
fb13f9f70f0c0d01
11fc0e09f4f8fef8
00000afaf6fdeff9
020ef80705f4eef9
f604f8ff0a05f5ed
fdfb04f308fbfaf4
fd0700ec0f0f0113
090bf9e202fc1c06
fbf007f6f9fbfc13
f707fe0af104ff04
12f911f205fbff05
0008f507040efb04
fb1600f10af406ff
fa02f20af9fefb04
f214fbea080fff12
f313f9fafbfb0700
14fd040f06fce602
07f705fc060601ff
00fb08ef0df8fa0d
180f17fffafd0eea
fcf2fb04fd00130e
fefe07e50205eeff
01f10c14f8f9eb01
07050f18fa04f803
0004f7e6fff911fa
15100301fcf01011
0bfa040407fdfbf9
0feef105f6fbe6fc
fee302e11603fff8
f30cfe080900e70c
fa00f601f70afd04
080b0a06f9020806
f7e8f607071d02f8
f6dafb0412fffefe
01ecfb000206f7ff
08ef0117010cedf2
1a000105050cf1f8
03effcf80af9eb05
fd02f5fcf2120708
e5190cf4fb111b00
d5e7f6f8faf3f505
fafb10fffcecfdfd
04f606fa06020501
041bfcfd1701fe03
05f8fe1cfa03fa04
f203fcfbfcfdfbfd
0708fef208f60fff
f81215031a0d0201
0eff0608e308ecf7
000306e11305110a
15f4f2001ef4e7ee
0af00df821fdf6ff
040cfe15f30afdfd
061508f807030217
fef5f8f71dfa06fd
d90e090c0000f609
fafaf7f42d0910f9
fd070d0cf9ff0012
f4fcf700f9f40200
f90403f8f7050cfd
e8f61414fa0207f9
f1e806170102eb0d
0ff70b08fd0eec02
f809fa1eed040c02
03f602fa19071d10
0604faf8fbfd1104
00edfe030f0af4fe
e404f30c02ff0d00
1313fc0d010605fe
f7fb07f703feec01
01151014f1fe0e0c
0403f5e907060008
fde8050d06f3ec01
f4fff309000002fa
16ff04ec110617fe
02eb000c0f07e803
040b08e5cff7f105
07e31402fafbeef9
08feff010b01f103
f806fbf313fa0100
120f0508f0f900ff
fc000408f60a0308
fc0305010a130803
fef7fefc03f5fbf8
07ea0a15f802f5f6
f5f4f60afbf6ebfe
ec050200fa000b01
05f1030a1bfe020d
fe09fbe8f5ff0f0b
f005ef0f09ffe9fb
ecfcf809f1fdea02
fffd05f708001601
f6faf70fe9fff2fc
0e0905f70203050c
0803f9030cf40802
edf00507f40ae900
1cf9e20bfc15feea
0a0cfb2007060bf9
13fafb0c04030f05
fefcfee622090cfa
0a23fc0b09d714f6
e40bf7db1400ff0b
fe0300f6fffaee0b
0a17f202f3fb0e08
fbff0310000afcff
f4e9ff06ee0bf8f9
0e060103ff071600
e1fcf9f8ed0001f6
070bfaf807fd02fa
0e1a0b04e9f504f8
11faf007090201f1
ef0ff600f80811f8
031500ee0bfe07f8
04e7ffea0402fefd
00050d0104030d07
000b0d15e600f5f7
0afa0400f0f4fb06
faf1eafdf4f4e403
eaeef61d07090c01
f4f90cec0b1620fe
020303e707100801
feedf5f1f3f4fdff
f7e90207f70edb02
0203f9e7fa0005fb
0b0efceefdf8140c
fceb03f41d08f7f7
eef601fa0408fa09
0dfe06000206f400
0a06fcfa12ff04f5
0cefef060508f403
00f10a13f706f8f6
02dcf9e00d050d02
030ff9f804130a03
16070603070805fe
ff030b10090af4fc
f506effbfbfef2e2
01fcec0beb08fdff
ed0a00f903fdf513
09f514f70c06fefc
f3fef7fcfcf6fe0e
fff7fdeffffe05f2
0a03fb0c0cff0a05
f807f606d90101f6
05060906fb0408f1
f9f8f80406030316
f9f900fff6f90807
ff04fdfc0b10fa03
01fa0106ecfd0ee2
04040a03f808ff06
f004feede403f8f6
f303ff09020c0702
06edfe0507010112
101504f8000808f2
13fc011011ffe4eb
00fffd0af7fcfa0c
0307f1f700f9fe0b
f8f2fb01eaf0f4e8
0301f303f10402ff
fff513f603effe00
04f6070309070dff
0c07f400dd1dfef3
ec00f9050d0403fb
0608040000f4fc07
1a04f4ea1301f308
0207fdf4f9feef0e
f2f5fa0ae5fc030c
f11107070c16fbe6
01fe1ef3fa03f3fc
f0f2ed03fdfc092f
06f2e90016fa0a0f
00fcf6efff0a08fb
fdf5faf6f70404ef
f7fd01081304f409
00fbfa0103fd08f0
030d02ffe5f1fdf8
02050a09070dece3
22ff071204fd1009
f005f8f1ea11f3f3
fd04f81303fc0a08
03f002fd04f70409
0604fe0a1906fc09
e8f7f5f8f21002fa
f7fef8ec080914f6
09faef0302000308
f1fe04f3f10707f8
f5f90b050a0afefd
090903f225fcfb0f
0704fe01f2fc05f4
03fa04071cf700f5
0107f8fe110dfe0c
f3fa0902fafb0313
05081204110100f9
1101ff090a0ff1f6
04040a08100407fc
06fbfc10fefb0101
03f8f8f8050303ff
160808f806fd00f6
f503f90aebf9fc15
06f9070c1105f5fa
0304fa03fa01fdfe
02f8fff6fe0af62c
02010307f70303fe
ddfc04f9f6fefef0
0ef1f5e9ff0eff00
20eef0f1f1f9060f
01f9f0fffdf7fb16
06fdf0fff301f807
09f5fbf8fbfdfeec
0e0505f909050304
f704050ffefcf711
fc020612000b01f2
f702fc030c090108
1406080f06fb0b06
f5fdfefe250bfc1f
fbfd02fe0a0802fa
03f101fcfd09fd03
0cfff5fee804fcfc
1400f906f7ebfb1a
04faf3000f0ef70f
08020a00010406f6
0802fa0307fd071f
f906f803f505fb02
f3fbf1041400fef3
f109fb060306fe07
01361ae6f5ff1604
0805f501fef602ea
f70c0df9120ffc01
def008fd0502fdf3
00dcdf001fd736fd
00fd0c001d05faf0
f603f907ea0bfb0d
0d0618031408fb0e
fffb02090ffd0109
fcf9f4ff12010b1d
f805140cf5f0fbfb
02fcf7ffffff04f9
ed0904f4ef0c0b00
e511e81400060102
0afb0401f2f61202
1c0afbee080507f6
fdfd00f7fe05fdfa
f2fcf1fcdafeff04
f5fc060cec1205ef
0602fd1503fb0914
f2000011fc03fc12
fcfc00050bf00412
fe06fbfc0fff04fb
fc0307f70910eeee
0cf6ef06ed08fcf9
f503f90a11fe0704
13f7ff0205fdf80e
fa0ff6faf30ff2f7
02f700fd0c05fdf7
f401f9fdfa0b0202
fcef04fcfb02f70e
08f7030300f60203
fef11408f6fd0501
f30704ec0afef514
030af5f908fe000b
e409fc06f401feff
06ff0efeee070aeb
fefa18070b020106
02fd050dff05fb0e
050c0ffcf516f90a
ecfa06f007010b05
080209f7f7fe120e
edf5f810070e0306
fffd0cfb07fb05fd
fe0e16ebfcfffb05
fd060600fff10bfb
0d0c1df609081111
f909180302ff0312
0304ff001c03feee
fbfff9f60306f4f8
0bf2fc060a00fd03
0602041805120c17
16ff10030c05fb03
ee00f4010604e902
fb13e7ecf105fafe
02fb0b020bfb02fe
01060e08f8f50108
03f81bfffc04f604
fffef6f80601ff06
faf3daf1fdfffef4
0406deeef31af804
f6fffefcef03fb0c
f2fc01f3fdfe010f
020422f9fde8070a
0de7ffff0ef80ff4
fcf5deff0004ffec
f802ef03fbf9f8f5
0801d00104eef6f2
0210e50201f9070e
fafefdedfc03ee02
0c01f8fbf2fbf7ee
0f070ef803fd09ff
0606f9ebfffbef00
f905f60b17f6fd00
f8fcf105f40613fd
070f03000406040a
f5f8f205f2f9fa09
fd0c00f917eff401
f80207eef40b070d
fc07000d05edfe08
ff03030602fe14ff
020712ff1003e708
fd05fb05f617050c
f9fff3ff0300e322
140f0605f0f51bf9
f300fe060903fb0d
0002080902090300
02fe12f70af7030a
fe0612f70110f710
e3060c19f8f41400
f7f2000a01fa0a13
f5f914fb0305fa11
fbfaee0309f2fbf0
f8f8f0fa03f1fdf1
f9f7eff9fbfb05ed
fbf7f40e030413f5
0aed22ff0415fe1b
0404090904f4e804
f8f3f00c070bf20a
08f3040ff9fc12f7
04f4f90efdfa14ff
f8fbe4f7fcfc07f4
0306201709ff03f7
0010f8f8fc060b02
04feeef602e8edef
060b110500080bed
fff5edf6000de9fe
0603cc08fd01fd00
f604eff2ee1a0fec
f9fae7f90002f3fd
06ff0202fe07fd07
09080202f80504ff
ff081900f4ff06fe
0af7fdfb14ee04fd
00f6020204f20300
fafcfb01f600f1f3
f902fc0df5f41ffb
030aff0905e2fbfc
0a070a0502f8ff01
f9fdde04f902e9fc
0005fb0bfb0efe01
fefffa11f3ff17f5
09fef1fbfcfbfd00
f7f70304fa05f9f6
0203fafb08ff13fa
f10913f6fe150604
fd0307ff0102f000
0501f902fef802ed
23daf8fd10f7f6f7
f1fc180afa0a1415
0b09fb07fb0302f4
070511f41000e210
fb1b311ae432f91b
08faf706fb010300
0c0806f0fc050510
0b030d0200f503fe
0b00080009f40b00
0106e708f7f80ced
0e0914fcf30dff0f
01fc08f3fbf4ffe9
f10701fe0cf2fa0f
071d0001f0fd16fb
11fdf80bfe09fffc
fd010bfd0bf8fa0a
ff0915f5070cf116
fa03dbfa0b01f403
030a1307f412041a
04fe190504f913fa
0bfa05030007060e
fc0dfef3e7061601
fd06f30008011cf9
1101160803040b08
0aff0ff801fbfeff
fd06e304f9f413f4
05f3f6f408edf9fc
f50907f0030dfc05
05f60e0afc03fa17
02fdd5fc050cfa03
f5fbfcfc0102fd15
fcfbdf0b050601fb
0104fb050ffeee12
0303eee805fa05f7
0008d6f705f616f9
fff6f2fa0603f00f
f8fc13f9fa070502
0101f5f70fffefec
faff0e020104f104
051201fd0bedeb0f
fa081a032208080a
0d0d06f90ef70dfb
09fc15010107f906
06fbeefbf2080efe
fd2d08e6fef51007
f7f0f8040ffc0afd
ea0f070bfdf4010b
f30c080d06fc1207
faf5f6f7fc0ffcf3
fd0c0300f7fef802
0df903f407f5f204
0be5fc05f4ebe814
11fa03fe00000401
130bfb0df811f20f
fdfc1900fdf605f8
0afcff16fa0afffe
0e07f2f808f5fa07
ed16ee13e70b0304
07fe0bf8fcfaf900
10f216ee030005f7
fdfa04faf6fbdd04
f90c030702f80f0b
05f9020800f3fd09
070fe0020c17fe00
0b0f21f4fd0efb02
08f918fdebed05ff
0af904f803fc08f1
0ee40bfbfa0a0df3
f9e6ebfbf415f5fa
01f90301ec0bf4fc
010c0ef4040f0c0a
0af4031bfdeff42d
040ef3f1070213f8
f2fffc0af0f904f7
f8f0fbf3f004fef6
fb0ff3f409f9f408
00ee02090204ff01
f8fe05f806f7ff02
f708f5ff080cf50b
0004fc2916fef605
0af9fbfff6effdfd
050bfd030202f70c
04e9ecf7f5fdf5f6
f608fae7f5eff201
ebfd080105041b03
070c0208fff6f111
fffdf601f0020bff
f2ff0402fdfd18f7
f819fb1b06f10011
f5fdfb1b17f31111
0103f9e30410f802
f703ec0afb0709f1
08f6fcf7f0081002
fa0710f0061311f4
f9f70efdf90401fd
00f2081306ff0400
0f06f70309f4f30e
1202fe10fdf90302
f7f5080306f30d05
fa0ffdfc1e1f03f1
08e9f7041007fa07
f7ed1bff06fd0b0e
090ef7070f040703
040bfcf803eefefe
f8001ce8060f0ff0
01faf0040f090dff
02fb0afcff03f610
03fa0ceff6fef601
fd0609ddf7fffb07
0b010bedf8fdfbfb
fef3040cf403fbfd
0f09f10302f205ff
fa03f10104f1fb00
08080b0af70713ff
0a01fa08faf50910
fc010bebf503fdec
0003f5ff030324fb
f9fc0ced0b021cfe
ed1a0008fdfb0001
12071cf1f5ee0af2
0cfb0003fe02f506
00f6ec00f50507f4
f2fd02fc0d0b1504
000203f2fd1207fc
0bfa08e9fdf615fa
f505120603e8fdfd
fb17f00403fdf2f5
fa0511fb0cf6020a
120dfef0f00d03f5
ff00f60b0d040407
03f3ff00fd05fefd
0008fb0def070201
edfed40714e30f03
0310ef0c17fce706
ff10f70e0c050804
0b06fe120416faf9
f7f2e8f8f813fcf3
e9ed09f4f01204fb
f708f40d00fdfcff
041a03f4f8f41cfe
f9fe050d030501fa
061b0b03030505f6
ffffff01fbfcfeef
fe03fa0000fdf70a
ff1ffd081ff1f510
fcfb0beb0e05fc07
060cf71e0b0c0412
0bfb040e05ff07ee
0aee0200f304f302
05f4f5f906fb0404
0beef9f9f50903f5
f311f121f0f9ed0e
fafcfe11f1130e10
0efd08e907060a00
03ea08fef00902f2
fd010d080dfbed05
f3f9e6070603ec08
0df211f601fdf309
080207fef4f7070d
00e60afd060cf902
04efe70d010600fc
08f405f4fafb08f2
fee904f2f504fef3
f5fcf8020301ed06
00f5e7181f08f71a
f9ebf7f7f40eef01
fafeed0bea120b04
f9080203f5f80df9
01fbf4faf7fa080e
05ff02f1eefc0a03
fafaef0c02edf0f9
f502ffec1513f809
fcfd00fafdee0efd
0809040c0b03f6ff
020410faeefefc02
f7fe1108fafdfbfa
0001fdeefe030dfe
0710faf9fdfd0c0b
f8fc06fa13fd0203
fb06fb06f4f910e3
fd0600fa020908f6
01f3f909f0000df9
09faf600ebfeff06
050cfa0e1d1102ff
fe0dfd02fbfafdf8
0700f4fafb02fe03
fcecf70603f7feec
04f202fcfdf20e00
ef02fd03f0f202fe
fffc0011fefbfd02
000301f6f2f30f00
fa040405091b1810
190806ee13f8f903
fbfdff0106dd05f7
0607edf0f7fd03fb
15fff80209e81002
fffaf7f90a0cef0d
01fdef01f605f105
02f704f4f4e61000
092112eaf40ff3ff
04f2fef601fdfe02
fb04eefe0303f9ef
0cfdfbf4f7f6040d
0608090911fffcf7
ff04e9020afc05f9
01f0040908f9f205
fb010afef509e305
fd00fbf40e0bee0e
1208f8fc1e0ff9f4
fbf7f605e406f004
05fcfa18011314ef
e5fcfcf3110b01fd
121402fd060f03fb
f9fb000703fe0d05
02ff0a10030deefb
070007010908f905
f5fd1703e5fb01f5
fcf9eb0f0e0d030b
fe0ef60a190d0cff
080cf7faf706f510
fc02ed050c0401f0
f900fafc08fcfe17
11f9faf1ff0b05fb
f60604fe00f8f9f3
f908060b1105f308
f5fc060d0e0ffbed
0d04fe07f700fff4
0d0ffefcfe080e0d
fb09ff0003fefbf2
f80bff01f9e504f2
fd10ec000c0cfbf8
00fdfef110fd000c
04f1faf20afc0b08
040102fffa05f000
f5f20502e90bfd02
0cfdeefd05dbfaf5
03f7f8fbed06030b
fcf6f0fe0c0308fa
02fbfc0708fc09f1
0a0eef05fce10df0
f80c0afd0bfd0608
fafcfaee09faf5fe
03fdf8ff0e0502f7
f2f3040119fc0503
0f00fbf402ec04fa
04f5fafbfefc0807
fcfa1e0100fc0217
f9fdf0fb09f603fa
ed0ff90b06ecfd08
180200fb15f513f9
0102fffd00f8fe04
fb00041cfefef5f8
070704fa03f01c09
fcff0601feee0204
09fdf705eef10905
07f907f0fb01ff01
0e1a1bf3f404f209
ff010c0d0a07fe01
0905fcfafcf40bf1
f3e81203f3f4f004
09f90f0cfdfc0708
fc0ff706ef0f02f6
f80207ee08fcf8ff
e80304fff9f611fc
fc0ff8eb1212fb10
fefef4fdeb1204ff
ee031502fa08fa0e
050b01f908010512
fefbff05eaeefb03
ff00f9fff3db1501
ff0b100cfefdebfa
fc15030a0815fbf7
fb041108f906f8f5
11f4f700ef000dff
ff03fc12ff10f8fc
02fc0dff241a03f8
0103f708051512f0
04fcf80df301f908
09faf9f005fef802
fc0d07060405eb02
f4fd0ef80107f50b
07eff20005f507f9
02f802ed1b130207
f2f8fdfbeefded04
e70bfc0af40ddd0d
07ef0207faea0cf4
fae6f8f009f50509
0305ff06fe0705fb
fd0afa050313f5f7
04fa0deb0ef5f6ff
06fafdea0bf605fc
eefe00faf718f400
03040c05ed06fafd
070900fd0d0b0aff
f609f7f815200706
0be508fb0d001a09
0a07fe050dfff50b
f8030602f4effe0d
1109f0fa090cf9f4
f305f1ff03fc05f8
f8efeaeafdf3fb10
f2f005f5f1f8efe9
0df408ff100712fc
11000106faf30610
f3fefc090e0bf7e9
0df703f808f10609
f90a00f20103fe01
fee80bebfd2416ff
fcf908ec0d0dfaf2
11f4faee24f606fe
fb0614fbffeff506
ed08fe150515ecf9
04fd01ffff0ffffa
f1e8fb09fdfd13fe
07f8e7170a06f40e
171408000511e3f1
0af7fdf70b09fbff
14eb12f9fb0102fe
f91402ee11090308
f5f9f402f7f3020c
04fe1309f800e91b
fc0afbecf603f706
fa02effc1600ecf7
020ef7000020e9fe
0407000212f6f8f5
120ff8040d1601f4
14140f040103f80a
e5fd2200ffd82503
04ffecf4140afcf2
f7080803ea02f3fe
070cfafb0a14fafc
02e8fe00f8ff0b0e
ff0505f6ecf8f906
07fdf9f8010ef506
07ff0b0cfcf418f1
f2f31a06f6f20bf8
d60605f0f1f5f4e8
1b0202000306160c
1afbfcfa03fdf3e6
fefef8f2060705ec
f205f904faf8f1fe
0afffcf4fc120e06
0bf702020a060cf6
0f06ff18f2e8100d
f5f303fb04191d14
f4fdec0801fa0af6
e8fdf3f8f6f4fcfc
08f6fcfafe130feb
0f0bf615110bfcf3
0203f401fa0dd810
0903fb020215f1fb
ffff000dfefbeb00
f304faf810130e03
f5f2f305fb0113f6
06fceef61511ffff
fe12f712080c130f
01fe10fa03fcfff3
040e01fef30efa11
000def1a090d11fe
e2f3f5f6faea000d
0405f10812e4e702
fdff0401f904faf3
08f50eebf6e41b0c
1013160d0208f6df
00050102fc0005f9
faeb0bf305f3e7ef
03f70cf205f0fb04
0dfcedfa09f3fb01
f6f4150606090df3
ed01070dfc16fd08
f1f504fefafb0705
09e60003fa0aedf1
f205fd05f20cee03
ef14ed05ef13e708
03f80404f4010903
1409fd030dfaebff
f8fa05fcfdd813f7
f300fa1309fcefe9
040bf70af9fff907
0002fc05f40208fe
fc0f00170bf6f600
0707f21202130f13
faf10300fd0f05f0
f90a04180c24f211
071401fef2f9041b
0af30905f3e80ffa
fbfefcf8060e0715
2803010922fd1407
f5eff50505fa14f5
01f0f8ea04fb1f0d
f210f9f70beb0805
050ceaecff060512
ff10f90108f8ff03
f70ef81e13d2110c
02f9fd0207fc100e
ef000c160deffdf7
0bf903f3f812f90d
f2f50b15040601ff
f0fb0403ece9020a
f800ed00f3030f04
0cf5fcfef7ff0d0c
0a01fffc03e6ea12
15f206fc06011701
e6f0f80d03e60609
f410ee10080cf804
fe0dfef302fcf404
fb0c11050201f2e8
11fc090efb121009
0f091106100913f3
1404100afcecf811
f706f10b170defed
fef809ebf8fdfe10
10fef0fa010614ef
0f0a0bfcfc0df3f6
03f412ff0705faee
feff09eeff10f0f5
07f9f8f20103fff0
03ff0cf1f7eef513
070c08fb0a03f300
13f204e3f903f4ff
00fb09fe08e41403
ff11e9f4f817f70b
f903ea0903f0f504
f5fb0a03fdf6ed01
fdf10cf405fef71b
fdf4fef0050017ff
060b0dfdf9e0f00f
020308f5f4fff7f8
2709f9f51ee1fb04
f00e0b06f8f70b04
f4e7fffbf113f4fb
f9e9fd0507fdf00e
07e71107f20f12e8
f70404f2071303f0
fb040405f803e407
050bfe06030d06f6
180f0ef7fad405fc
fe05fe021311e3e8
11f7ec041708110e
0106180cf5f80300
f80600ff01fcf4f5
0bfb16fafa0bf8fd
fe01020506f5f902
ec010303100603eb
030d07ff07e7deff
17f6fa03f60d030d
f0fc1011fbf4fd0c
ed2103fa04fced01
0af4f3e8f51a1ef4
21f6030b0bef0209
fdfbf6ef08fd07f8
04fef7fe0afe0900
fd21fbfe040d0ce9
04f91208f3fbeff7
06f5010209f5fc04
ff14ffde0c0b12ec
04e1fb070dfcf6fd
f2f8e613ff110725
f9e008050b02e2fd
0a0d0304faf608f7
ec130c0a03100d0a
11ee0b12ea181004
000809fa00f5f3f2
002112eaf3fc110a
f91bfefffcecfc0f
fd080a0208fbe802
e809070ef9fa0ced
0d0d000f09f0f603
f2e9f7fdf01c0508
f9f11f07faf3eb0e
eef4f310fa11fceb
fafbf901040bf104
fe04e505fe08040e
031702f7210a0a1f
090f000bfef3fd05
070811f10ae7eafc
e4f6fe0ff80e04f7
f8effc001405ea0f
03f50af405000dfc
fa0806f2eeed140a
f8041113e6f41204
fc0ff8ff010afff5
d6fd1d14f7e7f7fe
08e6f60405f7fe0e
fafc1105f7eaf502
f804ec021604f114
e2041a07eaf6f706
14f4f0e0f4fa151f
ffe8ebf9182708f3
08fcf0f9010d01fd
1809f1f723ed0604
17fafbfcfbf90f00
0debf9fc1ee71c03
1903fdfe0c110ff3
0408ed0404050e0b
efe5f1f3010d0f02
09010302f8f30c01
0302fffdf50bf30e
1c1207fb0a0af1fe
130103020dfa03f4
fafeecf5eb081714
ebfaff0e0308fa19
f6f004f9fa02ee09
04fdfdfcf5fbfc07
1310f7f6160df7f5
f6fcedf5eb10ebf8
fefb07fd0bef0b08
07fffa19e8010002
f5f5effc06fd12fa
ebeb0106fe0a1808
0ff5120104fdfbfa
fff10bfefcfcfa02
000203f0e5ddf9df
e30606f7f4011303
fe05f003090dfcf9
ee010f16f902e4e8
f6f6f416f9001016
11fffbffe6002509
fe0b05fcf6e8ff0e
fcff0e0700eb0004
e206050007040ef4
fd00e007280514f9
ef000709fd07f4ee
fee4fdfa0bfdeffd
f0f1120c020b16ff
04dff0f912f41014
fcf3f201f1071201
f90efdf9fcf20aff
f3fffbf8f404ff02
001bfc06110efbf2
f71901f4fc03fc08
f60becf6f20c0704
0713f80bf403f8fd
fcfd011503e70114
f1ec0600fefb0302
e3f8fe00eb25e306
fef810fee40efbfa
ecfcf1031cf80a0b
08e20cf9fa1001ef
1304fafe03051115
05f72508f5e5e501
0902ecff090b0100
0ffdffe50cfd0e0b
0804f50bf91b1df9
00250501f30af7e9
fbf7f5f607fd0801
fdedfe030bfb1201
fb1902fc0c0bebf4
f40c01f90711fdf4
fd000707ed0ae2ff
041508eef3f4f109
0216fc00f2f5fd0f
0316fd09ff1608f2
fdf9e8f9f3050703
0bfe09eeff0505f5
f6fefb0410ff0701
f3f602f41911f401
fbf2e8f9f5ecf702
dd18f2fe0501f50c
fc05f9fdfd03edf7
08fafd00fafd03fc
010918f9fbfa0cfc
10f4fdf5f40a0703
09fe1603ecfcfdfe
fd01fa090b03f710
0c0e160901fc0300
04140607010ff2ff
09f7e4fafaeffcfd
fdfe0000f6ff0405
faf5e6f6eaeff8f6
ff0608f0050df801
08011307fa030efd
00181af7130913f7
090903ff11fcfef8
fd110bfeee0105ff
fdedeffefaf9f506
f6f8071df8040dff
041107f9070c0802
0804f9fffc001200
16eefff901060cfd
13f70df8ff001ffe
0113120e07ff0afd
f60e0909fc1503fa
0afefb1bfd060b17
e21c14f4250efb0a
f200fef8ed00f4f8
09080d0a0afbf5ff
ef0af4020af1fd04
130303f702f90bf5
f906f9fe03020102
f8fafb0412f904fa
06fce4fdfa07fbf4
08f9f605f8eaf80e
09100d070a030405
f9021bec0106fb08
040a11f0030603fe
f5fbed0502f9f203
011318f703030bf3
f8fd0e0109f9f70b
fdfce8fb0d08f8fe
f4150afc00f80206
0504e1e407f8ebec
12f2fef8faf20a00
fefdf20501edfafb
03f5dffa01fdfd04
f1fbf00807020cf8
ff050debf8100c03
fe0200f904f8f40f
f4f30d0205f9f8ff
faf7fb07fff8fbfd
010402f7f10212f2
eafaf4f90ffefff4
09f2ff0ff3f20702
f80412000912f7fd
04fedcfafefef105
0a07f10503030700
100df8fefa071706
0207ea02f700f912
110815090b0e12fa
071106fd0bff13fe
061021fa01ea0c05
050202f90505f5fd
09fe06f9fe0005fb
fd0815070810fa02
05f9f816f5ee00fa
f4ffde02effcf200
0cfdeffefdfe01ff
fdfd03040bfefbf5
fdf3f30002ffff03
0101faf40713f2ff
ff0b00f9effff6ff
1100feff02070005
02030afd01fd1006
07f1fffa05010809
fb0af4f7fa06f901
f20a050e0af8fd01
fbf7ebf6eb14ffff
f40403ecf40bfd01
f80b04f7ebfefdf9
e7f602f7e81002f3
dfe9f01503172927
02eff7f5fcf9f2fd
0afa09fff7ffff08
05fb0ef9fbff03fb
02fc03f001dae20c
03fb0dfa02f300fa
f2faf7030b0203fa
0af8f206ecf4f602
0bf4f10b0400fa09
090511020f04f4f7
02070bfd08edfd12
ef0dff0e0507fa0c
fb1411f40202fcfd
010eea09f006ed0b
0df101fd04f4060d
0301f7f802f6130a
f806070506f7ec09
06100bfc09fd16fb
00fceefaffe9faf6
fbf3d803fceffc0c
0bf5f8fdfae40e01
09ff20f30310ec08
01ffef0e0b0ff600
fffdfa04120fee0c
fa1112fcf6fc08fd
04ff01f7050000fc
0304fb0bf8fd1cf5
0e150b07f80106f8
100018f9fcee15f9
12182005fa0a0f06
1604fb0bfefcf5f7
15010cf5f6f60701
19fa06f405f80afb
fb0e1702fb0e0805
0905080803041005
090f120304040cfd
f10bf90103f6fc04
08fb0e04fcff0b01
00f6f90311e7fdfe
00f60c000b06021a
f4fdfafa0be80301
eced0512030dfcff
08000401ff0a0306
f9fbeb000100f3e8
f7f6fb0004fcfe06
080808f808fc07f3
f5ee0ef6e70a07fb
0e0cfc0afd0cfe0e
feeeec0afb070103
fe00f2feff0aef19
f5f5ff090703f90f
061a07ff09150512
fe2005fafffeecfd
000718f10403fe20
02f9f40afbfffef0
08f509faf302fddc
fa07f90a08f7f01a
fafbfbfd09030115
04f70e02feff1014
03eefd020af402f6
04030710fc01ef06
040b19fdfe040bfb
f4fffc06f90ef90d
00fcfeeaf6fd1009
ff0a03eafef6f4e8
0bedf90f00f5f2fc
fa05000af6f3f4f9
15f9fc010806f7e8
f70dfefbf9f70fef
fcfd06ff07fb07f6
01ff050101fbf909
eaf6edf8f80ae0ef
edfeef05ebf6fcf8
0502e7030cf61303
fefcff090009ec01
fa08f20bf3fa0112
fb04fdfa00060709
0901ed0103fc0fe7
06f009040100effc
fafee5e4f902f5fd
f8f80af804fcfcfe
fc0ff004ff040114
fdff1212fc050be1
fd02060c08f9fc10
05faf50201fdfef0
fe04fef6070a00fd
0506f812fafc0300
f8fa020d06fc03f1
0507fdfcec08fb18
f111eff7010e070d
0613fe10fdfa02f7
fe08fa03e50e04fb
faf4f60c02f90bfb
fafbf3fd07e206f0
11d9f2f2020504f5
f2f10df60306fff2
effc0af20c07fe14
0121010008fd021a
fc0bf21603f8ff09
00e7eefffb03f60d
0cf8fdf608fa0304
faef0af701ecf11b
f6faeffc02090cfc
fafd1501ff03fa01
f5fffc0df6ee0ffe
0f09f005f4020802
fbf90809010c0a03
f9fafe09f6f1fdfa
07f7150705fdf8f6
11f104ff0500fef6
0cfb11fbfef80105
02faf7010f060410
061bf803030107ed
0afcf3f3f301fdec
f912fffef50bfc09
0507f7030cfe0c05
01f2f3fa02fb06fa
0a10e6010d08fff2
09f60507f20b0003
e8f60b0f12f607fb
06090af30bf2fa03
fbf40df906f6fe01
04f3f108030403fe
020c0b03fef80e06
fff1f80f09fbf8f0
fa0109fcfd00ff02
fbefef13000a111b
0ef8eef30408fbf0
0ffd09fef210ea0b
f8070f01f20004f0
0808f8031009f7f8
04ec0704fb05030e
01ffee0321040e03
f317070a0313fb1b
ecfc03f90b01f502
fcfef90af30a0701
f202ecfffe0104f7
03eff214f3f9fff7
01ff04f3f20cfe0a
f2f6fdfa12f5fcf3
12f505fff50afe03
10dd11fc0cf205fa
0df80e05f70b05f3
03130f04f6070201
f2010bfeef0d0717
f7000a04fbfa0210
040118f2fa0cfe09
0cedfef401f50600
06f70af4f90a0d05
04ff10fe04fef4d9
09f905050d0ef7fb
fa0deeedfe02fb00
f50a0cfcf407fbff
06e3080008fa060c
0014fd0604fcfee5
0009ff0003070107
032c0903ec00ffef
00fb090509fd060a
02faf9ef070cfe08
0fe7fc01ebfaf900
060f130ae30cfbfb
f6f1fb0afc0604fd
f7fbfa0705fd07ec
050e04f9f403ff25
021511eefc12f9fb
001205fffe140afc
f904f7f4effefbfb
00f7f0f3faf4ff03
040cf311fa09fc0b
11f6f50a08fa0f07
0806fffffbfffbec
fb04f7f7fe0d01f8
060302f001fff510
f801100ff9070511
fe10f7f405f10800
fbf7fc0009f803fe
0803f6fef10b0307
fcffedfcf2f6050a
0607010308fb05f7
fff3f9f8fce1f704
0ffa00fc14e50f03
0c0be0f4fd000511
0b0ff401ec04fcfa
0301060bf80b0705
06f501f40af50203
f1f50d0efe01fe0d
f904f5ff03fb010c
f80de5e70a1d01f2
fa1be7e5effee6f4
f815fc06fd02010b
0910f3fcf9090105
0bf90efe060e0319
0e00241907cf02df
01f5ea04090c00f1
f90701fffc0f0a04
fd2603ec052ef7e1
0006ff14f2fbfefd
0516dafb080af40e
050009ff11fb0eec
16ea1807fddf00e9
010ae5eb0712f51f
e2010209f50bf201
f80bfcfe040cf807
fb07f90805faf501
f9e70d09fc08f804
fd00fff9ff00fefe
0bf9eff70ff80a04
0cfa2a1302f8f4f2
fef20a06f90c0af0
01f3fffcf7e8feff
f7f7e8f801fef9f1
f918e6eff1fff508
010b130c101bf8f7
050de6f8080ff503
01f00f06f2eafd08
f5fdfe0bf5f4ffff
02ff05f007dcf9f5
0ee32309e6f0ebf9
fffe0afc0415f6ff
eff10bf9f4e905f8
fefbf405fe08ffe9
ff1414080c2200f7
0d11edfe0a140000
04ff230efffe1004
08ec170605080c11
05e6060a0a03061b
f9effaff021ffe0c
0a01fbfdfd04100b
0a0a000b130f15fa
060ae90603090108
09ed210b09fffbf7
00f7fefffdfff9fd
fffffff1fc07efe8
04ed1e0203ebfcf6
ff07edf605f1050a
f520f800040af8f9
0a04f3ff0c07f7ff
fa0bf2eaedfde602
f8fbfb0b04f8fcfe
f5faf4fffbf6f803
f8e40eff00f8f4fb
08fefe0e131404ed
0cf615f1f8ebfdfa
f7070306fbfaf90c
f4f1180d0211f80d
ff0b13000b2aeb0b
01ff0bf9fcf50b04
0315f401fa08f7f7
fb04e906fe05040c
02f509fdf7000105
0d0af6040905faf2
04fbff0a11eef8f2
fc09effe021c0500
08f6f2fcf307f000
02f9f8e9fc17f402
03fbf8fe001808f9
f507faec340e3bfa
fdf80913fef7f40e
fefc020d0607ff01
fb0102ecfafbfd0a
d6d3ede6d2f3e022
0b07f21003eefb00
ff1bf10509fe010f
040002030e120c0f
06010c0df6f6fe02
faf4fb1cedf7ffee
f8f71300fef70e00
00fffffe0f090708
0603ff0000f2f70a
0106f2f40311fc06
f4fe0a0207f1f7f2
06def8fb09f90e10
05f2010607f3ff0b
ff19f3fbfaf8fdfe
04000dfcf6f0fb00
f7f609fd0101fd07
f706fef905fdfff2
01f81101f705f203
fefc0a00fa131406
0cdc150af8f40b05
0b06fffcfcedf508
09f2f7fb0612f7ee
040de4f900161501
0507fb0105f2fc0e
02000010ff16f80c
f607f003fcf7fef6
f311fa02e80902fc
f7fbfd0a0306edf7
05f00b00f506f411
0416e8ff10fb12ef
00fffa020508f8e7
f60ce90b01f2000b
011916040e06010d
0bfbfe04040911fd
f40717fff8fefc10
07070706e90c0e01
04011407f3ff01ff
030301fd07f91af6
0c080b16ea0e0ef5
fe03f80d0306010a
fa0dfdf7f6fd0503
f7f3fbf711ff02ff
f7e60317ebf604ff
e3fd06f9f1000902
06eafaf0030dfbfd
08f4fdf9eef8080e
0a000af8fb08f902
f0fbfb04f4fdf403
08fe0e050cf207f8
0b0913fbef030706
0606df0806effb00
f900f8151b1108fd
00fbf8f3f0ea0805
f9fe17fdfdfffc07
090d0a12f9030a0c
17fb08070e051311
100704fff2f4f4ed
fffc010afcff00f7
05f5fefef30407ef
0300fb0a020e110b
0e0703f5f6e4dcf7
05e70cffef06f703
0906ff1007040001
1b10fcf626070b01
0900ff001208eb00
fbf3020dfdf60102
081500f9fce3090b
f706fbeef6ee030a
02010a0809010df0
ef08fe0602ff01f3
03080e09050103f5
fafdf8faf116f90d
01000c070ff8f40a
fd030bf5fcfc0f00
02e9f912f607fb03
ea12f6090cf4f009
fdf7e5170902fffc
ff1404e4e2ecf208
05f8e8040cf6fef3
09fbfc15f9091706
0afaee15080f0201
fcfd1216f60a06ff
01f4eff3fff8f4f2
0008f8fcf70a0500
fd04000bf0fb00ee
ec0b07ede8010b0c
fd08f1ff05fbf7f0
ef09060804fb07fc
08140ef9130ffdfc
07ff02f90905f6f7
01f5fdf2fdff0703
f80becfb19ff0009
f902fafbfbfced00
0a09fdf5fefe0e08
fd01f80b1b0313fd
fafaf8f9fe0a06fc
0afef9000a19faf8
19fd14080e050afe
e7fdfb0802fefd02
fdf306fe02ff0406
18061bec04f0fc14
01faf2fe0102f004
0b0521fcfc00fafc
fc0107f60907fefe
0ae4ff24f80a0bec
0afafd010ff4f90d
fb08f22303f8fffe
fffd10f5e8080206
f807f0f1fdfff70a
03fa05fa07fcf70d
fc0bfdfb02f6f905
160c0af1fbf01504
03fcf80908f2fbf8
ff0305ed070afdf3
f603f9faed07040b
100805fcfa120808
06fe09150602fe07
13f5fc070f0bfcff
f7fefcf10c0006ff
ff0300fa08f9f700
0cfbf210190811f8
08f308ec0def01f9
fbfefef309fb0e06
0902fa0f06fefd04
1617ede910deec27
f301f7040ef8f4fc
fef7f8e50400e208
fb05fef2f1f7f10d
e5d5e00a072e20c9
fc12f000f1f5f6fc
f7f0ff0704f70a0c
010901fbfc0ff60f
0dfefdfd0f0af500
00f0f1f9170bfdff
f6f8f40109fbfff6
08f60a01f50d0cff
ff0312e9fefb01fb
fbf30602fcff0efb
0af9e40f1103f3fd
02080dfff811fefb
f9fd04f3e70b00f2
13fc0a04ee03fb07
f5fe0405040008fc
f604fafa1a060006
01f9fa160014fc08
09e9e91c100100f7
1106fd0300070afd
050f09fddefbe3fe
01fb06f60af9f5f8
04f30401030df9f1
00fd09011c060a06
f2081105fcf1fefd
0608f5f9fb02f7f5
190c0409ebf8faff
fbf50b02f7e40303
05f606f70b13f502
0b10f9f70cfdfd04
05f508f8f8f40fff
0ffdfcfb0504f700
070b0201f0f40205
fd0d050b030b07f3
0d0009f7000bfdf7
f712000606fbf309
fc0df40efffc0f03
0c180002fe0c16f5
f604eaf60c060100
050208fff7fd0004
fef401fb06060000
01f4190909fd06ef
f90af502ff04f6f9
fefdf2ff0ef116fc
0309ef06fafe16f4
01ee0400110efbfd
fb07fa0005fef706
fd04fbfdf9fd0afa
fe12eb060b0912f4
da0aecfd0908fc15
100ef802edf91004
0a080bf8f50af105
0d05f9010501fef5
f5f7f5fbfd0d020e
fffe0400080015ff
07f7fef10301fb00
fbf9fefc1605ed10
00040a09fdf4fef8
0909f3fc1403fffc
ff000203020103fe
030401000f011cfd
faf003e901fdfc0d
09f905edf7fde1fc
fdf9f4f5fbfbf409
04fb08f3f701f3fa
0d01060204f1fa07
08f9030004faf4fb
f6fa14e4e210001a
f40df6f9fdf70ffb
00e9f80f1d18ecf3
10f50302fe0df2f1
0cf8f702f0f3f303
fffdf810fd010d02
14fb0a0409010400
09f202f8fa1000fa
fd07eb01fef715f6
031625fbf3153007
f60300ee10eb08f0
0b0a0e13f10d130d
fdfff9fc06e3e0ef
fffdf10dfbfffa01
fcf905fc04fd0402
1500fc0cfe040af9
01eb070a03f5fcf3
f4f5fff51402fd00
0901f90cff0501fb
1b071319fa0c1df7
fc02fcfb0cf9f705
0607fb04130209ff
f81205f2eaf8f501
0a0b0bfc0207e903
04f60ef1ec0902fd
0ffd06ebf001fc05
f306f8fdeffd0f05
0103faff06fe0c03
13faf3fb0d01f30a
f90bf2060d05f601
f4fe0bedfefd09f8
fc0d00fd031decfb
01050102ff0013fa
0103fa000b03050b
fa0c12fcf300fa0b
0103fcfc06f904fd
f107060bf511040d
fc0203f6fe00ed0b
0bf2fd1200f100f4
0e05effb0606f2fe
070df8fcfcfff9f6
0cf8010cfe11fafc
f30803fdfc0004ec
0815f9ebee09f006
000c0604f1fe050a
fefd1200fd04fa0f
0af8fcef0df00af2
14fa00f3f702fcfe
ff0d04fc17ff1202
0b0a18f6f8f1f304
f90af502ff04fefb
02ed0a0109f2f7f1
06090cfd0711fd08
f801f5fd0608f906
0af1ecf404faf1ff
0dfa10fa0c07fdf0
00fcf6010115f9f6
0b01eef5ff00f300
e00ff4bdefdbea3c
0f01fc10f8050bed
06f807fcf706ff0a
00f40704e401fcfd
04cb0761280d06ad
fb0cf50be9fa0600
0300e8f4fe000fee
fafcfe0a00f80f06
f1f302f5fbfffbf9
0f06fc0c0af3eb05
f9f8f0ff03fe07f8
03fd0bf9091002f9
f70009fdfffffd0a
f505f8f2fbfdf2f2
fde4f0fe0deeecf4
f90c0b0906f011f7
edfdfb11ff0411f9
11edfdfffaf7000a
1706f9070a0019f8
03fef7fe1104fbe9
100af1ef0a0e02f5
fafaff081dfeefee
04021f0005fb03f6
fd0a1809f30e1a0e
03ff02070a0f1002
100609fffff7f1fa
04f305fd0a05f40c
fd060c18f1fb060a
01fbfdfeeffa16f6
f6fe0a00f2f4f204
0d0cf90703060100
fb03fb05fb03effc
03f90812f906fb02
040206f60400f40a
0df503f9f0ffe801
06fbf618fdf10f14
f4fffc0f0b013501
ec010cfafff40302
1b0000ff02f006ff
fef7ef0408fc0bfb
fdf5f1f3f2ff06ec
fa01fef60006fc05
13f4eefe050905f0
080300f3fd04fd07
00f7fe04061cfaf2
0d04040dfef70cf3
eef8010306fc10fe
000bfd00f800fdfd
01fcf8fbf3f9fdf2
03faf9fe0e090ef3
07fd0607070af308
f903f8fbfd132201
f71108f9f4091c14
f600fefb040806ff
ff0508eb0df1fc06
0d0708fbf1e60101
fd07000ff009080a
fdfffaf303f4f602
fcfbf5f5fe070000
00f7f70f1505fe00
fcf9faff0a080bf8
fafcfbf6060506f9
0cf6fffb0b0303fc
040afb03fefffdfa
fcee1b18e905071a
01000af90ff8f6f9
04f3f9ff08f703ff
040a080203fced06
00f603fafefffe03
f6f4fdf80a0305f6
e106fe051009ec01
fdfd11f1fa01fdfb
fce9e3f910160403
14f904f70700090a
fef700fc0408fff4
050dfffb0cf40502
1807030c08ebfdf1
fefdfe00030205f0
ecfc000e020f0b0c
0b0114f2effbfcf3
04eff90a00f2f5fa
ee04fa02f8110505
faf9ff04fffe19fd
fff0e3f60c0003ef
060709fbfcecef0e
0ff6f1ec030205f5
f603f60411060afb
0af20407fafb11f9
f5090a03fe050303
13fff4eef2e2f4e0
0c03f302030204f7
fc0806fb050006fd
111403f5ffecfdff
11ff05020002de10
0c02fa0106fbfdff
ff121b05f9f3eaff
f10afefa000802f7
fd0ff912f804f8f2
0100f5f7ede204ff
ff0101ff0203eff6
fd04f70ef115ff0d
f0f6fbfd091301fe
0cfffffafbf4f7fd
01fef4f90207f7fc
07faf403fdf7e500
f5100504f0f10006
f706fa0a12100500
08f8faee03effc0b
fdf7f0eb11f1180b
12f6f0000ffd07f7
ff03fc0103fe06f7
0cf2f0fd08010dff
fa0f13f4fff705fd
02f51108f00dff09
07030409e8fbf9f8
0603ffff0403ff03
02fd06fef7f1fa08
1b03f6fe00ffecf9
f909fafd07f9ed00
0a0006f415f9f9f5
f9fc081300ea05f7
fef0fdfef6060a11
02fbfafa10070803
fe0c0d0b1204f604
02f601010afcfb01
fbeff9fe06fa06f4
0f00f4ef01fe0407
08f0f4fd0301ef11
c52f2f45f525d14a
f7ff09fffdf80902
050f0d030307f50a
02030006fef8f4fb
3af7c7d611cb1fd4
f50efc01ff07eaec
f4f1ff08f7050800
fc0dff03eb09de08
10f60502fef6f700
1401fdf809eafbfd
f7070309f9fd0404
f5030d0110f5fa0b
08f4f90b07050df0
fdedfcfe090504f2
f211170603040d16
fe1809f6fe071019
ff03f9fdfcff0105
fae7f40f0b0209f8
0302f904f5fb06f7
0f000a07ea0a1910
010aff0007050c05
09f0fbf312f415fb
fd0609080905fd01
f60afe05e7fdeb04
f6f8000302060e05
02fc02fb1bfaf9f9
06fc0202fafafa14
f0e8fe07f60e0af6
0500fafef50607f5
faf3fd0106070cff
0df406ea070406e4
05fbf9fdfa00fef6
08060001ed0a13f5
f1fc02010215f60c
fb0310f41101f8ff
eff8f107f2170f00
fb00101402fafdfc
04030005f301fd03
0c030efb0105ff02
