10f914f3ebfbe7f9
070414eafbe0fa05
eef3fa0800101cff
f107ebfefa05f5fe
fa09fb03dff3f802
f4010914f1fafdf4
f7090b05f9f807f5
fdfd0704eb0a02f4
07fcf20ff2ede602
0df0e5000617f3f5
e1fa240b1ee7f507
0bfaf311fbf80df3
0c1816fcefff170c
fc030c01f4f1000e
f6172516feddf71d
0404f906001408ff
002304f0030d20fb
15fdeee1051feff9
0ad70100f9fe0513
dfeb0f1302050ef7
f6e4f60e091a0212
fe05fff8eaf40022
faecec08df11f2ec
f609160417f90505
e9f800f7f8fa0908
0cf1f40a1f1b05fc
fbf9fb08f5d402eb
000eecf50ef40402
1a07effbe9fb0b16
0f0f07f2f5fdfbfe
060603f0fa021201
fceee4ff17fae800
1af0f7f71f17fd01
e50915080deffdf2
09160e0904ddf6f2
ec0d17fdfcedef1a
f9f3fef2fa270c07
fd0713faebe7ff0b
03eff007ff060408
dffb18fc0c0d17ff
fd09f8e20100080a
f8100b0711fa00f2
06050709faec04fd
f907fc0dddf301fa
010e06f4e3e80202
edfbfd0dd8edf1ea
ed170d0af4ed0d01
0203dff6ff09f7ea
09050c0ee50302fa
07fef8f70b0801fe
f9041afc01e90310
eafff80cf9e806ff
09250c13090717e0
09210e1604020401
f50202011dee0004
0c04f2e7ed1bd507
f4e9fd0ef4ef02f7
17e5fddb07080907
f701fe1cfc0707e4
11170505e7ef03f9
f61eebeef0fbf406
dbfc0c0806f40b07
efe3f5ff1cfcfdf6
0efafb1015ffdc0e
13fef1efdfeef41e
ef040efbf3e9050b
f8ee08070e19fd09
f3dd0b04fe0a14f8
0305f6f1f3040807
ff11fa09eefbecf4
061901f0fd02100e
05fff3fef30b05f4
fefd130409e8fffb
fbf9ed0c030a09fd
13f4e3ffed22edef
00fb0fe009e1f800
ccfcefeb16ff13f5
faeefc130fde1cff
e602ff0710ef0eff
04f4e0f71605e9fd
fffefbfa05f6ef0b
eafb2619ec05f90b
061b1b02fbf30813
0f09ecfaf6fbf202
ff04fb08fa09fcfc
09e70602ef1f07f6
0af6f9f5fa051012
0ffefd05f716ef04
08fcf2ea1603ef15
1af2ebfa1d22fcfa
0cf6f107e61203ff
19011ffafbee1529
09fbf40a060bf801
ea1603080ef1e3d8
e6e9f5f1ff050d08
ea0008e011df02f7
fce6ff0b0f1715ff
0d01fcf007ff0303
1401ff08061ef7ef
fafe0d1c0513ebf1
f5fdfc15fef5f6ff
f801effd0b2f09f0
ed050a0414130d03
0903e912ef170ae5
0b16edfcfa06fcfc
03f91b0010f0fcfe
f002f1f6070601fb
21fd0605ebf90621
00080a192607fede
0c05f004fc12f506
f3f4fef412fb20fb
0e19dcfffbf8f9ea
fdfc071506f2061e
1bfef3f30209f5ff
e2031a0d03fbfbfb
01f6f2fbf5040b20
ee040bfa1beced04
0b040712fd0508fe
f9200cec07f303ee
0f03fbeb04fbf010
0b1a020bf30618fb
060a0e06eaf80410
10fdfc1307fcfa06
11e02105fffe1316
f40109fdf0f60cfc
180eff040d0703f6
f4f906db050ee800
e5050f1911f608f5
11f21100f4f3f8fd
0a11f80c07030ffd
f7180e0df8f7f70f
12f004f6e0010b01
020cf21309f2fe01
f6f0f2f904eee9ee
0ef4fcf206ec05ff
091c23ff001c0416
14eafefffdf30610
f80501fb00fa0100
fafa08201e04e5f3
f9e0fbfd0be8fff2
fb0bf7fc18f2f0e3
f5f4f003ec2ced21
ea0c04150204ed04
e805fcfb00fb17f5
1eff120adff0ff0c
d9f60fedf4f2fa1c
03130c11f8ff0103
f60010060e0601fe
f4f3eefbd902fffd
dff0f2f919f7f4fa
0b0f1c050b0ef8fe
0502f81517f303e8
f714f2f504f917da
f21702120509f406
f6fb020401020001
f6f6fdfdf50bfd0b
1008ebe8fcfe0afe
ffeffffa15fa0707
21ebf0030414f2fb
f4fafff31315fa01
0713f6050002faf7
eef2fe0a0202f703
fbfff81af300f5f7
f1ee04fdfcfde812
04290c012425f00a
10fc06f804f60a05
f8fcfefffa02f3f9
fb0c05f70108ef00
04f9eaf90ee7fff1
0ded120cf7ef0706
f80f08ff03030809
ffda02eefef8ff0b
15ef11fef4f608fe
dafcec09eae8f805
0413011419fa1201
f5020210e502fb03
0e040e0504ea04fa
f5ee07e11a0009fc
1a14ff0406fa0af8
f0eafc08fb14fe06
0b09fb020c02f0ee
110e08f002f506fe
0903f0200904e714
1d0911e0e80a040f
051210ffef050006
190c04fbf8f310f5
090dee05ec110def
03dcf4f406e11316
daf4140307020f0c
f011f9140818f6db
daf5dbfd0e0e1306
020204fb0bf10607
ff0bf90e03f30705
0b0d1111101206fb
131b06edf102f3f7
f9f6f205000cfcf0
04fc09f903f9fe07
f7f205ea2300f3fb
fd14e90606f7ea09
ebf3f7e8fe0e0505
0013010c10f906ff
08f10615fc0f0621
0e0302f0edf70307
fe02f80206020dfd
08f5ef07ff160d02
0921f109fc00fc0d
14fa021d010106f0
eefffc0500100610
e6ef10f5020817fe
0c030d00fa10e503
f6f10cfcfefae6f8
fa1b1bf1e2151213
faf4f8f60c1b08eb
1901eee2f4fcfb02
15ff06080f0b1f04
ecfc15f6fe0907f6
1a0d02fd0cff12f9
f80101fff8fbe607
ebd617e9e4e9ec13
fc08ebfa001503f6
f4e7f20502f7f7f0
0a060f0a00f9000e
fce3faf4ddfd0bf5
f2e7ec0bffffe1f7
051607f7030a0613
0ae80ff90002f7fa
0af615eafdfd1eff
fb03f6f7eaf6faf0
e6140915010401f1
0f10f7f502ee0bf7
e60e01f3ff111506
f6e316f6fe01f40f
e6fce60af116fffe
000b0f15f70e0826
0824fe050208ff03
f9f8fc14240f0ef4
1afef7eff807f4e3
ea0205f5e9131104
e00bfe0dfb0fe608
1bdff900fee00d20
f7f9fbe910f0000d
20050a0506f6040b
09f7fbeb09f8fcfc
ef0a0f19f1141416
df0901ff1e011102
200f16160c100b04
ed20fef3fdfe10f3
0cff0902fbf40ffd
08fd05f9e7edf1f0
03f8fa06f913f1f7
fe05fdfcfc1200fa
fedd0cf302eaf9fa
f3dcf304fb0af0fa
f3fcedfcfd1605f4
1704f604f8fbf8d9
1dfafc131a2005db
251e132aecf7e812
18fa3a1127dcf6f3
1620eef1fbee1700
eb15f90e31ff1311
04021b100be1fff6
e904d715f215fe01
1016f1ea1cfaf5f4
ec00fedc050312f7
cb0507f524f81706
eceaf1ede31dfb00
fc0b0c12071cfb29
ea07edf7f3edf603
15ff16e2ececfd42
fc15e7df011d0013
0b0810e812f301f5
efd8150b0505fe18
eef2eb02ef16f702
0609fafccb0814f4
f8ec0bd303f2f704
f500edf0f600fc05
fbfffef7f6070309
0503eb0ee2f5f813
e4f3e7e107000b21
1007221004edf5f2
171b08e6120206f9
fbfb0c04c2122705
1314eb1a0c1c00eb
0f1af62bf51841f3
fdfb08ee050df921
1911fffc0af9e511
e5f5eef9f8dfe73d
0bf1e8eff4e7041a
13f721f9d0f01ff9
0416de0e041611e2
f10b0d3b1113e8e2
ea14ed031c0dde14
f8f7f3f5fb010101
110512092ae2e3fc
f100e3f4fe10f812
040d040edef3e1ff
0fe00ef010ddda06
c2130310081914fa
06eff30517f30004
e00ac7011126e718
effafaf924dfe50f
f9fcd8f5f6320ace
0802240c32f8e1f6
e0f1e3f4d72b1a0e
f2ebe8f61d22d9e9
23041101f7312005
1502310623dbf5f2
1326ec0b0d1503fc
0e22e91e110810f4
ff190ff32af1fcdb
d302f60e030a1c00
d8eafdef0afde805
01e7f2f12ceb1aff
03e324f0ddf4e6f0
e8dcfcfee81f05e2
e80fe1fc221bd5fc
2918dce8eb25f7f1
0b1516f4edf40d05
04040723e6390801
f41603fbd6f4fcf3
11fe0efe09f9feff
130e050818f0f4f4
1cfee3e3f5e92df0
fdf0def5ef01bf06
defbfef60c06c81c
ff0ad1e5320a0109
0e02f8f4010bf201
f4faeae10711100d
1dff361b0af212f6
060ce3fa040935f2
020cdeff070902fc
1e1526221ced0000
06df0bf4e0fa35f2
f1201717f8eb05f9
0f0309160fe2f004
06eefb07dce524f9
13f9faec0a25e8f2
e51215fe02f2eff0
1a29e3fad7ebea13
f3fe30fa26f5ffe3
16f3ffe9181cfc1b
f001df11351cfbef
04e00f221fef09fa
15ed07fdfbfe0bfb
0af732ecfde3ed12
fbf9fdfac1101312
ebf2e8ef0632fff9
22f43510faf92118
ec00e40401fc060d
e60dfa1d161d08db
04ddfb080002ee12
f80bf90a0a16f506
200308efe00f25d6
011ef1020404180f
d808f3001c17c8ff
fceef41df30a2bec
04fd1b10de221feb
f8eadee703dc11f6
fdebf2ec01f724ed
ebfdcdffec330f21
f4feec01f61df71d
d3e42814252f20e6
f8f506f407011014
2818080201e10f12
f408d410e60c22f8
fcd8fdeaf6ff0d19
2809060eec0726ef
f729f32031e70010
eb1bf6fefcedebf9
f9fd29f909ede501
db0be31b38f10ffa
0af820f00df70412
2b03ed1ffbf6fed2
fc0308fef4d5f228
07cd03fbf50de8cb
0dff26fb1bdcdc09
fb14f4f6e7f1ec0a
0e2d05f618e8fb0d
0205f30eeae21df2
dbf5fcf30f24ca24
131ff131d8e0e714
0106fef1fd2919f3
1d1d1509b4db0f18
1af2f8f12e0520f7
01ff0ff8f61ae1fb
f90cf4f5191e0402
de0524ffe1f6ffd9
0f18eeebf9e814e6
d705f2171238091a
f019222819f7eff9
f709edfff906d20d
d91424e5d6da1ee7
01fb1bc6f91007fe
1bdfeaf7edfc1803
f3020e14fb1c06ea
e4f720f120f1e306
1e13010007e6ff1b
f61f151afcf921f4
ede9f0132a09020a
16f800010feb24ec
0beb0114ed09e21e
f4e00010f1fb12f6
ee04dfd9eef20712
1ef624dffadaf5f0
26f6eaf6f5fe021e
e30c000cfdf2f715
061703c5e0da00f2
0405f9f21812f4fc
ecf5fa0f160d0c08
0df1fee4f5121ff4
f7241001fbf6d4fe
ee0513f9f139de12
0f1afae8df12e200
25f0eb0ed5d9f2fa
1e07020b01e10a1d
fe0801f4efff0df7
03f5f0db001a23f9
e3021d220dfaf9f0
f1ebf42008faf8f4
02e9ed240212f90c
fbf2fa16e80b2ce0
eb02fc1b20f5d610
1df1e4f4fcf7f90a
fee83220d80d0d0e
14e9d9100f14f920
0bfb0a07f3e9e708
eb0208131bfef50f
040e161b10dddd08
e71909fd01e90704
d6190b150dfaea0e
07000509260ee613
f6fb0af2f2f01a0d
ea07032a19fcf207
070709f6f0f6efeb
fe10ff061417fa0a
e801032cf1f508db
fb04fa29e42200e8
0ae8f0011ceeed04
feecf9010d0700fd
0e19f5f8e8fa0918
fd2015db28f5e4dd
0e1afdcf03e337fd
0f14050417f70d0f
f500f81e11f9e306
feeff328e5f91601
f1ef0b0d1fe817f5
fdebf5fafd0af2e7
08fde7f402fb0b04
e1faf1ff0b0f07f9
f40a050a0308f102
dc43f6fef3ec29f1
2af8f6e90b100bfc
2bfefefad7f20003
0f06fbeef4e8f1f5
01f20b0810060207
f504070b0af2fdf7
f70a061211170fea
03f4e309eaf3010b
18f50c01fafa0cfa
03f5f100f001ebeb
ed212905ffd32503
f7fde8ec04260edf
f5241402070a0601
fc1006f6d0df33dd
fae300f2ec1acd28
f7f90c270709f2f9
010c151f15fdf310
f910f8fee90119ff
0ffd030c11efebee
2b04f8080205dde5
fcec0dfa1f15e30b
02fef8d4fdc900f2
1afce6d0e11215fb
16e9f3e9ed161b02
03f002200febe70e
02fa01ee160de800
05d7ebf2dffffbfd
f5f5162a1205f3f8
d70d0301d6e81303
120f0d0301f0f608
0e0515ed0504f3fb
ffe5d81e0611f524
22e3ec05ddf516fc
f7edec0f23f5dff1
ddfdf10ee70803fc
0009e8e4e0e41701
10e609fbe6f7fff2
08031309f1efe906
03001dedd41f081f
eeea16eb2124f401
f0f503fadef51eee
02fffb0e0105ecf8
270701f4310cec05
e6fef6f8d8d81907
1207fcffff07fbf7
f4eee41c0f04dd00
f62212ee35f42206
160bf9e510220113
07eaf12013f1e6ef
db0b05e8da0cf6f4
ff00061419000dfd
fb2122e8e4130102
e82723fb24f322f9
0909e3edfcf90a02
2d0001ecfde8d818
17e90616120bee14
0e1915f9ec1a1ffa
02110c031a050ef3
12061f2eede816f3
ebc8d80ee9290aec
0e0518e4fe2c0018
faf80f07082aea00
03ee0b04f9130c08
04fc08f3fcf61003
03030df8ecf7f90f
fcfdf51ef00df802
0c0aed10060509f3
e606f8f6f6fe0efe
0d0cfd03fc07f4ec
0208fde7f9eaf71c
f0f1f824111bfafc
f700e7fcfb080902
fcf00601f7ffff06
fafcf1ea0efd03f0
f7fa070efa0302e1
0a1b0d1601f7f3fd
f0eb061dfe060e07
001100fd01f5f80b
fbeffd290b08edfe
fa01fafaf7f6faf5
2210f4f801fcfa1d
ef1afe020302090a
f80f03f210f70fe9
000bfef8f20b071a
fbf9fa15040310f5
fff407f804071500
0afa040714f7ee14
f601effaf4f603fc
0cf30f09131002ff
ebf5e80df4fff5ea
000618fef80aea0a
0df518251906f2f1
fbf211edfaff08fc
f907f2ebe3f822fa
0503eff8eff9f8f8
eafd02f9f8ff0af9
04e8ffee0d02f30f
f50611e90be90700
0226eaf3f2f00514
10f207f903ff0202
1602fb070e010afb
f00aef0cfcf7f018
1c0df9f8fc0406f3
0609fd000606f907
00f40b02f314ee03
01fc170211050010
0afb1309090cfc1a
17fe01150901f4fa
fef1ff07fc02f7ef
090b030b0afeea10
09fdfe00080b0802
fb10f5e4ea0600fd
04f402f7ec050ef8
ec060d17f80007f3
fa0ff5f8020dfe05
13e908131004f50e
f404f6dcedfcff15
130afc00f513fa0d
0701fefaffea0104
0b09091b0cfbebfc
f209e0fa0bf20cf2
f70c0ef1fb11f50a
0af70c060a03f515
ff06fbfcfcf90002
07150a09f3f0e8fc
0eedec0c0c06040a
06f312fa00f70503
fef60aeeee030b04
060317250df805eb
0020ddeef4f322f5
000502010900ff0e
0a13f0f6f90a0d01
0a0b101908fbeef6
051309151003eef2
f0f8f7f9ebfd04f4
05e8faf9f6f1eefc
fdea0a17090a09fc
03f30005070207f8
0a0d010308f3f507
f5f70c200e0bfeed
02ff17e2f80505fe
1800fe0cf00df61d
f801fbf20b1dfff1
f6edf51407f8f6f6
00f10fea05fced15
0a150d08ee05080a
020301180bfd0702
f00eefe0ef070a01
feedf9db04090c0d
ff19f0f9e7e70422
130101faf905f9ff
0b07fd03000100ff
0901fe0efc0e08fd
10ff04ee0007effb
f7ffe2f1fcf7050e
01f90d170609fcfb
f5120b0affefecff
f401f50e0e0d17ee
ebffeefaf40717de
0df8e5f80ffff714
ee0803f511070702
fdfeea0bfff9fd0b
f9f914160afaed11
fb05f5dfe5ff1c00
0308f9fde908f915
fe01feeafd02fc0a
fd1a0e0cfcfbe710
faeb0b0a0e000511
0c1a0cfa0df10c07
0ee91a0612f9fd0b
f30bf1f40bfb21ea
ef04f404fbf3deee
f6000402fc001be4
0bfb0ef308fd200f
faf2f40201f9ff00
0cfcfbf8fffe0202
daf6fe0303f429ee
03fe02150300fc08
fc040b06fe170af0
fc090c1fe008de1e
f81afb080208e8e5
0dfb0a0c0403f6f9
ed0116fffbe8f9d7
f4e6070002fb06e2
ff05ff07faf10807
f8f9f2effd0b01fb
060706daf3fe11f3
ef01fef3f607eaf5
0cf3f60714fcf80b
10f90102190018e2
ee0af7fd010a0a06
05fa13f2f9fcf4fd
0df710f2f1fcf3f4
fe05fc010a0d1b0f
0aff030c11fc140f
0ffc04f3f905f800
130810020bf6f70f
05df0300dff5f608
ee08e802f80406f7
faf6eb0ffff505e5
fa09f4f6f5fb04eb
140606f4dd0dd5fa
0e0ee50500092008
19ecfd1201e2050a
010c0df70a100d07
08ebf90305150efd
ec00d9f5171712fd
06f401fbf2f1f4f3
f9041301fb08fe08
0afaf50cfe07fd06
fcf9f406fef70600
1110f90ff7090807
0b02eefef10106f7
010410f808180806
e7f6fa00f30004ed
04f501f803fbfdf5
f701d904f110f8fa
f9fbe2eef41207e6
e717010c15081317
ed0ae807fff307f6
1100faf2fc04fdf7
22fb0311f6f3f6f6
00fd0201fa0108f3
0d0318fd01fef1fc
eafafff3070af414
fdfb26fafce8f00d
01ec06e403fff40b
fa0c01f9f404f0f7
fd09f606fbf906f8
0302f5f3fc08eced
180004040e0afe08
f2ef05041404f51d
0f080ce5010cf4f9
fc0df10a090cf60e
f50ffe07ff190a0f
04ffff01ecf0eb00
fb03fcf20b160bfe
01f9fa0607f5fb12
0c0a08fc050afd10
0bfd05f7f0dee8ff
0b070efe0808fff5
08f503edffee04fc
020c0ef508f91207
dc0ef9090b1bfff7
f70200ecf4eaede6
03fcfd0818020c11
fe0c11000af8fa0d
ea09f00ff7fb16fe
fdf30b0d06fcfb0c
fd04140a0f000708
f811ff01f6ff0b03
0a0704ea0b060900
fee3f617e5dc0500
ec13090b19fff2fb
fa120011edfb01f2
15fe0cfdfb0bf7f8
2bfae1fef4fc0900
14f609f2fffd01fc
f51704000e2013fd
fc040ffef6eff209
0008ef0d11141a09
0bfbef06f5fef708
0f0007f8070105ec
04f9f8f0fefa04f0
f8ffe8111607140c
f9fef804f70409f3
02f2fafbfee1fb04
03fede090c1003ec
04011bf604fbfe0c
f40203ed08ecfeff
09fd08000c0307fa
e40ef0f8fa130002
0a0303fd0428f8f7
080017ff11fbf410
0504ff19fbf80e0f
04f7110506ffe31c
13060ff5f712f507
00fc0cfdfff30e07
f1ff050b03030702
00f5fb0b0300fffa
0700ed000e00fdff
0213e801ec1606e8
f4fffffcf8ed00fc
f9f8f4030af90004
ebeaec0cede60aff
20fa05edecf011ec
04fe00f800e8ecf1
fa0c0c0c0ce812f0
ea0a001615e91011
ec02fc0c06f9f7f9
edf2f7f2f1e908f3
0bf108fff700e6fa
ed0603ff14edf708
0d0c03fd08f9fa01
eb050c0ceef50bff
f8f614f4f70f01f7
fcf0000fdfede805
010deff80117fbf0
1ceb0b120afcf90b
00f2fefdff0610fa
0f0416effa03ecfd
05fcf30210f80300
03060df8092bef05
fa000901080a0e06
10f7fdf50dfef9f7
f7fa050008160c05
020104fdf802f2fb
f012f9effe160709
faf8fc03fff5fc13
ef0df90a031616fb
f8f50508f7fbf0fc
0e0aecf8f80e02f3
f9f6070402fffcef
041c05ea06f411ff
07ff0bfdf204e9f9
09f516fe0ded1009
e9fbff0e09f90d12
15010a06f0f5eeff
1204fef9f9080e21
f71afbf9fbdcf518
01010d24150fed13
e20d2de3f015e6ea
fe07f5f309fdd50d
04f302020cfcdcc9
03f2e8f0fbf13bfa
f310f718f52304fc
03241cfaf8261713
09e90c0cfd06020a
09e6091412e6ebd9
fdf1f9ed051009e4
fbfee0f4cc0bffdd
13f6f90def160209
fc0b0e051507ead6
09fe04070ff70617
10e7fc08fa192009
17060b12f329e309
f6f9dcf8fa061130
faf2f41304fe11f3
06f2ebf30703092b
0cd8e6dc0901e2e8
0f00fdf3f5041617
01f7f80d10e80916
f613e81befda02f3
03f511120201ea19
0b0f01d50bf4f6e6
0afafe0b0800d31e
fe04f1f3dbfcf612
0604fcffe2f41df8
170af90a0b043fec
f3f9f911fd01f4fe
fc030010fbffe71c
0214081316f7f3dd
fafffbee071afd0e
06eef7df160410f2
05140d08dcf9fa11
fb07f2f00cf70df5
01e9fef808f00b18
0404100316ebf701
02e2f10000ef2f31
eb07e10ff72e01ee
eb1305070df2fddf
09f7fff2fd031ad9
f401f3e60001f8f4
0bf7fe0d07fdfe1d
f90ffefcfcf0120c
05ee0504f9231011
f4fcfb0905fff80d
1cfa07fc00fd04df
fb10faf905eff904
090bf71dfc0efbe0
fe0dfa0413f5e6ee
e512f9ff0ef719d6
f92af2181d1b020a
0bf3f6eb021917f9
0806111315f4060e
f8fd00fadaee0127
0bf0f01916021a0d
fdeaf4eef4ff05d5
fb171903f9fdf6fd
f91f0b24e5f3f1f7
fbef04f109f0e41f
eafa05fbed0ff4ed
e2e40807fa04fc1d
f302ed011608f100
fd1df4e111f0ed16
0fec0dfa16f40bf6
06e4ebfbef0811ed
f9ee1408eef22ed9
06f6fb0a0af5090a
1c1705fa031c24fb
fd1ffd0bfff5e507
f508f7f402140efe
0a0c1df3051319f0
08f8f701f2ddff0a
fc04f9120b0102f9
fc29faf1010dc90b
f21c0bfaf50a0f07
120ffb0b1103fd26
eced06efff0bf7e9
0b200101fb0ff8f8
001208fb07f909bf
f41dd9f200f20121
fde0060703001dfd
faf121fd09f9f8f3
0707e8ed0603f229
f5f800f7f8e11517
fcf90dea00f9fd1a
12e70616f407fc1b
04f902fff1092500
0b2d0b0d0c040908
f1df10eaed05f2fc
ff2008170517e7e9
01e412eff9fb030a
1a0becfde800f9e1
0b14f917120a1613
e5e9fff2fc1217dc
eafb0dfddcfbf0e9
f60405200e08fef6
f4eae9150ee9ee21
e5f415f0f6fb0f02
fa1e1610fef1fe0f
05e50703f3191ae1
fae200faed0d031f
fa0df00d251d072c
f5ed0c05f710e3fc
fd0a09e10d0ff0f6
f50019150df80ce3
e7040ef3fe1af9fe
0200150df9f4ebf5
f9ff000f05fe2dd3
f906e4eef8f70300
03edf9f804fe0919
ff0ef21b14dd09d2
02f7f0e9f7120442
00fc00fb16d7de01
08f505f70e05f613
06160b0b0306efea
f21004e600ef0002
09e80ae7f71809df
1814ecf7fb0afbe4
083d09fb0910d908
01001ddbf9ea07f5
0dedf9f10006ffea
180e1d17f4fcda13
02ed1307e506fee6
f512f7150c01ef0c
f519fb1cf2f8e6fc
0b040b0703121c0c
e8f80b19d8e71e00
0cedef0e0b010f09
0e02f61206031d16
03f5e707f2e80e0c
13f81207e7f60eff
e9e6ece2f7faf428
f803d903ea1305fd
0907f8ed1af200ef
f8ff0bf8f0f815fc
2708ce0e190a1eeb
f3e5f803f02d01f2
e807060711def535
0eef160c080b0e13
0afaf407080100f8
0e0603f0dcfa1203
0202021d20f80fee
f9fffdef0a0204f9
fb02dcfcf807f4f5
09fb23fb04dee1e9
eafbf5111113ec05
fefb0e16faf7fefb
f70e09fd00f61306
1d0711e003d9020e
f6f801ea1505fdd5
0b06eef2dbf315f4
08150603d0eef8e7
eef00cdad70ef00d
edf317121808fbfb
ff130b0123fe0932
0e13fbfa0714e104
04031eef20181eee
fd0afa02e5dff90c
fa0ff301faea0307
0b16021109f8ee0a
ee08e7fd0ae91413
0ffe110bec060a1f
07fc02fc0cf0e5ed
f003ee1211f8ed00
19f80a041f080c0a
f50b0301dbfdefd4
0ee807fdfb18df0c
0201ec14eae8f50e
0cf0f10cf110f911
f401f1fbe1dafb08
0c12f012f2060b1b
02f2f4f90fe90202
1000060ef3e10b22
ed0118f4ff04fe0c
0f0216fff2181415
e203fd0ff1ebef0e
f6fefaf9e4eff4e6
060312f000f112eb
f20301e50300f6ff
e5f111ff1e1bfd1a
18071216ed010700
01edef030a2403f2
01f9ed0b09f10bf8
f601ea0bebf21921
f40ff1eb0ff7ec14
0912fd131904e30b
f7f4ede0f30004e9
000bfbe41d0af5e5
f712070e0d221516
00120206e4130008
e5dbfafff90de3f6
150ae6ee231bedfe
080908fcf308f503
f0fae00022f8fc1c
fc1212030802050e
06ebfefef8eb00f6
fdf70400ea121ef4
e4f810f106eb0cf8
120a13e31cf0f51a
fd2021fcfe05fb0c
def609fcfe12ee0e
06fedbecfd0b08ea
eef0fe00e7101809
d306f5fa0408dbf5
113421fddcf60bff
0710042ce9f3060f
f7030cef09ec12ff
faf80eec16e4f6f3
09f600ff0008e408
fb07fe2cf7f10fff
0707051305f4041b
eef7080b1ef4e7fc
f50119e61d1afc08
fa0206ef2105f3db
fe07fd26eccbfce7
2af012f0fc23f1ee
07ffe20f0800ddff
d6fae1fde7ed0212
e7fdef06fb12da0b
ee070101e7101401
ee120ed1edfaf7fc
12eb19061ef31bce
0501f9f309faeaf9
e900fc09fb0afbef
d1ef050c04e6f2ec
04ee0dec0e071ded
0a0802050fedf0e9
eaf4e8fbfbecf0f8
1601e8e9f2fef310
01eb0dfce0e811f5
04f1f0f4f926ef11
eb0d250afd16ec22
03faeded21ef2bf3
00f4f0df0930df0d
060616130df904f0
07ed141ff4fefdeb
2a09d7f821dd0904
0c1308fc00240c07
1110ed1ffcf031ee
050deb04f2fd0709
02f61afff9fafeea
f5fcef0bf62ae80e
19f7d2f6f22f05eb
080615fb09250708
0e060819080bec08
321b160d0700f108
e40503f11203f7f3
fd00f418e500f5ff
0b0af1280f07dee0
04e502fe07fe13fd
070412fd132ffff6
1a060af203ef0933
e715fc16f405f40e
3ef82b080ef40d05
fc0f02e620fa2419
0a14ffc4d9df15fe
0513191adfe629f8
ce05d81b07f0250e
f6e71110f8eaf133
dcf6ded6e3211cf0
070dd9fbed27fdf8
e9fc0ffa2916f613
0d1cf32210cd26ee
ff240819fdf4f908
f6180007a007edf8
e808d9f4f3f4ddf9
17ff13f5f6f0ffd4
0fedecfc0813e2f3
b4ea0818000bf218
dc1119d337080ffa
15f702f3fb2ad6ef
1319c6fc1110d112
fc061900f80ff417
012cf10de1de0c00
0e0aed0ee72202f8
3e03171c09fa0405
1affee2b10fae314
ef131cee2420f2e0
04fed30512f2f503
e2060f2f12cde6ca
1e0d0dfbdbf1f60f
0df10bf1eff7ee0b
f8fe0535f3fbd639
01faf7fcf217e2e9
1d0e40fa1823f9ec
effdc5f625ef1def
dfeb10160bfcfe0e
effffafde9c8eb12
fe02eefd10fa0ff7
1ef4060dd8f51c0d
fff60912feffe8f3
2703dfcb031d0ff4
23db2211eff5fa0d
ce15f1f6f3e5dc15
02fbdd38e60b03e6
cafbc207f4ea0617
1605e0f4e6e80b0a
d8d4df041d06fcfb
30f3fa16f2f90e06
ad0905dc0e15f813
f3d5e70612f74106
1309f9fff7e4f5c6
3af81310f1fa1604
ddeceae623d7f70b
e4efef0225e42412
01ed07fd04fe091d
e2f9fb0b280d1e05
00e4d9d6c72813e1
08e60e12ed26290a
20032df80418e018
d9e6f2e2ee1703f0
e2fcd10ae0f01412
ebea05d734c203f5
071117f80904ef10
122901d404e7f3eb
0a08010f0810ea01
0f0c2af209deffee
04f8051b0ee10819
14cbdee029fff40f
1f10d8150c20fd1e
081aece4fdf0f142
e9fef3fdf8ea1617
eefe081204e60f18
fbf2d60ae906d1f5
23030e03020713f3
d8e114111e0aec0b
e5dbec0a170918fb
1a0213f103e9e101
f9f8dae20001d5f7
00161b27fb180b01
1cf90f23f8f9280f
11f1f5010a1cf9f6
ec061a27e7d0e0d7
dffb09f4eeef2308
fa19f341fde7f807
10f90fdae8fef9f9
02fbfb00f7cee0fb
cfe202f504e90dfd
2ef0021fea2c04c4
20f1fdca131ad5f5
3afe2207f207e6e8
f2141cff1b19e5f8
ccee040012f9fe17
150e21fbed22fcff
d80b14fefcf9031a
bbf6d6e7ff1427e9
0c11f9e8f7cffb1d
df2402f9fde7fe1b
0d0f10f52930fa0d
d90a03f9061ad9ea
f706cdf1f4060819
f2e7f6f11f211ee6
dbf21ce11ceaeadb
15fa24f309171634
10e7fb150319f6e7
abfae60b07feee13
d5fef3e1eee7f8e6
e30ff9dded1617ce
f224fbbae1f123f3
fcf32d0efedb221b
f306f51412200ee3
02f4ee0ee007f3cd
fc043cf411f81ad0
f7fceb15f9f6172c
2503e821f20fe50b
28141cf3edf7ed0f
fcf1e9291dfd2419
14190ae4efc7d4ea
27e503022b0012e7
2d0afcfcd9def1ec
3207ceee1321edfe
43032afaeef3ed1d
ed00ffe1f40f1b1d
070cf31fd8fa00ed
111bf8e8f62f23e1
f811f112f6e7e819
0528fcf301ebf014
eb1b2cfe10e2f7f2
10120806001cf6ec
03e51a3eeef333f0
19101c14f6f61c00
0df8230ffb171c0e
1110fcdbf9e92910
08f5f0dd021de103
f9e40504fbfb06f2
00f3fdf8dc0fe713
d90b19ff19ea28fc
12fa02fdf7fdfff0
07050af8000af8ed
f3f9f7070fe9e2db
321afefdef0d0429
ddf0fbeff90af312
2018f006e60bd9ef
f3060cee13f10ce3
ebfce3fbf4100224
091813fd0c03e50c
eadfe82bfef10de1
fde8f308fbebe31e
0d0f0f3c0cf71205
0611f50af10ddf20
fbfff00601e704d2
fa0fd004ea13f01e
0f1bf6f90500e20f
13f81af003f50725
1301050321f632f6
0b02edf70aeae4f8
f7e71606f82f2b16
1e0105e90806130f
221ad510f904e6e5
fcf5fc15fcfde2f7
e606ee0104f3cfff
251bf90ef405d4fb
0cf9f70308eeeff7
fedef4ddeb0b1f22
e1dd1ff2080425f1
0515fd0e00111400
f3eaedf31effe8f3
edf51609ee18250d
f517f1e80efae2f7
00fef8dc1612f2e1
c2e2fd0608e703e0
fbde0f14f4eb1319
000e10ee04071631
ee17fefdfa190907
ff05040af11a0c05
040c16fdfbee3bfb
ede83709f80b101d
f502e60c06e2f9d4
dde41bfcf6f31809
eff2f8eafc01f2ee
09f60e02f50c1f11
f7fc17ea06100e08
17fb15190f161bfd
f5dff90e050b210b
11e42013fbd71aeb
fff6d81ef5f0ffcf
fc1412ecf2f2f1f4
f407fdfa0afdf9eb
010d0107f9ede4f8
e7f922f91b0c0e04
1b1716fef92e17fe
1a2f0d0ef91d0601
f5fff6db0e08fbfa
00eb0312f0e2e714
fc02270a0203f908
19ec2b06dafa2a12
0c16dbfef6f0f7e3
fefdfc21f807edc9
ecf80f19ff1bf9fd
050d150cf609c912
f2fb18fcfce4fe08
e017f4f411efd902
1efa02f4ee151018
00f41901ffda07f5
def404ef11d7f6e8
dfd91605200213e5
0b02cf01d4e4e4dc
0fdefddd14fb1eda
13fa03f6de0e280b
12eddbdc01d6f1dc
e4f9fdeffd0c1dec
070b2a10f4fbfb2c
1228f712f2131727
0eed05fcfdfc17f0
f62611f1fc22df1e
f50f22eb100fd211
f9140bf0ff2ef720
ed28fb091220f118
11fffaff12f4f1f6
0904e2080ce3e6e8
e105f6f8fe100a02
0d210b08f4131008
e415f90212fadb04
12e4090cef1a1cf6
e207c1e815f40fc3
f4eb0600080f3ef7
24d717f3ebef23de
ef0404201f253cf8
fa0b0a192e0606e7
f0edd11aeff5ee34
1909fb0b03f0021e
16fbd40f03f8f2f7
fc04feee0edddf12
e905fcfafbe1e8f7
031a021210f306ea
170620fd0fee432f
290ce8080609f4f1
051820f0e7d7f30a
e9f3e6fdfe04f51a
fc0dcb1dfcfafcec
162013da061ff011
0204fdf9ff0f2e01
eaf1dce6001b0519
0905120cfcf8f50c
f4051efa180fe13c
fee9faf609e4380b
0dfe05f7f33122fe
242ffb03ecf7d429
07dac1f9e637f3e2
fd0b13120710090e
f20bea120e08f6ed
17061005060e22f8
25f4cb06de1ef0ee
ea2003e00109030e
eeeee9e50b14ec0a
070a0dd83a1ff804
070bee1ff0e903fb
faff07f6e7f5fe08
0518fef6ee0cfbfb
fa110fff08db07ee
fff7ff05fbf6f609
ebf4e6fdffe51309
e9fe0103ecdcfc02
0c0d050a00fb0e00
fcf61207e7fb1507
f3f60df2f60afc2a
0a121500fb0de5ed
1bf4fc000120ed07
030bf51f0f0612f2
f22405020c050bfb
e5eddfef0302ff05
0bf30517f31512ff
0dfd02161ae00614
ff0f06ef14f40409
06f7defb1d0521ef
0610ed0c0007f0ff
050510e4fe1c0312
180211010d000326
040fe906e204defa
1609f80a0200f60d
081f0e00052ced0a
02f9f8ff01e41006
2c0b0e0cf5fa09f5
0fffd7f421fdeb01
f4110bfb0609f4eb
1711daf4ffeff2d2
09ecf0eef1f0fce3
f6f0f704f51dfff0
23edfc09fe0fff02
14fc2af51913edf4
08f8f1f620f0f5f4
1713fe1beaf40609
f3f8e606fdf20b13
f90a0514f801fff3
f4ff121211fdfc16
ecf113fde0031602
10fd08e6f516f50c
06dc0800f115ed0d
fc0006f4f7fb11ff
fa2cfe05f5f804e1
f8daf705f3df0c01
0a010dfff12505fd
02f41600d9fefffe
04141204fa0b061b
e00619fb03ee11fb
17fdea05ee16de03
f50a0c00ebf02201
fbf7010e1c04100d
eff91005f7e00df4
f2edfb130000fd0b
f5fefaf000defef1
fe01ff03fa0efdee
edfcee05f6e8e9d7
eafe061af40fff06
f9fa14f80c01faf8
03000af1f219fd03
08040ef31919ff06
eff211ffee0825fd
13010c0716eafcfb
f7010406fe0afff4
e9e2dc07f613fe37
e9fcd50b11fa07f0
e40dfae910fe19d0
f505230c01f2f8f4
edf3f70805f9e1fd
0df000f309f9fb06
09130cfff0f8eefc
fc0a22fd081b03df
f30ceffa06f407f1
09edeef8ec151811
0711fb0a01f00eff
05070a00fe0c03f1
09eff3f8f5090203
f80a04f7e90408f2
0cedfff81100faf8
e7faf90e0608faf4
e7f8160ffd0620e7
ef0bf6191911f2fb
f2f9e315fcf2021f
de0503faf7fef0fe
1903ef06f3ee1bfe
dff6ed0ed5ccc323
14fa22ee1a0c180a
030711f50d040a07
0bf91df212ee1315
1c072bf20c00f12d
f7ee0bf402f9f708
1902e8f81a0eedfe
1910110f011cf41c
09f7f0fcff03f6e4
2601fdf7f60be9fa
e2fb091615ea010b
fde9070efd14ec1d
101e042509f712f9
eff6f5f11efe02f3
eef5f2f01e010fec
fefdfbf6ea0a01f1
0f0305fd0ef8f417
140dfdf2f303ea13
f0f4fbfc0501f403
0208170e05fd0500
0eff08fd0c15ebfe
180eebf3df03f702
e402cef3f6fd1418
e2e8f0fb0eff080b
f702160b14f5faef
061df5fd08072204
fcfef7f2f90d05f8
1211f9131cf4f6ee
1202120cf71404e0
0708f011f11012fc
080d07fffef7feeb
070d0c0ff608f611
e8130508e502ee2a
00f7eb0fffeb0601
e8fd11fffef00a0f
eb07f4100a01fc0b
eefe06f8eaf50dee
e8eef7f3fd07e5f9
00f8f0f5ff0801e6
0d050b080e01e901
111af201f20a18f8
f31af508f102e8f8
0dedfc0d00f8f81d
120dedec090104dc
fdfc1926fde31e09
fd09010f05e00b07
12f7df0d0f02ebf8
e7f00c09fdf807f8
f8f0ec06fa08010a
0c0cf508faf90902
ee0408030b121917
faeffaebef0b06f6
edfeeb0f05f31202
020415ff13dffb03
faf7f9fdf0fdf005
081a1710fadff906
1cf8faefeb12030f
0cfff01719fe0502
fb112208ebed04fa
18120811001407fd
04f805130a0dfa02
fc02dbf3fb2018fb
fd00f9f7d7f80009
f50bf9f1fd00e0fa
f20703fa19f8040e
f307050002e805f7
1f150b10f2141d0c
ff000810ffe7f8ff
fbfefa19feffedf4
ff0bd80003feea08
01fc04eaf6e9eff4
f6fff3190219190f
1df806140706190c
08ff080f1ff105f3
0003fdfbea1bf0fe
0201fe070a18f606
fff60410eece06fa
0dffedfbe1e8db01
f6f905f911091efc
fff103f70034f806
f51f1b030708f911
0fff02d1f608ecef
0d08f2120416fd02
06edfa05ed110bfe
f001fd14ec0edc04
0bfaedf6f211fef5
fafbfdf603f32604
0cf214fa24f728f9
f8fe1806051d2710
0d0504121005100a
ecfa02fdfb0716fc
0501f20e110d0700
ef061e08eaed0a0f
eef706fe11151401
040b00fafb04ee0c
09f9f1100ffef5f9
e7f61a03fd140100
e2eb15e712ff06f2
07f4e4ed033000fc
de190aed17f702f7
fb10fff4f7ecf811
09e703241ef501e1
130cee00eef9e500
ed0003f90bf6fa08
f5050606fe0c160a
f5e3f1ffe52e0614
f3f8060b0bf9e900
effc0318e9f7e40e
d802f6fafff9f514
f0f91420f516eced
f2070a130900fd06
d60f11051aeff9f2
fefdf6ef1215050e
ea0df5f11a08fb0f
f20a0cfb07f8131a
0204111afc0c1afd
f50c27fc1e0df608
0c0a060410f9f1f9
f1f0e4ecde0a02f8
f90909ebef050704
0508fa07eb0ef401
f3fa03fdfaef21f0
1009faee0af4ef0e
14f3ff02fbf007f2
0cf70202e8f81201
19f7f8180f0d0019
fe1411fefd02f8f7
f6ff0612fd12f212
dff7e1fc1bf3f0fe
060a0d05080c1ee9
f4f412e20c140a06
1cf5f90f0f00fbfb
f8f8f705ef0af8f9
0305fafeefe4dffe
fe01fcf2e6eff801
f4fb00fbfe190806
12121b08250be5ea
140af0f2f8fb0e15
e5f8fff40ffc2fff
01fb1911d7f30002
fb0ce2fdf6f21913
f10400ff03e604f4
0801f4f9f4210706
f3f608ed10f60003
0a110cf0fe040df3
e204030af9ede4ee
02e8edf3ecfc00f8
04e800f1f0f6fb06
ebf911fbebff2515
fef81013f4e2fd0c
0e1cf7fb1ef70709
fb1603030bf11005
081ef208ed0ffafd
e5061ad9f5eb0ff7
17fb0efaf1fff6fe
03ebfd02f7f8fdfa
1e03feec0b1b0cf0
0700f2ff0a07f508
0a0be3ff08fbf203
fc0515f41a0af903
08072309d6ebebe5
16e6f5f3f9140800
040c140f11edf6f3
1ce90fff2706fe01
0708ee0efe08e1fd
05fa020700181f03
1400f90d031c0803
040107f8f1e5f0ee
02ff150222fef401
2001f9e5fe0e2b06
18fb18e4eef9efff
0717fcf60cfa00ff
04fe16010cd208f7
f0f2e1e111000c12
01faed08120cfe3f
0fe218170bf0f505
25eb22050b1313fb
eef4d81b03f5f002
fddef00a0b1cedc7
010ee1fbfa08cb27
16f61bfc120be8e7
310b01eb1f0422cc
0a1410eceefb27e0
09c8e4fc300c19fd
e303f42bf002ff1e
fa0dd6ddf3fb01bc
0af7ffda0612e2d9
06e906060a07ee18
032401f2e4f7fdf2
ebfaeb09f60a05fd
1dea4101f5de2cf4
0f1f0bc6ee0ae92c
100b1bff08fcf4fb
132013d1f8e4f211
f5ebfcf4edfef00b
01160cdcf0fbf7fa
e402ee06fb06f938
d2fd0cfaf620e90c
10fe2cfcf2e94edc
14e3fa281721e401
fadedd16ee02f5de
2007efe8df240406
fe0cebd3f9070101
e218e6e2df240a03
1f16fffcf9f1fafe
030931f6e7ec460b
f7e52e3e1ef4dee5
ee0a0725050e001b
17dfdeef0c23f0f5
f3232e27fad90a18
f602dd0e0e11cd37
f21bf4e8e30511fd
fc0e120d12e1f507
d73fdfefe806ee3e
12cd00e12619eaf5
f205061e0fdaea19
f004cdf50a1cd9d6
1cfdf7ff0c0ad40e
f4f60c111a01e2ec
010bed241af6db40
020214dce9f523c6
ee05ff130af2d427
f30332fffc05f608
09faf01811fee439
02f5043103f4d0d5
f0f0cb231101ebf1
ff0d0c062006f324
12fbeae90cf10be4
351713c70f06030b
fd06fd0ff60cf30f
101911f7f3e21309
180602f80df7fbd3
defdba030910c4f2
f0f1f81ed222f6f4
0bdf1bf7110325fd
050c2c0cf5ef0d09
f7fcf0e50c082af0
02ebdff504050d2b
f0eadd241203cd15
0d0a16090beadcc3
ff1d00fdefec2628
0e0fd9d61034fce0
1a0df7f3fe0fdd02
f101d305fe00e605
f01307f6f2e7ccd0
f1e9031e0d02040f
fd03fa0502fbf9e0
e221082beeece4ea
0a02f9f60d11012e
f2fc2400f9f20ad3
23fd1f1b09f62bf1
0afdee08001afa28
08153014f6da0cf8
ea04f7f5cf03d511
1fcde3fc37fdf807
cae8dce2ef3604ec
10111ef612f2e0e8
f2040719ee23d811
060dce08fdf3d5f1
e80cdf30fa000635
fe231ae4f700f52a
fe210debddf11526
fbfe23e0e0024fea
0a09f2fffaf3d9cf
1ce602ecf606300b
ee0afcffeff616ef
fdf1fa3016e6f9cc
08fa08ecec00f113
ecf206f71d2009ff
fcf82c1cfadefffe
d8ede2c5fd182aef
11f20ecb100f1212
15fe250b0fe90f12
efe41cef08e4f5ec
19201feffdef1c03
ff101b0f12ce1101
04fefbddf2fd05cb
eefce8f8eef9fcc5
24ef171623e2db14
18e916f4130003eb
fc06edfaf5fdf002
f506ff1008f619cd
270621ede7ff13f7
f4e5fd2ef7ef22d3
0511e4ea0d1103f5
e402fd0b0114e70a
fd04ece0ee120b09
f520f11a1ad7d613
0f0400e8eb17e81d
f400f43d09f10bfe
2edceb0825f814db
13fe2049f0ebed08
0a0df3eb05140132
0b0cf2f8f80320da
d8f1e30fff10f909
1dfd2d360fe321d0
e6dfdae5f61d02fb
dcf2001a11f31206
edf91e1ddbe41bfa
feea00e8f8073eec
faf2fb2d06f5dc1c
fffb0e1f090dd210
e20de3d315fdf72a
19e1ee08ea14e3ed
fbf51e04f5eeede8
d000f9eff7e9f933
fa0afefc0d0717c9
02081905fe0511ed
01fa1df3f104fbf6
d8d61b2d0312ebfb
f7f9fd1304062900
1a18fef408f3ee10
f607f8050402fac1
d50c0d17ffd8fe20
021110f80c0806fd
eef5ebe1f700f2f8
db08ffe4122829fb
0811f4060f08f9e0
3aed1215f20417f7
0ec8f20b10fe040b
f6f1202ef0000fca
f90f1206ea192200
feff1a1bfcf104f1
f8f6102c130e2ff3
f504d8d91a12eb13
05f3e1e8f00a001e
2601fdfdf707040d
0f08eae71affe8e4
4c19cefd0f0eff04
e7f80d0df5f8fe21
f4f2f82314d7e504
cef720010f1317f2
1efa1127e2fd1a2f
11fae4e2fe08fd35
1603ebf3ea05f6c3
19120ce23020f3b5
f2081916eef6fdfd
260c0f05faf80a06
dbfefee508f0f3fa
f60b12fd0c0f24f9
2be5fae8f4f4ffeb
f309f4e118101c1d
04e5ed33f3edeedf
da1217e0e5f4ea07
f51b1d24ff020cb7
cdf20e21f2e905f5
2afdd8ea231c15b5
cd13f7e716f9eaeb
1b000624f30e10f1
ff2bf504090a15d5
420bf7f0fcee0af1
d903f3e109f4e324
320fe5f7030afcd0
1816d5fcf8ff1b04
eaebf207f6eaf2e2
04f5ee0cebf3f2fe
eeea230f0be303fc
e5190aee100cfbf5
eef80d0afd0df544
0700ff0bfe0128f6
fa1d0ef81b03f8d6
2a04cd1711060600
e102e7100ef6efef
4e0e25f3f6000103
22e6000301fe0322
25f6f9ec1c06f325
f9fae8fa0affe624
0d06e10707100301
ef190d1400f419e8
d9fd2615f5ee300e
f9fb1647e6e220ff
fd11e1da152314f9
13fe290afe0d0de8
f506f0dc07fcdf25
36f3da080a0cfffc
081d2cffe71106f9
0f0004eb0df50221
1dfbf51bede2fe01
eff7f2ebf1fcdf0d
ebf6e8ec0ef1d6fc
3ae8061a06fef814
1315ff040a12edea
f9d3f3e901f701eb
eff3ecdc0710eee7
ebf3faeff7f8fe27
fdfb17fbef143207
0d09f3fd0d1814e9
e9141be61710f00b
19030902121317fb
011002e60a03f049
1cf702fe0d101123
ff091216f90f1fd4
cf12dfecf3f70212
fef51f34f80514f5
fce9fe0feffee4d7
26fd1d20f101fb0f
f300ff080bf1e9f5
20e0f2f6de0ceb1a
fb05edfcfee6fe01
ff202230efe5f5fc
1ae8f60aedf7f9da
36e9d2e00b041811
16db0c21faf2fc0a
25ff0b1b02f9de03
15110f31ee0119c6
2723341506070a20
04e402e7ca04f4f5
02db1110dbdf001e
f70bf8eefd030b04
fd02fbeefd0610e9
1306083aeadefc0a
021fdfdffbff121b
e010100af9f7d7d6
eb1713ff0a0ae3f6
d0f0faf810030a2f
02f6effcde1024d0
27d7d41423fcf10f
f411e6fe0bf4fe03
d5ff16f71cf3ff15
ff05f3f90af4eaf8
d4010dee0eefec2f
d2002803000725ec
eff2090908feeefd
f9e70306f3efed10
e53b17180c0900f4
05ef17fef0fc06f1
1615e4f2f811050b
0bde09edf7fbee1f
ef08d803eef2f602
0cfef60afcf7f6fa
0e0cfcf504fbf2fd
f3f502f8f701f0f7
0af5f2edfa10f708
0e02060ff9ee0dfc
fc11010a02f20fee
02f9fcfd0914eaf8
faf912fbfa0bfb01
08fc0a1bf40b0501
ebfc1402fd0507ff
0711f61af2ecff09
0b0c0c03fd16fdff
0311ddfb0dff1cf2
fbf40dfb04f6f6f9
06fc02040503f007
0409f6fdfcf21604
f016dbeff7fb00fa
fdf706fb0f1af9fe
0af017eaf209e7fe
f8f41afbfffb060a
eef70c1408eb0f05
f8150efefc0702ea
fef1031ce9e9060b
f911f60701f8f907
0403fdeffaeaf6f5
e6e90310ff03fefd
031efa13fe01f1f8
eefcf90c000ff509
0ef8fd04edffe505
0f0cf900ec0aff07
f805eef403e716f0
05fe0d08f60ef601
f8f50af20607fe08
0a11f6fcfe0a07f6
ff0301f9fe010807
f901fcfd13eb05fc
e4ed02e3e801fbf5
110ffff7000cf403
060509fb020c09f9
f3f612f10916f20a
0a0a05f00cfd0104
0303f7fd06fe0cf8
f60ef404f1fffb06
fc1b0406000207f2
071403fbf9010400
0dff17020511f701
0a0aedfb03ef0a15
01f80a0707fc04f9
0716fbfc02f90402
04e60005f20506f5
0f05fefaff01fa0d
f201f6e90811f2f5
f117f404fdfbfdfc
03130708f700fc08
f4fb1b000606fefc
13f4f80eefeb0b01
f0fb05070503db02
02fe08fa0a03fa12
02f108f60cfcf9f9
0d0e0f000213ffff
f60de2effb0107f6
e6f9f9dc0bfeeaf3
feeb0b0a131804ff
23fcf80a0e0a09f8
09f50507f6fbfc08
021607edfdfe02fc
e709f3f701f60009
e4feff00f6fafdff
0c0d020ff7f907f3
fc0f040dfd040300
0014e600fe02050a
feff0efff60afff0
06f7f7fa0bf20b07
0df411f8fc0b0a0f
ec0cf00cfef906fb
0905f3fe05010e0b
f9ef00ec1217ef09
e6f10df50001fefc
0b06eef3f2f50309
fbe801fafa0cf607
04faf90417fd1c0e
1b00eefcf80f01f4
0410f8e809f7f5ef
0100eefd03f10cfe
0dfd0b13fb04f1fe
040a0af707fe05f3
1b09f705fdfd0e0a
feea000301eef301
07fef80af9fa0810
f6ec0710f9fc0cfa
02f506f40e01fff4
f209fded0001e1f3
fdfa0d09fe141308
0cf6f702fe0305f1
f0f2fef0fc03f3eb
f7ecfc0211f403fb
f6e9f6060003fb00
19020905ff030bf9
ef0efc09feed0601
fb091707f604020a
08fb0b030602f8f4
030106fcfa060f0c
fcef0409f40b010b
f5f7110f06060ef2
fe03080b110700f8
0fe90b0b0500ec1b
0ef8050cf517f20a
f51cfb0409fcf212
f70402101af500f7
f9ee0905fd010c1b
ebeffb010d0dfe0f
0b0cf5f2fcf201f6
090804e8f40bee00
0908f503f8fa0f19
120208f71a02fdff
07fd03fbf9030612
0e0af506f510fe04
06fbf601f707ff08
f511f7e70f04fd09
0e08f7f701f0000f
e712f70a0b06110e
f704fafb01080300
12f00811e7fe0807
f30b05fd02f802f0
fb04f900020702e1
eaed040d03ff04f2
fcfdf60402f4f5f6
08e81dfd09fbe2fc
f3fde4fcfbfafcfc
02efecf6ff0410fd
f30613fb080005f7
f609f7f50817f1f2
15fef0050cf91305
0410fc020909f8fc
ec02050d08f1fef1
edfe0cf4f5fafbf5
fa0608fa10f111fe
01f91205eefbff03
fd01060910030a04
f6f0e9070306f2f6
1af90303070c06f5
18122aec1be71808
0203f1fc0bf8fc03
0cec0d12fcf1fdf5
ee08ff0aff0df4fe
fef71b05f9fd0607
e6e50006eb08f4fe
fe0515f804fbf5fc
07fcf20d07f20202
0ffae30c0707f800
01fe1603ffe5fc02
fcfcfa0b090e06f9
18f8010906fa0ef4
03fa1a06f30a0013
f9f0f3010d09f2f6
ed061a0c050c0ee9
1100e50d0008f603
fa05f0fdedfaed09
020408fbfcfefa03
f3041d05f6fe12fb
f6ea090bef0c1409
05120700f405fb03
e706ed0bf716faef
f510190913e91206
000410fc0005fb00
fafde3060504f5fa
efff050beb0ffee9
fd140f07fc0a0003
02f20807f90104ff
0517eaef0c020b0f
190406eeff17f408
f816060608f2ebf6
0205ebff02f4ecfd
041714f7fb000eef
12faec0c0bf002f7
02010e0a02fb030d
f900dd03fcf8f5ef
14f8ee0bef11e9f3
0dfbe6fbf9070c00
0e14200f05f70809
0dfc09f3050011fb
f803f2fdfff9ee10
0ef2ebfbf3fc00f8
0afdf20103f8f801
10fbe7010afa01f0
08faf700f202fc16
f1fa160a08f406fc
fb05f2fd13f5f3f4
fbf80e0cf1ee0cf5
f5030703f2fe06fb
09fc1b06140fffff
f702ee00fc0a05fa
ece9fc0207fafd01
060cfa0501f90dfa
02051e0cfbff06fb
0df8f5f8fd08f0fc
e9f60500fefaf8f9
03010b0b0cecfd02
06f5f9130ceff202
0afe1305fdf5fbfe
01f7fd060bf60bf7
f70a10f2f3fdf90d
0f050a0505f5f914
05080efa05060906
02121b02fef513fd
ff03fe0105011104
f708e5f9f90cfff2
0efd0cfff30b0af8
0c10fc1502e51702
ff06f600f800fe01
f208f5fbf51002ff
fdf1f304f8f105fd
00060df00dfdfe0a
e4f5f50a10fc0606
f800e3f60708f503
eaf71c03fd04f5f5
fbf5eb0ff207f508
fff60c02ee0e0211
ed0cff11f8f8f8f5
01f5ed0dfe0505f8
fffd02fb050af604
0c0aed03fff705fe
0102f90f140bffec
14030ff604f304f4
0d0709f6f9fa060c
f10001f5e70ffaf7
0a14faee06060808
02101dfb020fff0c
ecf90705f402fcfc
f8030bfef5130703
060208f9ed00fbfc
ff0e15fdfcfaf0f6
f9e6150107fc07fc
fb05f6f61401f50b
08f601fef9f8f60c
fbfbd8fc021407fa
f0020ae7fe02f30f
000705f0110302fd
f90c0cfc05fb180f
fd16fd000200fe08
e1fefa0303f6fe02
0408f2fd02030515
0e09e1fd03ece416
080a1e020aed0813
04fcff04f203f4fb
0e0dfcf907170907
140003eb0df310fc
fef5eefb03feff04
fbfc12fb07fcf001
06f2f6f90bf4f2f0
0005fafdecf90714
f702fc05ff0004f8
06f80c01020009fe
15fa10fcff010f00
0c04edf3fb110efa
0109edfc0b0012eb
02f2f211f60704fe
fffafefc0f06110c
f706fb0b0202fefb
f7fd04fdfdfa0107
f7f4030606020903
ef121d16fae90d02
0ffa00fe01f5f60b
f6fcfdff02fcf4ff
f90cfffa060e0df6
0f020af4f9070d09
fff3fff9f500fc01
02001002fdf30809
fdfd01ff09fa05fd
fefefefe020217fc
020208fe07f90f00
020bfcfcfc0404fe
0203fffb01f4f107
f9fe0a0bfeec0300
09f8f3eefd01f1fc
fc070208f7040bf9
0704fe05f805fd0a
020bf9e7fd050003
01f6f705010707f8
0100040204000209
fefd00090800fcff
f7fafa28edfe07eb
08030bf901f9f405
fff90dfe0701f1ff
0afcfefefe03f902
0cf7faeff8f9f407
0206fbff0306f1fc
0b050605f40b1900
16ebe1261933f2d7
e41e0b0ffee81106
ee070bfc0ff2f5ff
faf605fc05faf5fe
f9fd00fb00f9fdf8
13f808e507f70b24
0306fce5f0fef308
0904fb0b02fe07f9
0f03fbeaf9fb090e
f4f403fdf9f3fb08
faf4fb0004fafdfc
fb192beed6d50928
0506f7eef801ea06
fb01060206fcea04
0702fdfb0bfe090b
f0020909030004ff
fa0afffc04f5f600
fbf200ff02f90005
32caf5d1591cf616
0209000500f602f7
e9f30a0203fa07f6
ff0101ec02fc0002
00f4fa11fffe11fd
0502fd0109fdfbf2
faf61211fe021307
110af8fcf40ef6fc
fd050c1b04fefef6
fd0905fffbfc1a0f
ff04fceffb03fbf3
fffb01fe010113f8
ff09010e0001f910
fcf601f704fb1309
0a03030100020707
fbf30102fd0510fe
0113fff402f6f7f7
0903fc0300060bfe
0f05f7f8f40afceb
06f4fe05fd0e00fb
110cfd01f9000103
1011f6fefa0300fa
f6fb040a0d0c23f4
02fc05fdfbf8fe0a
0b07f9fefffaf1fc
fff7fcf302fde510
eff10006fe040704
fe0a02fb00020203
f0f906070408f7ee
f801f401fe000df4
07fb0108fefcfd11
0a05080400f2fdf7
fb0102fa0bfd1a02
0501f3fbf5ff1304
0e0200fef108ee06
06fc0604eefbf0f6
fa0504ff08fd0000
030bf8fa01fdfefb
21f7e7f90612ecfd
0efedc22ee1d01d7
080705effd02f905
0800000504080704
04060605fa02f505
f706060702fa0502
060cf901fb03ff05
ff0a040508fcfdf8
f3ea0114070e06fb
faf3f901fa01fef9
0605fe0ffc03f8fb
f4fd04fa040203ff
fffcfc0704ff0802
f9ff01f9f903fafa
01fefa0200f7fef9
f5fb130df4f20b0e
070efd05fd08e103
0402f61afcfce404
06f8f7fdf80a09ff
fdf0030503fbf901
0b0d07faf9fc02fd
040607020bfbeff9
fe020b0407f9fdf6
fbfe010103f9020d
0807f6f8f9000805
0ff3fcfffb12e9fd
050e141504fc21f3
f4fdfdfbfafbfd02
f80502f808ff1f0a
06f9010001fdf3ff
f603fdf70001fcfa
26f8dfd6011cdc09
050800f6fafbf9f6
04f4060505f90503
fb03fe04080004ef
000800fcfa01f7fb
00fdfe00fc0320fc
f4000e0608f9fb08
04f4060209020afb
01f0000a04fa00ff
000bebfdfc050f0a
ef0af813f217f8f2
fd09fe1205eeff06
f202110b010cf901
010701ff0619f004
140b0812180eece8
02f9030509fff6ff
06fdf5feeefd0bf9
060502f0f7fc0705
04e1fffaf5f8f0dd
f00500fe09090e01
fc04fdf80a0ceeef
10fa1004fef90103
000b0cfaf9f3fc0d
f60500090d0af6ff
ff04fffcf3ef01f5
fff7080811f5f9fa
f9fdf61011fbeff9
0bfe0ae806f9fd01
0903fdf2120603fd
0ffa110b07f3f1ff
07021ff4fbfdfe14
0dfdf6e7fcfc0af0
fa07fc041af80100
fa010f0313fb0303
ebda01eef302d012
f9fef6fb03fe020a
fc000ff905fef807
14fb14f9faf50517
ffedf70b04f402fd
06f704040ef001f7
0b08fef9f8fdfb0d
d7e201ebe108b81b
0a0ae01d1609fdef
05f9e70d05f7f1f6
00fe10fb040f020d
01fffafffd04fefd
0806fdf50ef10cf5
06f5fcf9ebf1f906
f7fce9000afe1101
fff9e7fdfbf4f1fe
f50af8060512ef0a
fb07eff20b03f6fa
1af408f914dd39f2
030f13ffff1315ff
f9fffe0101020304
0c02e3ff01f00bef
f6f4fbfef4f500f6
fbfeea0203fcfef7
f5f6fa02031005fa
0b5de528041cf8ed
fa0905190f13fc0d
0402fe0e070df7fa
fbf7070a0cf20b0a
0af90505fa0dfb01
000003f3f4f21102
fa0bf0030402e506
f909fdeff5f801f9
0409fe04f900f4ee
ff0ef8fb00faf8f7
fffdf806f70e0706
fd040a0efd06040a
fe051efefc060609
f3f2f9f50efff903
f50809f2fcf9ff0d
07070909fd0507fb
06fffeff07eef4fc
12fb0ff2080602f8
16ff0bf80bff0afe
130015f2f6030cfe
050906f905e2070c
08fa00fc00ed1303
f70ee811020ff2fb
f9fafe0708f0ecf3
07f0e5f6feff0af8
ebf9fbf70606fe0d
ea020c030efd08f4
10fff2fcf9fbfe0d
0c090a04f9f805ea
f9fcfc03eaf4070f
faf8f707f6140011
08060b0cfdf60201
fafe0a060707020f
04fd061af00df905
06fd01f005f80eff
040e0501f4fffa01
fb0609faf702f9f8
00f7eafb03000a08
01f2e8f2db01fc0f
dec809cfdff4e829
05f1fffb00ef07ff
05fcf8f109080504
f5fd0bfd0804fcfa
f603ff04f40202f4
f80609030704090d
f6000f0411fe02ec
fdfefdfa0cfffcfc
f80800f100f706fd
03fffdfcfffb0cf5
f904f7fc02fcfaff
fe020a05fd010003
07000d0102eefaf9
eefcee0bf7fa0bf9
0ff3f6f5fff201f7
01fe17fef613121b
030d0f01f8050307
fffa11f9f41210f6
02f70519fff70009
ff01f901ff03f7fd
fdfb03f5050c0803
f306f80c151bfe03
fbfae6fd0507f902
ff0201f8190401ff
0a0a0eeef3fe04ff
0802fc0b04fbeede
02060511f808f80f
f0f9eb01000ffcf6
f90310fcfcff030e
0600f900f90d00ff
fb0b01f7f10101f7
0cf6fa09fefb000e
0200080c01f1030d
09fdfc06f4020e00
020101030b0604f4
ffffeb02ff00fb06
fcfc0e0ffe08f100
fef7fff80bfd0c06
fd0200f6031503f3
050df9f704fbfc0d
120307fced0026e2
f40c0b12060afcf7
fdecfb0204010cef
01010104f8f70ffe
f70c0d0311faface
fefc05120805ef19
f1e5ff070df90600
f3e701000506030b
f808fbfa04fa0906
010200f70303090c
04f0fd0400eff607
f9ef00f2fb00fd07
f103020afff2fe14
15faff01f4fc0301
f1ecf8fb0309f6ea
040ffc040af5f407
08f9ff08fd021105
0203f9fcfdfff409
fb04fc090bfb0007
031403f60a00f413
ff0705ed01f90207
fdf5ff020402ecfe
0d0300fe000012ef
050d071c06fe0804
d410cb02f5230cf7
040603fb01ff0705
19080708f3f90b00
fb0804fdfffdf90e
0208fded03faed21
f9fefbf203fcf800
fcfe0301ff01030c
c2fbc7eaa6472f30
160e0c2318fd04ca
070b040a010300e9
020d06fff9fdfb02
00f6fb0708fa05f8
170420effdf2f20b
07fa01fe1106f30b
f9fcfd13fcf903fe
060d0301fb03e501
0e0ffe0108f50603
fbf8fffb030704ed
060926044fd1ab08
01ec0bee03f10102
1514080afd03fbf2
0b051607f8f1f712
ebfefd000306f0fd
f50e0a0f0ffbfee7
000af70afef00809
2bdf41f4bbd744e4
fc080507fdfafae9
07070a1002030407
0205090613fbfa19
fc1d040707fa050b
f1eefef7fffffb15
f90b0204fbfb00f7
fff4f6dff6fffc26
fe09fb040502f6e1
050212050ef5000e
07ff0516fa05fa10
fcf701f2f9fffe06
0003fef300010eec
060100fe0304111d
04070401f808f5fe
020604fbfff90bfc
f6f603fcfd07f9fc
eafbfdfa06fb1202
f5f6fdee0900fc10
02010503fdedf517
fa0c070a05faeb08
fef3f1f9fffdf5f5
fcf90708eb0814e2
0906fcff00040204
f4ffff030b0208f6
0203030306070611
13f2f5eafb0607db
f2f402f4fdfbfe07
060b0409faf602e7
eeecef04001304e5
0b18060bffff070d
15f70408fd0109f7
fa080811f8fc03fa
fffc001009fe0808
0c01fbfa0801ef14
0bffff01fdf7f20b
fcf9fb08fbfdfde4
f8fa02030a0f01f1
f5def5fedf060c2e
c20db8eae93c1245
fafc0904fd04f00f
fd0201fef4f7010d
f9f400ea090a0301
faf3fdf7061306db
fd02ffef0b040d01
0407fdfdf8f4ff1a
0505f5fbfb0302f5
0f06f9fe0201fbf0
03fc01040e020e09
fc0d01030a0605f7
12010406f608f8f1
fcfe03041007fff7
fefdfb0d050208fb
f40900fa14e7e70b
06fd0204fcfef40b
0a1cf60a06f5f8f4
0af70bf7fa0af919
ee0407fdfdfb0307
0303fdfb05fef8f6
fc0c0105fffa0609
f4fa0907f90205f0
f40d08fe09fd0005
07e3fdf305fc03fd
fef1fdf0f2f20115
0a040107060402f0
0c08fdfafefa0203
05fb00f2fa1508d1
f1f00207fefffdf5
08fa01f4fafe05ed
ffe607eae3030429
f3f801050906ff02
02fdfefa0100eb1f
0006f60602fd02f0
02f8fdfdfff900f6
04f9f60008fe0df6
09fe0513f1ff00f8
0608fafff5030cf2
0a18fd08fef205fe
fb08f8f8030200f0
f7e8e006ff0103f0
eff90800030408d7
fb040c09050008f0
05020aff08fd00ee
e60e190e100ef704
08e5f4ff040dfaf3
fff9ef01f8ed10e4
fc09ea0402f70af3
09eaff13fbf10315
0913fcfe08fffc12
05030d0314fbfc08
031007ff03fa0bfd
0f05f7fbf600f103
1b0005010ff6fa00
02f4f6faff0d070e
07fcfb09f104070c
f504140117feed07
14fdebfdfa080210
fe0f0c01110d0307
11f502fffe0af8fd
0f061cf4f9f006de
0e0af0f5f4f106f8
06eef5fd0ef9fc09
fbfb0001f90cf1f2
01ff1f16fde8eafa
f107f1020800fb0c
eefa0e14f5f2f9f8
0b100dfa0706010f
03e3f900fa07fd13
feebf2fef900fd14
06130c000d08fe08
26bf0af7d5e422f1
e3090314120ce1ff
0feafc0a0b0af707
f2131c08fe0d0105
0af7fa0605fbfcf8
1e00efe90708f926
1cedfd09fffff609
f5090cfdfe02fcff
12ebe107010df81e
f9ff0912fe0ffcf5
061002f0f404fdf1
e228f51727f8d830
0519ffebf3ef0c03
f000ff120c04faf9
080f03f9fe010d07
1e0f01f901eefcf2
23f5eb0906fefcfb
f80f0904ff060114
1cd7bc9ce8444dd9
ebf804090d10f01d
05081b060812f40c
07f8f306f808f700
f8010910fb0efbff
071e06eef1f312f0
03fafd0a0bfe06ff
0803f2f4fbf30e04
06f4f30a0a07faef
06ff020b0814e610
eefa0eff0400010b
fa0c080000040602
f80c0efa00faff15
0b06f4fd1100e616
fb01f00506fd02ff
eb170bf8fdff07f1
0bff10ef0704ff0d
00f9faf40e00fc0e
f00bf8f5ed000515
101611f604f901f4
07edf001fcf8faff
0e09fdfa0905fe24
f5081201010c0a08
faffef050600fcfd
02eded0507fefb0b
f5f5e10df109fc0a
f1f6ff0202e9f9fb
f1fa0302050bfb00
fc0117fb03f309e7
f3eb01fafb0403ec
ec04f91006ff0808
f716020810fffbf9
0405fe050700f71c
04fd0dfdfb0900f9
0a0806f4ff020004
feff100b0e0207f8
10fcec0604f30d00
03f6f4fc04f601f8
21e2f4fbf3f6121e
14f115fad7c7ebe0
fefa0002fbfcfc08
fc06090004f80c15
02fe000b05eb11e6
f208ff0d060b13ef
f80408f5fcfa06e7
f3100b05fa010ae8
ebff07fa05fd0504
02100500f001fb0a
f90609f7f801f7fa
0504fa01fc0900f6
fa151a0af310f8fa
11e903fdf2f902ea
03fc000b0d0505fc
fa15150413eaf70e
fa13fb18faf90df8
0dfffafef704fcec
00231cf503f904f0
06fa0af4150ff712
03f7f913fe030808
ff1308fef4f6040d
e4f50419030d06fa
e9ecfd01ff0afaf1
fdf300f6eceffdf3
0309eef1e9fc07fe
08f90a100e15f2fe
f6fff30ef701fe10
fcf6f9fafdf3f915
02140cf0faf50502
e7060d01f9f00ef8
1ce2dcd5dcff1f1a
0af801fdff01fc09
0904f8f40307fafc
f516070b020318e8
f90008fef7fa000f
f5fb00faf8fefaf3
f1021f0b0701fa02
fa0cf1fa04f1fcea
0705090407ff03ff
fafd060c080507fc
0106f80e0c0dffe9
faf8fb18f90bf901
fd090405f1fcfd0c
ee0a00f9f5f907e9
01f60204080bfe01
020afee7f1031afa
010d02ff05f90015
02ff0212fb0303fa
0000f9f406fe0ef4
f3fff5f7f3f80ff9
0afcf6fa09fef901
fdfa01fe02040dfc
f9f905eaf8ff03fb
f7f0fd0bf8f4f904
f8f703fc02fc0204
0404fff7fff9060f
fb0300fa0204fff9
000408fb0004fe0d
080211fbf704ff02
fbf00514fd0502fd
09f0020a0b02ef00
fefb05110cff0afd
f9fef3fff2fb05ff
09f50208190209f6
ed13f1fe0efa0911
05f80f0f04fa07df
00edfffaff05130e
ff06fbfef6080811
faf6060407f6f4ff
f2fefff7fa0b0df4
f405ffed01081603
e017dff6ebeff1fd
0e00fb0b060bfffd
13040d05fef5da19
ff00fa0900050202
faf90bfafef70104
09ea00e0f60704f5
0103fdfe0500fdf7
fb03100204fcfbfc
0bfb08f302fcfcfe
060304fe02f80000
03f5fcfb040a00fc
00ec1f020d12f51c
12ef0b010502060c
f806040a07fa03e9
18f3fcf5f6f304f2
f103f607070bfdfe
13fdfbf30b09ec19
fd050a100306e708
0c0aebf3dcf605e5
fefb0105fffefd03
ff0a07f5f105fd00
0e010907fc09e317
0106fdf2f80a0ff4
fd04070209fc0708
fd00f609000cf6f7
fa04f6f101fa0703
05e809180f14fef7
000410e9e7fe080d
0c0409180200df04
fffbf5f10803f200
0209071d0905f9f7
011405fc0afbfaef
060cf9070600ed0a
0410fe01f7fcfe0a
07f3071c110bf800
01fb0beffe1300f8
08f6000409f71800
03ee06f50311fe06
fafdf9fef700ff04
09e80c040d080df9
ed0deee7e9ef1bfd
ee03fc01f6010dfb
070602f80dff00fb
ff060af6fbf40af8
fff50a240c0dfee8
1202fdfdfafaff08
0808f8eef6020bfe
f90bff0506f40bff
f9fc0b0bf70004fb
0ef4ff0111080a0d
f70003effc11e9fd
fc09000bff020206
06fc021509f6f0fe
05f308090d0ade12
0408f8f9fa00f30e
ec15fbfe01ff0602
fa0007fbf1fff709
e608f9ff0cf3fdf1
f6fcfffef4fcf6ff
10f7f4ee02f7fd08
ff0901fe08090602
0c03ff1a09fffdfc
00ecfd0c04fb090b
0005fe0209f31d03
f204f9eaef001df0
0b0afefd0002fb03
0c0b0b0e050500fe
0c05fcfe00faf205
0ffd040d0906030e
0001fb00fb1205f2
f815f60c00efec03
02fe0de5050b141a
060a110efdeef000
0704021bfafeff10
09ff051507100e00
fbf4f8f407eff201
0407fb04f902fe15
f8f4f6e706f718fc
fb10f5eaf0fc0911
0105060d0407f5fa
00fcfaee00f6ec07
0409ebf3f5f214f4
0a05f800fb0a0210
f2f5031307f409fa
fffa0217ff03f3e5
00fe04f7fbeffc12
01f70801fd0800fe
00fff406eef2f1f6
050b00020001fffd
ffef05f7ff00f406
fc06f82307f3f5f5
00fdf6fff8fdf807
fd05eeee07fd1bfc
f4f7f20700030df4
0c0efee007fa13f7
f6f70a0c030dfaf6
0103f404000003fd
fc02020503001906
ecfcf5e80502fdf6
f606040804fb0201
0ef013fffdfdf9fa
f212ff0e00060a02
26f829f20606fd08
e3f80a120400f60c
fefdec161309fc02
0404ff0106fe0606
0206f4efee08faf6
f403f9f8fb02fe05
f200fa130bfd08f3
0b111bf7000300fb
fc01fdf40309faf5
f8030bff0909ff03
09f8fafb0303ff03
05f9fae9fafeec06
f9fd03f800050503
0b04fefffa02fa15
06fef4f6f50408f8
07fcf705f8fd0a02
02fbff06f400fffa
06fcf9f907fbfd00
0407f505fc060df4
09edf704f0e3e009
02fa09fdf4f6f602
040324f30afaf8fd
03fb0608faf80308
f6fdfc03ef09fdec
0d0908030908fa06
fc0a0911fce9f9fb
03e3f8f5fde000f2
fb0e010004070106
f20501040008120c
14000803ff09fe05
08fe1bfafefff703
04030aeefb0c02f0
05f4f80700f7fd04
010df7f8f80102fb
fe05ff020dfb0909
02f90ef3fcfcf610
f7fcfdfefefffc02
fe110503000df612
ed09fd02000f1401
0f020ffef7fcf709
11fafe11f6f3faf3
ed02f8010a06ed06
ee040f09ff070a10
e101f40702fb12ff
03f41bfdf9f610e8
fc04f8f9fa0c03fa
15fe0bf8f3f4ecf7
fa03e5fc0c080e04
12fbf6edecf1e5fa
00fefc0901010706
07fd0dfe0c0afa07
07ff05ff0d050207
f516010920161b0e
110415fdfc06e703
f603f501fbec0504
fe1203f1ff06fdff
0b0dee11fc060e02
fdfff809f8f4f7f7
0204fafdfd03fff7
f5010bfcebeefbfb
e8fffb1216fc0900
0502fa0608050f13
fd02f002fd0300fc
f60600fe0308fff8
fef8fdff05010cf9
021200112014fe0d
1df71cfde8f4f3f4
fe0207f20a010604
fcfcf21af503fc01
06ff1bfd01fa0b07
0603fbf50a02ff05
05fcf50cfcfcf5fc
0b000e0107faf005
03f6fe0ef8f6f604
0b05eded03fd0df7
f50e0505030ffaf6
f10cfaf80303fbf9
ee02f80bfef6110b
0bf5ee11f7f801fe
f20b090310041c07
f2050a1001000306
10f61ef9faf60a04
fa0008fd04f70cfe
08ebf702f9f4fcf5
06fb02eff7f8fcfb
fe0c08f2f5f9f4ee
04ff16f60c0cfe0d
effffd0a10ff0c04
0211e1e90c1212fc
15fe01f704fef7f2
0ef205f7f506dfff
0ffa02f706fff7fd
0901020a0b08050d
fcfefc10f907fd01
fb0200f3f6f5f4f7
0c0107f905fdf307
05fbfafd09fe0307
f90f17f51105f30c
0ffef908f1f905fd
f9f2f4e4fef7fc00
0404eb0c00010ef5
ecf904fbf001e400
08fcee14fc0506ff
01010cf0fdfef6fd
06fc25f604fcf90c
00f4f9fffe0d040a
f5010501f405f1f8
09f5140a08fd0902
02fdf50b00070806
fe0300ebf10a03fe
fa0af20bff000900
ebfe10fb00f6fb02
000df9ff03050104
f9ecfbfafffe0af4
00fffc0d00fd0105
fb0304fbfa0a02e0
f304d516f70213fd
f90306f70301f309
0b050708fbfbf803
03fd100005fbf801
13fd0a0b07f90301
0903f8ee060807ff
f3010af5f8f4fdfb
0002ee1912fbfa00
f2fc09fc03fffb07
0e0d07010505f204
03030f040001fdfc
ed1fe80e12fff1f0
f4f5050412e402f9
f2fdf90602040211
02fefdfa0405faf7
fc05fb03f60c29fb
fe01eaf30cfa0402
0206040c0df6fef2
09f808f70e0501fd
02fbebfb01050805
0e0403ff03fef2ff
f9000501ea080307
0904f6f001f50200
00f7ffffeb05f4fe
f0f106f8effd0800
ed061900eaef02f2
10050104f0000401
030201ffe113f8fd
fcee01f8edf2f7f3
ff0401ff01edf9fd
06fa07050af9fc01
1ee9f00d011416ea
ecfe0a01ed06ffff
ff0908f901f5f500
f200f0f0f2f9fc09
f3f2f9ebf500fefc
e7fd20fdfc0706fb
171500fe01fe00fe
3fce3630e9320705
061cf30113eceef7
0708ff0e110108fe
fb0a02f7f9fb02fc
fbfa0710fe00090e
0103e8e9fa030d03
24ee04f8f1fb1b0b
f50608ff0704f9fb
1b01e603f1f60e0a
0f020d0002f7edff
1d0209ed02010104
c109becc06df13f1
fa07fefeec070f07
fff7fa0f0bf002fc
0df2e7f902f2f105
0f0709fd0d1415f3
06fae90a10fa0e00
f8fd06f6fafdfbfd
05091923f5f0cb51
e2000002100d03fc
fbff0f0009eb0701
f4fa05f913000405
00180501fd0a01f4
fb03f6f9f209fafc
fcfdef05120cfd0c
06f50508fb0f200e
f4fb100d18fbfbfd
0102ecf90ff91007
ef051002f6fe0404
01fcfd060cfffd05
fcfbf901fd0204ff
0ef600f90f0407f8
1004f7fef200fd0b
ef100804f9050104
0d040903f2eb07fa
f509ff00fc110aff
eef8f4fff30204fc
eb0002fafaf60400
03fcf2fdf8ff0b08
fdfa0d02fdfe06ff
ff05f8080f11de0a
ffff0d0700fa0105
0502fffeff0d0a03
faf6f300ecfb050b
0205010a0d0108fe
1c0307081f0f0e0d
f80e09f308f4edf8
09fd04080113f706
ee0c14f5fe05f8fb
ecf7fcfb0c04faf3
ee03fbfffcfefe00
fb08110a0f190308
0cf8f301e3f1080c
0cfdf6011700ff0f
080602fbfff2f3ee
05edfb04f5fa0b05
11e50706ee0e1819
28cd1315eb351ceb
fcfd05f708ff07f2
ff02f2f9fa0dff01
0603fe09040606f9
0603f9020a00f803
05100d040209fd14
feed04f906fff203
f9fc0d02ecfc03fd
0b0303f40b0105fc
fefafbfb11fb0503
fc04ea03f1fff1ff
fefafb070ffc0001
0105ff0af8f9f6f6
0cfa02f411fdef06
f619f9ee00f510f9
0a0a0100fcfa0302
0c030df7f6fb01fb
0500fb04f3fef807
e0f3fffdfa0afafb
110fe50b0ef802fd
fd09fff9fc08fbff
edfeeef70806e8ff
01ff07ff06fa0700
fef501fbf9010802
f2f60309f3fd01fe
0604080925fcfe08
0305fa03fbfc0406
1209020101fd05fa
ff0af900fc05ffff
f509fc0bf50d00fb
01e20c0fce0d0017
08fcf6f8ff07ff00
09f90cf907fe0305
0a0807f50707f1f4
ff03fbfefd0efe00
040209f90f16f4f9
fe00fb0f19f9fcfe
f3ffffff0afbeff2
010d03fb03f2fbfc
0af9fcf80601f703
000608e90fff04fc
04f3eefbfafd03f8
0b00f514fa030001
0d0e0a0dfb0306fb
0311ff0dea040d10
0dff020a0bfffcf8
e611ef00fb08fb07
05fafb0903110204
020808fb0ff904fe
0d0d00f2ef04f3f7
11040504fe08080a
01f9fc050013020a
fef4080bfffe03f6
ff18020bfd07fe04
0104fbf5f8f610fa
ed070f0308ee01fe
05f3f608f905fbfe
070506fa070001f9
0ce9000805fd0300
fc03fafe00000808
07f5020701050507
06f4fa060313faff
0a0f08070cf60a07
f605fd05f70208f6
f7f7df1403dbfaf9
03ec101104fe0108
f2fbfbff02f90204
f5fcf2fa01fc03fd
150c01f90303ff05
0e18080808fefdfd
feeff8fe0802f607
d3ecd9ec20d7d9be
f70e1218e0030a15
020c07050bf41302
fe00fcebf9fcfefe
fff4ff0a02f7fb03
192221f10f0a09ff
0f0a070b0dfaef0b
f8f50afefcfdfa03
0717fcfd04feffff
0107050a00f60414
0601f604010804ff
27130d26dd121536
fef004030217fb00
fb0309fffdfaf903
fb160007060e0d05
f5040a06fe050800
0107090906fd03f8
fa03ff0d0003fbf7
00fc32c7413413d1
05fb00f8fa06fff5
07eb02fa04ed0afe
fefb020100fd09fe
0b08f4fd04fc1000
02040800f406f9f9
ff02eef40af9fb05
03f1fded0d01eeff
09100703fdf80105
07ee0f07fafd04f4
fdf30005fefefcfe
ffef02fdf600070b
080a060af904ff00
0dfc0d0dfd0408fa
08fbfbf4fcf9f900
08f4fefef70203fd
f7f800f0f706fffc
17f5f8f808fd05fb
fef8faf90a00070a
07fbf6fa050cf0fd
fef7fcf5fffcfefe
0808f906020bfe09
f4f8fcf6f9fbf3f9
03fffb0708fbfb09
070afd0c040200fa
ff01080bfff002f9
fa06f9eafefc0005
0703fffffc030306
0105fa0c000afff9
1010f1f6f5f8f302
f4f602000afef907
090b0404040b1003
fb07fb0201ff04fa
f103fcfafc03000d
fc0cf91600020005
fff2fb0b0cf1f9fe
0d060603ff0808fc
f6f5fc0403fd070a
e8f3f6ec20f7e7e9
e4eed6ff07d5d7ea
f3fc04ea08000606
faf4fa060b040904
fafefdfdff000308
050304fff6f303fb
f8fcf302fef10103
05070708f503f805
f902f60601020afd
08fe0800f802fff9
f4e90506fa01fffb
080bff0400f307fb
f80b09f901f8000c
fffa0100f8050000
fffef2fdfefdf904
0ffde60e0208fe0e
f1f4010204fded01
001701060502fd0c
faf9f807f405f803
14fefd06060402f9
0b0403fb05fbe9fb
f50e070bf903fbfa
f802fdfefd02fffe
0bf8ea00040511f8
f61007fff70afc06
02010c0d120deffe
1c10f8fcfceffcff
ff101200fff5f002
08fb0ffcf8f612fe
02f503fafc02f1ff
ecf403f7fd020601
02fd00dd1a10fbf3
f8f40005ff0000fc
0300070cfc0603fb
04fd06ff0109f905
f30300f10506ee0d
0cfa08fc02fd0a0a
fd05fc06f8fe0af9
03fa00040d00f9f6
fa09f8ff0003fafc
000800f5f4faf1fc
fc0816f4190901ee
0405f0f8fa0304e7
fae1fcfc0608f9ed
011c0b1203fbfefd
03e0fafc0afb2513
09faf5180b0efcf6
07f1fee710f6fefc
05f5fb01fd00f806
000cf00007021029
061afc06f1fbfb08
03e7061e060205fe
0616faf90601f404
f9080ef8e8ed1500
fc0b1d1702e805fe
f5fa0d0002120b11
02fefd0102f8fe04
fd05f40f08fcf0f9
ff150ae4f2f5fb0f
02ee00fa00fd1906
f900fd06f30605ff
fd0402ffec0503e9
000203f9effa08f9
faf9130f130e06fd
0519030407f20207
bb0ad2ee0e0a0614
02fc0d0408f61103
0707fa0300fcfbf5
07eef0ecf315f300
02180401f3f2ec07
01130410ee030cf7
07fbfb0fef01f904
9f2ce6dd5c20d6fe
10ccfc1214e81df8
f7e30d020f03fc06
ff08fb08fb0406fe
02edfd0afd03f7ed
13172e11ecfbf111
f6ccfe02f907ed12
0802fc020cf80912
020a061e0201eb1a
02f6020d08f408f0
0c1606ff06eb0800
2fc7fc1bb8e51239
1400fbe8f00ff1ec
06f502fb11efff10
0dff220a0bfd0210
f430f8f2f2f40619
fef307fe0ef7f41a
04fd000800f8fdff
41557ff13e41e2bf
fc0d0af800e8fcfa
05fdf806fb0503f6
00ee0403fafefd04
fa2bf807f0f8050e
00fefef5f4fb0108
ff05050801fc13fd
01f4fefcf307f9ff
f8f302ff1608130c
0fea090c06fa0e12
fcfd02fbff00fafd
f7f2fdfff10809ed
02f0f902fc0afe09
00f4001507eaf112
f8060600f806f900
071bfef2ee0212f2
fff6fc0006fefb04
f4f900fd041a0a0e
0315f811ee060b19
192af5f9f30cfc1c
fc140705ea07fa0f
fff90308f4f8fc0c
fa0f07f406070cf2
fb02080404f8fd01
f4f20a0b03fff910
f6ec14f701f2f90a
fef6ecf30b0aedef
06f2f4f500060dee
0906f7f0121af906
f3f8eb020503f1e7
04ee040112f606fd
040c051402fa08f9
020002ff03010a0e
f9efff06fd020601
07e9fc00f110eef4
feeffc02060b0501
feec0bf901080af6
edd104ed0509f6ee
f8f900fe170ddc0f
ac14b8f102ffef08
fd07fd08eff8fa09
faff05eff004fefa
fdfcf3f401f603f2
01f2f9f017020901
ff16f20fe706f3f8
0413fcfc02ee00ff
f90c01fcfd070af8
04050208fbf5000b
fde8fe0af201fafe
f8ea0df309f902fc
fc00fbf8fa0003e9
00faf5ff0a09fcfd
03f9fc1c19edfe0a
0e0aef10e8f10524
00fff6f30705f80e
0001fc02060b0905
0718f8fcf7fdf802
fdf70501f403faee
fce3fc0a1813050a
010e04fe01eefe14
f8f1fdf118f90deb
fd0400f8fefcf1ed
05130212eef609ff
01fe02faf71ff3f7
faecfc20131617fa
fc100508f8f900f8
02fbff0f1cfbf9f5
0a03f2f2f10903fc
0202fff80b020bfb
030f18ec0324d4fb
f9f5fb0804fbfb05
02160801eef9fffc
00fcfefffef009f4
faf5fafcf6080602
fd07fa21edf90ae3
050cf0fb130401e4
040bfcf009060009
0c1dfa040cf7fbff
080ffcf3050bfa02
22f20c2cf1fc0800
0af201fe01080703
081904f2fff80606
fefc0ce9f4f90016
22f31c1ad708151b
fdfcfcfd1013fffe
070b0d08f9fcf30d
061bfdfaeaf0fa01
fef70a0b16f6f9f3
2018f5f6f3150efa
f0f50ee7eefefef6
f405f323ea00fe02
05f8f1f1f3f8f5fe
00160ff4e709fd05
ecf9fa1206fc07f8
f1fd0dec1ff406f5
010606f1ffff070a
f809030c2104fbf1
f90703ecfc13f5f6
0b0d06220afbef10
05150bf4edf6f807
030ffe02f508f406
051209f3fb06010c
130603fffd0af710
e0f0f9fffaf8010f
0810fce407ff060f
0402eff8ed08f912
ff0af7ff0efaf101
f50a0cfe19fd0807
f81108fc0801fe0e
fe16f3edfefde50b
f21ecdf523d3d4d9
18e71403e30f1228
eff213ef0df00801
01e801f9fcfc0902
ef0cf9fb0308f90f
f802120b11fa0801
dff8ff0c09e5f8ea
0004f1f801fefa02
e9de020210f507f0
05000be10f04090d
f6fbf7feff0cfe0d
dcee3025ea302b1d
ff1cf712fdf9f805
f6e50609f900fbfd
f0e70afbf1f90211
f2ec0ff30b0412fe
08e41413f0ed04fe
0516fee5f9000c09
55eae31420ceebee
16fe0311ee1d170a
ffdcf5d1f5fefc01
fb09ff0d0bf9f3fb
11ef1200f9001401
010d05fb12e8faf9
fbe506f1f7fdffff
011bf41b0800f4ec
fae709150b0a050b
fc0902f1fbff0d07
f6f5eefcf606fdfc
15edfa10f0fafaf0
f909fd08f9f810f7
ef00fe00f4ebf5fa
0a00fe03eeff0cfa
11f1f0e5ff0904fd
03e3ef13f4f50504
02030015f6edf602
120ffc21f9f704fb
0413fa11f216ec0a
fcf0011de800fc07
f0fdeafcf80203e8
1af1fbe2fd010bf3
f403fb080606000d
f200010506f804f9
fe23040f10f10e06
fcea0007e103fcf7
0405f0fe03ee02fb
0afd02e2010efe02
0f1602e40a0000ff
0017fb030f10f707
e9e0fef7f9f30c02
070900eb07fdfeec
0df00207fcf300f7
e716f7fd0213edfa
f3f0ef00f9f90008
f3fefafaff0800fe
ed0206110c00f704
ff08db040ddbd6eb
df3ad0f71bebd3ed
eeddfb2b180908ed
0804ff05effef8fe
00050d10020008fc
e4d7fde91e010bed
291e010afd0b0003
261dfdf8f71d0bf3
f3f4faedfa04fbfe
f4edfbe9fe0c09ee
0206f9fcfdf9f806
f00716e709fafbf5
f9e4f90af902faff
f6e90cf00a0002fe
04f6f4eafffa09ff
fa0f0c10ec1a0e11
08fff720f9050ff8
030000ff1711030a
0611fffeea0e0401
ed17041010fcf903
0d020f06010bf9f0
0f0a08f40203020c
18f80c14fbfc0a04
04140400120c0705
0d16051fe9fbf803
f509f0070deaf2ef
050204fef50a0410
fd0004ed11000efc
f4f505100706150f
f7faf4fb01ff01f8
060d0600ff010400
1923f02d2ceff4e2
f5f206070ded05f2
f1fafe010a09f306
03fc02f4faf80600
15f9fa19effb02e9
12080d01f706fc07
f8eefbebfb0b0508
000808fbfe07ee03
130802e2f210f706
05f102f7f102030d
0af8f7fa08f3020d
f702f60afdfffe00
02fafc0afbf5f101
050afd0206f607f1
f61c1714faed0bed
0103fdfb06040a02
f91b1203fb01fbf9
05f9f708f9020409
04fc04eb0609fef1
061305010501fa00
fef000f60a0214fa
050a0a0502fe07fb
fd01fcfbfbfafc02
fa13f20507f203f3
0201000d0000fdfe
fcfb0104fe03f40a
0403f60401f508f3
ff0afefafefafff6
fc0bfe0204fb0bf3
fd02010006fd08fd
fc05f108f3f805f8
fbf6f9fa06f30302
0b0506120afe0405
fd07f9ff030305f9
101f00100012fa08
05f4f401ff0408f7
fe010203fe010619
f908f5fef4f90402
0114fafaebfdfff9
ff0c03ef000a07f7
10f7fefff2fd07fb
3012cffd2c28cf1b
ec051029fcef0afe
00f40d0208fcf80a
f9f503fef404fd03
06ec01e80df5080d
01000fe9fb0afcec
010912080b0806ff
f7f0f5f30302020e
0cf5fdfbf808fb0a
fc0208fefd03f9fe
00010cfd0e0706fe
d3fe2b0cc5e92af9
f9fe00ebffff06fc
fbf9ff0703040508
fb0602fc02fafefc
f7030a0f06fc00fa
f9fa01040af8f304
fa09fe08fa02f8fd
0aedcdde3ee4e1f4
f311f504fcf404f6
0d0c0b0bfe020309
f605040004fefef8
0307070ef5fe00f6
f7f6fdf8f6fef401
fb03fb0d00f006ff
fff3eef7040106f8
05fd05f602f9fe00
060e0805fcf9f9f7
f6f9f90c00030101
fee9fcf407fb0306
04ef0205fb00fc05
0a040dfb020f0007
05e6f0f9f802f70c
010f0a0305fc0501
fd07f915030606fb
fefa0bff030a04fb
06fb08eaff05fefb
060c0af200fbfefe
04f9fdf9fd020900
04fa0502fd0204fa
08f8fd1107f3f204
0804f80c01f510f6
fa08fd0d010502ee
030309eff307f5f8
00fd02110a000704
f6f7fef405fe0cf4
03f504ff00f7fa0f
0506fbf5fb05f70b
fb03f80703f902f3
0317fa07faf80505
000803fbfa03f5fa
01010a0407ff0af2
011004f50310fd0b
0306010afafefc03
fbf9ff0df5fffd07
f8ffff03fffd040b
2000eef2080dec04
25fde8eff838f513
f802f502fbfb0504
fffa06f3fc0906ff
061b0c0007fe0600
fffc02fdf6fafa04
00fdf3fcff030a02
f8f9f4ff06fcfefd
f5f9fe140509020e
fbeb010a0004f804
f80605f502060009
f606f901f802fdfd
060307ec0401fd04
0601030dfcfd0102
09fdf9fffbfb010e
f90516faf4f909ea
03ff0405fb03fa07
00f50b0b0603fb05
040afbfdf901fe00
ee13f4f806090ffc
02f10af40605f2f5
0404ff000105f4f3
fb15030510f9fc10
faf9fdfffbf9fe00
faf90ffa0c05fdf8
f8ebfbef0309f50e
120408f205f80b06
fbf3f3f906fe04fa
10f20e0c00010b02
0608f700f5ffff00
fdf4fe0dfffc01fd
11e1e3dd0711eb02
00fcfc0bfd0300f6
0408fefcfe0c07f5
fbfef40afaf9f8fd
fff208f90a030208
00f5feff06000c02
fd1207060ff40a01
02f400ef050dfd0c
0a0d09ef0201fe05
040607faf806f302
f5f5f8edf1f5f300
040105010901fe0c
13fb060509020a02
fdfdfc09fb0b0107
0a05fd061df60eed
06150d05fe02faf6
051efcf301f4f906
f512fffdff02f8fb
0104edf7fc110d11
fcf7070814fef8f6
09190008100d05f2
03100601fafa03f6
02f4fffe050701ff
0b03ff0210060207
05f6f304fc000112
f30d060806f6f902
07f7f402080c0f15
fcfff3fdfe0004fe
011405fd110602f3
06fbfefdf706070a
f707050304fef50e
00170cf40bf606fb
0aef04010202f3fd
01f6fe01fd0300fa
e1fb0ff1020f2836
061106fe030cf8fe
02eefafaf708fdfe
ff110df90cf7fafc
0316fa0ef6f50509
fdf902fff8fcfc09
0707fcf00e06fff9
e20623cbdaf61e3a
07fa0c1310f608ee
fdf9f5faf6fc0909
f3ed02f7fdeb0103
faec00fd0e000904
11fde40ee906e209
1009fd07fb010804
f6e30802fc0405f0
0ef4f0fff608ff04
fa080d06fb01fbf4
fe030705fbf4fa0f
171ae322212bf10e
030c04080700f0f5
fb0efcfffb0700f1
ff11f10202fcf401
fcf4fcf3fa1ffe1b
01f9f3fd05080701
0bfc0703ff0003fb
19fecdecdac2a7b9
0afff7f6fa0b10ee
faffee0106fe00f5
0314fa04ff0dfe07
f1edfceb0201ffff
0301080506f60309
fd08f8f603040410
0509fb0404090709
01fefbfc04060703
fef3f30b0009fdf5
01f9f6fdf9ff0708
fdf5fa0102050cf4
07f105f7ff0503f7
110a06f9fa06fef8
0207f70201070207
fd00f7f305fe01f4
030df9fc08f20300
fbf3f8fdfcfcff09
f703f8f809f907ee
ff0bf0f809fd05f8
060009fdfc0400f6
10ee0204ff0402fe
f5ec0cfafef8feec
fd03040403020106
0d00fcfa08070205
fd0e0004f4ff02f6
fbe60307fcff09ef
fd020f0202f50ddf
f801020300fd01f4
01f6150cffe60915
00fd0407fc0a05f8
06fbed0402fb0af9
08f8fdf9000104f3
04060efb00ed06f8
110c0b00010aef01
0c03f40a03020013
fd04fc02f9fff811
0f02f5ff05020526
fdfb08ffeff200fd
dcf63ce5f6ff2d3b
0306f607f907041c
fff706fbf6f801f7
f409090601fffd04
00000101fffe07f8
04effcfc070af909
ffeb0808080008fb
000012f8f0f407f1
09ff0106fc0708f9
f8fdfc0206fc02fd
fefff50302f9ff19
f8eb0304f70104f6
fd0e010207fcf814
02000f0109f402fd
0604e801191b070e
05fd08fbf70bffee
f5ee06f60005f8f7
fe02090cff04fcf4
0dfcfefa0508fa09
0b040901080403fc
f2f702050504f802
04120bfe04fefff8
f6f80ffcff08f8fd
03fb020dfc050001
f80a03ff00f5f3f7
04f0f8f8020a0504
f619030e0504fc0a
02ff0007f5f8fc14
f406000a0ef8fafe
f81107fefbf70000
0100fcf8e8e4e9fc
071601ff06fa0701
0efafdfbf60202fa
011514f706fd00f4
f305fb07faf408ff
0b040e000500fd08
04020306fdfd0a0e
f003fef80007f9f6
ffee06030500fee9
0d0c01fffe0bf7fc
01fb0a09f8fc13f3
15fbfa01010a04fc
04fa030806f4fb06
11fa07fb090d06f9
fdd4ef1a2c05f105
f6f9fb01f7140804
240300f10204ff06
0bfbfd05f41000fa
fd0efde1fc06fdf5
0408080202f0f402
d609f60ff30ef80c
04eefdf5061e0902
1e00fbfa08fd08f9
e3fafb1300f60c0a
ddf1fdfe060a050b
ed11ff000500f305
f10afe0af2f3f708
021208fcfbfe04fb
fc0f040f0cedfef9
1102f50c11fa0cea
0102f4f211050c02
f5fdf5fffd02fafa
e7fff708ff0002fd
0bef08fa0efa08fe
f2f0f2f6090affcf
f6fef5f4fb03fefb
0807020209070601
08fc02f711f400fb
f611fff8fdfdfb00
ecf505f60403000c
0b150bfff6f80102
f0032ad5d2e248a7
01e7ec221bf3e10f
ee00f1f7fb0a01fb
0b0407090be3f703
ef07ff0df903f1fb
f627e6e0f0030817
fb08f5eef520fdff
fa0e01f801f600fe
dd0ef7f8f20f0bff
fd0c0512feebf504
02000500ff01080f
edfcc80e3035bf43
180a06f80bf6fa0d
f7ebfa06000df9fc
0b00fa0df90d0a0a
05fe03f1ff0af3fc
e9f6e905fc0bf7f1
f1f3f9f802f5fc00
271145e6c6bc7a19
0de1051019fa06fe
fc02fe1b03f405fb
030e0201fbfa010e
1b0102120cf505fc
1e0404f002f9f900
f0f5f904040901fa
f514f7e8ec130efb
f8e5ffff1407fc02
fe01fc08050cf910
faf9fbfdf50a06fd
11eb0602fcf9fd00
f9fcf2f9f705fcff
03fbfdf6fd08fb03
f5fe0205f9020205
20fa0a0e08ff04fc
fff0f8f5fe0a02fb
15fc05fd11fd05fb
0c11fff5fbe60008
1a1006f606fe0a06
14fb07f3051201fd
fbfcf307ee140200
fce60319ffe303f3
f2f609fef80ffe09
fdf9f4fdf7070505
05fe08f8f2fff6fe
ff0a160d01edf501
23f40100160302f9
f2fefc0e0bf30a02
03f9050600fef9f6
f7f3ff0e0810fff6
f3fbff0df812050f
0bf2010809f60a08
28ebfd0c0afb02f0
ea20f403fdf20006
f7fe080c0007feff
edfbfff8fb0af8fc
f6fcfe02fdf6fcff
121816e5ddfe1de0
0b01ffdbeb0a04b4
09faf4f1ff0f05fe
0cf6faff09f406f4
fafc00010210f700
0010110902f5f703
030707f909f404f8
fcf30204fdf2fbff
15040bff05fd0803
fc0a050ff9fbff0a
030f0105fbfff1fe
f40afc0ffbf1fcfe
fbf2f9050e0f0108
fb02fe0300f2fafd
ecf3060df108f408
ef09f20f0e15e603
12fb06ef04180401
0314fd04faf6f904
0a08030300f80307
ecfdf5fafd050509
f709ff08f6f10002
f305050909f6fa01
f9dd0bfa0c0d0301
06040602fcfcf501
1304fcec0006fb0a
091802eeeefa08fd
ee01020a0dfd0009
09f904fb05f7f9ff
eaf60303f60500ff
070601f302fcfefd
f2ff010a0df0fff8
032518d3cde820fa
0401f0f70005ff06
0600fffdf1110411
12fe040901f7ffff
06f2f603f905fff8
f906ff11fcecfc06
e1eb04100e0400ff
11191408fbf0060a
e5fd04130aeffcf5
07effc05f7f30709
01f3def1eff00017
020804fb0af5f6fb
08f3ed09f90403fa
0402ff01faf4fd0b
e005e5ede9ddf601
f40e09fe0f0d0207
06ece9090ced07fa
fb0300fafaef0201
eb0d060206090df5
01e90213e3e8fc06
f71406f503fcfa01
05ef0c00f2f7f305
f9f80d0a05e8fd04
041506fdf7f5f907
f517f7030c040004
12fbf8f41317faf8
0511fcfdf70201ec
04182007fcfe1315
f912fbfdf4f3fdf8
f8f7f7fe15fc0901
fdf90603fae6fe05
fb0f0af9f3020410
0308e5f90504080a
0a0302fc09ed00ff
08fa1819002110b2
f207fef8fa06f50a
02e80a0503f4ecf6
fcf204fc06f5fc00
00031600ff170e0a
090c07faf1ff0b02
ef0c1106d9f5f5f8
47ee1136ca3c3cc5
022adbf10ff3dbfe
fc11f0ed10190501
08f61208e7fafc06
0904e8fafd13f8fb
f30906f20c081e36
ef0f130924150602
fff80d040001fafd
fc1405f42115fe03
11fff9f4041bfcf4
060a05051800f7f7
bcf500df1fcadefb
f7ef0402faea0618
fa0bfefb02f3f308
f9edfc00100ff116
02ee01000af207e7
f4f8ecf923190717
fef8f9011211f6f8
1db6c8c50e15ed77
fafdfb01ffe4f3fd
fa0604f4f703f3f9
fa1010f00c2211f8
f7f10afff4090cf3
fcf80909eb0d0306
00f4f3f406070000
fa0a141104e4050d
f9f8f200f207eefd
eef6e4f2000703fd
ff09020700f6f7fe
03f70a01efea0306
f8fcf20d02ff0403
0217f2f9091203f4
fff80bfde9ee0602
ff07fa05f8ebfb09
fe10030002f4f50b
f4f401fbfd1203fb
f0fd130bedf30b01
e8fa1405dbec0805
f5f111fdf4fcf905
ed1f0d0d0cf4fd0b
10f9ec03f2fbf610
f812fbf0111000f0
f909f906230d06f8
0603f900140d01fd
0defe90301ef0feb
06fa09f5faff0006
fd08fbfdf1e8f904
1108f705eb1e0ef4
fc1a07fb03f0f60f
0007f5fa080702fc
03050002f7e3f8fc
0213f3030b13ff0a
fd12080c17f30203
f7fd05f70314f2f7
0a07e7f8f8fcfe07
0326fc0708f8fbfb
05f81017fb270f0a
2a124645ce1037b6
fd2513fc1df0fa05
fbec08fcfbe7f604
0909ecf308040ef2
050ff6f2ff170af2
0af0fe0e0aef0000
01ed090bf2f90006
0602f31506fd05f2
ff030cfa0907fef1
00f1f6ff080208fb
070bfdf9101a08fe
1100fffdf507f901
0508f4faf71509fb
080403fc092bfef8
ddfc07fe0df7e9f0
02dff814fbe4f1f7
1108fc04100dfaf9
fdf00c10f7e601fa
fafff60ef8130008
fc0b01fa031802f4
10ec050cf30afa01
09e5f601fdf4f8fd
05f705f607080900
0bf00708f6e40409
02f80109f207fe11
000002f6051bfff4
07010b03f6fcf608
fc21e7fbf7f801fc
02fafd0bf8fdeb02
0002fbf6f5fcf907
13f3120ffe011730
f40604f90717fdf7
0d0a0c0306060800
fa12fbffe9010bfc
fff3fd0a01edfd0b
040b01fbff1304f7
12fbe9f21204f1f0
0ef50b08f90402f0
000c0bf7f7f7fc0e
02f9ff01eb000802
fefb0503f6ecf804
f900fb05ff01060a
f4fe04fd170d0004
f901f6f0faf5100b
0b0e07f41505f2fa
0009f6fbf6e708f8
fa02fef60bfdff04
0004fcf208010bf2
fb07030d07ef0bfb
0efa0a09eb06ed04
02090ff4fd0ffffd
01fb04f2f7f2fbfe
fd00fb0af4f30609
03ffffe914120204
fb07f9fb12f40602
05fb15ff04fffcf7
fc0518010f15f7f8
0607e4000cf10e0d
0e0ef80a12120405
fefff90104fe0708
0600fcf8120f0506
f304fbf8fdfeedff
02fb0009edfefe04
02010309f9fb0b0d
fafd0f15041a0edc
0405f7000c1bf803
0efdfdfe01f903f3
02f90315f6fffd14
fd0102f307fdf101
030bf6fe01ef0b0d
0206070305fa0401
d9ea233201032acd
0f00fcfa0d07ef0c
04ff0106f409fa03
07f904041afe030f
0102f2fa08fbfcf1
0a06fdf4f000fe17
0501f2fc0cfe060c
020afc08f50e070d
fd05f6fff6f30ffe
05ee0606080a0005
0701faf8fe09f5f8
2c31e4dfedf6de17
0504f3e900f5f209
08f9f8f9fefffbfc
fd02fff0fe06fc02
0103fb03f6f1f303
04fdf61409fa0107
ff030204ff12fa0d
eed505fef5fbf92c
02f6fb01f0010703
0afe0603f618060b
0c080204f7fcf900
05000200faf503ff
fd04f5fe0600fefe
f5fb160b030fe6fb
f801fb08e7fbf8f3
04fbf81509e202fd
0515e6f9e6fef3fb
fffcfafd14f90709
0603090cfb05f5fe
f6000df8f90af702
fd01110eeb0b03ff
fb03fc08fb05020b
0a030602f6fffa0a
0cfaf2f51b020eee
fe02f9f914f501f1
02070806fcf80602
010bf5fffaec07fe
fc02f6f5fa00f402
0502faff0ae00f02
efeb0af9fd21fb06
0c01fb02feed09fc
0103fb0300fa0af9
07ff0809fcfc0d07
00f318fef8fa0206
fcf8fa000616e9f4
fff805f0fefe0103
f9f9fc01dbfb0cf0
ff03f6fe08eafe0a
fe0112f717f0f0f6
fffd1206f508fa02
00fdf701f8f5f002
fc06030b0af71015
0105fa000afcfcf0
f9fb07030904fef7
0002fd080f041110
eff9fc06f3fd0301
e8fc031ff21024d1
0502ec0708f502ff
03ff05fe0af60a03
00ff060503faf8f6
f7f906f80305e603
fa02fbfbedfb0802
f208fdf4eefcf104
fbfa0afa070af7f2
00040bff0302fd03
08060a0a06000610
04fc04f7091b06fe
02f70606f410f908
000102fc03fb0807
0004050003f001fb
0b15f1effff7fdf5
03fdfc09fff60003
fcfa04ff0107fbf7
fb07f8f810130301
03050708fb02f6f1
fb0602fb0a06fdf4
08fb0dfe090118fc
04f50b070a02f6fb
fb06ff06f9fc0315
090df9fefa080c00
ff0500f904f7fbf2
040403fd0a0bfc02
fafbfbfeeffe0306
03ff05ffee0ef2f7
ffff01f70a0e00fc
070206f0150df3fa
f0f0030802fb051e
f6f708fff50902f9
06fcfefcfd070701
f00001f40afcf2f5
0ffffb0cf4f6fbf9
010202f4ea0afcff
f5f3fefc1a01e6f7
0d0801fdf0fa1bf7
00fcff020803fe06
02f801f00dfaf50c
fef905d4fe10150c
0a01fe0f05f7fc05
14fe01f10bf011f8
f70efd02f60d0006
0204f6de050301f3
f2f4fc01f80501f3
ea0cf419040307fd
fcf5fd130102f802
fc01fdf1080dfcfc
f00305faffff020b
fcf4fa02ea0ce700
f80103f5f4fcfcfc
fef8fb07f403e609
f3090409f6f61202
03fd07000efc0eff
f903041201fe0104
f30900fef7010002
0403000efbf9f708
00f70308fdf1f30a
1317fd040b041008
f7fdfc0902fb02f5
f90206020900f909
0b050502060314fe
f803fb02f50ff501
f7250fe808f7e8f7
0c02fef7010c020c
ff06fbf5030cfffd
07f709fe10f1fdfd
effa0314fefdf904
02000903fb0af8fc
0e07fded01ff0304
f113301bef02061f
050ff3f114fa08f3
f7fc000dfdf801fe
ff08fef007f60df8
f3ff010bf6f302ff
e7e7f206f51efb0b
f60903fe14f60502
fe0d00fbfe1af600
0beafdfffe06f6f8
0404ff01fdf7f803
f7fdfe03f301f806
0ffce5f625eafbdb
faeef6ff02f9f504
00f8000f00faf8fb
02f6f904fa110c05
0d0d030c07e9ec05
1efff3f50ffb0103
e9f8040cfc03eff6
0ab7060fc53c4335
000d0600f302fdfa
f90007f8f706f6fe
fe03fb1206060703
0d16f8de02ff0007
f7fff90b08f70600
f1fefbf504000702
edf000f7fa07ef06
0502f1e30ffdfdfb
0bf9f720f50106ea
0c07faf70afffe03
02f8feee0604fd04
fafc060500f4f6fb
0408fb0af8fcfe04
1405fbfafb01fffd
04fffffafcf70907
06ff00f7f9f90500
080401fa06fb17fb
fbf9f8effa09ef06
0402f3ecfc050007
1f0902f8f7f7ff07
15f8fe070be6fdfb
010813f0f10e0a01
0b09fffafef30a0e
fbfffc0afef308fa
e5fcfd0ff4fefafa
0b120c03fee9020a
0905fdfa001301f6
1207fd08010c08ea
f507080efbfbf5f6
ef0afcf505020502
f0f703f400ff09f8
08f204f9f3fff1fc
041b090006051704
15eefb001af5f10b
04fdfa0506040af7
02f3f81900fd03ef
040407f514f8080c
f9ff0f12f8060b04
f9202208ffeede09
02fefa10110300fa
0802fddafef9ff0d
ecf6010cfdeb01f3
090902fd0afd0001
f4fffff600ff00fa
fa0205effc02f406
0b0404120c000a03
130afd040afe000c
f301030a0dfc07fe
fefc030408ee070b
f609fcf7f812e60a
0a060703fdf301fd
01f9fa120eec08f4
0a10eefb0afefaf8
f5fdff0702ee01fb
0309fbfe0201020b
f808070101080402
04f4f502f4f4fd04
12fb0202fe0007f9
f0ff0007f0fbfa00
f301fb05fe0cfef4
1c0fffed0000000d
fff9fa11fc0efdf9
15e80202040f04fd
f30a09de03170cf3
0b05fbfeff03fef9
f6f7050306010afa
07f4fb0600fef6f9
f40008090312fa01
fbec1705ed0f051f
09050304090904fb
f7020702fb0606fc
fd07fd0700020301
01f6fc060701f901
f20703f4fe0efb01
020501fffa04fce3
00f9f708fc16f1f9
0f0803fdf5fdfa07
03050205fb01fee9
f8fc02fefd0401f7
0d060904f8f5ffff
0105fb05f715fe02
00f90004f5fefafb
01fbfbff00ff0304
0204fe030bf5f8fb
fbfa00fd09f90202
070a09eff604fd02
fbfefe0506fa0505
f7fb05f802ff04f7
f9fcfd05ffff0200
0e060306fffff606
fd00feff02fb0802
fcf6f6f7fefe0400
08f90005f70a0d00
f9f8fe0906edff01
fffd02faf80d0802
fdff0507fbf7080d
08fefb0303fb0607
ff04f70bff0bf604
fcf5fc0602fa0ffc
000a02fa00f903f7
0707f8fe02010001
05fa05070bf408ff
fe01fbfffd02fc03
0109f8f7fff70400
fa08fa000a09f309
02060af90301ed05
02f40f0706fff9fa
07f705eb04fb1007
fc03060002040203
00fcfffe030200fd
030200fdfefc0d09
f30606f800fd0605
fbfe03fb01fef70f
f3fc00fbfef806f1
020301fb02040200
f4f9fbfcff070106
02fb0e0501fdf70a
fbfc05fefc02fcff
f9fbfc05fb01f809
10f90b0907030105
030202fe0302fbfc
05fbfa05f50bfef9
f30606f502fa0202
ff04fc07f806fbfa
000302f8fcfffdff
fd0ef804fb03ff09
08fff704fdf8fe09
020100fe01fc0302
04ff04fa000401fd
00fffd0dfaf5fefe
fa010705f4ff0207
fafd010907fefcf5
070201f8fef8fd00
04ff06fc0d07edfc
01fdf405050005f8
fff40afafefffaff
fdfdfb0907fe0df3
01fc0bfbf8f9fdff
fb080706fefd0d02
f70dfbfb0108fa03
ff0606faf602fb00
f9050cfbfcfbfc05
fffbfc0400f907f8
0dfe01fdf1f7fb06
000b09fef5fb0802
fc0502010201020b
0008fcfffe0400fc
fe0106030501fe09
04f3fefc030200fe
000302fefb01fc02
05f407f01504fa01
0801fdfa0b000700
fa05fd0701f800fc
fcfc03f9050707ff
fb030a0d04fd04ff
060bf1f902ff0204
040709fd00fd0bf5
fe02030203fb00fc
fff6f5f201fffe00
0001000204ff0701
f901f20b04fe0a06
f5fffdfef6fe0404
f5f3000103fef1f8
090dff05050604fa
04fe0001f9fd0813
00fdfdfffef9fe07
020200fffbfd0201
fefa06f305f90104
fe0309fb05fffc06
03fa0002060d0503
fafb05fa020004fd
f707ff08ff060202
01f7f9fe02030404
fe0bf2000ffd0709
06f00008fd05f901
0102f70607fcfb02
ff030409fd04fc03
f703ff01fa020405
fa00fefb02fb0a03
12fc000202fafcee
0001fa0200fcfc00
00fe0208f8fe02f1
01fcf7fb0008fa06
fb01000802ffff06
0c00fcfe040002fa
00fe1002f5fc0304
0302fc06f7faf20a
05faff050006fcff
fffc090803fa0103
07fbfff4f8040904
00fcfbff0708f6fd
fdf408fff401fd02
f3f201f5f7f5faf8
040808fe010908f5
07fdef02f601fc04
fc05000804fafe06
fe010101fd07fb02
02060a11effbf703
020df70d0d0301fb
02fd05fbfd0501f7
04fceff3f90bff00
f80904ffed040b06
fffefa0006fbf808
060500f503f5fb04
050104020007f7fe
07fc0804f103f6fe
01f902fb07fdfe05
05fd0e0ffb01f906
0507fafffa0d0202
fd0702fc07f9fdff
fc0500fffb0a00fe
0302feff09fdfa07
060002030301fd01
0501fb0408010006
0300010300fa01fa
0dff0702f8ffff02
01fbfcf90607fbf7
05f80506080bfbfc
0c0201fffc040107
00f800fefafbfe0b
02040706f7010dfe
0605fe0500fefef6
030006fd0201f700
05020102000404fc
fd0209fafb010205
0600fd06fcfff7f3
00fffefcfaff0401
f4f4f6fcf905f6f6
02fefd0006fffffa
04fcf9faf8f9fd00
fe0a0302ffff0503
fb0bfd02ff0e0109
f805050708ff0afd
fc09f8fdfeff0cfd
fc06fdff09fa01fc
04010001050104fb
0700fe04fc01fe04
02070202fbfff8ff
fbfd060805fff803
00080406fcf9fe03
04f9fcfafcf706ff
f603fafb0b03fb05
ff0403010200ff00
f70300040cfb01ff
f6fc06f50803f500
fc0109fe04020000
fd09fd0af208f3fe
f2feff01fbff04fd
0402feff0301fefd
fd0202fb0304fb09
f9fb0603f5fd03f5
fcfb03f7fd0003ff
05010502fbfc0605
fe0403f7fbfcf9f6
fc030bfdfe0200f7
02fe0101fe030001
050401fd0bfb0a03
0afd040cfa020712
0003fe03fbf7fd07
fb04060902f8f904
0000f2f506fbfe04
f001020b000c030d
fffd00fb060907fc
ff000204fc04fe01
020600ff01ff0407
f8f9f9fd0df70412
0900fef80106f6fd
0401fdf40d0904f7
05fff809fd0504fd
0afa0bf6fc06fefe
030a02fbfa0000fa
05010407f8fefd04
ff1108f80bfe0801
040601fe000400fe
fc0101fdfefe0301
0a01f707080700f7
ff010b07010703fc
00fe0101ff0806fd
070cf3030702f8f7
130103f301f6fffc
fb0807080a000000
02fe02060600fcf7
f809f9090907fb01
fa08f602f9f80201
000bfe02080304ff
f1fefdf60903fffb
fefffbf801f5fe0b
00fdf9fcffffffff
ee07f9010003f50f
05f9090bfa030300
03fcfc0500070a05
fdf4fe0406fd10f8
00fb06fffb0200ff
010104f9fe03fbfd
fcf8fdff04030300
f6fc09010106fc09
f8ff02f5fc0ffbff
fdfd030af40002f9
fb0104fdfa00fefc
0a000bf70b06ff00
0204ffef0101f911
0204fa0503040407
0400fb0304f7fd00
f8000204fdf1fa0b
fa00010000f90ef5
07f3f401060406fa
f7f3f210f6eefe05
fcfb0bf8fb010203
00050102ff05fdfb
05f9fbfd0b01fa02
08fe0404fbf4fd04
0bf700fe09faff05
0905fd000a03fcfa
fbf801fe050901f8
0603fef2f7fb0cf3
fbff01fa000e0806
f9ff0800f705f2fd
fdf0f50afc02f7fc
0101f901ff0200fd
fffaffff04ff0d01
ff0afefefafcf5f0
fc07ff0402f900fc
fbfdf80d04060101
fef8f9030bfe07f4
0403fc0403fc0502
0503eff0f506f605
0ef5fa0009fffdff
f607fdfcfaf7faf8
f8fc100306fcf6fc
fffc01ff0af5ec06
fbfa01fe070400fb
00fd0a0702f8ff00
0009fef702f4fbef
f9f5000107020606
ffff080604ff0804
fffe0afc0a090103
f9fcfa03fefbfb0b
0b03fcff00020104
fc05f704fdfafe05
020105ff02fa07fe
fdfe04fef8020102
00ff0000fdfdfdff
0100f805fffc05ff
0404fefa070302fc
02f709fffefefaf9
faf408fe0102fc08
fb03fa0804f7f30a
f1fa0105fc01fdfc
f9fafbfe060a06fd
060cfe02fcf90206
0200fd01f70b03f9
fdfffefcfa0101fc
fe0805fd03fd0200
0cfa03fffdff0205
fffefcf9f9fcf70e
01f9fffff900fef6
fb02fff90500f805
0102ff09fc04fe04
fe0401fefc00ff00
fd020600f9fff300
fdfc09ff04fa0507
02040301ff05f907
0402fb03fefd09ff
fd02000a0701f9fa
fc02f8010108fc06
0202fe0103040202
00fd000503fd0101
08010603fe00fa07
fd09fcfafc020b0b
08000cfff8fb02f8
fb000004f803ff03
fdfef304fd04fe02
0706fd1405f80bfc
07fff705ff03ff00
04fff906ff05f6fc
02fbfefc0205fb0b
010506000500fc00
fcfe01feff0106fd
08f80503fdf8ff0c
ff0002fdf9f7fb01
030cfa04fa000104
07f8ff0700f6fe04
f401020efb01faf3
fe050100020102fd
040308fa0705fffe
fe030807f802f905
05fefff9fffcfffd
050107fb04050805
f9fdfdfdf90002ff
06fe0302ff05fa01
070008f307f505ff
00fafcff0301fe00
020000010302fd01
f7fc0308feff0900
05fbff0b070203f6
00f9fc0b0401fe03
01fc01050501fffe
fc0601fd02ff0502
000000fb05faff04
fefb0201ffff0108
ff0b0701fef9fe00
000000080a0402fa
fff7fffbff030400
fafb0100030cfd09
f4fb00f90604fdfc
fffcfff6f906f0fa
fb06fe0005fef9fc
ff07030400fe03fa
f80a0008f801fdfc
08fcfffd04fe02f6
0702fc040504fb01
05fc03f3fafb0203
01fffbf603fdf501
04fbfdfcfef806f9
01fa07fefa010b01
f700fffe0201fcff
0cf80c01fa02faff
fffef7fb0000fe05
fd0500f6feff04ff
f500fb0803fe0203
f405fb0401fb04fa
fdfd0601f7f8feff
00fd030201fcfd01
080603fcfb040af7
02f60bfcfc05fe04
0903fffe00ff0807
0004f9fc040407fa
030801ff00fd01fa
02fa010701f2f801
04010c000cfb0003
ff06ff03fd0209f9
fc040205f8fc0d01
fd07fffaf4fdfd00
03faeffdfa06fe02
0a050200f800060d
f60afffb09060201
0400fcfc0106ff02
fa03030307fc0a00
fef1050007ffff08
f4030103030401ff
0001fafb00ff00fe
03fef9fb01f200fe
fa01f8fdf7f60103
0202fdff080001fc
06fdfeff03070204
0af7f80b10fbf700
09fcfefe0800fd01
fc00f501fe0500fa
040000fefef6f8f0
fd07fa05030302fc
010c03fdfff8fcfd
fe0bfffff3fc00f8
0100fffe04fff903
09080503fa0003fc
fd000102fc030504
0207fafb0af704fd
fcfa060003fdfefb
020004fb03fd01f8
02f90208f609fefc
f900fc00fcf506f6
03f40204fbfb0104
00fffd0709edfdfa
05fdfc020604fefe
fb0008f90605fb01
08000504fa010304
05fffb0202ff0604
fdf803ff0507fd00
f8fafffefc04fdff
0304fffdfd020502
000004fdfb010201
0205050204020401
02030500fdfdfe04
fef806f804fdfb00
0506fc0604fc04fc
fdf6fc0503f20000
00fd0501030101fe
000003fd020000fb
04fefc0200f2fbfb
fa06020e0504f208
f10404f3fe00fd01
fbff09fafefaf703
080706f500fa0b01
0e01fa02060703fa
fef602f30afffffa
0104060004020af9
effd04f600ff08ff
01fcfffcf8030103
0a02f5f7f7fdfb00
00fd00f5fcf8f4f8
fffd0103f70200fb
f904fb04fb01fa05
fd07fc0100fffefe
00000000fff7f9fd
04feff0200fdff02
020605fafe04fdfa
07fd00fa01000907
01fdfffcfc06fdfb
ff01f5fe03fffd08
040102fe020301fa
02fc00f700080304
f3fcfe0103f7fc05
01fc04fbfffefe03
080b0207f8faf702
080cff05fbf40a02
fffbfc04fefb00ff
0afef9fc1002fa02
f0fa00fb02fc0704
0303fb04fffb0305
fc04f802040302fc
00010502ff040203
02060003f80509fd
fefdff020001fe02
fcf8fe0109030b05
f80005fc12fef904
02040af3f9fafd04
07080700f800fefe
fd04f7fcf1fffb02
fffd03fef705fef2
fefd090106f5fd04
fcfdfc0702fc00fd
0d01f5fe03fffc0f
fb00f7fefd0cf8ff
fef9000108fcfb05
08f50b08010a0404
ff0003ff00fbfa00
fdf40202fb01fc07
02fff5ff0305fdfd
f801fef6080901fa
03f4f90005fff8f9
03fe09fe0304fef9
fbf900fd08feff00
fc02fc0100fdfb03
00ff090601fd0703
fafe0302fbfb02ff
f803fa05fafe0202
fb0e0101f4090b0b
07ff05f8fdfbfffb
fa08fd01fffd00fc
03f5f9f80101010b
f708f206000105f7
000001fa0909f8ff
09fd00fa02f5fafd
0601040bfef7f4fd
fafe09fb05f901fe
02fd02f6fa00fd09
fc07fc02fb00fd02
fbfdfb01f1f20609
05f8f70609fa05fb
02fe09f901020002
0400fcf701fe0207
fdff00fe03fdfdfe
02fc0404fbfd05f4
0afd0002f801fdfb
07fa0302ff0d04fd
0000f7ff0204fbfc
05070803070200fd
fcfc0707fe04ff0b
000506f5fdfcfcf5
ff0602f7fdf9040c
09feff03fbfa0801
02fc0d02f7fd0401
06fffe000403f900
00ff04f7ff09fefe
fe0107fff9fcfd01
000202050103ff04
03fcfafff90a0208
0005fffefafbf804
fc03fe00fd09f906
01fb0700040c0ef7
fbfe0c05f801fc06
fd010101fef50900
fffcfd01f7030805
fc0202fff907fb00
01fafffdfa04fdff
fefefa07fbff01f9
010402fffe000007
080602020606fb03
05fffafe0aff05fa
f802f806010d05fc
00fa0007fbfb00fd
fe020406fc06fe00
fefa0605fc060502
000400fbfa050200
01fcfcf9fc000308
05f8fdfefff901fa
0605faff0304ff01
01faf904fc040904
f50601fffd0906f4
f10206fc08ff1001
fc08fa0bfcf7010b
fe0004fc02fd0006
0600effd02f90308
04040c01fe1dfdf3
01fbfbff01fbfaf6
fefdfbff03090104
0304fdf407fdf702
fd02fafdfb0503fe
fff806f801000d07
ff07f7fcfa00fff6
0308f3fdfd01fe09
1000080000fbff07
14f4fdffff0bffe8
f701f3f801fc0402
00f50f0a0b030108
0401fafdfe06f500
fafa0f06f10308f2
06fff9ff04fb0605
f2050805fcf7f80c
fb04fffbf9010301
fbfbf7050201fced
00fb0309f50205f8
050b03faf6050307
02f705050601f5f9
f7ea0dfdfffd0907
00fd0001fc0200fd
f901f7faf706ff04
fe01f5f40706fe00
09fe08fc06010e03
f5fdfefa03fc04f8
f50b05f0fe04f6f6
fefffafbfff5f700
fefd010000050503
fc04f9050805ff08
fcfafc0100fc0700
0800fdfd06fbf904
fcf907fe01f401fa
000104fdfe05fbff
fe05f7f90900fcfa
f9fcfaf7f704fafa
fdfdf8fcff0702fd
00f1f809fe0711fa
f905fef3fa0e03fc
00fdfcff0a05fdfd
fd07fefa040106ff
fe07fcf900f3ff09
fd05fffdf4fdfd03
0afbf9f7fc0003fd
fefafcfafbf90101
fef805f4fe09ff0c
02fffc0102ff05fd
f8fc05080a020a00
fcfa09fbfc030d01
f605fa0102f4fefb
f8040303f5030300
ff0500020800f904
fffc0003f70ffc04
f804fe0bfafa0c02
02ff010701fef906
03060703ff0cfefa
f5f7fc0208fb020e
f80307fc0200f708
0500fef10905fbff
fcfd0602fb080003
fa04fc0703ff000d
0006f8fe05000bfd
050103010500fcfc
03040b00ff01fe01
ff020507f5000504
0100f7fdfdf10601
01fd0304050006f7
0304fd0903000102
ff0401ff04fd0101
ff01f7fe03f7f901
000dff09fc02fd05
f902f7f90707f8f7
0208f00c0bfe0bfc
fc0df7fa050111f4
faf9fe0afa040402
fdfc02fe07fbff05
0efd020b04f3edfc
ff0d05f5f1ff090d
feef04f60808fd05
fefa0cfb0f02fef5
01f9fe10f6fa0702
fdfa08080d01f90a
00fd0205fc11f3f8
020201010602f4ff
fe07fcfe0102fe04
0302faff03fd03fe
08fe080304fd020b
ff04fd0cfd03fc00
02040108f3fa00ff
06fa0304040900f7
f5fb0614010302f9
fa0006060000fdfc
050cfdfe01f90806
f2fffe0301f405f9
08120606fdf70ff1
fffbfdf902020bed
f80903f7fc02040b
16050c0e0cfffbf9
f8060214ff05f4fb
0302fefdf6fefa04
f8f502080302fd00
0bf4fb00f1fe01ff
0a0602fefaf3f801
09f9f9f4fbf3f6f4
f3030000fffd03f3
0506070806fc06ff
fffffa050708fffa
f90604ee01fa0704
00020bf8f6030ffc
0505fefd03fdfafd
fcfb090b05000100
0cf9f8ff02fdedf6
020201f306060608
0904fb07fc0501f9
10ff03051d0604fb
050401070304fefd
010a06f80608f2f4
06f7100b010400f7
fb0401fef8000305
fdfffa03fcf9070b
020603ed0002fef7
0afe02f904fef706
fdfeff05fe03f2fd
0104eefe02f801fd
f905041003f70808
00fe0301ff03fbf7
1101fe0d0509fbff
0509fa0e0e060606
fc050103fafd0506
ff05fa0d080c03fa
fdfdf307f90c0104
06f40503fdfdfafe
fc02f50006fffaff
fdfff703fe020502
fcf9fffcfefffd03
070904020d0efef8
ea0f070b1201f3f5
fb06f603fffe04fc
0305fff8fd01fc0a
f900eb03f40903ff
ffff0408fdf20102
0407fcfdff0809fd
f6060c010602070c
06fff30601050a02
070d0c07fbfc0300
fef9f4fafb0c0bfd
f505fffd0ffafd03
05fbfa03fffaf909
03fafe0307fdf8fe
03fd00fa0207ff01
ff04030b06fdff06
f801060dfefb0406
000702040bfb060d
f811feef03000708
e8fa03ff00020102
0007fbfc00fb06fa
fe04fa0104fc05fc
0100040100030903
0211080d05fe0b01
0201f403f405fafc
02fc0605020a07fa
0205080103040107
fffdfc07f9030407
03020900f907fd02
0203ff0a03050706
0efbfbf7fbf2fdf4
ffff12f9090200ed
fffdfafc01f8fffe
fefe06ffff000700
f906070208f8080a
0005010af9020606
03ff030a02010202
06fd04fefbff0306
03010201fffd01f1
0601fb020600fcf8
0106020005fef900
0402fe0706fb0df9
08090400f709fffc
03f708f803fe0bf8
f60808fdfff50901
150d02060907f8f3
f9fff8f70a040707
fe05ff0804f9fbfd
00fcff0902fd0201
0400fe0300000f08
09f108fb0803fa04
0102fbfd05fa0510
f90203fd07fc0603
020602030404fff9
08fbfff708f2fefb
fe06f8fc0300f7ff
09fc08fffd020702
fa03fbfef6f506f1
020402fef70201fe
f800fb010307f509
0105fb0708060002
05fcfbfdfe000203
f60afa08000309f7
ff030600fdff0007
fefe01fc01fb0201
02f9f3fafd06f705
fd010a0c0b010304
00f90602fb00fdf7
03fafdfcfbf304fd
01ff0e0ffef50104
fe0308f9020d030b
faf9fd0208000004
130a04fcf9f40503
ff04f6030ef700fa
07fefef60003f9f7
03f10ef60300f5f2
02f6f807090a00fe
ff00f906fbfd03ff
ff030505ff0008fe
fb0201fefd02fb0b
02ee0200110c00fc
fffefffb0b0402fc
09f103f900ffef01
06fcfa0c11f9fd0c
0301fdfe04030ef7
02f90004f7fb0807
f30703fd070201f7
00030f04fe0106f5
020000f910fd0f0c
ff02fdfcf7060602
faf80cfd0201fffb
04ff0bfe0508fa0a
fc09fe02030400fb
ff03f40206e604fa
06fc05ec04ff0308
f1fc00fff8fd000c
07040401fb00fe00
fe0000ef0809fb06
fd0cfbfff806f7fc
04fefff60108f9fb
fafd02f9f3020408
05f404f6040207fa
fe05f9f4fe01fcff
0200f7f3ff0cfdf9
f705f5f4fdfeff09
fa07fa09f90a0603
07f1fa040bfaff0a
09f9fefdf601f001
01f700f8fe080409
05fb05fffdf3f8f5
f607ff020403fefe
f804f8f9f504f8fc
08f403f60c0707f4
080608faff09f6f4
fcfc06fd070dfc02
02ee040600fef6fc
0309fdf70601f314
f3fcf6fefefef7ff
fcffff0200fafc06
fc01fc0202070bf5
fe0902fafffdfe02
060803f804fdfc07
fdfc0301ffff09fe
0afefcff010efcfe
01fdfcfbff0a0704
f300fd03ff0300fd
050bfff8f8fefe06
fafbf802fef3040d
02f708090402070a
fafef5f902ff0905
f90701060101f200
01fe040afdfc05ff
000302fefee910f8
0ef6f5fafefe0102
fd05020e01050602
02fe0204effaf803
00ff090efafd05fe
faf7fefd050b01fa
fcf302fb0c000bfb
010503fe0d05fcf6
01fafcfe00fc01fb
0003ff00fe0b09fb
fe0006ff010103fe
040404fbfdf7ffff
08fafef306fefb02
00fdebfffbfe0bfa
01fcf701f600fe03
f709fafafcf60502
fb010208fc02fdfd
fb03040300ff00ff
05fa04fbf80306ff
fb0afdfe0c0508ff
fa04fffcf9f2fef6
02fe06020a020107
f8fdfefc04ffff03
fcfbf6ff080507fd
080a00fb0204fb02
ff01fffdfb050602
00f809f5f9050000
fffc02f7fe0406fa
0102fe01fd00fa00
09060cfffd00f8fe
05050203fb0202ff
0603050202fc0201
fafe00fb00ffff00
0501010207070002
090b04f3f4fcff0a
02fd0101fe030100
fc03fd07f9040203
0709ff0009fa01f9
04fb020cfe0a0701
02f5fb08fafafa06
fd0805fbf4fbf6fb
07fceffcfc010803
00fb020b0306010f
fffd02fe05fdf600
f4ff010001050402
0504fd0502020701
030afd060d0aff0b
fd0df3010bed0809
ff0a0104f8070006
f4fc05130705fb05
fefd010404fafe02
ff0508fafefd07f5
0204f5fe08effc06
06fe0afefcf90204
03fffe0203fff800
fafefffffbfc09fd
fa07050704040500
fb05fd03fdfc0507
f8fbf604f702fd01
0404f603fc01f805
fffafbff02fff8fe
0afbfc02fdfbfc02
fb09f50106080307
0101fef9fd07f7fc
fff900fffb0004ff
f8f71104070e0208
05fcfbf807f9f303
0105fe09f1020bfe
04fd06fcf90b0a03
08fafe0707fe0303
f7ff0b0900fdf400
f2070b0104f6fbff
0b01050504000cf8
04ff00f9ff0cfc05
06fcfffcfdfffd00
01fa0608fa0608f3
0a05fd00fd01f60a
10f30803070603fc
fcfc0004fe07fa00
f9f3f4080ffe00fc
0bfeff060500040f
02f6f9f3fdfff903
010909fe020bf4ff
fc0207030f03ee00
09f9fd0f03f4fcf7
020807fe01fc00f6
fcfb07fc060bfbe9
f306fb09fc07fcfe
fbfe03fe02fd0001
0104fd0001fff3fe
fdf904f0f906fa03
0b02fc0bfcfafc02
fdf90200fe0107fe
11070004fc090001
120002fffc00f3f8
fb050803fe04fcfd
0602ee08f5080303
fb0b0ffa01ff0503
fbfa0400fcfefcff
fefaf609fbff0206
05ec0504fdfeff0e
f206fafd08f504ff
08090001fcf809f6
0203fcfe06fc0501
0201ff01050103ff
010a03020407f6fc
ff08f60cfffdfaf5
f8030000fc05fd0a
fc02fef310fcfb0c
03f805fafffeff10
0b0bfafa0d08fefd
0200fd06fefef4f1
fefbfbf5ff02f1fa
03050802f9050607
fc0201fe06fa0401
040c08fefefa05fd
000507f50801f7fa
fe03fdfc060d0205
fbff00f60c06fdfe
010a030103fefd00
fc04000003000002
f602fd02fafefffc
02ff02fefdfbfd02
fffd01030af10207
04fefd04fbfcfeff
0efdfb020501fbfe
f5f60708f805fb02
fdfef90704f2faf7
f805f60900fffefb
0101ff01fe020008
0d03fff709fd0afe
00f703fefdfcfd06
fafe06fcf9030101
fdfa0500f5010308
02f406fb00030105
04f70205fff60701
fcfe05ff04000404
f9f6ff06faf50904
04fd04fe0300fcff
fdfe0201f3fd0401
f70a02fcff03f4fe
02fa07f9f501fa09
0100fefe07010900
f7010109090eff02
fefdf901fb06f804
0205fd0100fb0200
f906fa0000fe0209
02f407eef6fff707
fe08f80c06fd0610
fa00fbff06ff0c00
fc00fc0206fafa06
fffbfbfc04f9fc01
f500f104ff05fe07
fe03fbfffe0af5fa
04faffff03070406
0704f40af4fffd06
0106fc02fefb0101
08f7fef8020903fb
00ff0eff01f5fe0a
fd0106fffefcfcfb
f90708ff00060000
fcfc07fd060600f9
f701fff8f4f1faff
01fffd01fd000004
0706fdfe0003fb00
0007f2f6f401070f
03fdfafff80108fd
0105fc00ff0008ff
fffbfef9fbfc04f5
030e10fefff60401
0a02ff00fffefef8
000103060f03fa04
fffbfa00fb03fc00
0010f8f801fcfc03
0cfc0702fd000b0b
fffffefcfc03f8f2
0003fcfb0100fe07
030107fc0803f2fc
02fc00fa01f80302
0000fc02ff000901
eefdf9f500060afb
0101f904f90508fc
09fcfefcfffefcfb
fe06f606f8fe0707
f6f70a0a070003ff
00ff0200faff0400
f800fbf605f60700
f208080103fb08f8
f6fa02f9fe0cfefd
f4f0fb08080a0400
02fafcf7fa0f0203
faf405fb0cf601f8
04ff03fb09fd06f9
f6f8f806f5fdf903
0910041100fcfa04
f5f80305faffff03
070201fafa020602
06fefefffcfef701
020bfd0604fff806
fd05040ff4f7fdff
0005000bfbff0303
fc04fbfc03fffb01
fffbfc05fb02ff00
fc0a0001fe0603ff
04fbfe0df5080709
090ef807fc0900f7
0103000002020100
f8f9f901fc0702f6
fdf901fcff01fbfe
f8070afcf0090707
02f4f70c07f70806
fdf904faf5f60808
03fa070cf4fffff9
05f5fa04060df607
03fb04fe070c10fb
fdfff305fdf603f5
0702fbfb0502fdfd
fb0cf9fd050ffc01
0003fb0504fbf707
0b00f8fd01020208
030205fafef904fd
0cfa0e05010aee00
fcf9f201fff7fffe
fe010400fe0202f7
fdf9fd15010a10fa
f101071004080902
040000fc02f9fefc
0df4f90cf70600f7
02fe09fc0305ff0a
fbfefbfefe060402
fe01fbf50707fe07
f9fe050af7fffbf8
0105fe000202fd00
040700f9eafe02fd
04f9fcfd0100050d
fa01fd07ff0402ff
fe05060700f905fb
01fdfe0bfc050901
0b06fefd01f6fa03
fb000b020cfbfa05
01fbfffd04fefb03
ff0401ff04fd01ff
00060004fc01fffb
fe0405f70503fdfd
fef1fb0302f6fc05
07faf7f7fff7fd07
06fdf9040102f8fb
040705f7fd000906
02fbf8fb05040b02
03000a03fdf5010d
01fc01f80e08ff01
0905f8fe04fcfef7
0afd07020204faff
fc09fff5fd040900
04fefc0803f50bfb
01f900fef908fffd
04faf7fefe05f903
f905fe04010800fc
0004fdfb0af8f1f3
0c07fffd000108fe
03050c06fafff9fc
ff01f9fffb060607
f7f9fc000a0104fe
03fafdfbfe03fbf8
05fa0000fdf60203
0b05fcfffc00fc06
fffc030400020200
fef9021206fa0af8
00f6fc02f70b0c07
f9f50700f9f9fcff
0003fff4f9fbfefd
0506000df9faf5ff
fcfef70bfc04fbf9
040203ff03fafefb
fd03fdf70202fc03
fffdfd0cfe020007
0402fffefc020006
030202ff06fe0200
02fd00050406fbff
fdfb00010cfc020b
fc03f90a0402ff0c
fdfe03f80105fe05
fbf30304fcfd0004
fa08f6fdfb0200ff
010104ff02fe02ff
fafdfe000406fafe
0502f901fc0107f9
05f403fcf9000200
0004f60306fa07ff
fffbf901020104f7
f8effe05f300fbff
00fffd01030301fe
050302fef8f5fd01
00fbfc04fa000df9
02010bfffb050300
ff02ff05fb0107ff
fdf8fcf906fffefd
fe0203f8010002f4
f90b000206020603
00fdfdfcfefefe02
07fe0106fff40302
010b0704050bfd00
09fffe050d04faf7
fe04080efe01f9fd
03feff0705fdf800
0203fb03fa03fd00
02fd070406fafcf4
02f700fbfd0101ff
fffe080709f9fbfd
fefb0106fb010107
020600000afdff03
060003fdfb0104f9
0f040103f7f8fefb
fffd03fb05fcff02
fc04050507f402fd
00f900ff01020608
fb010a0bfa05fffe
fc02ff01020a00f9
fe00020004f50106
ee08f90004fefe08
fef406f501f7fa00
03fe06fe06020103
080009f906fc0bff
07fcfffffc020401
fe0404fefd050e03
fdfefc050202f102
fa0afafffafa0502
0412f90af204f708
0300040406090101
fdfafefdf8030301
02fefd02ff040101
f50400fdfa0b01fe
f8fdf9f6fcff02fc
f90704fa070dfe01
fe060201fefffa02
070203040407ff0c
0403040505060d03
f80e030302010a05
00f8f706fc0b04fa
0008fa030bfcfffa
fe040a02f602fffb
0401f80605ff09fb
fb0106f509fb04f5
0306ff0200fa0207
fb00fefcf8fafef5
0503fcf9fb04080a
fa01f40000ff0701
0101fa05080308fd
fc0a02fafefcfe03
f9fbfbfafb0706fd
04f8f9fcfc0701fd
fafd08fefc02fc08
01f804f2fdfdfcff
02fc06fcfcfd0009
f20005fd03fdfffd
ff070400fc0805fc
00fbff04fb0901ff
0904fefc0903fdfe
0301f804fefa02fc
fbfd0702f504fefd
fd000103fffc00fd
fcf70d07ff050bf7
0a020501ff020000
f70406000b070002
fc0301ff01fefcfd
06010901000b0bf8
02fdfefd0300fc0a
fd07fbffff0400fb
0402fcf30408f706
00fd0006f808f602
05040a00030202fe
050203f10004ff06
fc01fdf2fef7fb05
06070205fbfefd02
02fc04050502fbfe
0806fdfa02fbfdfc
070001fe01010006
03070dfcf6080307
fef802fe060a01fb
050701030101fff8
01fc030df7fb00fa
fbfd0802f9f8fc08
02fafa02020302fe
fafc00fa01f8f7ff
02f700fb02020704
fe05fd07fd0507fa
030400040cf80101
fafefefcfb07fff6
00fefafdf800fff9
050afc0001fefa01
ff0109fe0001f804
f9000702fa020505
fcfbfc05fdfffb03
04fcf7fcfb05fcfd
0605fefe06fffe06
01f5000601090805
02000e08fefc0407
fc01fff3f8fff4ff
0301010500fe05f5
04fc09090402fef3
f901fafbf504ff03
fffefcf9ff01fe06
fffefe0400020501
0307fafd04fef604
0703f6f9fefefcff
09fefe0000000603
020103fdfe020404
040800fc02060105
07fef906fdfb06fe
f800ff090607fafe
fffdfcfbfa0007fa
fffdfefd0107100a
020103f9fcfefe05
fa03fefffa0003fe
02f901fd0009f7ff
fffa0100fc000102
01060403ff020304
ff02ff0310fdfd03
02f7f909ff020402
02020101ffff0204
0200f80006f2feff
020af90108ff04fe
fd0bf8f500fe02f9
0505f40201fd0303
f5060001fd0303fe
fefdff080704f902
00fbff0005f20303
ff030206fe09fcf5
f907010305020008
0201feff04f5f8fd
00fd02f703fe04fa
01f907fd0800f7fe
fb05ff03f9090501
ff060004050002fc
faf8f5ff01020102
00fdfffdfcfd0507
02f9fafefd050306
00fb010003fa06fc
fb03f806fefa04fa
070304fdff000a06
03fafc0100ff0503
06fb05fafa000405
040801ffff040b00
09f9fe0400040109
04fff9ff03fc0503
05060506f90403f9
ff0afef805030703
0600fbfaf803fb00
0500fef903ff0304
f4f3fc06fa04fffe
f800080100fcfbf9
f9f2fefbfb0efdf9
01f7fdfe070006fd
0403f9f805fef6ff
fa03fcfd02f7fcff
f90409f504fa0008
02f807010105f803
fefdfd02fcfbff05
ff020204fd0105fb
0104fe0001fffe04
fff601f5fc0a0502
f40cfb02fdfefe06
f605fbfffc03fd00
0901fd08fd00f805
030308fe01f9fcfc
fe010008f800fa00
fc0003f401020efb
fb04fa0103f80704
fa0703fe010001fe
fc030a02030408fc
ff08fcfffe06fefe
fafefdfefff80504
01fbfd03fefc0105
f606faff0001f901
000c01fefe02feff
060403fdfdf2fafd
fafffe0608fdfb08
02fefdfe0902fdf7
fc03fbfdf8fffcf9
fc0305fffcfafcfe
0702fef6ff030a03
02fd0905fc01fd04
fe000702fef5fbf7
fe0201f701f808fe
0902fc0aff06fbf6
fc030808fe0b0007
fd01ff02040bf4f5
f7f70704fcff01f7
020605fa02fafefb
fa02ff000103f604
fb03f5040002ffff
00fb02f6f3fffb04
faf5f90700fb0504
07fe0905f7fdff00
fbfe02ff04f60101
0400fe08f6fdf600
0404fa0c00fb00fa
fbfbfe04f4100400
000007fd04f9fb03
02f9030502f6f9fd
fefefdfc0303fb07
fd0707fe010306f8
05fd01fb03fb01fe
ff02fbfd00020805
fcfa01fc03010200
00f907fbff01ff09
0304fefb02fa00f9
fd0f0a0008f802fa
fcf8fbff07f1fb06
fafd02fd07f40b07
f7060a01f908f900
020006fcf9f3feff
fb0a1401fef60902
fdf8fdfb0805f909
080505fb050008fc
fcf1ffeefa050202
fbff02fefa0302fc
f80dfff9050804fd
040b0cf10502fe08
fefbfefe0af20304
fffa03fd03fcfdff
fd0000fbf70106f6
06fb0302fefa0104
0002f70601f9f800
12f6fbf3ff07030b
ee0d03fb02050810
f9fff502fafafc02
02fbf4fefafd0bfc
000002fdfeff0a07
0105ff02fffe0304
02ff01fafb0504f9
0800f7020109f503
f906000400f50704
fc00030a12f900fc
0002f9ff05fcfe03
fb0403f1050000fb
f8fcf8f106fe0100
fefc01ed01fcf6f9
0a01f7fe000206ff
0009fe0704060203
fd03030104000404
0202fb0308fb06ff
02fafdf9f9fc06fe
03f7f7020002fb07
080ffcffff0006fc
030503fc03fafefa
f802fb02f607f5f8
fe000102fcff0402
fdff02f9fa060404
f8fb0f05f403fa0d
fa03f702fbfcf906
0502fafcf007ff05
0000fefd0a000605
faf80509000a06fd
f8fb02ff050000fd
fa02fc06faff03f7
01fc07000104ff06
fffe07fb01050302
0305f70612f901f2
0601fa0207fbf601
030bfd01fa01fe04
0608fe0a04f8f9fd
05000804fafd0509
fcf20ffafbecff02
00f70601fe01fbf8
01fef70602f4f603
0606fb05fcfa0406
fc0a0303fd0cfb02
fd00070bffff00fe
fe0a0308050104fc
fc0ff7fefd020c01
f4fef607f3fdfff4
04fd01fbf8f9f906
fb03fcf7f7040af0
fd04ecff0d03030e
00fc00fe040d0809
04010401050c0004
f1fdf5f2050701f7
08ff00f008f5ff02
f305fff5fcfff9fe
010300fcff12ed02
03010503fbf70003
01f1060efe0d040f
03fd0609080cf603
f90005fc08f6fff8
fefbfdfa030601fc
fcfe03fe01fefe02
0b000208fa090200
fa06fe0b08fef901
05020dfd07f8f90a
01fcf504020206ff
01fc05fc00fff4f0
0003f6ff0203fdf9
f6fcfe06fb05f901
f7fef5ff02fdfd02
fff9080a0500fa03
05f4fefff6fa0907
0d10fcfaf6f4070a
fe060305f3040806
faf6ff07faf9fdfb
05fffbfff9040001
fdfb0905010902ff
020ff804fc02fd07
ff0009fe08fdff07
0600fe0300fb06f9
0204fbf9fcfe08fe
f7fffa0e00fff7fd
02fb04010008fe00
fb03030e00fafffb
03fe06060802fdfa
11fafffcfd010702
03080706f9fbfe0b
fc020dfff100f4f7
f90309fe0500fcfc
12f0f801fbfd0af9
06fa03070206fe07
030602fd00020003
fdf403fb0201f208
eefc0102fbfe0601
fafffd010b0504fe
fefa050ffffe02fd
030306f4fe11edff
05fafeff0900fcfb
02f6f90bf70506fc
fcfafbf3fa0507f8
fcf7f6000af80700
ff03fc03fdfe01ff
fe020601fc00ff0f
0e09f301fd0403fc
060103fefffd0000
fcf60403fcfdfc04
fc01060af1fafa01
0600f20801fd000b
f9f805fffafd0504
01fefc0104fffd01
fcfaf9f90304010b
fb0a020007f805f9
f9fcf90f02fcfa01
fd0cfdfbf6f7060f
04060d0302fd05f5
0100070507060a01
01f7f9f402fafafc
060502f6000501ff
f908f4f5f800f7f5
f6fe05f9ff0003fa
fc0005f708f40610
02fcf609fdfe00fa
fd01040505fc05ff
fefffbfefe0004fb
f6000104f6060004
ff000702fe010202
faf204fffa000504
f30af4f90203f8fe
f4ff01fff90114f8
0bff05fd02fef8fd
0aee0104f900f4f7
f902ff03f7030001
05ff030103fdfdfe
04fffffd06ff05ff
f8f7070103fffc09
f70d02f707fe06fc
0702f9fafafefe03
fc0301020107fb03
06fd050403040204
fa0401f8ff04f9fa
01fafd080002fb04
0e0401fef4f70a08
fef60b020212f6ff
00030101fe0100fd
0302f8fb010300fc
f10105f6fd03fbfd
00020700ff0607ff
00fb04fd0205ff05
fb0701fe02030702
05010210fe0211f8
03fe00ffff050105
0bfc02ff01fcfbf9
0400f9faf905fb0c
fff9080101fcfe01
04fef4030708f105
fa0cfbfd050702ff
00f5fa0afef50d04
040c060301efff04
060afd01f80606ff
0803ff0502fbfd08
ff0701ff040503f7
06000000f306fb03
010aff020b0605fa
01fafa03fc0900fe
f80a04fcfaf6f7fe
00fe05f607fafdfa
020002fbf5fefff7
080700f6feff08f4
04fb05fb02fdfdff
07fe04000903fef7
ffff02fefe0201f8
fb050308fbfa02ff
f901fa03f90505ff
fb08fd01fdfcfe00
0dfd05070b00fcff
f50007fffbfb0606
0107fbfe08fe0dfe
020103fdf4f4f909
f900fafbfefff7fb
fef7f802f804fdfa
fd0efd0a02fd06fa
fc0201000cfefc02
f6fff5050105fffc
0306ffff00fd04fc
f803fc000902ffff
020e0a0afff3f9fd
f603fd0b0b1105fc
fb020404fc0a0600
fdfe01fe03ff0202
fe0100fdfc050100
f90301fdfd0100f9
fc0af40e0107fa09
09effa0c0b03f201
08fdf900ff05f4fd
000af4030104fb11
fe05f4fbfd01f9fb
fcfafdf902f50afc
060d01f6000b010e
0c020cf400fcf713
fb0002fc040bfb03
fbf9fd0dfffffb03
0af209fcfc0709fb
ff0705080210fcfa
00f90404fe030204
060bf90704f7f804
f40302001301fd06
0108f9fffa03f900
fafd030403fbffff
02fffe1002fd00fb
fd09fbf90806f704
050604010500fffa
0a07fa01fdff06f9
0001f1fffdf9f6fc
0501ff0406f60bff
030c05040307fffa
07f80401fef91303
fdfd030106120602
04fe020cfe010804
fa0a02fd05f90ff7
ff0604ffff0106fd
08f60efbfc080bfb
fa0201ff02fc0702
02fbfd0305ff0200
00fbfe000df80403
08080400ff0406f4
06051309fd02fe0b
f300f7faf906fc04
fcfb08010602fd0b
0800fe00fd0006fe
fdfd0a0101fe03fe
06070402fc07fc02
050406f40303fdfc
04020400fdf401ff
ff060203f6f7f704
fa0b04fa080300fd
ff01f9fe06f903fb
0704ff0609fa0608
fb0403ff01fbfefd
04010201f90003fd
fe0a050700070600
0202f80006fb06ff
fafd010505020403
fcf305fbfdfcfff6
04fffff0fcfdf8f5
ff03f908f6fc0103
040006fe00f5feff
0902fd06f5f7f0ff
0203fd03fd070601
00ecf300fcfafb09
030aef00f8f907fa
ff02030c03fd0201
05fa01fef6fe0500
f900fc0304fffa01
0100fdffff04fe01
fefaf90dfe0504ff
fefffefcff050501
0610f4030c090705
fcfe0cf8fff6fcfd
070605f901fffb0b
060702f600fb03ff
fe0201fd03fefc02
fefdfd010700f902
00fdf803fdfc0505
000206f7fd08fb07
fffd08fa00fd04fd
ff06fcfc05fe0308
f9040002ff00fd00
fb0208fe0506030a
fe0501fd0203fa00
03f9f7040103f7fd
04fcfd0800fd0004
020204fe04ff01ff
00fe03f9fcf5fef9
00020909fd03fd07
fe00020afb0204fe
01ff0502fef90603
fcfdfd02fbfffd01
fdfbf9f805010dff
05fd0105030002fe
07f800f60300f801
17fafd030504fc04
05fdfd050801f4ff
07fbfcfc010df0fd
f9010005010bfefd
f506fc02fff50201
f908fcfd02fe06f8
010204fcfaff08ff
040200ff05f8fa06
fbf9fe0402050500
fcfc0ff4ff0208fb
fb0109f1ee0d09ff
06fb08060807ff03
030c06f6fb02fef9
ff050200fcfbfdff
00fbf9fefc02ff07
f4fb03fbf7ff0608
01fd0701f8fcff05
0105fc0701fd06fd
05fd030305030005
010101f80102fbf8
06ffff0305fb04fc
01f70a040700fe07
02f1000402060201
04fe00fdfa00ff0b
fb0301fbfef9fef8
fbfcff0108f8fe0c
f90bfd03f704fd0a
0901060402fafb03
f304fd0dfb04fff5
00fefffdf8ff00ff
ff00fbf7040003f7
fefdfafe0305fff7
0407f9fa0306ffff
0306fef7fef60105
010304fafdfefe0b
0100fc01fe0806fc
fff90301000b0300
04020206fffd0100
fc07f6ff03030004
fa00faf9010200f6
0600f900fe080105
0209fffe0301fa06
05fefd04f80509ff
04fa0703f90304fc
fffaf8fef1020306
06f6090104fdfcfa
fff10302f6f7ff02
0604ff01f504fd01
000a05fafd00f903
f900070ffc08f0fd
ff04ff07050601f9
fff7ff0afdfc0001
fe06f9fb0501f6f3
08fcfb04080c0500
0906050001fc01fe
04fd00fff800fe05
fd0bfa08ff01f4f7
fef50209f90703f8
ff0b02fcfe04fc00
fe0110f8080206fc
05ff0602faf9fd00
000501020004fc07
030303010802fef8
03ff0212fbf70203
00000602fcfc08fe
0100fe040202fe05
f709fa06fff2ff06
0500fdfefafefa03
0108fe0c08fc0105
02fa020608fa01fb
0705020301030200
f9fcf8fc01f90401
020005ffff0101ff
eefff2f509f90b03
fcff010b0eff020a
04fefa0a000300f9
0701fbfeff0af5fe
01020509030302fc
09fcf604fc01fefd
0207f9fdf5fafb08
fdfe09fb050405fe
01fdfdf803f8fbff
050bfd05fb000100
02f9fd02fcfffd00
f7000105fdfcf1fe
fefe0a04f9020002
fc09fb06fc0c0408
00fa010a0b0009fc
0afa07fc0806f605
03fafefd0204f90c
fa05f705fdfd00fd
00fc080ff6fff9ff
070607f80303090a
f502ff08f809f600
fa0103fa0804f904
fc00fe06fdf904fa
f5fcf607040102f7
fffd050309fe0301
fbfbfe03ff010005
04fbfcfc0204fc04
03f6fefef9f905f9
0005ff0201ff0304
f803fe03fcf5010a
f908fc0203ff0101
f503f8fe05fb0100
010dfef9050904f8
ff0308fbfdfd0600
fffef5fe01fb0001
fa00fe00fff8fd03
f7fefffdfc030301
fffbfbff00fdfc03
f90c02f80c0501f8
0a0a0b06ff000803
020b02f8fcfefc01
f600010805fffcfb
f8f90cfbfe0c0100
fffd05fcfb02faff
fa07f8f905f70504
060301fbfe040af6
fe0001fd00f7fd01
fe0601f7fcf70704
fafe050905fafbfe
ffff00fe0703fc02
0004fe00fe020500
fefafcfeff10fd08
fa0104f7f8f5fa0b
0201fc00fffe0603
06000b000101fbff
fefe070a0006020e
fffff6ff00fd0100
020302f2000cfc04
fb0102fffe000009
fc02ff03ff05f306
fffdfd03f7fdf6f8
fd060108000efd05
0403fcfefbf800fb
01fe0b02070c03ff
02fe000609070307
02faff06fc01fe06
04fcfefef505f303
fe04f30006030001
0707fd0103f60604
fbfe030908000208
08020bfb0302f6fb
f801fc05fa020704
fb080303010a0303
fc0101fa03ff0000
09f2f90101fff902
fafa08ff0200fdfe
fd0903fef7fafbf4
0bfa07f7f20602fc
020609fe01fdf701
fe06fa02f6f906ff
f9f6fafd07f8fcfc
0102f3f102fbfcf8
07000afafe00fe03
04fcf6fb0500fdf5
fe100804fe050201
f8fb04fcf401fe04
08030807fbff0003
fff5f70801040601
03fcfd1011faf9ff
fdf90608fa01fd01
f4fa0407fe0406fb
05fe07f907fdf5fb
03fffd0002000200
fdfcfb07030505f9
f6fb0303070b07fe
fb0002fffa0402f9
0100fefcfffe01f8
fdfafafcf903fdf5
ff0300f805f602fd
0dfc06fdfc000904
f6020300fcfa0306
07faf8fe0d0005ff
fe06fcfa0402fd01
06ff0e020f080203
07fcf20400040f02
0005fb00fefcfdfb
060700fc0201fffe
08050502fdfbfcfc
0000fc04fe0a0a01
03fc0600ffff0803
0d04080305fb03ff
fe010605f70afc04
0201fff80606fcfa
fefefffb04fffc03
fcfbf6f605fc0603
fff506ff00fa0903
020102fffcfe070b
fbfc08040801f302
f8080903f9fafcfc
ff0008ffef0701fb
05ff0408fffc06ff
fef8fdf40b04fd09
f907fefe010402fc
01fb050201fef80b
0afefbfaf9ff0404
0efefe08fef600fa
fe01fa0e0009ff02
010501fefa0007ff
050bfe0300f804ff
00fefefafa010300
000200f9fb0805f5
ef150a0bf80b1301
0205050402050500
f8100307ff0802fe
fcf804fee4010801
f80608f7fafb0703
fffbf7f9fafcfc03
00f8fb020702050d
ff0802050a0ef506
fc03fa00f30a05fe
03fb000002ff0004
10ed0407040400fb
f9fefffe08fafefa
f504f5fc01fcfc0a
0604fffdfffb0604
05fc06f90ff101fc
faf01301f70711fe
10fd0202fdfdee05
0102f603ff0305fa
08fd000003040707
000004fcf7fcff09
fffc10f2fa0903f7
f6fb04fbfd080a01
0bf2f9fafe080900
08ff0e000206fbfc
fd0a06f605f9040f
0402fc0206fe04fc
030af80a04fb04ff
050105fbfdf5fbf3
fef3fef8f602fef7
020af6fbfd00ff07
f80107f703070509
0c0004fef902fa00
0601020000ff03ff
03fafffafa050a05
ff09f9fd03fef5fb
fffb06f6050106f5
03fc03010d07050a
0500fe020005ffff
05f90000031404f9
0603fafdfbf30107
0303fcfd06fb090b
080dfb02f8eef8fb
f7fbf1f507fbff0b
ffff07010003fe01
fcf9f9fefb07ff06
0005fcfb11fc0506
06fbfa040201fafa
fc0301fbfe00fdfa
000604fe02080801
f609fffb02f103f9
020000fefe00fefe
09f707fdfffaff0c
0405f10100f300ff
f90101ee0408f400
090d0d04fefa0407
fe07f9f90402fcfe
0ffa0e0502fd06fd
f3f7fe05020202fe
f40b0106fdf30702
05fcfefafd000400
f6fbf70d06fd0ffc
08f5040b06050408
fefffc0600fefd00
010a0106fd040204
f905f4f8060104fb
0102ff0ffd02f807
05fdfc0000f4fefe
fbfc0ef9f90bfd00
060401fc05f3f203
05fffffcf7fbfcf8
04fa0b060301f2fb
fef9fe0208fbfa01
f6fd01fe0300fa01
0ffd0703010805f5
09fe01fbfdfef2ff
f909fd00f708f905
f9ff06f901080101
f8fdf5f6fe07f812
060cfaff000a02fb
05fffe01fc04fefe
fa020502edfafcfc
fbfbfa0bfcfa0efd
03fb05fb0103fe0f
f90100f50803e401
fdf0fd0501fe00fa
f1f50601f3fd02fe
02fd0006fdf8030a
f6f8ff0106050502
fc04fefbf70504fa
fd0004ffff04ff08
fdfd050704f0fbf6
fd02fe0c190502f9
fdfff705fbfd000a
fffdfe03f504fbfe
f709030a02f9fbfd
f514fffe04f70a09
03fa08010808eff2
0f01f904010a07fb
0301fafb040203f9
fffafffffef9f40b
fc02f2f7f2010d04
030af9f5fd0bf60c
ff07010bfe03f800
08020102ff0301f9
f80407faf0f602f5
01000905f6fdfbf8
00fcff0dfc090bfe
fffa08f90c0101fb
00fd0002fcfdfb10
0601f9f309f7f6f7
0cf504fe0ff8fef9
040108140f0e0907
08030d01fe05f715
f9fd00fefd040606
06fb07fb09080b03
03f819f5ff0402fd
fffafafbf90701f1
f6fef90601fa0806
fefd04fe0f05f60a
fc0002fa04030504
11f70507ff0ef6f5
07f9050303fffcf8
01f602fe030bfcfa
f709030b0cfff4fd
070708fffc0501f8
eff7fcfc0df4ff01
0405ec0502f7fb03
fb0000fafcfcfdf4
fafb020f00fcfd00
0206030508000204
f004fe08ffff0906
f609f901f3f2e7f5
0a040100fefe0804
030602fdf4fc0001
f4020a0a0dfd00f6
fc0afefcfe020205
f006f600090dfb08
040102f902f905ff
fc0107f612f9fa0a
0604ff03000400fb
f806f2fbf3fcfff3
fdfe08f20af8030e
05fa0004f308f70c
03010602faf4fafc
090103000811f5f9
0408fff5fffbfdfa
02f406fb01fe0008
fc040d0f0afef605
f502fa06ef0e0c0e
060ffef8fbff0306
05040b080610fcf7
0104fcfa03050101
fef5f70bf9fa1309
0405ff01fe02fe00
07f4040501f2050d
02f6ff07fd0510f7
02f50004edfc08fc
080ef602030200fd
f9fd070bfa0101f7
0bf90df6faf402fa
ff040402fe01fc02
02fffc0a02f90405
fa090807f8ff030e
04fffdf9fdfe0403
04f7fb010bf8f911
0207fc0303fb03fb
08f7fbfefe0b0a00
f906f7f8f7f30afc
fbfcfcfb010a01fe
0c05ff0f0705f302
0806f1ff0d04f802
fd02fffe010402fa
ff04fefffaf6fa02
0af9000a0408100e
06fe04fd0801f807
0107f7fc00f80b09
fb000700fb01f4f7
fffef7160001fdee
ff01000203fefcfc
fb0902fcfb03fd04
fd00020100fff60b
00f90006fa02fb00
00f4fc0905f805f9
05ffecf9fbf5f407
110b08f2020705ef
fafffcfc0f05fe01
02f4f706020804fe
f50902fa09030104
02f8ff000af60bf6
000301fcfefbfa07
030903ff09fb02f6
0c0301f50b0101f1
030303f6fefdfa0b
06011000fd020604
fbf5fb0c08fd0104
fffbf7fafdfaeff7
fdfe0af3fbfcfdfb
08f80900fe0100fe
04fdfaf5fd04060d
00ff030803fafefb
04fbfffb0304fc01
f7f10100ff010003
f5f300120005fd01
fdf9feff00fe02f9
03000402fb0105fb
f504fd10ed000c0e
f8060efdf508fcfa
fa0d040003feff04
0c00f61310fa0205
f3fefc070dfd00fc
080af701fff50afc
06090bf50409fc0c
04f606fd040102fe
fef50cf40008ef13
f6fff8f80b0dfef8
fefa040704f40803
0dfe0a0804fefd01
0000fe000203fffe
0504fe0805060dff
05fbf4f6fffafef7
f3fb07020907fbfb
fa000108fdfc0afd
f9fa00fd02f60b08
0500070106f3f902
0cfb0afefd1408ff
11f0fbf5f609fdfe
f4f2fdfbfa0a050e
030bf4fa0101f501
120110fdff040dfc
fdfef405f90e02ff
fbfa020405fa05fc
fd0b0a04fc03fa00
110101f708090308
ff0102f60b0301fa
00000101fff6fe04
ff0d03ff0605fef4
f7fd00f5fe11f9f4
fdf206ff00f9f1ff
f711fcfc00070200
0e00fa04fcecfcfe
000c01f9fd090406
00fe04fd020603f8
fbfafbf7fbfcfc03
fbff05030b03fe07
0109fbfe0b09fd01
fe0302fff303fef9
fe07ed05ff0eef02
fb02fb03ff0106ff
fd050016070afbf5
fd040d03f7fe05f8
0402090e0004fbf6
00fb00fefd11ed00
1102f9f60a0afe01
f90608fefc0502ff
fbfffff5f8000b07
fffffafdfe020913
