ff01f3ee03ff37f9
13eff0e7f21a190b
27f21503ebd916cf
1c170916f71518eb
01d7320c1ae3fc01
e10d03fbf0e912e5
203f120cf700fdca
143105f7cb07081b
ed0707d8ee0e13dc
f6dd14f7faf5fdf8
f8cddc1517ef18f7
08f70e19dafe0ff4
1002f00a0e240c09
4ce607e9d80b07fa
1c1412cbd018eb1f
feca1005ef0cfef7
dc02e40f0a1400e9
0f38031538f908f6
1bf21222eec6df1a
ebec0708fcdedd0f
2f0002f9e2eeeeeb
0823ede50a100dff
f7cd1721ea0405e7
014019fefb140eef
ebeffbfaecef0fe1
03ee10220407d119
1dff0a1cfa0fec0e
e7fc1d120714d839
12f22e1c11ea45e2
0806042cfb011ef3
e8211de7c6fcfbc4
0ef409f615fcee11
fcdf0bf0090ff10f
e60a08020102ecfa
e9fe0bf6f3f8070a
e731f80c03e102f5
ea02000ff9f3ea21
081fdd01fc0af81c
1513d8e81e0fe517
fff0ec0833ff0b0b
0efeed07f2061912
0105f20ceb0fdcf4
ebdd231602f6ff0a
cfdaf20a2206f7e2
2422f50b040917f9
ea22f8130d09f603
eb23f5ed020703fc
140feeff1e10e312
022913e4fd143512
0de70502fadcfbd7
11c3fffc120ef0ec
1bfdf3dbf9fcea12
0015f8ec0a1007fd
2b14fa1c150f1c12
ec1bebccf22be5e2
f425e700f4f7db01
d8fbe8e60a100eee
07040010e408fdfa
eebf0ff018eaff17
eb09070f08e914ff
fdffeefaf62a06d6
10dde4f1070e07d1
00e0232119fedcf8
f71be3200204eec5
220d040908efee14
f5e5f8e42713dff0
fbd8f300f20df803
e4e80d21171ae4fc
d9f61ffe170c0d00
0cf5eae6e30d3216
100207102202e8d7
2512f2511aef0eed
0ce7153229fbf801
fbfc0d15e2f518f5
ec1a0ce3d2141615
f03f05182500020d
f220e4ea07082605
11d40516ff0ff4ff
09beed0b271af8e7
e0f11009142a21ee
010b01effd2ae212
ea1006ec2ded1a19
e6c10110f70ef414
d402beeafc2d0bef
0705ffdb18e506ff
f52bf1f7ceda2512
090519ddf9ea1510
13e30514ef00feda
38feebfee9fc130c
0312dc240922ebf6
23eb13f7131d1926
0917f5ff15facf08
2bf80623df30dff5
efd2ec07092cda18
e9de1217ee2ef809
ed13221ce9330819
05decb27111cda1f
3908d1f11beee5de
00f61fe01c13ecd4
0822fe1cdc0b1afa
020decf5eb07081a
0d1af2df11f5f61c
f2f5e40f01e60a04
f411f2e6f80dd012
e903d50c11d6e2df
e914fd1cffea0be5
e826ec200bf0f302
eae1f3fd21fa10e8
02eb020a1402fce5
fdf602daf406eebf
0b3ef7f2f41b15e4
00f4fb11ec02fb1b
cceb09f304180e05
37d71ff9ff0125ee
f4e405cdec0912e8
1f073ae4f9e9fdee
fbd4fac9f7030bf1
09f3f104f2f2ecfe
f421f9390b0de7f9
27cc13fa0614ec0c
e2fe18ea0640ebea
e7110ffa0b26f31f
f1e902f0f8e80a1e
2de400fbfaffec13
321704e602edea0f
03ea0edc082903fd
0ade0427e5fb1ae5
4cf6eafcef33eb36
fc21ed011e0bf6fe
1a150c16e406cfdb
f0cb0d10f7eff21d
250c060c17111508
0104f611e9f21df5
0cf33331e405031f
edd1fe0bdc0dfe02
eef7141edbd91e17
fb06fc070020033a
00f6fddb07f60316
0f32001406eb0f01
f4c9ff0607ffce12
11d417f2fa020d29
f72d0b14dec4f50f
1ff1e0e1f1d002f9
072606fe2e23fbdc
43e2f3fa0cfa1ef1
1504ffe0ece5222d
1223fc03f007eef8
0a2401f2041f06f0
f4f611ece4fd091d
06f0faf7362bf52f
0a080ee717fbf603
2720cb3fe8122717
edfa011a100e1ce5
27da04c02f02001b
29d5f9e2fc1e151a
feff0502ebe60f08
e3f8f4fa00e3fc26
05da01e816071f01
0b362b18def2fafb
22f205f12efa0805
e8f5eb0a04dafcdb
fbf802f512f6f0f8
ecf9f8f1d72cf7ec
e91af4f116f8e30b
08fbf516dfdf29eb
12ed18041de4fecc
ead91f0feae917ea
ed0d05fa200a19dc
002923ed0e12dffe
edf00a2818cc0a03
fa1eec3438e5e9e3
d405f6fe1b13fddb
e425f3ea18efe41f
f8d619d8f117ccf0
fbf6ed03decf0614
410efb16e9d30a1a
19f5f1dc02180d0b
f8db1f22fb0703f0
dd24f8f1032a1fea
f5f32227f6f6ca05
db0700f61ae4faea
fae904fc01ddedee
f3031601fb010e1f
1a15f409fa1ff2e0
d020e005f2e0fc03
dc04fd09021bf9dc
0efded1ae32211f6
01df02f001f40116
f9f2ff04e507e607
e90d071df804f80a
dcf4dcdcc2f310fe
ff20020c07f3fdcc
1ef627f1fd07dce7
15fdedf1e7e72d2c
e44a1a1ad6082cf8
e941f5fbec0de7fd
0609121b2b09f1fa
1ce8fd1af6102c0d
1821ee1b04151b05
05c8170d0edae6fe
0dec0de4f308fe24
ecfd1700db0305ff
29e2c5fcd3091500
0123f135fd01e5f9
120deedce0eee8c5
050fedfae4041616
1beefbe0f3101af1
2ce7cb0b03291c0c
d9e122fcf611e506
fddfda01e0da42e9
f1fd201a08080712
0301f7382ce8e10d
f1190afcfc3500f3
f639080117f225ff
160cfbff0328def9
f2ebd7e3e9eff620
ddd9f8cdfefb01f5
f1fbf9fa17100b2a
1d17eff0f1f6081b
12f0e6190e0bebf0
0be4f6f8f41ff2ed
f70af8f9f8f912f3
0be9fddff1321e0f
cbfff0ebfa07f236
ebde000fea01db0c
f91007f9efeef205
13f41f01e2e5f7ec
230d0a1d06eef309
edfccc1e0adcff0c
08f013df1a0c1af0
080cf4061019150b
0b0d0a1f08e7f915
f5fa1a18e30aebf4
ed1502150bf4d60c
0f08f8f91d182fd9
021025fe1515fb10
e6f00509f8ee011b
f718de02eb02e213
1bbfcffb16040e01
0afaf50cffeee2f3
faff042beef708dc
0ac8d002e80910d6
19ce01dd12f60816
fb22ce03f9eee220
13eae4dc1a07faee
fafa0f1b1c26e626
38f614e40f34f110
2dd3f411f710f902
0f08d804000af000
01051bc1fe05da21
1de50904fdcce8dd
2412f106f6f10901
e4e51b1be7152001
cc0abe10f3faf3ec
cafb0a05edf12011
010dfc00dfd91602
f7fd1310e6edf2fd
1ed9e8fa03d9e8fa
1225e7ea151cf414
f3eff3241ffee908
ec070422e3def8f8
eaf90ffa16f5eede
02f3fb013316490a
ff132135fcbfc71b
cffc08ec11f90301
efef20f312df180c
fffe132400f1ea12
3cfb30ff07e80df5
27d3efdcf9260711
f1ec100b07ebec18
02db20e72dccf5f4
121d092006ceef07
fae70e18d5d41420
0d2df3f20a0de2fb
05e5f5fe00e805da
00eb0bf4e7e6e909
25fbf8fbdaea2a28
04190aee12f00c15
0109dfea1bf409ea
f62f0afee722f60f
0edeebf6de070525
e40837052507d408
f028e8ef00eb281b
0ff1e5e6f70dd825
05f52302e2ded5e9
06f50202393917fb
161cf405c3f4fc20
ea07f1111a3c0300
e731e229d6e801fd
1cf5e9ddf005fd13
edf9f80e0503e0c2
01091edde6150131
fd3c0405fcff0407
080afd020a331311
f429170afff420fe
de290f0c1a12061d
e8f003f533bff31e
1803e60cefe50603
04e4e9052bd30b01
461de930ecfb00fe
fe1b1b26d2d4ee07
1618fdfbff0fed12
f0faf717dde5fae8
0b00f9eb12e7edf5
13fa081c12fefff7
f307f0e5f7fb1114
fc2a08e1dc1a0f04
17fe1c0d2028081a
043afcfffa0323fa
f103f90ff2eff115
0cdffc120704d5f6
f222040bff091a17
e42726e7f82e1819
defa180501dd0241
0a0706db020f170f
e7d909efffe414ed
b8de0e051918f6f9
06dfed03181e1d14
1914e007ec13ecf4
06ebf5f512f9203c
efd0f113f31cff09
f40523d3ea1916dc
1d0903e2e401ee11
f0fcea0cf919e406
ec2d0cfc0c0efb07
f012e22411e7d8f7
d9de09dc1415bbfd
ea13f50113ee050a
eb1e0939e305fe01
f715f80322f60d05
f20c14d4e7160618
f1010ce5e51c022c
de110704f9060cfb
12fef4f00ed8eb11
e9fae0d4e6fdeef9
1824fb0131ea1dec
4519e0010cf00add
f3cbf8fe160ef51f
0d1a110420e909f4
d7c8f61b133302e3
0fd2e4f9e51cfb08
35e3e6f71a04e1f7
efef0c082806dbf8
e829200ae8e3fc05
dd1cd90806fa07e0
0700191125faf021
f70a0206f5f20a01
bd001001eaf6f8e7
0202e00412e5cb07
09d2f6da0ff8e80b
1407043b19ef01e8
f018dbef04f7dc01
f703f413fafb23fe
f73d24faf0303e30
1222fb17f3da1825
ff04dddf251e0604
05e618da1fd321ff
ea25fedbfa071bfb
e304fb0805110d1a
f31ee0f3d91a10fc
29db02c42b281201
dde8f60cf8d8e90a
0b200034f01dfbe5
e31a15fafb100103
0b0c08ebd50700eb
dbf009e4f733100d
1cfaf72623e90d1c
c832f8e903ee0724
19eaef1cc81113e5
fd1901de13f8fcf9
1d0b1cf1e2f61441
07db26eaf411f00f
e014fef81b14010e
11ebfd030ad70ef0
f000070d1f1d0a29
fa0d19fd22fcefe9
f80ce1cee013e703
f9e6f003fefa1813
46e802f203dc0029
29200a22f01cfd0e
1311de14fb081df3
f7091bd30b172b0c
26e2eb1c101233f7
f44004e8e7021ae6
13de06ff000ff505
f31411d902fa1000
07de062f00f0d2ec
01dd040bddf61e0c
eae50c1714f2f913
ed3f0b09d510d5e4
e0190be132fc1f01
232d0c00edfaf302
fafd1b01ce13e9ef
27471c01fd0706eb
13411ffeff12fb16
ced921e8f8f910f3
e3e603f02612e502
eee0e9edebee01e0
1818fef4e8f50f0e
fa281605f6fdf6fd
2308f5fe16113aed
0e06e3c71c0a01ef
1a0215defc28fb18
fbf802fc05300dfa
0ef0002becdefbf7
fe051104f9e9f6ff
30e0ebee240df20b
1e3d16d713faf126
eed7f0f6fb0e1515
050e1b520601e712
19cd0c1ef30a0308
ea0df4e52209e5f6
f7170210feffe7ca
24f4dff0f32bf0ec
2ffaef1feefb2bee
ec15e0f603dee127
d406edf91802dc14
fbeeebf21f09e325
270019e601f10613
1540efcf010e04ef
200d2134fdeff5e9
0de9f9e805fee6e9
0c192bece6fb02bc
16f1f002edee0509
2914e204f70f00e2
20f6f93beaf931ed
e3f2191ef308fe07
d7140af018f90125
c812fc0500e2e0e9
d00907f7d6271200
0504031410df29bc
2bfbe7f4f9fce0f5
14eaeffc1206d8e4
0afbe75a1101e1e1
0cf9fe2b020c1fe4
f0ea182934ce1cf9
ea421afaf9dd3aeb
c8f706e30fef0128
200fecf2093501ea
cc1cfb1215fe04ed
f50cf02113210612
ef11f9120df21be9
09e1ff0f32f3f7f7
f8fc00ec09e71e00
d723df0cf502fae4
e50ae90b0304fa0c
192131fedaebe801
200e1105eef30d08
e8fbf9e6173205f8
0828fef0f3bb29d1
00bc02dfe80ff8ff
08052204e8f01fff
e53e03fced13f6f6
e016f31b12eb10e6
000424fd1ddfe209
f71f03ed10f7d7e6
f30f1bfffffbf0e4
0e010b001e1809f2
160d0e06fefc1f0b
e9052704ee0a01f5
ddde1fe80c130a38
0409c401f9111dea
14ebfed4e0fbf4fa
1eeafdf0f1d40f03
19da13ee09fe2df5
0fee0aec18f50dfd
eb09ea1de4ddd8f1
181319faece3e6e8
38edf8b50c20f4f6
efd8f20a2009f3f0
04f60905f6032402
0a17190506110614
fdf42001360509f6
1e0c01e406f50524
f925210af9f302f8
08f6241ce0e7e21c
dcf6fbf3021812ec
e8ebd21a000108db
17f0fce70f1c0df3
f5fce91d0df2d104
f610e11cf40cfe05
1ff1f005eaf20905
0ae200ee0bf9fa35
091d2be4eddd08f3
d4da2303fdf81b08
0204c5e1fc17d7f3
fa02e3e7f6f8ef01
fb0bfce5f4f31bf4
e9f5fd01e905ff07
ecdff320f1fc0e24
ff0ae2f1dcf90cfb
fce6e911efede519
07d705e51c23110b
040d0b360dfcf9e2
db060a1fffc41aeb
d6010c031c0d01da
fdd9ef261a1f0fe8
0e0cf913ee0b07fd
d93300dcfb03e411
0ced1614e8fafa0d
211dee0902fb0011
07e6f3f8012f10e2
f7100dd80dd715f9
22c4fa25170cf3f0
f2fc0a0606e3ed05
0e10e9fefae328e4
f4be1933192b1cf3
0dfffc1bf8ff0dcb
f92b3407e4d1f3f9
f6dffd0dd31bfdf0
3714d31bf816152f
ebf5e0df0fe0fe13
d604e0ec0ef01828
dcd2f312010f0ef3
ee0cecfe011dfb1e
15fd0611fafbfedb
f90c16ecd2cdfafb
f407dd0bdaeae81a
fc08e1ea140adcda
11060bdbe4e215ed
0ff5e4271d0cf311
e8ff030d1002f421
e9040ff901e8fb0a
0b0d27d6fd2af70e
22e6f1e91f050ef2
04e110161f17f1f8
f600f2feff2239f5
1614e7210aee2c1c
06f5fcf40d1811eb
221de8fcfa190d01
1a11190910fdec07
0e0200d0ecdfd3f9
0cdce42be60d01ec
dd0af9e10ee801ed
fb02e334fa2ce11d
10eb021810f41fe8
10001bea1011031b
f6f8d62cf6f81016
1402f91a03ef17ec
1bf8ee18eb2425f6
ebfcc33fe614f8eb
1a1eeb1901f0f0d3
20fb0a06cfd71009
140510effb4aff15
05fcdf140fe4f4f6
00d4d109e60bc807
e1fb050411e8e50f
2a0524d31a151ff6
fbeef2e903f90315
fde31ae0051d01ff
e3f9e2f5f7e71fe1
f6e4efe202f52ec7
ed020027f3d81c0a
100101f2eddee7fc
3712e6e40c242111
ff0523e72f1ce20c
f2d1f9dff000051c
0dfe1f15f70017f6
fff5020e010e1711
00e92f1add05f0ed
22131eead50cf709
070a480a02fee4fe
093204df061734f9
18151bf6fa273fff
1b100e19ec0be7fb
daf718f0ef240c04
fdf60900090cfcf8
ee0003f205fcf5f0
ff05e9fde41b17f4
f820f3e1fdf912f5
dcf308dc0e2208e9
f8f6eb2120121c1d
fa0b1bec0bddfeeb
050c13eb08e9e5d0
fb06f124f92f181a
1544d1281ff52f13
06f4df1412db000b
22e6d63af5e6c414
031a0fe5e4f80af1
13d61e0aeadf0ccd
fd0c1bf61800fdf8
e5ee150e01eaf2df
2708e711f029e0f8
1bf6edce1204fd14
0213ebf712e31ff8
02e0ed1df2eef6d3
e6dd0128f203d213
f4f21d0ff613fd16
deff01140325f1da
fb0b04e6c6d13bec
1f34d60d06dbf620
16e1fb19faea01f1
0723cc05c900fbff
dc1bddeae9222720
f312ffd30bef0d15
21f3240ce8f4ede8
dece03efe80c0a18
f91afcd101dc06d9
36ff2733fdef0ae3
06e53321ec2e0cf1
ddfdeef9f9f537ed
13f800ea1901f620
fb02fc240a09f1f0
fbeb0ffaf1161d43
dcfbf50f1b0521f5
f1ea21fae901ff13
fc0412e307dbfc23
142c2bd00003180e
17fce94d00e601ec
df2b13e90efee4f7
f0bb06e710d711d8
182ce42ffceef113
eff228f5f2f6f7f0
e4de0b1704042b01
301f0b14041d01ef
08f70618e5103808
e3ff0e190707ed08
231ce9fefbf80912
f1fc0007050509e4
edf1f0ee0e1f0301
fbc20011f9e21702
140a0ee1082b1df8
e314220aea080d10
032dcf26fb070b05
eaeae810f3192bf1
182dee14d6f30702
dc17e010e7072c1d
fc30080c121ef600
e21722080133fc0f
dfe70df70804f631
1a25ecf8f8e5d807
f0e6eaf60939f5f3
0c03e4faefd812cf
08f3e71105f0d40c
0300c1101d130c2c
11f627f305cd090f
02e6031f1301e3e3
f30bf8fcea16181d
ec0ae2de0aff0519
111a10e7f8ebeee8
060f0d10e4e1ebf0
20d7e4e2f9ed0336
10e8f80900fbf320
0a10dbebf9231618
d029fa00e7faf00d
1e111d2e0708d818
dfce0fe80fcef5ea
d7f4e2f5f61117f5
27eb2c0905fa1bea
f3f72ce70df705d3
f0f525e208dd03dd
090b1a231210e902
23fc00f1000710f7
f10bff0bf832cafe
fc1deff503f7f40a
e62fe71909fc45db
13f7d412f5dd35e8
16afef070c250818
dedd0ffcd9fd0e1a
06f9fef503daf6f4
e1fb03fc0ded0632
fbf8f0fa2ef010fc
020707f815fdfafc
0de9fb01022fedf4
0d0909e10c11370d
0de8f9f602e717fd
fd07f01824182cf5
1b02f807f8fc2c3f
f805f6131ee10c0f
e0fb1bfd05f9dbe5
08031d1206dd031a
04e4fbedf71708ed
e2e325d008e63eef
1217efdf1402f2fc
02d6fe0508eb1a1b
c00001f5fb05e524
09e709df3e18df02
f2ee29e808fb2aea
15fdf7dff30ee404
e805142c0313fe0e
df01e531f1c4e70b
f9fb0ddf0ac4efdb
09fa220903fb0210
f7e9e7031a020ff8
06ea1de8f7f623e7
15f2c8faff0af4fd
22f72fecea1009f1
d1fefe0bf904e606
25080f11f000f70d
050514f6f73d02da
f20c1fe824d6fff9
ed0ad7fde2eb14d7
f425f80ff3daeb07
150f0007e523f30c
0e0d0aecf81b05e9
fb23011706ebcec9
d91d0afa07110cf4
1ffdfdf9fa23e527
05f913fef018eada
19ef08f6f710e2ea
f3150ff3f3faef18
2ce0c31eeaea2405
ec200e1c0c25e9f7
cafbe6d1f4e1f402
0f0609e1f806f5ff
16e40600e9f6fdf4
f3fefb0cff23051d
ec1dded1eaf8e3fe
12f630e0f701c70e
120403eb01400221
e409fd2f030afde9
e6ff011601fced04
271333e82ceb27f7
15ebef19f519fcd3
fb15fafaf3e8f022
f7221cefe4fee026
cc090b06ea250a2c
140cf400fbd906fa
3ce20c1ffe290230
0df9fef900fb0f02
14ffc9f6fffdeb14
f2d9080bdf0f23eb
f4fe1cda0cefe719
f9da15fadfecfd0d
02f8eb1206fa10f9
ee09f7fa0831ece0
effbf216fef3cdd2
f24125e0000d02f5
f1dee21dff0819e5
ecfc12fb2de528fb
f31c0f09f0d4f803
2b131203e6182411
e8ec0f140f10f20c
fbe800ff0ef7fc0b
02fa2014eeecf310
150eea09e7e7fb14
16330df50914fdd7
051605211c0e32fd
2116e1290725e8e8
09c6331010ff18e4
07e0fcef0bd7fcf4
0ae508effd0b11f6
ee150e14250b2afc
f1df17fd04fbe70f
eb0a0a15150207d6
0d00defbf812000f
34f2f6f4f440df20
d906fbf50e0bf8e9
023e1d3c1504fded
cd1ffde119f01ee9
fc1528f5001e0a04
f8fe1ffdf8dad800
07e4313806ebefef
01d2f514fefb2706
13f8ed2d11fe1202
1e0bdfe7fce80bf3
02e4e50307ff0200
f7091f05ec300ff9
09f04b19def4f516
f219f310fbf3e9f2
20330315f91d05b4
061903281811ff16
fd2e03f4080cf702
072315fe07fd0918
f3fb24de2429f708
cfdf0df406e4e6eb
eb27f52bfe0df4fd
fcfc2d101107f9e9
fb03fd3e092ed31e
fae1eb46fbf0d217
01d6ecf609002108
f5fc0c1606e9e613
0d101103fdfbe2f1
e8e41507e42f1c0b
170701e51e000f0a
f907110b2dff1404
ecf8e313120cf30c
0cf5202d0af3d3e4
17d629140b24e1f7
113c081afb3205e5
02250e18e4e8bff7
0f09030adf0cf043
eef312f3feff35f8
f93afb0c0df618f9
d622f433210dfa1d
fafaf50d062af21e
050212f414b8defc
0c0c1010090fea0c
f81a0bf3f9fd131b
010e0bea0118e404
0102071eff060712
f501f7f80c01fe01
d2fa40f508f2b607
feeae9f7dd15d700
1cff070327f721fe
f6fcfc111ef30010
c92d0b0ceaf4e22a
fc140fc40d04ed04
f3f8190de5f3f219
fc0aebeb06cc06f1
08faeef8f8d3f00a
d7ca18f50b1116e1
f9fd12f0f8dc0312
0139da05fbcef4f0
f73ef8e8073f00f5
0ef92705fb22edec
fa121909e105f616
232aeaed0e0b0dff
00f113f0151200ce
cdfe0ec91812e8f0
31f2e800f9dcee01
f3160dde2cf42de6
ec0df30ff3f3f519
09f3000eea151df8
13f4ecea1825e501
e9f720130a10ceeb
fa0df5f6f6efdcec
2207f7ff00ff35e2
e3081c231f060416
0c2fe319f01be725
f00edee8ff212deb
13f5fc09f228e629
04ee04f8ef141cee
fae6ece20f26f7fe
ef0c14f2f9060a2c
140ded01fe17f608
ebf8e70ceb2dec04
e1ed31c20a302813
f8f8e0f604e82aeb
f2f6fb25f909ee21
e8070ff311f04002
faf5fef3eb1d05f7
140bf0ff36ed0ffe
25cf0f031e0ffbfc
0a0902161ce8f8f5
f5100cf90914d245
1ee91c0ae80b0add
f7e204120ddefb0a
f7f21401ebe811db
1f0004f7f901e201
0df6cf15fcf2fc1e
00e9fa13e3f11de7
ee04e304ea18ec19
f9cef8e7f413f6e4
02f437f5edf20621
f5f9c808e0f3f60b
1b09e91d113015f4
0827fada28131fdb
0e04e8fce10002e6
160fe5e724ebe0f2
e3111304e80ef0fb
2bf6d6ca1a050c08
01de1fee170b1af9
1903fd24e6f631e8
0eeaf8f522080e20
fbdd190c19fae1f0
0aeccefeff2132e7
0ffb08d7f1cd19f2
34f9151cf00ecff1
f3e91305eb13240f
12fe371e1cdcfe0b
ed14e7f207f82405
edfe04ed0c0ee420
e701f4ec011d4110
fef4eb0707cae9f3
2cf5e8e1f80008fe
ddf428f0070caf0a
2002ea2fe91400ee
ea1febfa090717e1
e5ee0befdceef116
18fc080dfe00e916
efda18ecfed4e3e6
18de161800e9eaec
0af7110a15f5edff
ffd6e8060107e40f
d803f3d714fbeaf3
f6f0f50a202a1cd6
26d433d901da2302
11f7190f1411f303
e4cff312e71b07fd
3b09f2f3e2f8120e
f904f5cdf004fc15
0cf90209e90d0afa
1ffd0004def70e3b
fe0bf91208e212fd
22d6f23a1ff4edda
e6f928f7fe010cef
0edbe7d1dc0121df
02fb17060917eced
ef10f119f101f4d4
e1d2d407eb0a06f7
f5ecd6e8e7ebe7e7
24f1fd11ffec1c2d
13101bffd3d0fb27
1906f106f4e8f5fc
d50cd7e920ed1d21
050ff70bfd12e22a
23f00127f000f0e8
d70d0221f9e60ab3
030ce9f31c1df121
1befd8f80cd71ff4
01e914f8dfea08fd
2bf501dc060e18f7
05f40920faf3bc05
c9f4df2ddd1c1a3e
fffee9f6ea00fa1b
c33bf70b06e200fb
1e3a38d90b370be1
f1f9f2081f190901
eee9e8ebfde81bf0
0e0c0e010cf2f3f2
16030730ea0213fa
081e14ede923ff1c
08e2270ff9021ef2
e705fcf500d31215
3d07e30fe422ed05
24f70809fc19e8f9
244018fa1ff500fa
ebff050716081b01
e2dbdaf7e1f1d7fd
f0220b0cfa0c1716
0a06e80e091fde13
102119f901f1e12a
f3f31035f119f00c
2206000dfcf70316
18ebee15f31711fa
17e7011c0d0a04d7
ff0c00f30aeddf27
f026e60efcc7e901
f21ae2160e112609
caf3def9f10dfe1e
f81127eceafffdf2
290f061df2fa051c
010407e0f1ff2412
ee26f0e80209e841
f70f03191e351103
17ec1dff030c1825
15e7f6ec22ed08ec
f4fe2006f50801f0
42d6250aebeff622
3013e7fffbeee7f7
0acadf1c05dbc90a
0fcde7c9dd18ec31
cf2013cf101ac6ea
1921fee60e28f025
19dd0cf9f00020ff
214fe0fc0fe1371f
f305000102ff0135
0907f6ed1f2d08e5
04ef191af61015fe
f4fa23eb0d01f22e
3213f9ebf9f5e524
0231f517f80cfb12
fd08130632ff0b22
fae80bccf50501d6
000ff9f71000f4ec
f7f71efceec1201a
1e370e0df019030b
0adbdeeaf4fbf203
da0822f60ed0e211
0bfcf42af7eb03f2
09f3ff041f09f301
0fe5f81ff0020adf
f80e0a06012715d9
e401dffe2cb3ccfc
00120e0922eff1df
1b1008c2f900fb06
160fb7f8e309f302
3c2307e6e9042e04
2f32fbfad530fcff
05fa2e02142915d2
d3f51311f7effa01
fcfbf0ed0ef01102
09d70cfaead41403
07030e05f2f0fae4
f7f60e0d0518f8f6
f9f4112a0efd0dde
f5140ac820cffefb
000404240fe60b22
07f61817f2eb05f5
1de0f8fd1a0ee2d9
081904d711f100ea
0015040cf6e031ce
0b1c09e107111809
fbea1007f205fcf8
ff120bfa0a35e520
db16cc1603ec29ef
f7f61bd7ff26f728
e60ce70500d6d9da
fec71a130ad113f1
fa000af3f5eeeee1
f6301f04f2e1f818
f0f30bf2f1e70409
ea3d0e04f70be002
012926ef1411d927
141af704f8f209f5
ef04efcf01f62111
da2020fd0ff01610
040408f8131d17fd
fff1f8fd09edfe1d
ff1be61efee0e6fd
fc0b0b3111f7c725
071b0202f8e00e27
ef0ffff1fa19faea
0a09f81415fef308
d92f08f9edf418eb
ced0e8130ffc03d3
f5eee41a01f1ffec
0824dafa10f50009
01f12615fada1b24
ed280c0ffdde0d00
15e4f518f109d127
0fda02ea310aeff2
d0d7010313ece9ed
f823f00c020c010c
042e110111191eda
05ede4c8f612ecf1
f10c10ec083707be
fafb0d090d05f922
0908e604ededfe0f
dcf7f50e07f62eef
dc241f1800f6efff
0eedef0ef201dff8
09d810e813f71128
041211e31adfe4e8
e2fefe0f08e9f220
ecfed8cded0dec2b
04d1dfee1b1c1df7
df0aee13f30a0902
f9d5e00b240a0201
fa0b3806edf3fbe5
1722efec0df1e109
0f140e0b14e7f545
05f6f3f800f916f2
f313f21203cee4f3
e70bf0f7eb131bfc
f431252b0ebed0f3
13f32f16e2090911
eb0afd18cb191e00
ece6f02ddefd0519
dadce3f2f10c1bee
22fdf7ef1edfdd15
2cdf08e8f6cd0bca
0fefe6dc15152702
06df400fda02cb01
f1262804fc0f1af0
0e35ff17110af42f
1d0df71a27f81af4
05fcffca060b1eef
d1df0017de120e19
0c06fb1403d8e1e4
ed101112f411dd0a
12f51c00daf5fefa
33f9fdff060ff5f9
21ddf9f2050dfe0a
02e2dbf0020bf2df
08f9f1f3ff02f441
1b0bfaec14f4f3fa
0206e0fbfc2bfb00
fa0fe708ffd224ee
1ee7111212fff20f
1f10f5f60d03192b
18f7f5fe0a0b01e8
f613bff6240d0903
301eddf915f0070e
d2ec372b261ae7e5
05fceff2fae7f2f7
ce240afe25f6182d
16eadc190102032c
1215061ae3ff02ea
1c14f4e80309011c
14f0d9eb010e06e3
0f07ffd91226221d
fe090500fbddf8f6
1c11df050aee0e37
ef0902cb0ce9fee4
e70ff5f30d1ed80a
fd06190becfdc708
f51909eee037f6f6
edf31f0ffb0eee0d
e10a0e1dec051802
f5e50ef2ffedfe02
0dd4ed01111e1922
cbdc030a14f1fdcc
e600022018040fe9
27f7fcd70708f2fd
f237001bf21b20dc
eaf9ff1a1c14ec06
f8040bfa1e2118ff
f625ff1b07cdf925
fc260c22d1eae4e2
da36c4d10f04f244
cbf5f402edd32312
f8fad9fcf3fcfeec
eae315370bed0cca
3ff9d70ce801f8f1
09eddd02e30417d9
11ceebfff90ae2f5
ee37e415e01c0c20
cd04ea05f0eafc02
db0a09f9d40e2c0b
110605df090007fe
d2fa0cffd0dc0cf1
e722e9f9f00cfd0a
e81117f9f907f2e2
fd02221317e815da
f9fff5002719fb09
f4fc0914f3f814f6
e6f225f3f6f1e9cf
14f3040f01e2ebd6
c8ff2015efe1efe4
fae1e8e20920f3e4
ee1818ec0ed70cd9
03f92fef021e18e9
d0ff19fed1f122db
e7edf9ebe21627e0
d41adef310f711f0
eefce3d71ad7fa06
f5d9f62104f0230c
1a26e7dfe51743f1
ee0500ffe8e31e1c
131f03db09f5e1e9
e018d8f617f613da
faa6f116eb020e26
0eeadaf50cfadc02
d8120926dff4dddd
1ef0fa0ef6f1f701
02f5080522e9f2f9
fdfe16f6f4f049de
0cf10f190f0b33ff
f109eff514f00102
f9f806ef07f62910
1aede1f2d8ebe011
1b30e3290a040d09
02be1ff30ade1dfc
f8f9190105003412
02331d04110603ec
1208ec0de3eef306
43e415100710edeb
0835fb0fd423e603
010dc8fc1b1702e5
e61425f20af2df0b
0f13ead9f002ffd9
ebfc1bf505f3120f
e21b101eee2301ec
160deeff0febf304
d400ff23fedcdd21
d9f9f2fa0f01e214
e71c15fd1226f2e9
fb1828e008f8f4f0
0e4804f00c05fa23
27f0fef4cc00da03
ffdb012202020250
d3eaf015081dec19
fdf8081a21fd0c1f
dd1b1ee8fa0efae6
d80014eeeff10a23
ed0cff0bdd20112e
f1f110faf201e03f
0309face0a0218e7
ed07ed151e01f2f3
e648e8eee3090dff
f31aeaf608f115ff
0cee0cfb1825f6fa
10f9c21419ee05fe
ffdf2bc5f6fb1616
f6360feaede80bec
d1122511ecefe315
03efef2fddf6e7db
1cff1b20f303e1ea
e71f09fff22c0008
1cfff50af5f503fe
edf0135bcbe62f09
0dffed130ce8f414
e413071047120309
2202f3110af5ef40
f413c2f7ee03f0f9
0c0a06fc020ee6d8
d6ddfbde0af018ec
0eba000ef4fedc0b
3efe06f4d4ebe90f
092410ed04e8f4d5
dff13c0cf301020d
0ff0f2e10be81cf3
f5d2d515e8ff1832
03fc0afdeeeee20f
e8f9e2e9fd04133d
2b122910050ecbef
0bd4faec15fffdca
ed0a04fae802ebf0
fd02fa16f12c0006
2ad70ce10feb02f5
e8e40104000af30f
fed5f30913dc1115
ee26060101110102
ef081cf2002f0aec
d700eefffff91712
f10b25f5ee050001
fcef141b02ecd6e3
f0171ad80805f7eb
bef7e512082de009
091215fbfc1304c2
d1fd08460b1d13ef
fc08fd170aff26e9
11c5e60a1ed3e6cb
120845e1eae81015
26cf19d127cf0b07
0b0716100ffff9e1
0235fe0e070a250b
00ebfeefd80218e8
090bf2f2f70703f5
15312e28f9f7e72a
0ceff3ed3a0438f2
14090cff1be41c0c
0c0dfbc72afa2107
f5190529f817f6f5
07e91cf3e30c160a
e1f9ed010506f9f2
130b00f1d80205ee
260df20b0b01ebd9
f9f5f22018d92e09
1fd509fb0efbe1d0
f01917f02de4f6f5
000920f809010303
f9fb0f2bf3eae7fc
f800360012150523
030b1715ff20fe11
fbd0180218f2f223
31dfecfae81404f6
07d5e719111542fa
ebc2001dfd040d0d
f6eaf3f3f2e4e6d1
1af3f9220ce8f720
e60afe21f2f810fb
e5182a0a1a0910e8
0df00506fbe44a1c
f011121a1836082c
edf4000805e31ac4
08ea002902ed0c2b
2209e9cbe21ef1e8
1108ffe603ff12e8
07fd00240bd92a0d
0bfee8eefa050b10
320302e10500ea25
0012120b0af2eee7
00ec05c105ec2423
db081eddfc17dce0
160823f3ecf3eb2f
d6e3edd8d5fff3fe
5a0dc614dcf9f116
3518e11bedf9fa03
d012f6e5dddf16f8
2d2ab509ea16e6fa
e6f40ade03ef1bf0
0c12311c0010f30e
faeefff1e7efeb13
ed08f4fdd10d02f5
f9fef0e6f8dc1900
d4011cf1e6010e36
450cd6d80623010c
ffe2351efe0a0d04
0a04e4fd32f70df1
ebff0701f8f2fff0
0b1a0f151312ff28
1c1d110704170c2a
fef4f9e4d4fd190b
f0ed340a10fb20f7
0e051217fffafee7
fe2303081dedf1ed
461c04fdfdf9e5fc
06cdf3d309e6f2d5
dcece3f414f0260e
12e9ef1dfb1538ff
e9fc09ec17d80a1f
21f406f50417042b
c50029fa03e3d4e1
040ecdcfbd0026de
0200e60d1f01fe26
e0f8ee00fd15e80c
d9d3e2ddf9d00803
09cefae7da1ef9e0
e70a21f00327edf8
ee321013f9ece91b
f412f5f71a131811
11ff2ddc0e14fc21
ee1811e7f5f30417
da0711ef18df1904
e2e919ec0a1918fe
14e9011d24f2dbff
04350d08f0ff1409
e9ffe1dd0d19f52b
4a05161901f2f415
0819072a2615d012
251514fb1ef6e308
15dc07071308d52f
f207e621ff0e0afa
0ee31608fcfe12fd
08042cfe050cf407
faf30ed30108edf5
05e022fdf60def34
c506f1f8f7e0ebea
091a0c3a06f708dd
e8e62a0ff4120e32
0bcce710133304fe
2300e3db35dff923
f60b18f7fee906fc
0beb1a04fdde0f20
de100cfaf1e2fae9
21f104dc1300ec0c
fc11f0f428122bdc
f10d2600fa0cf3f5
09fee9260aeb21e9
f019eafb0deaff13
3027f4fefe160dd8
1817fc092bf1fcf5
07ed20e5ecdc1007
ef1b3924ee35ecec
e60f0c0ae22b08f4
06d9d6cd0f3125dc
fcae09f2160c0109
0becff18f8e6d906
1df2fa0c16ff00ff
17e42026feedf4fc
0eee151303f0fde7
1a0c090f26203501
0000e313e601121b
d8d2f4f3f911141f
eb001c0708f6d62a
0deef51cf2152ce7
0b290fc32dffeef0
0be0e02e08f6f718
fb0a2ce801f2e8e2
241411de22e62bec
26eaf8e4e3270504
f83303f4fd0cdf0d
221aec1901e6ec18
fff8fc02fa0200ff
341adee1deef00db
f90df001ff21dcff
2600fbd911fc0109
340ee1031717e917
d10e0513f007eaec
fafcfe080ed8fafa
e7f501210c03ffdc
0de60216f602fb0b
0a10edf70cfe1549
f1df2f2af7f2d315
f024dde6f2f120b1
d60fec32f3fdfb2e
1bc6f7ea0efbf725
fb0af1f6d52bf306
e4dc0dfced09df04
07f5071f02f325eb
1af32d0b0bf0f528
2018dee60b1ef5f5
3326e707e90ee913
151206051006f024
0ae9fff24be3f30b
f91619eeff130816
0e2607f20af330ea
0f1a1503ffe207e8
0d0a0113fdf811fb
3dc7e9281df000f2
01f0f0eefc171cf9
e8190b261023d203
efed0304130c04ed
faffd6d7e3f114f7
d4080decfbd6131f
05e6ffe3f601e035
d9060e1801f4f0d2
ecf31a01f7e703fc
ddd1e4e5fa0ae7e8
250901f911040715
fb2412091affd815
cef51c0f19051b10
21e23c110c15f6ee
01f7f1f0d5f61401
05f01a03e9facf25
021af8feef160f07
0cebf033fb181605
0cf7fe141bfaf8f7
2fe71f0a25f4050d
fb1623ee2223f5de
20161ddafe0be0ec
1500f8e9d409f5f2
d30a06f807ff100e
f920eef7f02de118
380b01d30040ef09
fb19010015f3f406
ebd00cf1eef5f303
ed1cffdf2bfcd9cf
f7f6ed06dc2ae5ff
eded10d4e2e4def8
10fafcf6e2f54a0f
f9f7ff41d7fb0201
beda28e2f6d500cd
eb1619f700e0df0a
130d0befeafa1401
01eddef201e734f8
faf93610121f0101
f116ec212002fccd
fae80e35fdf62601
200b11221ffe04dd
0ed7091ffa081200
15de0fda03f93ad7
0bfb21f620d90bf3
f12ef2e31104fbed
e601e4ea0526fe04
f72ee3f9100b0603
19ef0ad1f90519ec
07f70001f1ce55ba
e702f0f407fadc07
0e1fe63b2cee35ea
1c1108eee9080703
f60ef617edfef2f6
d9d7e22a110f0de2
f20529dcd616d0e3
eaefdff702ff07ba
cff2ffe9fa202009
2b17f0fc1e3ecf0e
0a0236fa46fe04e0
1a15e1dbf6f724d3
06020001f11ddc04
2220f307f716d2b9
d2e40802d5e3d2f3
ef09faf0f805f505
0e24f216fd0eeeef
00ef0aede415f905
0902ee06ed14e6f6
e317fa0be3ffe929
23f80414f206152a
d0ececf9e500d6f3
0000eff4e0210dd2
d1231813020d09e9
efd9edec2e0ef540
fb25eaec04e4e3ff
edc9fcd5fd12eb24
14e507fb08020ff2
dfdefbe30908f106
41eb30c8ff0b0d0a
f3e3f5edf6fbedfa
fa0cebf102ea0713
ff0f0a1420e50a14
cd08fdd9f0070a0b
0d1909e9eaf51405
0103fbf5f8f8ddfd
121b11f517fcf708
0f0fd6fd04ecf7f8
fc0cdf0f1a07d535
1925f7f54405fe21
fe1109e6ee1d1543
13d8defdf31414ee
df34f0ea0bfe0f23
000728ff19fe27ed
36f1f102f410ff2b
030ae929f6e513fc
1bffea07f5080806
f7f9f1110707f218
f2f2dfdffbf1f2f4
0b12071005db093c
07ebf817f907f5f4
debd0fda22d5dbe9
01020bf90c15daee
252c2517fef80bbf
d2d3f5e5def50b0a
e902d3f1f01423f8
0d1adfda31ed18e7
e418e11c0ad606f8
23f7fb321beeedfc
f3e7021f3be106ec
d71bf5fbf905f110
00f41d21db060604
b707ece0070f1d16
02fb15fff8ee130a
d60f10f3fd04d811
110313e001150d00
1b2e03160d2420cb
17e4da05e6f2f40f
dfe80bed1a18dfec
2617f02ff4f516ea
c20be2e0e816e805
2110f80d131bd4e8
06030efded1d2306
e732f9f0cc18000b
fe0a1d2906ffeac5
011409eb280cfaeb
170beddad61f33ec
f3fa12080d1e02ed
2212d71bf40ae8eb
e6cd12c5e7072606
0be8f5170d10ff14
10f7fb201c35f206
1cef16d21e0306f7
020cf2e6f618e7d0
10f6ee36ff0f06da
021209f3380903f4
fcfa1ef228c502cc
d7de1802e61efa0b
13ec0b12ef252902
03e9131c0515f9f7
021fd305fde8eb02
0734f814f6faec10
1ffcd510fefde4f8
0bfafa07e50c002a
0d1bc7f410f0f70a
22ec080fed050e15
10eb11faff33dde9
24fbf0f4d8ed200b
fff2dc151ff002f0
eeeef711f2eedfe3
29fcf5e518fa0040
eaf70211d8fe12d4
f027fc20fe100338
fa05f7e82507f304
cf1d180be1ece10a
1efee31a060b0c1d
f1f50d0832ec08f6
4314edfe04fde00d
10f3f1efdc11f9f7
3e2dfd08f3fd1806
0cdcfdc9ec0019ee
e3071506f5f7dd10
0d061403d8ed0a0a
f5432fe61f1107f1
24fbf32c1aebd930
0ed32b150505fa0e
1cc104fdd32a07ee
01e72af5f2080fde
dcf0f3f9d8d60835
f6140df7f70b0dea
10f2f81003edee05
181b1907ee03f4f0
22f70cfd06120b1d
10000f0eeb31140f
d4dbf01de1f5ebff
fa0b04fd18f114c3
dde7051e1a2005f0
07faff050716e4ec
ff0904f9f205000f
0bfaff2918021805
d2fa01fb30071206
1201fd2526e713e1
f601ed32df01fb09
1c0a14eabb1b0025
1b25faf9e5f405f6
07b9e01015db0fef
ecf8fc04d4170809
041908e724ebdf0c
e11403f7f4221e0d
08261600fff01904
f1d9f8f9e7f80beb
fdf100e5021bdb18
f9fbf7feec0a1017
0afffe01dc1bfadd
0d021ce81f01e5f5
210510f0fc22f905
fc1d02f7e5f3dc1b
01071ce602f2e7ea
ecff18fa0301f7eb
d8eef62613ea0d00
1df00ef3f2fa15d9
eb11efdb15eff7f5
e4e7f0f5daef23e6
06fd0502470e17f3
20f510f908d727f7
0efc05ca17f7faf4
e512f2f8ffedfbea
0423000bfdfde1ec
cdf5fc2b1b0eee10
ccf2fd1bddf9fffc
efe0dbe619cc0119
151cf1ef16f9fae2
10f23ee2c204e6df
f100ed04440a2108
deeb190814220c21
1113ff26d4db1201
1de8fae7fe0c0e0c
0718ecf83be3f511
e21119fd2f0300da
fbeddeff0f19ee2b
080f0ce41ecef2ff
2ce6da10fff1ed09
09f312cc0afaf024
311807ff31f90bea
00c328d4fc0400f1
04e1ef17f7161d27
0e19f1edd30504fa
1a19f320f6130c36
260d17c72412f6d5
00edfcedffe0ffc8
3fecdc22e80c0e22
e606fb1405f213e1
ddeb3322180ee60d
fad715efe125fedb
0b260d1818eced15
1bdff9200febe50c
1128e71d18e9ef06
0f16fb1b1bde1ff8
033ff40cfaeb111b
fedffed703f40508
302f1a04ef09ee01
fff7ef0f08f9f6f7
fa2101ec14f6f6f0
1a060cf5fb01dc1d
e2152519f5f409f5
10fe2bf30402f213
e9d8f10d16012c0e
03c3f20a0b001ae8
3f0701220debfbdc
f8280fe4f6f0edea
debff2052cf20807
0601ecf2cc0deffb
f420191525ebe909
04f314e9d8ede51b
fed6f0f4dce40214
d7100ee40b150b00
2cda18fd36f9e7e3
f4362d0c0afbdf11
f01013041ee2ee0c
f4fd04c80a1fe61d
1ebb00f012202303
0112260120f70306
060a0e0cf8f2ffec
e2ed25f1f901f1df
fa090b4203ffcfda
19f1dbd2df1be0ef
f31e01f3dc072208
0a2b0500ec07e31e
cc02f7e6e7170308
0be4fa0ed81ff623
d9e7f6e8171b05db
cdf909050408170b
110fe60920de051e
0eeff210ee07f6e7
f6f8e30fff0d13ff
1ae7dd1110f8d202
0617f509080c25ff
e0fffaeae9020ef3
e2f4010c3412fbd3
20030626ce03e5f7
01e1080bd9180be5
f129081d1b0209f2
ff12dee5fa15f710
0cf30309ffdcdaff
1b071bfdc9f52eee
1028f318ee110a03
04eefcfb011704ea
29f5f3eaf310edfa
0e0107d6fe021dea
f3f910f504ebf8f3
edfcfc07c01a11e3
f3f608030404fce4
28d6e613c0e6ed1d
e7fe0ef72a01ebf8
e100fb1eed01fe00
1f06f1efee17ee11
09f60d01e9f90802
190efd0ed01d060c
e30e09cf32e9ecf9
2d13fde1e928feec
0d2df60c0df5d0f0
e711070204f7ec06
f1040d04e31af908
0af82acdf8db21ea
101feff2ec120416
f62f0bf50bee2308
cfe10ff8fc10ff16
2200e209fbffe737
00d6f4bf030a1cd2
f7de0ef6f51ee707
d4f30318171f1ef5
130e050f23fb192f
0a15fe003407f204
e90ef2f905040919
1e0e1aedfc16f215
e608e6061e0be202
0404231afcf3fb28
0a4b022e162cfa02
0f1908f3cc05df2a
2efce8e705f2faf1
f62306f3eef9440d
d608e40a03e3ee00
112303f305010908
f606110503f527fa
fb11f0d7dcd80ae2
05d6df33fbf11f08
ee050106001c1a02
fd07ee2305eb1efe
191b1218d1e319f5
18effe23dffbff27
12ff05f10303f22a
e30febee0d1df722
f3fdf020de18f5f3
0c1500fd26f3fce7
eefefff3d7e6080b
1df0fee6e8f309f0
f11703daed04f30d
e2e5071f11111c05
f8f0261b1806efff
16fcdb0114e1f5d4
1314e9f40d1be000
1407fff3f101fa2b
1324211eeedbf9f3
e722ff0e261dfc17
08d434f2de04d7ee
e5e016f20ef2fb0b
16d4f4f8f836dcd7
ebfa16f8220608e1
cfea09f31fc70f20
10120bf4fce9d0f5
2a0fe8e503fbfbe2
1a0d01f3de23e1f5
f0e3e5fa330cf608
eb0823f9dd0cf2ff
d0f1fd05f714e11c
3108f40f09e1cfdf
09ed20f0f3030d1c
0f0b080fd4fe01eb
16e1fe0bee20fd1a
1920fb3007df1d07
e008ef14df10f52f
efe50f060908f5f2
fd20010e2a002412
f4e3ff09f9f716d9
ec052af21502f8f8
e8f91f091aedd0c6
111dfc03bbd5f51c
d1012409df110811
231200dedb08f108
02f7080902e11d2d
0204fa0d09fefe06
f12e20ff0a031212
d4070df626e60116
ff2d1ad919ee1718
28f018012d0b00fd
15f9170ab8f7f70f
140c0419cd0613ea
e5e7fcf7140e02f4
e6db0d15201618fd
f20700e8e4cf1d00
fb1a09ea14fa17dd
ef1400fe20fcfdf9
fdf1d2f6ee180120
0818f8ebd0010011
00feeef735ef1f39
170bfa06f9221de6
f3e71e0e4703f0e9
e9fc06eb08f91d13
bcfdfef605ebf1f3
102c02fe46f619f5
0ac00b1429f62923
3de2fde9f71f2212
2928240d0607f2d6
bffb01f0220402ec
05150209f4eddf1f
e5271031ed1a17c4
0103ee07020dd1ff
dad6d1f9de081bee
1b01faf2def0f0cc
ff36e519fbe8e5e7
0011101cd7fcf6ca
f4f30de8eaf103ff
06f5171020f2e319
f3f5241b03f01d1c
e7ddf70fef16ede5
e31ff735f211f500
06d7fb1cea120ff0
def736261000480b
07000017feec1c04
fbe9f309faf6e71b
0cd3eff4f5080109
e2080ffae500f831
f817d301dffef800
08da0903ea0b1820
29fdf7e9e305fffb
e629eef4ff16ffee
eaf5eae6ffe0dee7
112d1e1807fbff10
0cf207caebfe0404
0102d6f0ed0fdbf3
2b15fe0b182715db
e3f4031704e428e9
09f7f5fd2a0305ff
17080ce400e20dc5
df17fff616de291b
eff5e5250bf2ecdf
050f211b2ae01af0
00f9081204dfe619
3719faf6dcf40d0b
d82df914082d0348
1205190f01e6faf7
172811f608f7f60e
09fbfe11fb33c706
dcef07ea220af7e8
120d0dd4f0dfecfa
eafc13fa0811f4ec
1cf4f2000c00d7f0
f02907e6fa0620dc
04f8f1eff90501fe
e2f90b1bf310f9ec
05ddc1ec1ffee3fb
e4f10ff121d3c6ff
f1e1f1f2fde704fc
f60308f1c401fcf0
f3f5e625ee01fe01
19fec21afa2beacf
33e920edde15e3e2
ffcdffe41bfa16ff
163111fd1afacdf6
f9d60d190c19fb05
0f26f22e01091203
01e5f01636ede406
eafef0ebfdf4dcf4
49f7def3e2080ff2
1a0bf618e72b10cb
e3f3ef0231f20046
00ecf50707e9000c
fb0efaf7271fffe8
2412f21debdd07fb
eae2f304f6fc42fc
1c05ef06ee22c2e4
f322fbfef1f5ec0f
f507fcfe0bf7e812
001a000be2e00e20
f4171cf61cf61af3
effc0a1408e0040a
fbfbf523fd00f32f
1611fd16c81afcd9
02e6f710f40115f8
01f0f0d2f20fe713
e4df0b12ac0114ef
25e9e6cbe2ffe31c
fe1afffe0c200bcf
e10206de101e0ff3
fff4083b2515ecee
ec0df20d160a00f2
02e61b171f101a0e
09ecc10bf1dc0f2a
0223090ae1090e13
031001fe02eb20d1
bcf31400f104370d
1bfbff16fde5050c
42e5e5bb1bf3e819
fbf0051003fefbf3
0ddd16041805ff14
240af0c2f0f7001b
0f030b360f0fea11
1f05eee820e828fd
dcbffe03f502f7ef
0a01fa4024ee00f3
03f9e1e4db091405
080022ffefe301ff
fc17042736edf702
12efe70e1125004e
bf2b07f70f090528
1f15ff0bf8030fff
23f3e2142bfa0a36
d1f91227171341d0
250ed623060017d3
21e80aeaf8160b1c
fb080dc72617f5f4
e9dc01e40d1a0f05
25eef4e928fb220d
0beef71eed30e01c
09d80a2be3dbdafa
2cf1fcf310e5ecbd
f5df01e71619e611
3d02fae2e9fd1924
2d16221e2bfaf10e
e708f204300bf616
2e2405f5faf7dc2b
23f606f509ffffee
edeb230629ff1007
e81cf2e6fef8f1f7
31230e1903eb1ee7
ff24faedde1cdd00
fbeee2f2fb091113
0a0cf405e208fa09
25f4f021f812ea09
fd19fd0010fd0014
28e0eef8f0fb0223
1f21f60cf602dbea
d0d51f042016170c
23091304ef2b15ce
ff181a001bf30612
313af6e0120e0315
1707f41a23dce613
0217cef519fb18df
f106c60604f717fb
261719f0e20b15e2
080febfa0ef415fc
d9d2dff802ee0203
031ce5fee3fd0de5
f6170b0f080b01fc
09f60d2205fc0bf4
ff0101f8d1db21d6
00feef1105fe06ef
f7f20ad80cf804fe
fd0e081cff23040e
240814243005f5f5
f813f0fa0bf611dc
11f8fd0420fd150e
fc1d1bd2d81afe21
05d61e00e1f333e1
0d1be1f0c5e305f9
3bfb170010e0edea
1609fef9effbf3e7
09d6f5d70a19cede
ff070ed7f211fcf6
fb15e338b8d1f808
0ef303f3de1208f7
f8eaee1d09f0110a
f508e3ec20fff1d9
cbecd904d1dfcaf7
0eea060cf70ffe01
1409010101f1f8f1
fe231ff701fe181d
240df6effafc2420
f61413e1de01ec20
e7f00dbf100bfee3
d70b1e021ffe1a11
0f0feef304000c04
100b1bfce314f81e
08d4fcfd20efccd3
fbf616ea06efee19
011002f514ec1619
f5e9d802ecf506ee
e7f710ce200306fc
f4240c2205fc080f
ddfb19070df4da12
c801fbfa14e9fb1b
ebec18f5ebf9ecf3
e9f1e82c19eb01e3
140bdc38e72a030f
0213fee8e9dc0027
0fd60fd4110adcd7
0ff8e6e50700e4f4
10150224e6f8f8f7
bc1a06ecdcf8ef08
23f526ef22eaecf8
063a02f3f3f201ee
dae9ed09bc071bee
fc11060609f4fee3
ef0df8fe11dfdad7
11fb10faece5e215
fdf31afc031d11e5
01011d13f101f106
ddf90ae1dc07e7e8
fffa1fff01f602f7
1409fded28f20403
122103ed1dfa05e9
0602faf340ef0fd5
dad8faeef90714f3
1febe2ed0110def8
dbeef6fd45e90e19
19e1fc07e212051b
19080321eef8f5f1
06d2ebf317fceefc
db1130171af41f23
0c0c08e0cd130217
14e6f6200d0f14ee
223f12f5efe900e9
efe5dbfdda13150b
e3f80f170a0503f3
fc0f0e02e70dff09
0209fcf4faf5fdd9
dc0e0d07f70725f1
f7f6ecf406e310ff
0ae0090df70f27e5
f7f6180afc0a1001
101df3f7fd10f316
152b26f40d12ee16
16201010f80ef905
030f2901e7030ed6
d9ccf6fcfefd1a0e
ebf71eef0f102429
04ea18ecf9f408d9
e6121ee847f0fc1d
201efe1bfc2efd12
d301e7f304f5f913
fdeffb2df32cda1a
1415e12ef8060114
adfdf7c42907ea34
ff230fffdefa0e08
fdfdf9fb1a0012f9
080fef051216ebe6
1ff4e1251df5ef38
bb0403fad81af30a
d6f6eb1eeeebe51f
e1fbfcfb0d191120
22260a2901092f08
160c0d1eee0ee412
13fe27dff3faf7eb
e6fc16eed30525c3
dad8fbffe7fffaf6
06f7f404f4d0010c
f51a0a0900eb1d0c
0ff5ec01f5eb11fc
32fb21e9c60f020a
d621f100f6e30302
e0f426f6140f34f1
e2f802fb34000a10
faf81218da11fdeb
1703d40000f3fc06
0c03faf6020cd703
d70ef5f5fb08ff00
1917e00cedf10b26
11f821c9f808efe2
052705fcf60e0dee
d6ecf3bcfad8df07
0bfe21d90c07fc11
0de918f00406de19
3ad7d718f61ed823
e2f1ef17f8f52122
0e02fa0407f606ff
1a2402f0fc1be1dd
f50e09d9d60412fd
05cfecfb0efa132b
06ebe81c0417200a
f1f118d8050716e3
f4260210cf030e05
ed03f4f9131019fc
f3da00fb03f71b01
dff9c0f7f52c3deb
02efdf1304280ce5
f9fa14271309fd0d
09fdfcf10600e5f4
d60816e5eafaff0f
f10ff02f2103011a
4bf307fdf5e808f1
f7f51b0827180b13
04ebf81ccc33f915
04eaf3faf50b1101
3518ee06fffa0425
ffcc04d555df1707
31f7172d18f3d105
fbf302e4f6f7eef7
300d14091025081d
f7f900ff41f0e9e6
13d41b0402f805e7
0534e70e1705eff6
1dfef914e7dd09ec
f81eea08d8fd2017
02f9e41128fdfe28
e5e4f11b31fef513
17dcf2fc08fee92e
d406ed05b9110116
1d1207331c22fffd
f0de22fe174df500
c5ec0e0a0c42f703
db1bf7e6fdd0e3fc
06141dfaff1f09f6
e4e8d0f0e8040a04
1c0a0e0d2313df09
fd0f18efdd07d700
11fdf60ce7d71a07
eb20150b162d06f4
e8f8ebeef6f1d6f9
dfde31080bcbe0fb
190a07f3eb2913ff
ee0127e7f416f906
e334faf41aea08fd
ee010c04e409bf06
101ae008f6123c04
1a2b0ae015e2060b
0707ee010309ed00
0fecf3f9d7ecf910
d4f4f7f7e82222f1
0325ee1702fc2303
2bf60707310deb04
f707eede12130500
16daf3000236ca07
16da2704f1de110e
0af1efd6e0051bff
fa04f91deefef7f4
0ce7fdf3f1d7fd05
eefb01e51df7ff0a
f03008191618eafd
02f72fe6fc2edafc
f50a120fff28e7fa
fdf028cf080cdf03
0ae91209f10c0a05
ec0024f5f1e22afe
daf12b011bebe305
3cfd1826f5272406
f8f3f7e8ed0411f7
252aeb1afeedfefa
fff52c1b27021afa
e813ea02d5ddd90c
0707d80815ee02f7
f8de100f0e1408fe
f415de111cfdfd00
1807f6f506e9dc02
e5050225e707fd02
ebfa09f8e7ea0b0a
ece8f10916dbf8f8
0ed1fe05f8e113fb
fe12ef0dedf4ed06
1b1204f4fc0909ff
0c470a2707e40307
fefef7e4e32803ff
1cf8eee503df1404
dec8fd0dfcfe1bf6
0532e60b0af901fa
fdf2e8012b0afafe
09062d051a14ee01
061ceaefdefd0303
36e0eaf107dcf5ef
fdf2210be32ff7f0
f1f2f6fa00ee06fe
1015cdfef7fc0bf5
db0f02ea36ef0f06
fae60be9f8f7f2dd
d5e018fffa372605
cfd6e602fc020105
1ff4110ff01f40fd
2720feeffb132a02
ff18ef1ade39edfc
18f81a15e40c3102
0613e3ef08fff7fa
10cec80ae1f808fa
e0e9d31c01100ffe
ffe90123f9fff905
21030e090325fdf2
15ed151cedec1e01
d902e719040d1106
e3ebfc02000df30a
e0f7d1ce1d02e805
021d29e5f11a1ff6
e4fc0b02ff0cf8fe
13e0fc002be8db00
0104f32807340df7
1c03d80aeff7fd0c
ec09011711e5f407
f1f517f70214e5f4
ff201de5e40b0dfa
f4f6e7ffeac0e301
290cf001e60ce4f2
13d9000cfcf3dafa
fcf40ff30cf10306
070e08001216e4f6
031d01f833cf2c06
fb0d00ec29231600
e1020ecd0ee6fe05
e2fbfb040ff2d6fe
e814ed271d0e0208
021317d8dc22f004
f806fb000de8fff3
04fde6e31413f007
3efbbff50b0ffc0e
f5e8f4f1e5081cfb
f1dc1811460ce60c
fa01ff1fe8f7e813
f7f701eaebf4d902
f5070ceaed1af0f0
05031d1521f5ed01
f6fc300b131ce605
f42afce51c1aeafe
cf0be7f7093616f1
f2f8cc200ef215fd
e2f812c61305f9f9
f407fcfc09001601
310e07e3092300fd
10392810e00607ff
c83510e3fe1ee50b
12f3f51b05312cfb
22c6f805f714f603
150b0ef5e700f2ff
fa0ce7f2181a0906
f8061dfffff1f9fe
e7e40cf800de06fd
e6e2f7ffe0db27ee
050d1514f80309ff
0afa0820e9e80909
252906030bd1f208
e40aed0ae32d2208
0a2ceadf15f5e205
fad707420e37e0f9
f4ec19f102040704
d6f910ff06fee50a
0024cceff91c0e05
473f1ce106f50100
ceea060bfa2deb00
16f4f73a0107e5f7
02dff02011f5f1fb
edf6fededf0f0d07
24e62204e5e9fcf2
021cd521e9bf07fe
13da1516ecfdf8f9
0d00e4fee6fafffe
2a00e624f4e604f3
0def15e9f2f2ff06
ee0414fb021413fb
ec00f10cddea0efe
f0f0e4fb1f04f7f9
17fdd6e7ea0c08ff
fb08ddf70af2ddfc
e4083bf50906edfe
1c0b0911f7f513e7
1913f434e9f5ee01
0eec06fdef12f0f2
2c0cf9fdf9e02007
fc06091a3100f606
2e40c7f7f0f3eaf6
111d080706eb00f8
ffe1d8f0c0f80407
22f0d0f9fa01ee08
e60cd32de2160902
fc0ee40919272101
062c24f5faf312fa
1512fe1700dc050c
1616ece80401f5f9
fa00efde27d4e6fe
e1ee002518f7f0ed
efe51700e4230afe
f40c2f01d8f20ef8
f3fd09ffd6edd10c
1cebfc252ce1f306
fdd6042421f91804
d50205f124200ffd
dfe026023b18fb0d
0219fa0d0df0f809
bbe414deffeef0fa
0263e3e328f7e604
c0041ef9fe090e02
00150febf2dee50e
f93023f43601e902
f712ff100126e4fa
f8e7f8e5f734f40d
38082df0f5f11116
01d703ff11fe2a02
e81119f8181cf9fd
10f8ebfadfd419fd
ffe4f8f82f0c0002
060b17f8e5ebd9f4
201eeded0a2a01fe
1407f6fe0a1ada00
cffdf606fb0d0601
14170522cd0fdbee
09f8e70d28142d03
ff182416c90bfaf9
f4d6f40521e11ef9
0d1718fcfd062fff
feed070effda08f5
fa0e18da0de0d90c
f0fe0908f80904f6
f7250e03081508f2
21f3f9dd11e8f400
fd180f2107ff1bf0
07090b26e7132afa
e8100f172215e3f3
1012fd08d30af301
e81a31120d261f07
f9ed1bdb04cd0a05
11e3f3f71e223506
d325f6f418fce800
11d3f7f80c0aef0a
f5f7f9f2ec052d03
dce603ea13e5d813
d602efb80e130707
0ce20de8f209fae9
fee04d1d0a0a39f8
1deef21ff22be6f7
01f4fceee424e806
01eb28d0e9e811fa
f70df8e200e0fc07
f014fd20fbf31cf3
c3f8f0e811020301
e02215ec0e12f809
1d1cda09e7292103
e2e5270d1df4fffd
0ff704cee2c2f90c
06e4e3fef3250e07
eefae1f9e8eddffd
ecf306e3f611f7ec
0ecb0ae00bffe703
ef04f5c109060510
d306fd05fe04f7fc
fe08d705dffe02fe
f81d1ae8e2fc20f9
f8d6f6e60e11edfe
fae70700f7d72e0b
0ef2fe081b091402
0905e9fc0fc80c07
1129e70807e21bf8
13060cf919e8f4fc
fe08e20af2fef401
e6ee041702ec1503
08f9ac04f80bc707
021ce8ebf3df0c0a
011df109e6040301
0205ec0b07fadef7
df230dfaf024fcf6
ea0e0f00f1e20803
160603190de200fa
191d01160933e9f0
15c4f00230f0e8f4
0713fdf62ffef50a
0d161340c4f80502
13150afbf114f0fe
0d10dfcafd271dfd
051e0fcb11051708
04d0fc1ef4d90a02
1d30c91a07e61e08
121bf61410181307
2000fde4e6d20b02
1904f019f10a0800
f4ef08e6e901e1f9
f6bcd4dde01e02fe
eadf1c051ce3ec04
0c00e1f2060ffe00
07ebed11f0fad9f6
eb17f5fed5fdff01
2cead5f6eb06ff02
ff000f1212d40a03
19032e060602fef6
e91815011bc40e00
0214d21a013bdb01
f9eb26ed071b34fd
f6e4f24f00c7e9ff
1fdbf0f60512ef05
0107d3fe09e2efff
1df8ff060f130ffb
0103ff06fddb050f
2b1614cf0c1a1306
15f5fcf2071419fd
f101f5ee16fc2609
eef9faf305ddda06
201eed080bf40804
e9e7cdd2fe06fe0f
e92e130903fce600
fcaf08040711c600
fd0cfc18f92900ec
0c0031131ceee9fb
eee6e0e300f70cf1
09f516cbec001bf8
2d000010e52812f0
f208fd08013110fb
0ef328f51630f4fd
dd0c0b09ebf62704
e8f9e7e001ecca04
e2f9e516f9fbea0c
1038d0ef0304f607
08efc90112e9f3f9
0d2dd8c929e91a00
f8f5081e013c04f2
fc1a0900f7121ffd
ee3d250b13dedafa
fc0102c903fa17fe
f2e428f4231409fc
12181917e9131f01
fadbea06d11afb01
f9e7f008fa1200f6
dfe9080ced2de3fa
f2e3f723ffde03f9
0cf616edede3f5ff
fc1701241a01f909
11f9fd08f81c0800
3d0ffedd22db12fd
f3ff0ef9ea101710
f00e3217101b0e04
100bfbf4d92a03ff
0af809f824d4fcfd
0511f6dd20e0ed03
f809e4ee12f03afc
170fec15e6fe02f7
de0c1d12261cfb01
fd011c0600e80ff8
fce8f3f0040debfa
f90834eb17ffe501
f516d71ac22016f8
1a1dd2120be00bfe
eec5df232bf1d5ff
faec260a1c00faf4
fb27bb14ebeb2d02
1e1e0fff12fb170b
f3f40002f00e06fd
fcf71b02171c0102
e8512bd33b09200f
f6ee15e0e806ecf6
f7fdf70ff5fefeff
1104cdf118f6ddfe
eefc2d270ff82601
f6e9070c04eedffc
00e504f329d7f3f8
f7f1f0fa11d30bff
002f1dfaf0faeafe
0af1e7100a113103
27150a040af5dbfd
c3ed2a142001eefa
26f7111eef100df8
d6e517dcf0def507
f7d93915f92905f6
fc02eb08ebe4d700
05200d21fe090505
100ffe0b0b1f2ef7
320d2f1ce90a1203
e90a0ae5ec292705
1e1e1007170df40c
ebffe123fb1a1809
00b91a01d5ebfb01
340908f90004d9f0
01e9cb0be3ddf1fb
0dcbf5e819eb01ff
da0aedfe0d07fbfb
e9d8f1ed0711e710
20f3ff10e5e6da00
231ed1d82ce31709
f806f6fef8e3f5fc
0ebffdfb1008fa04
ed040ce3fcd72c04
0be61df3dcf8e1fa
06da0d1b1a2c29fa
1af5effcf21c1eff
f20d0b10f713d10a
faea240fcf070e02
08ee14f522fa090e
fcd5172afafb0008
f2c823fee3fef803
1ce0020fffeeee03
1c26fd1bef16ecf7
0510fe25f6edf502
d8310428e22a08f9
0d1717faeae43ff0
f7fbe9130af11f03
f310f90316300c07
2ef023ffecdbf200
fcf42415e606f2fe
23edff2503130101
12162611e3f8f5fe
e7250215e6e1f203
12e1ff1920f5e905
ff06e2001f0af4fe
320300e00601030a
18fff427fa201c02
1eddd401eadaebfd
e31af6e10b04fff7
0000f017eee7f308
11dc0f0624e7f000
340deb0117f60200
032eda0fe7082305
fc041bd8df1bfdfc
0c1c02d1e1fef104
fa0515e2effe21f6
e72dfa07170f0105
f61313ede332f9fc
26ff14e5eb1de105
03ff27ee041e19fe
fbfa011c0adc1b07
1fcb23f5f3c2e701
d1f52ef3eec20306
050121290324e405
28e916410a260302
23e8040ff9fae800
d801e50fd9f71afc
01d823ee0b0922fc
e8fdf21515f8d501
15efd91a2cfdeb00
0ee52903f4ffe705
2921ebea2610f108
fcfae732f0d7e001
dee8f1021410d905
12ee0101db081af4
e0fd203ed3e8ef03
1104c7fe2114e7ff
f514dafff60402fa
16f20decd6f4ddff
d7032a1ee8f0edfa
042a04ebfeeeef11
fa3df4f8ebe1e9f7
06c3e910eb00fff9
06eddcd004e0e000
fb0a04cf121bfbf3
eb03fb040116d501
0ef30501071a2b06
0df5fe210201fa0b
fff50518c3e73dfd
12de1b05fd030e00
1bff200e27fb1002
f6f903f4fafdfbff
35c61b0a04ff0d05
e30e3f21dee5fbff
0dfdfdf71efffbf8
f802fc0813f50cf2
1bdd151c2c28110c
040ffae806ec050a
dcd51001e0d2daff
150bbe29def9ef07
e31ee91cf5e1fc09
de18101effe11503
070cfef7fed3d405
e5e421f1f9fc0508
1022ea18d5e41300
d10001e707d331fc
1cfeffdfffef000d
ffe8bf07e411eb07
d0e0fff505170806
15090ce3e20eebf2
191a02eb05ff0301
11f8070b19e9e001
d2fbf607060d1e02
08e810e91a0d22fa
fbeb0f03e2fdfe02
0907f92cd820e7f9
0e04f71f25f12601
2e0eebee4af4cffd
fe2cf81719f3c608
2317e2e0f0050103
1400120412fdef0c
0013030106161c03
2ff9fadd0c0d1707
05f3d9f223ec0706
01f518fb0dd1ebfd
29050ed401d10d02
e60cf818071ff209
21feecfff3f427ee
17eefbf2fb020c03
fc19f423f4ef0ef8
0ef21511feddf1f9
eef90f1f022704ff
d2e601093e15ff06
f20f1803f11114f6
1917ccc31bfd28fc
00fcee13f11c10fa
1b191be9eff33c00
f6e1e401241c0801
f5e607fc360700ff
04f0d3f1eeec0006
2aeddfe41f29fafc
1301f3e3d93c0600
f439e8ecdae5fd07
0530fe02fb360501
15e81913f7fa32f7
f3ecf3f9c20d0cf9
041e23290005fc00
01eef9fdf70cfa06
cf3701eb202f00fd
132afd0df5041c06
d7ddf0dad0040601
f4f7061916fc28f4
e600e3e906092802
0dee01f411fc02fe
0e1ae70fe9e7f0fd
15f7fe0e04f50aff
082cff13190b0efd
cee1f82eecf6edee
d7e0050ad4031101
043cf4e2ed08ef02
2039e9e5f30e05fc
e9c80fd2e8021e06
e9051e11fdfef708
c3ffcde6010aff05
e7fc26fbecc11d05
0b0bdd282b01ec03
f00cfbf6ee130a0b
fd1214def41e1001
1d0a211101cf01fb
20f808081811ef01
2200100b08fb1404
0915f902e4e2f101
120e42eafd03f42b
11e8deedecece5fb
0206f1fa06f00d22
f824f4dd1b0200e6
13f9faf40deeea0a
f502acf2073b0016
e3d4d706f909e712
2ceae911e7190d17
c6e1fb2804f8f61c
e7ff0501fd2efbea
16f2fd21fdeb04e7
f0ffe3c8f102f522
010006c5fe2ae93b
ee29e5d90506fd07
0d1feffcea2604e2
eaec0201f824f10b
2cfa090bfcee1015
f81ed60cfc0df417
eaff05e017dfece6
02d021150ecaf212
04fa13f0fc09e02a
0408f5daf6e8ecd2
12e52201040c06f8
03f4e81deef9f8e4
081d05f5f4eafb1d
02060aed020505f0
ec12e92e0109021b
1513affe03f2e2dd
0708f32a0d33f5f8
e101ffd7f6d9f701
f63afaf614f0ece4
0afef0e60b03e9f3
02cde8f101e1f6e8
f111e206fb22f008
dbf016e80ffc1510
111eed2a030af3e9
ed19cad9fef4fa16
fb1a03fbf4e83007
f0010a08fb32de0f
eadd0b160c0b0627
dc23ec14fdfe2ce1
e5f11820f00acd29
f80c12ec021004eb
07fbf30ef3f5d5fe
f9d9f10b05f62af3
0ff4faff09e608ff
02ea0bf108f9141c
fced03e8f70bece7
f201f4daef151721
e6d9ce0304f0262c
f9fafd2df4f9fbff
f81804cb03d0d33f
25f21af704df0a02
041aed2010e00eee
f5f20515f710fffd
0be4f2ebfce31bbb
26ecec07fb40e704
34f4c012fffc0209
faf4e50dfeede40b
1216ebe70f1eebe3
f4eee90107f21216
da1c111005081801
071b0f39f9030af9
fe210ff92be70a01
0bd6fc041ae1ff06
08d71e2402e81fe6
0909ef0506050012
12e9f80ef50a14f4
2105e2d2f52017e8
ec1c09fa07eff7fa
e8d2f802f80323ed
f7e608fd0214fe03
0519091502ee06f7
170d252b12e0f402
d8e21100fef007ff
f713e42918e60022
0a120df20e09edf7
e817fa39f8220016
06340c18fd06fae4
fa0011f8f7dae425
d72913fb0d200305
0de70bfb03f9dbdd
d113ff06f1e2fc07
03fc0001edfc07fc
0817f0ed052b1fef
04f51dcc090a09eb
f9180ff3fae8f61f
f71a11df09f80003
d1f9fce912060fe5
c6eafa23f1effb11
08e9f534091322fb
f0f91b08ffea1ef2
14f4061afb0df8fe
ecf8e401fbfce320
e3e5f41afe27f404
2c0313fcf6fb1c40
1f09d907092913dc
200af1e60000ed12
18dc01cb00fde3ea
03052515fcdff626
ff0df6f5fc2a19ff
e710270ffc1bcc09
120d010922e00bd4
2a2cf30be61eef01
f6d50adc0217e60e
eaebd9300af5f4f4
12fd1117eb02c8dc
0138fc0ffd1dee0f
052add0df0cd0114
f4152205ebfec210
0df9e8cdfaf70809
19fff709f3cb0708
f605f60ef11cd70e
14ffdcf6011015f4
fdd2f02305f6ec03
eedb09f70adadff2
f5f2fe00041807f1
0ef8ee11f10d08fa
fa0cf5d317d9fa27
f8131cfd06f2e6ec
0123f30deddc152e
0be717000af80f13
08170be7132bebd7
01ec081320f003f9
040f22fd17e2e901
e4f922e50016dfc7
0ec911200dddf903
07def000f9dc14f6
f116071e08d013be
e8d218ea0ee211d4
3518c90c011cebf5
ee15c5ef27fee516
200300f7f1f70105
011ae7fbfdfc1521
f82cfa30f3fff5ce
0520f6c7fe17e917
f7171105fce61d1b
ebfd30e7f5ee1a34
02d9df0006100632
031cf005ffdce307
d41c12def9e6fc21
01f507f5fbf93fff
16f5e9fb0ecf1c12
ffe4fd10f71afcf8
09ef1425f5201b0a
e601051704f0af25
fdf43708fffff9d3
2523eb130305f50d
1801f1ffff23e2e9
04122609fd13e90d
25dc10eb7f18f9e9
17fae724f201e329
cc0222fdf1fe14fb
f40bfc11020137e8
f40dedfdf80e08cc
01f80cbff8030f20
e020fbcd04dae82f
ede7ed08ee170616
c7ec0ef21219f7fb
eff30dedf3f9fbdd
07f407cb06cc1c3c
e5f821e3080e0f22
1efd22f7f9e20101
03fcf7fcf7fd0ccf
080fe7fcf6d8f0f6
1f10062201031d05
fbd80efd07fa2ec6
07f92112fee3f5f6
12cdff02f2f501ef
d5f213f40a1cf8f6
00e1270903bdfaf4
04dc06fd04fef820
eaf2f4f0fdee58cf
e7dcfa0bff410fe7
f0fb00e90e081408
1a071bf1f6f5080d
f608d9e205fcfeff
03e41bf9e3f3f62a
1307142603e020fc
fe2f251a0f2af4ef
16222204fde3fd02
13fe15150ad6e40b
0101eaf812efe824
033de60b032c0dd2
f1c535ee0dca03f1
0319d0fa12d9de1a
ed1de7370511f71b
080008250dfe0622
0ce51bf806231831
e6d01b1808dff903
ef1ae4f60314dc0c
29ddf5ea00e0fd05
fbeedddef7dd002c
0ffa17faf3c9ffd7
0ee1fdfa0e19fb0b
dafa0c09f3e53415
07111af3e70aea15
eb1aebf804fe0b12
18fcd2f0faf719df
eec6f71303020a2f
08f8e2def3fef703
120dd6270ef8cc06
ff0a100bfdffdaf1
e8e54cf2ffcbfcff
29dbf8ebea21fefe
09e702daf8d80518
1c23fffef900191c
230a2620ff0b07d9
2204e30ff7f9eced
16eaf40d02c901ea
eef8f3e2f82517ec
f8051908f8fdfa06
fb13cc18f9e80109
1ff8e5eeff091a15
0010e0eff3f2ecfc
27fae4ee07de1bf7
cbf954d00937ee19
01f81521ef07d3f2
190d1efafc0f141b
f9fa1708f7fb0af3
0b0af8f6f7e308f8
211b142befefe6fa
fa28f9fff50c07e0
04ede8f50e17191a
2d22f7ce090c0c06
0be0f20202251aed
3101e707fe381f01
e5e4240cff2a1a00
0d03eb10edfef6f0
fc29e90303edd7db
e011ec1d070505f7
0cf1e0fbecfd1d1a
03dd1031fe220c04
11cffd060012f2ed
03031b2109f0ef19
ebf52903fbffd924
2a04e4060807f8ef
0fe8faf4f501f900
ee0ef1180a0204e9
01fb0523fbe7db0f
26f3d2310c12dcdc
0f01e30df3e010d3
03392a05e9efedfc
f6f8f8fff7070823
dfd21024fff906f9
020ff928f7d826c6
fa1710e7f00a0df5
06092a3910f5e310
d8f410e2fdd9ff32
f423fb0c0103ded7
e312fdeeec0427e7
f918ea26f80120e6
273108cd0e14171f
09fa140bec04f90b
f1242fd512241df3
f6de32d20502f3f8
25fa25dc09170b16
08df1148f4e20218
f93a152ef81bdce9
f8eeff2013f708fd
e010f8daf30d1801
020dfa0bf824faf1
e92d10ea17fdfa33
f91c16e0081100f0
ebf5f5f801e7120a
0011f9fc0b2edf1a
05e4f81ef6f50b0e
0ef4fc22fcef0132
0bfad4dc07f12c11
04f40c2a0bf9f909
f71525e8f8fe0803
061ff7f3fde522f1
2ae1fdf60018cdf6
41ee1219fd10e9de
04171d2bf820f7c6
041cf11c010ae0da
ede805e8fa0111f1
1e042ff7fcf108d7
ed3ed30a111ef6be
e5db06e404e6cec8
032624040afaf4ff
0af5ebfb023418c2
e51117fff30a02d0
eff1ece90e0219e6
0d080ef211e405ec
0ee722f011e70bf3
f8ef1d23032ffc24
07271d060bfa0b20
0f0821d305e5e1f9
3cf6ebd301ea1908
07051a0702f71cd3
04dafeeefdfbef02
13e4dc2ef504fd2c
fc1e1231072b0ee3
06f101d407eafc17
080defff022603fb
f41136fbf8eff512
16ce09030411e111
0de50e0800f43bea
09f8170afbeaf3fb
01e4e30cf0ee1618
e14201fcf6fa28ec
e7f92d05faf816fd
fbf1360def04f9fb
ff01b027f7c50314
e51207101a13fcdb
0d0d18180c1113d3
03040422fff9e505
00f4e403ed06f711
e702ed0f051206f2
f7eb00fb081a082e
ec1d0fee07fcf5fc
fbfafcf714e8ed00
fd17f2fdf70b0330
d406d62304080ede
0e11faf20109d724
e603f1f9fdd6f212
ff09241ffc0723fd
f41af40407011afc
fb0ff90bf2f3f921
12f1e421f222dcfc
fbf4e31019f5df13
edf5323304f308f4
f50203060027f0ee
0805fc340526f6df
f213340bfff51009
0e1b03e205d90f0b
26f8f91cfc0cf2ef
291cd9eef8e8f3ff
e72f0be902e617ef
0d0ff8f3fffdf7f3
c9f6ebed0c1907f0
050c0ff7ed2c030d
0d0de9f102d4f007
f6e4fed20516f907
ffe6d70f06f1ce21
e5d90b0908151ff3
db0c19f2f3fcfc34
fa02fbdaf6f80431
eaca04f5040de901
f701ff44fd04f502
12f7f402f418fb07
1dfed8f70efd1404
e00b11d505db06df
e2ecfc00eaf6fc19
f0ec2611fdf8e8e5
b50712d7f5fc0f33
fd020df0fe2ff508
01f8ef1e001c0fcf
fef110060101eafe
fff7f502f61301ff
0b20f8fb02d51919
1b1dfefd17fd130e
defcecfd090d12ff
f00b0bf7f0ee0200
eff7f6f6fde836d0
28f00ff7f8f7ffea
ef0c10c5fbd60913
ee0f00280e1d08d7
c20ee92701e4f811
2413eafaf6dc07f1
ea4512f9f50b0cfd
01090e0df6ed111a
eb17d5fb08fa23f6
0118ef080312fe16
ed02eb0df603fbe5
0527eced01070b04
fc22ffd8fdf321f1
f1dc011b01221d12
07ee180e0afdf300
07cbe9030cef0eec
05fb24e4fc281f3b
11160f2600e8e125
1715f60d0de91dfe
f6fc280b0fee27f3
fe03052ef409f50a
0ce21b13f40017f3
1a1b18fcf60817ef
f515ffe1fd1109e1
130f09f00cd6fc31
040bfff5f4e9f416
f52803f8064cf403
eaccf7fef5ffd812
fc14230f0bd9ebfe
d22ff9e8010e29fd
0cf02400f331cf1d
29181eebff0c14f9
f1043804fffa1b04
e90ffd1005f3f428
08e9ff1ae3ee130e
06f10ffb0c1cf2e9
0be3f5fa0c1e0a02
d0fe0bfff90f15e2
16dcdcfb0d0d1c16
fd21ee03f200fb0a
ecedf212fbf40733
f7180fe70609fff4
0cf5d8110ef803d6
eaf621fdff111e00
f6ffd7bb0227fbe0
00e8f5e2e30b05f1
200cee19ff120e29
09f6d31a17f20715
19fbe928fff1eede
07ed0ffd0232f610
03f9e7001106f11b
be0213170d06082a
f9faee200cf5130c
0ae6fe0f0b1e1a00
12ee1c17f30707f3
f0e103fefdfbe234
fef300e60201fef3
02062b170f1319f0
eeedf719f513fbdf
07020f1f0a1cf4dd
f51a2de604051026
052c20f308caed20
ec21f611fbfefffc
fbf50deffd0718d1
09fb000ffe1b0be6
fffefefdfce31afb
f20c0513f90a1401
0d0917e4f22315f4
1325eaf9f6ecf8f4
e00cef0f07d81817
dcf202ff07fde8ee
06def937ef22fd26
fa01e8fdf1f506fa
e1fc0d200c170a0f
10d3c5f80d18ffdf
dd111b0b07d00cff
01f4dd21051b13ed
efffd405ff28020d
080512e8f4e6fbca
f728160d14fce801
daf433f9fc4cf709
f3fc0be807ebe000
22321f1af2df0308
02efe31816f30c17
1125e4fb06fef4ef
1814f80502d8f713
04d3d8ee03fef00a
2604e9fff6d3e92a
0ef1e9f414131b1c
faf90b1d050f14f9
fdd7f4d3f1e1f021
faf7031cf002fcee
16221633f90f16fd
040df71103120cd7
f7e30e1cffe10613
f313110fff1bf1f0
063eddbbf71b2d03
39edd90dfbecfaf8
fbcc16fd01d11e11
e00cd4e9f50c0e09
f3d621fd08f31efd
edf4eef609d405f4
11e1f7f8fef20335
efefee30f10a0a1b
0d4620f503e3fcee
0530dcd4fcedffef
e42bf20af204eaf0
f4cb12eff3e51b04
2d1ced1ff4100af8
06070e060d08f81c
ed3d2bf20e122904
000bdcfdfdf7f720
0305f9db0aff1105
34e2f6fa0af5ef07
06f4030510f8f1e8
09e3d714081ce60c
e0d0ca2305d5fc0d
fde7e809fb190958
e90e25dc1a2beb02
dafe1ade0411211c
2b0805e5ef13eee9
f8f91fcb02ffe41d
e3f9da2cf20014f4
ed04250a07f8070d
f004e3eafbddf918
33f0180ceade0953
06e9e1f7f6150af9
f30f1e14fbd10314
e50427fbf837e712
0401e8ef0a090a31
07081502fd03350b
06f3f4eff72223df
1811fb0efd0d00fb
08d9efed12f7f6fd
33ff01e2da05d712
10fbf81bf9f4e8da
f41e36f2f90a0f17
fe1c1a1cf102f5df
f8eb0cf6de25fd2a
0dea16ed1432e008
08ed172e030d00f7
12fdfdec0724f2f6
210ff30d00021208
dcfa1b12f2e2f8ee
170fef04f3f4f6e3
0604090ffefe07c3
153901f4f4e8f2e8
14bbf1fdf8d1ebe9
18fe10d90602031b
030f050ffb001b07
16231418fffd04f7
fddbeae8ffec01dc
c8e934ddf6edf63a
09f6fce3fdf6e4e0
e5290401032cfab7
fed111150efcdafb
f8e40915fe1df7f7
e00bf1f7020016e8
050cdafbf8ffedfe
e825faea02fe1dec
111d13e10805e8d1
12ee14f52002e627
250a1422d20ffa0e
e4e7e21819f322eb
d5dd1233d7061cf5
df101b1407f812fc
05fc02030b0fdf2b
fd23fb21e6091ce9
e3faf412e701f0d3
10cd1d21250e1003
e929292bdbfff016
f61fe90c1b080208
1710f8f20a06f116
20ec10f91d06071a
ea00ecf602fd20ec
0afb0414fb03e202
3e1d21e2180a14ea
f407ec12070005d5
f1f10df4f9f30ed7
ff21ccd106f02e35
1ff424defc02e8ef
1ad8f7dbfaf9f81c
0f060e1ff6020e1c
f204feea0406e3ee
18e0ccf2fefe00c9
081410f6e1f90e06
1f0ff9d5eaf4f9d8
e413e4e0ff0717f5
0a15071006fa0115
f5131818e415f1f2
0a09fb020d0311ee
dd3ee3f419fbf8e5
e4eeebfd1afc091d
0e03f9e8fbfaff21
1a14220411fbf8fc
f31435d2170bfefd
0b101be71701f703
d1e01612030a0ee6
d81adf20060414ec
cfdee9d40f06f0eb
10fcf90423f906d0
f7f5170aec063d3f
150ff400e5ff3eba
f5f1faf6f00325de
01f9eee2fc081b26
1fdd1aebddf60b1e
efca16e707fef1f5
1f01f41eea02fef7
f7f4f807250bd0ee
0d0306f91c010abb
1af2e6e5e0f61f09
1ef6fcfce708e9cd
0f09070bff0119e9
0d09eefa1f020017
d9f2edde000107ec
030822e50a0af8ea
18e0e30b210909e0
e80d1117fc05f6ea
02e41b0d08020af6
fffa0de4e3071df1
f23d060ff5000a10
07e31413f2ee0700
13dc081613fef41d
11fff818fc0708fc
f0e8ec1c1502fcf5
10fbfe2117050c0b
0c2ae4e917fcdf12
131ee3f90506ff05
21fd0dc2e9fbfef6
ee2a0e00fefd0c06
ddf7de03fc010f03
3410f7e70d020d07
ff02e404fef5dcfb
fe0219f30e000de0
f73308fff80208fd
16dc160decf812d2
e728ddf9ed01ee2c
1b05f91017f9ff05
e10808fe2210d9d3
1cdf2904e6ff0b1d
ef0914000ffa01f4
38c503060d02022a
fb0b03d41509e5fd
d3f4f5ebfdf7f512
f8f4fc180700ff0c
05042ec5030314fc
f7fa1419f6f20f00
ddf91f0011ff011a
88eb1b051608ec01
1b0706e8fb0909f6
d8050bf80af80a1a
fc13e6eef40826f6
f1d6d705fb0601fb
e3051a4c16ffefc8
05f6e6290501293b
f3040a3ee810f1fa
22efe8fee6f009ea
edf3f3f61a02fcfc
f514d811f7082518
2bf829ed11fad702
10e3ee1520061fd8
dbf3d2ff1d0a09ff
2603cafcfff81000
f8141408f502240d
f9d415eefeea0c22
fbf128ffd7f3fcea
11002eedf2fafc0a
280af40bf4ff1be0
20f91ed723031203
06091f20f9ffee05
230ae70415fe090f
1f1df7ca0c021a08
0021e1fb00fbe9dc
fa0bde08f706060e
cd08e8d9fefd0c00
0b04f92bf60812f3
dedef408fcf7f70f
1cff21020dfe02f0
3404e9012a02e1e0
01e706ff2c0d09f0
e7223013df03cb2a
1de3f7fa0704ea06
fdfcef17f1080afc
0ef401f50800fc09
11ea0a01fb021ae6
f00bef0109feea14
cb0016d8f60ff721
d9f5f4fff2fd14c5
e21b0218fb03fa02
200b251bfe090f20
d9fff5bafbf8d9fb
d5f5fd1307f70903
ec27fee30ef6f81d
f0e8ddfc1e010504
0b01eff40d11fbcf
09fe0c012cef1b1d
230af4fb25f8122c
1fe51df11b070209
141504e71605f1df
19e44bfe0bf91a20
eef9d911e104f71c
08e6ea0309082317
faf01ff10efbc404
dd12efe7fb05e313
2b1d1014e601effd
22091d20f008081f
f80e102514f519e7
db03fc06f58df401
fafd19ff1505f210
0a0bb9fcf4f72840
06f4fddd0906ea2a
150d1907e0f60e19
fb1806e4f5fedf0b
dcf729fafaf1e8fe
c30f17191e04fb01
ebfbcceafbf51629
180925d210fe2cd2
013222f61f0ec109
ecd201efff08020c
e9da0208eb0bfa17
0007e20adf0e07e6
13ee12f906f9fb2a
09f71217f8f919eb
121b10e4f1ffd5fe
de05f406f8082313
f805071e08fe443c
e3f6140c0604f4f6
000ad92207f60028
023af421edf5ff46
faffd3e9fa00f40b
02fdeafb0201f802
17d90fde10fd07ee
c8d51ceb0000ef0c
fd2bf9e6fd00e408
f4050535f0ffed1a
e013130309f2cb05
e4e3f4fd05fdeeef
f5f9d700090ee3f3
09d72201dd0bd10a
efe4f2f61cfa14f1
0cf7230a0ffffe19
26f508f111fe2509
17ff2b11f8f81118
e509e90f0eecf32c
0df13019e5fef634
d9fb03dc120f0110
040ce7ec28f5e91d
db1aefedf701e50e
f70412ebf90315f7
e9fa231c14011015
03e6ec10e808142e
fdcf08e7fbfa1913
05d9f011fa0a19d9
02f127fbfcf834ee
2f01230eef051bf2
f10cd309ee0c04fd
f01e0636070405f5
fa2b06ec06f4d440
e5e228f40201071d
f2fb1118390bf3f0
ce10fb0303060303
1cf9d911f3fe0c10
ff0ef21a0c0ffdf9
fdf8161a17fcfc01
1c1708f1fb041211
08d1d3f10b0517e9
2df3152210081107
22d4f5121cfdde0b
0febe1f8fe070b0d
feee13f905f8260e
cf23df0c0ff71129
f7f711e1ee061e10
10100ef7f5042927
f70b092ae802ef0e
faf0060c100bf7ed
e41b08dbf503fce8
ccfaddebee01f6da
1afc1efbff0001df
ecf122f50a05011c
00e3f610e4053127
d2e2ea12fd0702f2
e8eb0fe01406f904
094003cce80505f8
f5cadfdc000b2c08
09e8f609f6fc1028
0113f70413f83929
ee01e2201c0905dc
f726f3ef03fe2bfa
e1150418f2fce70f
f4fd0a060cfefbf9
dbfb14fa23051df2
14fb021a18fac513
15e20ddcfd05f608
fd16fdccf1040529
04191106e709d427
040ff1e317032601
1d16f6120501f8eb
1e4bf222040719d7
000211ef0f0afd23
14d0bc141600f8ef
27082f36f1feeb07
f3f3cffd1a043044
d927d4e4bc07f71e
0c00f50acf140402
e7e608d5140800fa
e6feed00fbfa1f11
0f0a21f5eaff0bc9
de15f1d80609fc17
14fe13fe1ef3f3e3
0105f3e3ef06f6f8
051606100f013915
e107f6050608df12
f70412cffdfdf7fa
29f7ecf9f1010721
0d2ee2cdecfcf3ec
0916f2f8cbf8ef13
0616d7f20ffbe8f3
0003f10efef71903
e62ade05fb141b05
06ec05f2faf7f6e7
10d1dae613f50615
30f4040406ffea1d
0ff610ec18fd0af3
dffffcf918f7f219
fc0ee011f20309ee
fb01ff0908080af9
070ce8e4e0fa0315
0fecc2caf601fee4
05fcd4db09082016
0d250ae9fff8ded0
05f700eaf811f5ff
06fbed16f9061c1d
12e1e2fdeaf3eff6
061beef81008e902
07f0263ef109ee10
0e10ff22ec091521
f20df3f60402db0a
fdf40b09fc00dad9
f3f90c0e0806fa08
080a0b330cf21627
f410cce623130eef
15fd33f306ffe421
091ae3f606fb1e19
09d707e9fef30214
0b26051303f4f0fc
b10819fd140202d0
2114f421f60300fc
f9e812e508fa08ec
ee2103fa1206e9d9
e5edf826ef06d5f0
02ed32fff4f716e5
fa182a28e20f010f
19f3f91ae8fc22fc
0503d4cc0df810e3
eb0310dc0c0312fc
d2ee2efef9f9ef0d
fef3ef1dfe0a03df
f9e4d8e0f8fb01cd
28ff184208fdedfd
11faff07dc0115f3
f0f300fe1304e52b
19f213e4090612f9
39ede2cf18fcede5
0a082804d3f51308
ebfbe90eedf93108
180414fffbf30dfa
21102cfeff011cb4
e2f41425fd0cf9ca
1f17102ae804f827
190eeaf5f1f5f127
d30505eef500d5ea
2935e5d6e60217fb
05eb081d080805d9
2ef1e1fbe4fae007
0712eff1f9f8e2fe
16fd04f8fcff050a
f0fa13d405f1fbef
d41025e4e50609f7
240507f7e51404e8
f0ef0207080debde
edd8f80ceb0beeeb
fdf30c04f905ffd4
0bf10503fb00151a
1bf70616f20acc14
23021cf3f600ff12
e7f62a0006fcfd03
e51fed33e1fdedfb
1f0eecf80a1104df
ee01010cdffe03ff
eb1507df0104fbf2
d70f0ceb090810c7
f7ed1005e203f71b
22fe10c01303e20c
dfff1d0414feebfe
0910f30e2302f205
f9f101e120fcfab5
03f8e9fef20224e5
ed1200f81efc0bf8
fb011151f7070fff
1d3aed0cff031310
e5e907362804e5da
e308f601f8f72903
e3111b180efce417
1b06fdfd14f4ea06
121ce51713021901
f9ec0123fe111620
fe10e61109040cde
befefeec0a01dbd7
1809230407120e09
ed01eafa0efefc09
fc1af1fb17f31110
0ef60c2102fae400
05fd042ce6fdf515
f3feddec06080610
26d03216f7fcf4fb
0dddebf010f01ef0
04ee1e3401f7fbec
2f0c0e1d0e0ffef2
1ae7ff2316f5f52d
2708ccfe0c00fce4
e507fafae3f7fb03
bbf215121cf903f0
08d31108ecfdfb0a
f3eff70e2e05f69d
12d8fa0bfa0b09f5
ec0cee22f60209f7
d00601f7fd020a0d
b81103e70afdff2e
3df0fe19f40d1c2e
f0f6041cf8fe27ed
162ef510ff010b14
0104eff201f1f0d5
10fae20d0f030736
16f7e5f5ed0b0fee
fb16fa1814f8132f
0ae6d9f03109efe0
2c1beadc2cfd1efb
f7f50226fdf74314
15e62625080800ed
ecf71b07faf923ad
1508fd12e2fde921
f907ee11f9fe0ad1
0c1f00da15fb29df
f8f21707070adac5
0d06de070cf6fcdd
01f51ce60400e316
0722d0fa12030f01
0d18f9f31b020700
00c9e811fc050d02
281dd117d6fd150f
e21beb300402e9e2
2211041210fce3f5
130d0e010ffcd4c8
f2e00ee80400e4db
b1f535f6fd050d01
01f8cbf81806f9f1
35ecf8e5e6fa0818
0deb1ff809f50129
d80cfd0cf8fc2e17
fbddd0e10a0dfd21
0f33e10f290608ee
13093f0d07feecc7
22ff12f9090ade2c
fcfc2e290e00c1ee
f0171602f9ffeeec
1b1afdf8d8031f05
f712d8f00500fc1e
10ef011013fa08e9
fddbdd24170c0700
fd0e06ee0ef801fb
0ed8ff13fc09120b
19ebf6f1f6fa3ae1
fad2e1dc0cf6f722
dbe0fa08f90e18fe
090a16e00202e3df
fe1d18fef10c2103
f5fe1521010218f3
0cf11f17fefee3df
01f2cdc71af8ec32
23002001f20fdd2a
150ee0f9e10701f4
11fabef5ecfc2d14
ff1c3907fefafb12
10d01c08f40219e8
1ee30cf308f61ef3
fc20ff0002fa01fc
1fce0f1df807f0fd
050a22f7ef082ce1
061fe90203fceaf5
ded8f3200affea08
19f6dd12fbf8e2e7
0b03efe2e6f0f4d2
c81111f016f4ef04
2e0802f317fe01dd
14140105f7f4fae0
cf10f50c0f0b001c
16fdf80af605082e
d5ffedea240206f7
0d1af9e90cfdd711
fe02090aeffcf606
0a251802fa05f8fa
04e5fc1cfbfae4f9
d700f9082303efea
2f25fd2f09041e04
fef1faf4effb0adf
01140c370f06da04
22de16edfdf321d5
01292601f6f5fef0
fdd80d0f24f0f3e7
19031ffbe709d71b
c0fbebf03f070bcf
fb0de6050f0b0ce7
f6fcf41c0808f507
02061f081b04e3f4
5306fe000bfff3cd
07fde2dedbf9fee7
f4e1b2ecdb0af325
05d4e8fede070c0a
fcf3ef1c1001edec
01f9ed1eda072616
03fcebd4f40cfd0a
0cf1fcfb150af2e7
192bcd00f500fa1a
c9ef03ed05f9d5ed
171200fff8ff0f0c
090b0ff40e071c07
f4f5f006e4fe00f1
e5141415eb00f8fb
f92a07f5fbf7090c
ea0d1afd2404130d
ff16f4ef11fbffe9
fefcf7d1e6ffeb13
06e1d501e10f020f
0dfe14d1eafcf121
0af805090904f1f3
f0cffcf8e9fdf434
07ec2bfa1202cff4
fdd7fa110bfd0f44
0903e8fd2701042b
22fa02fa0bf8f5fe
c9ebff0f03fff409
0afe21020e0d09ff
f6e1dbfc10000513
f72fec28e603e216
182cd801e00cd4cf
d51010db1f03ebf6
2900ff24fef40606
e0e0fffd1b08f511
16170cc7fa09eafb
0cdf2523090cfd0c
b8ef2db8f6f2ebdc
f0181305e8fa19fb
2f2f0411e5000cd9
d8fb12e5e3fc0cd1
0a0a11e6fffa0f25
1ef40e25fd09f523
e61425e6e400f614
0c031b23f8fed1ff
25bf0455080a0f0c
fd16da18effc0510
0504e20a0d010ce4
36292b01d20e1afe
fef308e7e706f5f1
1a102bdbd9010201
fcee28e208f5f6d6
cf0a1af900faf31a
15f3fc2407f81d02
f910e90c2ef60b0f
21e0f00f040d0ff8
fd1008defbfa01f9
22121af4f5070705
23fbea050801f223
e2f6ffd5fb0407e2
1a2ee24d2ce510f8
11ffc315f3eaf0f1
eef45505f1e31033
0b070dcdf605fd06
1af011ed21d7e000
fbfdff062a081222
0af2dd210f212003
1e1f04de171400dd
1bfbe40ef713ffd5
e31ae411ea0e11fe
f11f30111325fe11
2a09fde3d30ffb33
081804e7de07a3e9
ef230408e90de8e5
f60bd6f5d8140e23
171b24eeae211107
080ce61504fdf109
13fdfcfc31e8f209
12df020df012242b
ebf9f3033218f5f4
18133725110cd40f
08f1fa2f3e151404
eaf3f7d308f0f305
e61315060ae719ee
0212f7f934f319e8
e517f51210cef41d
12f2f82413030ac4
f017c60ffb020bf8
d51100c8d607fe16
ebd81ffce0173b08
fa1c08e0e8052ff4
c711d9dae40ff7f4
d515e3ff00fde206
d5330915260df8f2
240720fd0cfed6e9
e430e31cf51be4db
0afdf7e3df25eb16
fe10040628f5fa1d
e61305130f17f6f0
fd27e80afa0308e5
0f1d0bf3efdb10c9
1afbe929e6120001
050b311b0610f135
07e4e61320062502
e0f6fae8111aef12
04e71913fdff08df
1020fd1f051f0515
f4fffaea0802f0ee
fec2fa0b21ea13fb
00ede81ef20d05f1
0feffb040bfff51f
f8d62efce402dd13
e9fdfe17f20412fe
150ee2cc3401e21a
2d1920e2ec00fe01
ba0efc04140d0517
ffdf03fd0ef819fc
e3d711de03b314f0
00d1fc05f3091cfd
10ffe7fdf6dff20e
f8ef28f715fd04f5
101be1ff0e030cf3
d8f2edee2026f0ea
fb1218e8f4fecff7
0d18d20d1ff6fb00
0b192bedf9f70b12
110a03d9e0171110
2a020e06f6eae10b
07ead4e1ef0a1ee5
d3ef09011915fceb
22f1230de10f27ec
0b3cf1ecedf1f11d
ff0d24ba070002fd
e511eccbf304130c
121a08eb2021fdfc
d31d0ff01f06f510
edf1d9eb041ade1c
cbf6292811ebf9f6
18251500c71c3ce4
12de08f813030106
eabd0b26fbcaf4f6
f022ef10f726baf7
ed4509e9f9f80326
04f8dcea280c05ee
c935fa0e09c8e7f9
03effefaf60b1308
16db1c0ed2ec0a0b
1c0f11d217d5fef8
1edd07e7f31f02eb
0d12f2e00409f8fe
17e2f6e702ebc80b
260f01e01f0cea18
19bb26e1c1e8edfe
041cf01304ff08e4
37f0000fe42aec0a
0efb0811dfe61f32
07facf07ebf90927
0f0d0a10de01e20f
e1fef5f208f510f6
19fb08db2cfaf20d
2ae410f9fafee531
fdfbf925e20325d3
25ff0204ff1c0b0d
e404ddec12f72c0b
08e2e4e300cb00d3
2f0cdc1d0ee607fb
bee4c7fa10d82d1b
24e70f0ee7140a17
ec002514ed02130e
16182a08e6191316
0adbd00aeaf62e14
1003132e0015fffa
eff2f70ce30619d5
0d1ef0f1141ae7fa
fb04310d1b33f5ff
d3f70b15f117efe9
21edf401bf1bc9eb
fa18f20a0d03050e
09f7fc0ff2e90101
e028d921fcd201ce
fffa18da0207fc19
22f2fc240bf0fffa
f8f81414acfbe1ff
f917030e02dcf90b
0ef5281229fc07fa
171bfde5010309df
f3171cf61504060c
07fef2d6112720f4
05e4233df80004fa
fe04db0eda0ced30
01f3cce2320113de
fbe1d112070518e4
e6e206ff0224e8cf
15ede4e6090cf805
03e2fae2ea0defe9
cb29f90b1bffece2
00f7ff11f6071431
25d3ffc60c140a35
130def29fde4e6f4
fb02eb0f11e40203
f9281a0b0cdc0023
e7120a0f1cf3101c
2cfdcafd20ea15d8
2e04eb2908ed1ee8
f8f9fe3307ff3af2
dbfff219da3513f0
0aeafb080d1eef08
ecff35030e1eedfc
0d14fefeeee91ddd
1019360ff5fbdf35
16362cf116263bef
13191dda0d1c0ff0
f206dcdb1809fbf8
e202d00124f90ee3
e7ee21ff060208ee
011d39f6fef612f4
3decebfd15fbf709
f1f427ea21f7d416
fe002cfeffebf715
eaf80314040803f1
0c20dfdb22250ef3
df08eb130b22f6f1
f91c0203fae809e6
03f1e7f2e91e1c07
ff0c181e0f1606fe
000408f3200bd741
eb0d1cf7e40ef004
03f1f4e5ecfb04eb
120024ed14fdf306
fb07fe19fa0701f9
e807ddf117effe00
15031b03fcfef811
0502f3e101120c00
062507dae0ee09f8
12f106e006451d2c
f427fee1130c08fc
fb0d29e7fddfeefb
fef3190afe32d433
13dc01001f29f610
c0181ce11120fee5
2cff1c27f3f0000e
3b15dae813ea0007
d7fdedef19f51716
2a060b1be8fed8e9
dcd208ee131c16f0
0504180cfef61e05
18e1f6faf7ee1102
e70ffefaff071bf9
120cd018fe09fe12
f1081203ff03e5ed
390013f61bde1dfc
05fe27061703f015
1bece7fff9060412
fff3ceeb0e09cd0c
dd1204fb021a0d09
e903ede1ee1e13f7
28ef06f336ea07fc
2009f9d215effe08
f7d40efe0e0a01fb
f6eee6f7f3052a06
dee50424f30d1b14
1cfcfa14e9fe302c
27f8f20807fb04f5
0d0812f20004fb16
030222191fe8f720
f8e50f0a05f206e5
c7201cdaec1103e6
02f0d009cbe303d4
0ceb171e0503ff05
e5fec5deddfe0efe
eed9f8fd19fac627
12ee04f10307ddf3
ed1bf0f3ea381cf0
08fe03e306f90229
0ef0f3050606001a
ec180be80afde5fb
37fa0611070718f5
f107e3fc2506e510
ee26e6ea0828ee00
f1f11519fd0511ed
0a30fc11f108f7f8
e117f517d511e401
f93413020324edf7
d0111002f8fde514
19410b1500f40fe2
e401d61e08d00ef9
001bed08ebd7fef0
02f60c27f3e40d2a
deecdd27f10ee60f
f802fd24f1c9f910
d0eeef1d00f517f1
1a01ebfcf9ec070c
19ed240deb1ed703
26c4e6ea14110e30
e4eb052ce80f1422
e9f00215dde9f202
f02925fb08f7fc11
060203f8021000ec
05ff39f01832030c
f725db1a10efe5e4
0c191521030cfbe4
140230e7e7f63700
fcfc080423f20301
f8fd33f3fbd5e307
f4e8d9cf0314f811
f50807002ce1f815
e30ef0061c1ffdfb
ffcfd104f22a1c0a
ff06d9d00f2bfc0b
0f1ff40ce30a04e5
f504e3161e0a32ef
c5242b0003d504d9
13ccf8ed0e0a2106
36de014112e606fd
f71e15da0f030bf8
0df512fe05e6242e
0de4d2f821060600
11e9fd1bdbebf309
acf821020ef5e9f8
16e0f9081b0f110d
1c02ee10010b20f7
01fed51531f9f0e3
2b190b33f4fefc09
def502ffdb0f03f7
eef00720ed02fe11
0d0dfaf0f219fcd5
080dfd0613f10d0d
fd0aed0ce912fd20
f1e4e10f01f91a0a
1be816ff090fe62c
eaf101223e1209fb
2218f0dafaf00d12
21ffef06f1f0ee16
e124eaeaf2f615f9
e21ee41e27f7e4ec
12e90ef4f701012c
f122290c11f9eb12
27d8f1ef02fc1a00
ed0ee0fbe830fdf7
060dfae1e9072211
0c1be7f5e8ea0008
def2e4e801091502
31d10bd6e3f1f9e1
ecdde70cf6e708f0
ebf72a240afbeffb
d1060801030210da
fb0708d61201f8d6
14f9370308282ee8
13ee121df2e4ea07
fa12ede7e203fcfd
49090cd00bf5eb23
030e0a1ddb070509
e6d60d25222fe8fc
03e1f90e16ec172f
eb2d1628fd0e1310
03c4261afdf6ef17
e2cd07151b0bff0e
ddf61fda0712f611
d414f0ff0ceae502
14e90a040d00fef4
e3f61df5cfdff602
0fe7d90adf0cf10e
f0ebf30ff20f1bbb
c8ef12fb0e01fd0c
c3fb1005d712ecfe
e90217f8f5031701
ce01f6e4e4e6f3f5
eee2110100e609e1
0104def113fef7f3
fce1321a0ef8ea03
14011b07ee00eaed
cded1f4720120f24
dafe121506d3ed04
fb0b2afbcceb0a06
d51ce4f001fcede2
d2172ef71bd5f9f0
2a01e105fe23e206
ee18f63317e0350a
0ee40b1bef0008e5
fced0519e7e1dd06
10e22bebef0100fa
06fadbdcf1131903
e00bfffdfa09f10c
19cdfbe3f9dfc7f7
1de4f5d5cc10f6fa
cdfcfbfa0bea051c
f323ecf418eb0326
ec0df205f3f227e5
f9eef3e70bfdc7fc
0bfe190ce5dbe9fe
f4370c0105fcf8ef
0726faeafcd8dd01
13dcee16f9eb1e05
14e1fcf70b0e2310
f8f7f70e05e702f9
17f60ad7c806190d
f4ed1918f3f50aec
df0aeb05fb0912d1
0de317eb11000c0a
cdf32bf10a371609
122102fb051ce3e6
ff21f32322f416f5
0404d1f0ea07f32d
ff03def7191beb01
db0fffe7f1e4dce1
eefc211613fb19fc
120be8ea2ee80af4
17f410dcf3ff02fe
f8001509de11ff23
15cdeb1bec0bf70b
0303f61e23fde8e4
f8db0b04f4011c08
e8f62125e8f9fa0b
eb06f7210cda0fe2
da10fff7f01413f7
080ae9111f1ef1bc
10e0f508eedcda09
fdf9fbe2300c11e7
0df1eb101509f5fb
de001d2a20f0fd01
fc0bebfedce91316
1415f2dffeba0005
29f310f5fc13fdf5
04f6e40df5f82ee8
40eaf403c6e1edff
0105db0cdc0a0516
030c1f0a070bf30c
36f011faf514ea1a
b8f6dfb3ed0a10ef
ea03f50eea46f4f8
e3ffdcf9f4fddff3
f9eddf08eaf80114
100d36c2f006f901
f2fd12f905f61cea
1afb370637f7052c
f8fc0301c6081f0b
d008f401df1e15eb
f5f9e6f3f1e704d3
07280d1bf1dded07
ddf1e708f4ea15ff
f8eef202eee616ef
eed6040317cb0600
f505140d2108132c
e6e8120dff1a0a15
0805e8f4c7ece902
56e435f7e110ff00
1227e4ead5071708
0ded15dcec101d1d
19ea0b0dcff318d3
f3c24ef0010b0de6
d9bf0cf011f405f4
43fd091ff70eedeb
16d5202003ddf7f8
f5fef8f921eb2304
f1fce0edfdfdfff4
1afb1407281308eb
24032af210eb0de1
e7f7f6fed7e6e51d
ff48f4f8ed0b250e
29f306f7db1be3f8
1beff4e2fc05cdf4
04e8eb181a15f321
d9070507e313e7ef
fdffefe2c4e71801
fb2803eddf16061f
d0fe35e7e41108f1
1914af001306ffef
24112f0c0efef7f5
091f0f1bfcf809e5
0f04220502ec0723
e704f41cfc081b03
f5280efa08edf4e2
eef50ade11cdf3fb
021c1002ed190015
07c6000d04ec0502
e90f2b18181df50c
2ed6effd020417dc
2604062b0af7f219
fe241e051bf60ce9
0a0f1427f6e7e620
091cf60aefda0c09
ed0ff71406d6f9de
11dc1acdf11df117
220afceb1df1ead6
16ef260eeef21d03
3cf0e51cfbfc06de
ebf506ef0a0206ec
f6e60b030fe90010
091104f0210e0717
e905fdd606efff14
0507f60023f2d9d9
d123e2e6f32117c9
ff10eb12fc0404d2
d01cced60af1eae7
f715ea10f3f620fd
0c0bf9092408fee5
3bdd11101309031c
e300e01cefd5f4cd
0330e1341115f4f5
0fcee12c10023807
e21b331e1427e70d
3c05dcfafd010316
18e609e416ed3c17
f4f31cdc151bc7eb
2b1c080d13f6220c
1fff16170ef41afb
ff09f328f3002bd9
d9f3051b18dae2e9
212afadd2bd10c06
e81b17ecf81aca08
02fd0f0c0e11f4fd
180dd8f4fb18e7fe
0813ffdb1135d212
fce8031ffc2bf700
d3f6f410130bed03
140b14020a150724
d0241def08e8f514
0cfaf7e91404fe17
c00409cd3616e909
0c00fa2b1e0ee506
fbc410dbce00c70b
0423dd0def0307f7
1721050d1a0af2fc
f2fef7091a1d0f09
21e61cfc0c10ec16
07eb1e051507e70f
14113ae82be80300
bd06e805eb08fbd9
ef18160cecf0dbe1
05f9fcf8f50b1212
f4f2fcfbdf080114
ce0febfe2022feec
1e1af90917e9171f
0338f811dc101aef
c303e7de29ed0cf7
0c05effaffc8eef1
052cf90613e9ed07
08073525f61fec12
e2fa00faf1fa122a
1b0ecef303280310
f9e7d703cac02dfe
09f510f908020b07
e5fff51503f3e837
f009d81df2e826e7
0ad210f20bf7e911
f0ead4000b1920e6
14cefc0c02fbed06
fefae4eaff15d2e5
fcddf9d91bfcdbf4
13fa03080414e902
d8d929f911e2ebef
eb301efdef080527
c5df2aebebd2fc26
e51cec08fef604ef
faeff4f621f415e5
ea061df1f1d90607
bcfd0af3f0f90929
0ef2ff0cfa072019
19f923fde901fe0b
10dc40efc61aeb0e
1cfb0d111d0110f5
11222400d3e8ece1
22efd421e30508eb
0ee602f80cef01d7
f9f2fb0df5f118ea
0bf118fae314faf0
12f61ccdf0ff1302
fee3fccfe4fd0209
0903e91f01fb080b
f21ee822e4e9f615
0dfdee17fb0c2df5
d513080e0aeff207
fa18d5032ded1c0b
db01ece426041927
e517141923f8d402
0dd2000110f523d4
f30a01070a13e006
06e0e9d8051af11d
d93903eef8e41b16
d812262ae2f61110
0217f2ec02f70bb0
f6e707ebedee1807
30f606030b011bcd
0b1929f30bfdf82c
f123fa00fb051eff
f81d010ef9133217
0c2a061b0eefeeeb
00ebe2f21f041619
f5f2e613f011ece9
fa041715101c1816
0bf10219031bf7f3
26e81916ede610e5
f2d4050b1ffcf9ef
ceff0efae00dea08
0efe15fc1f170b30
3d0015020003f4f8
ed1d05c613f70ef7
0d110416fd0f0b12
f706e71d232a29f9
1445082303e9fd05
fa1211fd111c2707
080be7212c0812d5
f71c0f30100afd1e
0b20281af1ff0f18
0b15e2f4facc0703
13d502ce0af00f05
c9e6f93a1a3cda27
1109ed0a10e6090c
e8e1d737f41ed4cf
13f912e5f301effd
1befd418ff0afaed
001a11ddde1fe2f9
0005e10701f5010e
06fbffdeedf706e4
e7dfc600f401eceb
f6c9ebf5f5fbd507
16d0032bdfea0c24
fdf81301e5e72bcc
fe13f8fbfbfb1bdb
eff9ea0e07e608ef
030e1ddafae200db
f7e6d91e2100fa16
e21bd5b2d2dfea07
e60e02391a0823fb
0ae7490c32fdf82d
fd16eacdf5ed0e23
c7fc0bd418cbe5f9
3609010323eaf0eb
fcf4f034060703e1
171004d7f823010e
0cdddfeffdc10901
df1d18e1160bf5f3
14ed2821e6011419
fc140feb1108edf2
e2051cf50ffa16ff
25e0222d03211b13
f30444dd0f1ecefd
1815d808dd0ef4f7
1e1aeef9f4f01a0b
0de5fbf7d909f805
1df3eb0e26f2fee7
1814151fed113ade
11f0f620fcf5f6ea
e81f2ffc1109ced5
e518fc02e7f928ee
dce300110a1fe8e3
0623ef21ecf40208
d911000edef51cf3
18ff041ff8edd4e8
fd0aee13fcded60e
2bf316edf23301e0
07e71bcbff0717dd
1a1fd5e80ffdea20
0c130ae412ebf710
08060207010500f8
1810faf905f4edef
210fef1a071afafe
1df4e6d1f437e6f1
0a17e8d220edf712
ff19ea0a18eee8f4
fcedecb8f4fa0513
2717f4e20de103f8
1f2807f7f2f6e915
101fedc2d0ebc90b
e41814dded1df2ec
27d510eb02f202f4
00ff0a01ca2e0cee
f70b1100f911e1f3
e915052728d3f811
051221eaf3fee51d
eb2efb2b0ef6c9ff
f4cdeedb010efbda
0eec0501f9fff60c
1604e4cae5fc1023
321defe2d94217f3
16e7f0f705d10cf9
01f5150729f50a0b
0b100628e22102e3
ebe5fee4ea13e0f6
eeecdbfb1d17e8ed
ff2a12defadce9ff
fd281b16f928f60a
fce3f5000dfe0309
091cfbfd13180ee8
ea19d30d0d24c41a
dbe52104e1f0fdd7
0ae91fc601cfe311
f51fec04110c0609
191c10d50be3fcff
defbedfd1405fde1
1c0ab02cf8fa1eff
08f70d11280b111f
f6031702e6ff12e7
fb0d0e121127f405
f314f20d1605f315
050105000320cd0b
1107ec06f2d2f1f0
e8ebe601d805160c
ebdaeb0df81af505
05f2f3dbd4f816e2
07de1cbc2614ebfe
02e0c62822fce8d9
fbcd1afddb2e310e
12fccafed3fde307
14d515fcef0af725
ff11bbf9de131629
ee07eaf400fcfef1
2e2b041114daf704
1701161c01ea0506
0f11ec1714e00215
09f4f9d90609ebf9
e9e2ee00051a13fd
0b080bf1e817ddea
ddfdfdf1120932f5
edfb340df4eaf707
ed1e20ed21180a0b
051314d02dfa131c
190cccc604fdfde5
09f51510ec26e4fb
0f18ef1503e617e0
43e10710e0edde1e
24fdfae8e91814ed
f9f210fde012f7ff
1723f8f125fde111
ff0d022c39ed0401
f60df5ebfb211523
f7fcfa1109010d05
f4cf16e9193de5fc
1d1dacc6fb27000c
130ff61a01ebd3fe
1fe9d12e13ea1ac4
040d321943e4f815
f900f9141927f407
fdde1ae80cef021d
e1dff728fe2a1eee
09faebeef80cf1fc
160d022df7e2130d
f70422e611ff14f6
fcf6cd02e4def5dc
001b2cf0c405042e
2119e52400f6ec1c
37f01feeebf7fbe6
eb1e172316f41bfa
e010ed0dfcf3e1d9
05120f081a11f8fb
f011f828ef1bf8ed
d32eede50ddaf2bd
27df0f23fdeb02ef
f61c0ff30ffa0a11
2ae4de1d0df3fdd5
29de11e2ffe8dad4
faec10e3ecfa1501
24fafbf0f5bf1614
260012d907e0f1fa
2b1b01fdf5f422fe
f8dc1d1e5d0bfd10
12cbe90ff1f3f4fe
16110bf61df12add
0c10f7090dd71940
ecfde5c1e8f6f5fc
ec0d08e6070af932
fdfbe13d13e513ff
cad1eaffde0e0205
16031e2ad0dcec1a
000009ee1ae9f628
16d1fe3507081cf4
ea29120c1404f120
0cfc1afefceff1fa
d807dde122eceef9
18c1d8d409f902f9
00e613cc2314f6f0
e71a16d7de0ff853
13010d0023fc12ed
fa14f9371304e5e2
ec20faf8fa1ee4c1
d11acbeb30000717
0d02fdfb0ff90f07
0008f2d3fefb0ee3
1e0ae2e02700ee09
1218eacb14f31620
d707e703f21c24e3
02f9f1bd29fb0dec
edf10d01cf141019
fcfc1f021aee0504
f7fff401fe0b1f22
eda000011510130e
dbee02da09f8e8ee
f30dd7fee0e31fde
1e06ead9ec10fd00
fcef021cf63f2133
cf35f926f02ff3fd
e00601f5dcf9fa0d
f906201020db2eeb
fce512fa03fff70f
fb01fbe323fdd8ff
3ffbf3ee0d24ea29
0515ca2af6fd0506
f4f50ce91c0206f6
09eed6052b0cfb11
e2ee03e30afeeee1
f5fc10231520ec01
0cf9c3eb19ff0dfc
f9ea26fc1104fa1b
f4dd031200efe8f8
ffdae1f40b1a291a
1eef04e600271c19
02ed14221ccb22f6
0d11ff1d230df439
d537f4062114fbe9
bee1030e0d0f27fa
f61431fdf8ef0512
e6fffc2102f9f9ce
d31d0431150ad311
150801e407da2706
170607ecfef9fc1d
fe1321ef02f3f306
dfe4fbd61b03f014
ba09dcdaf1fe0308
0bf0f70bd8fb0016
0201dffa0b0ef100
d41305fd21feeed9
c402ec0afefc06f7
e70604f714e6f5d9
01030c21fe00faf0
f00beac70c10ca10
e70feb0af302002f
2ef33e16f7f3f8ff
ee0cf61e03eae001
f1020f08f7120518
01feffee0d1af612
17e217f90ef6162b
2b04f313c813f31d
150c170b1cf3e912
04ccf50635fe0b23
ea15fef107fb04fd
23ebecf7d7f9e90a
fef1ff0fe8fcbbf4
f307d6ca1518fb05
09ddfcd417e7e9f5
e4e7061919f11124
e8ef11e817091107
e1f8ee0502fdf7ee
f1e7e5020b22fd09
fe0b21e9f8161ecb
172827beef26d504
0b08d301f9f8190b
f003cd20d209e0ee
fcfb2d2afaf304f8
010703d2d4151837
ecf7de25f427ff22
e5fc1ef622ebe3fd
0cf527e804262a22
0d211f18df391308
ef22d50406d9f1f5
180311faebd41900
19ebe9fa03e9fffa
12fd1adb020f16ef
fb26f0e7010c2221
0de11cfdf50b3afb
15eaf0e902dff1d8
dbff0c191805f3f8
06bdf713e32c06ce
ffe603fbd2e3dafb
03f61e1e021af00e
fa22d728e7fd2add
0ae92ef70416e116
0017ede20f0afc12
04263ce5e007fd03
e90e05d60ce9e53e
37ee1414f60cf9ca
03ef1f21071c0a02
1f0cf3ef26ff1516
f503350cedf516e4
1f03fe1a16ee04ef
f8f1edda03fde421
f4f0291cfbdb0be2
1121fd00fde30608
181e0a20fc35ecf4
083235e1ea1af8c5
e7fc080d0cfc1425
eb18ea1bd6d4e8ff
173e110619c6dc1b
f6fef516e705fb2a
fd15083afe1b00e1
fcd0f1440dd00e02
f742ec0017e8f715
16f3161fdf2312e8
f80105040c06fdf1
df27de46fa22faf4
fd03110a07feea04
f303080827f8d2e2
09e915e11c02da2f
fd03f100c6e42504
020818ff04e30f0f
e1eafdf11be3072a
3a1dcbfa02ec010e
1dfcebcbfa0817ed
18f5123017f31706
df0dfef704d80cf2
0505251c08e11100
13e2fecfe9f9eaf1
32210c01f3e6130b
fc1b020013d3fd0b
00e819f6210af4d1
06f408e7d2280fec
0cff2b110d10fe10
12d2fbfe06c4f7d2
1902dbf2e621c132
f90b4822012f3f3f
ff0224f3dfebf7ee
f9e610eaeb031fbd
1c06fdfc03ec23e5
140117311bf900fb
fc1df2f5230901f0
eff50cf232131709
f8f1d1dee3f7fc13
08f3f4f3faf122e5
28e5e0fada000ff7
fff3063701e926f3
f2cc271ed8160708
f6f9e6e2ee3119fb
e9f3f62bf0f119dc
190bfd1f11f4f5e4
dbebe7fad7330d12
0525ed12f0f4fc17
e6c82d0df9d4181b
d9f120290cebfcf1
f413fa0211eafbfa
f04510fdd512edd1
16f607ed08131a01
d5180d39f707f1e7
f3ecfcf9fe0bfa3c
20011ef01df4500c
ef2303f21d070bdf
dbfd12ff121ff5f3
06f80beaeff30a35
02f70a00e3ed1cc4
18f01c00060df6da
e80d09f049de06d4
e8bf0beadf260502
e2162515f4fbc301
00141de8eaddedf0
0b2c07f5bbffdf0c
f2f7010e06feeb0b
d516de16fb19fff7
3525e9e32af00617
d9fd36dd1cdad41f
f0f8001effd9ed0c
ede8f8ffbb13f7c4
0014f30809f6022d
0c13fd09020e1bf7
eef33dfd37e720eb
19061f1a0d00efd6
15fef716061c0c15
38f901fb00e3edf3
e60131fdf9330331
292009dbe00ce40f
020f0315fd0dd7de
14fc1bdf27fdfe0b
050b00ed0c27eef5
e4e8141cf21811fd
fcf8f3dccfd3082a
fe0c081cea0c101c
22f607fa0b1bfc03
39e5fbd6f4f1de03
1efbf91e0dff12e2
d6182c540326ea0b
0e0626d304d40dfe
251a19e9c701f6f7
0ce602f4e1f010f0
f9f21e00d2e00f06
f919ff0903faf90c
f406fd1f0dff3d05
ef2ae7e805e21ee2
05ed0d17f52101f2
f81b2c1afcf20bf3
e712fa020be7db10
0d07db16fa001b19
f4f01113e1f30dc1
f000f2192be9dcd7
00ea2be1ec231328
f80aee2df90407ef
cafd19090b16fffc
0b0e02d64eeac2fe
1ef8240e0d140e09
2700fc1cd9f2d2dc
14ef1a19fbfafe09
f100ea15f7ee0305
f505d9c31e0af7f8
fbf1ebf9fa08d102
0dca0a28f119ec51
e0df172a040decf6
ff0116ecf2062be7
fef9ed14080c0204
fed906f1170507fb
0ede1022c2d9e108
efd2fef309e22508
e00002ee0e241c03
03d7070deccf2008
fb4118142c1b010e
122b13ece0ebec06
f8e1010bec07071d
fffbe80ee21e2fef
01df0df8ec0dfb3b
11e6edffe411fdf0
ee01e31e07f8011e
0be9f90ef00a1e22
efadc9f3fddeede9
f7eede0bebe608fa
0ef1c202071a25ff
d0231e25d4bde604
f0dcfb1a240d10fe
04e8e02c00f0eb1a
0e121f0f0dee04f9
1d1c1b06021d0df5
e50c0206f208ef1e
e127fe0bed1e23cb
f7d41c0a070be5ed
0f04f615322a0a1f
2c2b050228042cfb
dbf90ae8e702fdee
05eeecd3e803fc1e
f61515040c0e2800
fdd4f4f0f1e5db1d
1f1be44817071de2
02f106faefed011a
ddf1def1ecfd13ea
eecc1cfa181df6e9
20fafa54f6171d02
e4d80d1fec3cd7e9
2031d9321201fe14
c62e18f1c817ee15
faf2fef7f20229fa
d2e42c0c00272fef
e1f4d31e18e2f3f5
d2e40e27e2f40f01
fe00fcf8f0f70ece
19eae81e291801e2
0645dbfedaecfbf9
0cf93aee12e7fb00
192a11fff0ff0af6
fdea2710ecdaf0d6
020809ee21f60bf3
06f80cf8f6efeb28
0d2efffb01eeeee8
10fe090bfb020901
ff15ca190ef60603
2fd60128f3f20111
e4fee5040107fdfc
eae411010d20fff5
0318eff9f6fdd1fe
08f61ae91d0c080f
2514221037f0fe0e
2e1f1eece6e60ef8
03fbfbd7eeef09f1
fb110ccefc02e93a
d7fee2effef0d4fa
dfd41af1c7e429e9
f719fe1bff0e062d
ecf41a0f05130cf8
1fd8f803ec0603e2
0be903fbca251ff9
18e5d5f4fad504f2
04d511fb04d41826
200f07ec090bfcf6
1b12fe08fef0ea09
1ed914edf717d7e7
170b05cd110cf20d
fded3ce6eaf504f7
eee7d9f7f3d7ece8
210deddad427e6ee
e7f6ffe3e0161607
f0f6eef90bf9f517
080a30dc1ee512e7
f6030eea1001f7fb
c9fded1f0b1beff3
eff9f2da01241213
24bb11ffed1c03fd
03ee03d8051e0305
0413fcf7f6e90cf1
f0f1ea05162bdd10
041b410ee006f51a
eb0b07fc1605f60b
fd0900e4f3efe90a
f8eb01f8ec3036e3
e7e403f42ffc0522
00f01c03ea290ce5
09d6fbf808e9de23
13f020defbdb011d
00fff0210c1b17d7
e0fcdce3f30314f9
fcf50c110a1326f6
eae4d01bffdf0606
1002e61b09f508fa
21faf41f18fddefb
0f0406cff10ded19
060111fa0be11bf4
0514fcf9eaf20c0e
ff0b29ff2bf7e0fd
1511fffbe7241ff1
032fd6ed0121ed00
06191bff07f0e2fa
1924e00319fae445
ff13f9feeef404b1
0a32ce070c1b0a13
07f023fcec0df3cb
050100f203f0f7f0
18f20c03f0e41be2
f3ed053c00f2e5f8
02eb0c02ea3a1105
09082811fdea13c0
d4f5f60924dc1109
07f30413e6221ddf
22d22cece827e5f7
f1f332fd0fe71702
1a2fedfaccfceded
ccff0004ff0126ee
fdf2f40513f1e6d8
070ae0030210c715
e8f9e315fe03f9f6
09f70ae7f3280207
f6fafee719ee2300
cbfe07ef0a03f7f1
d11afb14f4f3fe04
14f1ecffe600c817
02d325100ce32cf8
e3f7cf02091721fa
1807290439e11dd4
f9e2ebe918eaf401
0b0fdf05d0fe2b0f
0be9e3162007eae1
eb0ef3fffbf8130e
181af00415edfff6
e30eeee0f9e4ff09
2bf0060cf1f84306
e40d0920f7f40b1e
2602f301f503deef
1211efdfff06041f
05d7082bf412eb10
15e512eff924e603
0ace1704e414f903
f6f9fc16fef5f811
e1eb0ad9f2fdf1f5
f90ee7f811d2f70f
f2f7d5fbea02fff3
011017ef0c2903f9
0fe9260bdf2318fd
fe06fed5dfd10f0d
e12f1b110cf202f9
28ee12f0e611ee0b
06f3f8e0d5d2062b
10fcd722fdfe0708
1604f807e41af8e0
02f9f51c0ff2361d
f11bec0bf0f6fe27
eb0d031e221ee61f
ece6f6ffe2f5f90d
360cd50e1a0dd31c
f40ef5faf5fe0ac8
f9e4ec010204d908
e30823042017f6fb
100cc711d31cf410
f1003c13f1effc09
12f8e0ffe6ff1004
fe12fe2d19ebf2fa
f5f6f11b0ee51b0b
f5f5f4e7011518de
dcde250801ddf427
23fc2609e7e71fd2
1f0ffc180d07f9ef
f9ea1112f50d2205
0cf10415f0f707fb
f9f2022417e8e9e1
f2e50ef5e5ef0231
3b160ac8fdf414e9
030d0200eed91407
091f0630010be2e3
000405f015ec0025
1a11fd00ee210cfc
04f71ae023ddd31c
23eb07f1100b2114
e5f8eef225eefd0a
f7f51a10fe030713
1fef27e8ec03f5f1
1f02c8ff21f7fce8
e5fd1016272917f4
fa0119f409031c03
14e701f2050ceafb
fb0f23ecef060ffe
e520f738ddf20fff
fd1516301c1ce9e6
ff29e81cf3f51ee8
050e071d1aabdf0e
f4e9fee2fb38f41f
10f90e1422fdeb03
ff070a141d301522
0d0f07181c0ef508
e8e9e9f9000d28f0
e606f2e2fcfc25df
ebe0013a11d7d703
190702f3e1e9ee11
0ae2e712fcf8161a
0af0e8ed1b2b3ae2
07feff2619ed05f3
de17050405043fe8
ec0ed725fbf3050e
0a22041e01e419e7
fceffffb3df5090c
0e03f3f0c021091b
d8f3f304f9081105
e93f0307c5f4101d
defae1feea26f305
f1f92a03fae70ff4
25fee60803f411d5
0404160dfb19ebfc
c824f8e91c21e513
1fc914faef0ae9e2
00e73ac7fffd0ee7
fcdc1a0b0af1ff13
02000cfef8e7fd08
0dddf1f3f32119d3
17ec0bfde7efdbdf
06181cdf1020f6ff
45dbff2e13230802
f6fbe1ee11f4e61d
ebfd20e9f824e332
01170d04e4e7fcf9
f3caede7040a13f9
2110151edcfe12dc
f80ef5f6390aef06
03ed0d25e3faf7ee
e4d111f00b18e5ff
dd08dce71fe1f705
fa17010106fcfbfe
0d18fee3f718c30f
d4f2f4dcf9f7f7e0
eef1edfafdfe1909
fb16e1e316e612fc
f928fc1d1002380a
f6080bec2de8faf4
e6ea0819147616f2
01fcfffa3032f114
f40cebf8f510e404
100a21000f0de6ed
ef0211031ae502e9
f8f42612ef0aedfe
d7ed0a11eb022208
1304e21111f00bfd
0923fdecfbd9eff5
2de911cefc130001
e4160ef7cce812f8
141ff312ef0ded1b
f8100211042c42fd
0f01e8f8fdebe31f
1b061902f8202aeb
fde0fbeadef91a1b
f20606ea220913e9
ee0d15ff02e3ea1c
06d7d8f007fc0611
fb00dc19060609e0
ddf41d26fa2b2ad2
e3f3f7e8fceeea18
0e141b05dfe3db24
0507fa070e121a12
f00c411a37ee17e9
fd0ceff6f6bb021c
0bd52d0420e40ff1
d4220527d3fd1817
0c06e1ff130aef1a
0fd40909fa02f3e8
f5de0b10084e161e
f8fa051edae9141c
e2fef1ec1211d40c
1c02f305ef430def
031e28df00eeea18
03e20af2f0f1e6d8
14f6ed0318f40308
0ad00c001a05f8fc
f30f1ed7021cd102
f925f5edf22efd03
da0ef435e70a09f4
08fe12340724e442
0a0d0517cd041c04
1de0dd17fddb2311
defef21401330ed0
feca2ecbf10f1134
f7e40febe4e6f232
edfc0012f7e8da0d
ee1212eef50ff4f0
0b0f0afbc51a1206
f4050200fb02fbef
ea200b0d00d8fe34
11fd1406e01506c0
eb0e07e607060dcf
f71515f80c0606ea
03f6fbf8fe0e06e4
cfe11803012adcf7
13f5e80eee0a0608
ef0303dd1904fde2
0bfdeedb013411f7
070305140d000b0a
0a0d10caeae00ff8
06df152a042618ea
f4e3290716e30f1f
ffdf082618feee23
f9e8f7e1fcf9f22c
16e1eff01608c4d0
280ae3f80d02192e
1b07f9eaeff329f7
11ff15c700ff0bf3
170301f611e90808
0f13f6f80ceb3a1d
0523f456410b04f0
fc3bfcfdfff729ee
f20b05ebdce1d10e
3008ef330639153a
0addedf11c2e2104
f50aef0df9fc0b22
f4cfea23f7080ff4
202d0bf5d9d2da10
1c001edff12f0813
07f725ea0fd91bbd
11f3e2d0f105e106
0007efeb26efda2f
01fded34e4071726
05f604f0fad3d0cf
f5f2e00a090724f9
0bfed9062607f7cd
06f20f30270b0e00
e3f2db17f0f3f70a
02eb031f05fe2905
f90311f4f5e306e2
03f30ae60025ece0
06fe13000e14e4bf
df13edf11c1004e0
0203fa0c070bfe29
09e119070bd4eed5
f20ff3fe2d0c38de
f806d6e2f8fce105
2e07040105defc32
221afa03dafa24ea
18fbe203342709e0
fcfcfde3fb1b0af3
fb29e4f60c09ed06
f8d3fc1803f9f4e8
15ceee07e5f804ee
bceb1bfafafeef07
fbe41d08100dea22
ed0b0d20f6011f26
05edfcfdfbdf1d15
0d00ee072ef9cfdb
0ffa13d8ecfd11eb
09f62000fbd31c06
11e7effe05d8cefe
02f61de4f8290b03
052004e8d7f3071a
0ce1d3e127200cfc
e402f0132912e21a
ee100fee31d3df0b
fb341f0bf703e51c
ea05ebd409e6e712
e0212be4f106d81d
27e3070beffce9ee
dfe504f1300d15d4
0111e21b1b0efb0d
f8f8e138100de7f9
030f11ead9d50a06
0e1106f8f0ff0d02
f213f10f0efb1dec
f0eff41bebcb04fb
f716002cf4f514fe
0100fafdee1724e7
fc09fb1d05f42013
1a180f0911d00e08
1115faed18071f20
0a13f8342ed701e0
dc1c0d0425f913e4
eafa021209e6dfe6
dff6fbf51ddf03fe
1f210b1ddbf801f5
e50c1bf905d8eae6
0907ec0feb1311f0
09e80411f725eeed
e4f3dd151bf8f921
0af325fdfd2914d6
10040402f3fce105
fb210c3b07e61dff
12ff00ffd2c1ed05
140905fa35f1ecdc
f5160cfd0c2002f8
0006d9fc0c0119fa
c90c16d805ddf00b
e60afefaf8e522e3
fafdf9f114d8d5d9
0c06e708f70cf901
0afdf809ecfef5f6
f1d73a06181405f2
e6f8e01eece8f00c
d9f5fd2c0110fff2
04e533ec22f91ded
e4060deaf524eeed
11ee060301fafa1a
fe0b04d8e504f2e7
fb05251f36d80d0c
0ae9f4f9e8fe0a16
f417ef1cf6032621
d5fe19f30c0e14f4
0217e10307f40d11
fc1d2efaf80ad609
0efd07e911f51df2
3801f6fcd2160eea
1adf31040718fe09
feebdad91702e80d
1413c0e117fcf2dc
f404e02c10e00421
da080726090101fc
0cf005ee04ecf7f2
e6daf51cd4310bf5
e923f4f0ec2bfc1a
0f0b04e8ed04dff1
d8221105e3db08e4
0a19e9f6e808040f
020bc8dbf70801d9
e3f2f90a1bfe19f1
0f061b0b0004d2fd
ee37290a07e00fff
c4e0241d29e231fa
dddcff0d00f9e1f6
2619e62de7d922e8
1b04e5f62509f6f7
f00efbf6ee2d10f8
f329d1f805dcfdec
19e8facf1af72005
f6090418ddfb17f8
01f1031f0ce2e111
e81f11e3f94228c8
0a04da14eb261d21
eafffe05c6060adc
fe090505efbde6fc
1b13011af9fb251b
27fffee8e40efe3a
dd1bf1232a01fabe
04fefaedd200010b
00f60803ff12f5ff
f8070ae1f0e31ef5
0b01082503fdea09
24202425122328dc
161f18430ae90009
231bfbfae7fd0cf3
ed24f535ec210ff6
17d710200a0de836
e6ee14f9fb100af1
112afc04e9f7faf9
f1f1f20e06f52512
f901f0380afcf412
da32cad3eeeff516
0504f804d102e5fa
070b1ae10410fd02
0c0bda123926f9fb
f20a060ee81e0515
1f0eed02f9d5eae3
04ee12f2fffc072a
130100fddf1f0502
0ef4e104112916cc
fbe4faf6f9210f20
fa0af1fbf81b2907
e7ee011aeb0b142f
0be3ed0826f611dc
09effc1efa0a3315
1d1ffd10e8e0d9eb
1216e6eed3180314
fc0e12f918e9f91e
06eee9c9f0191008
ec11dff601da1a11
21240d14180bea17
05200dfc081302cf
fa0f18d317eaecf1
1def092b1bef370e
030711dad90f20e4
2a2af01b02e022d4
35f2e8d8f3efc92b
0af61509ffe4f030
05fde6f8f1081d14
110310e1f9ececfd
21f7fef711db04f8
f4ece6fd06fcc3fd
11e50919cbf208ed
120c18f9ec0b0802
14184c0503fec510
e418070803d805e8
fedcee10fcfa00fe
ff03d510ea18f514
e50af6f5eec70330
18ed06ffddf0c40c
151a16fe02d1f90f
e60d0b0301170e11
00f1f802f3e200cd
ff04ef0af126e030
fb0f16ed0200e0d5
01f618f81dd8de19
32ef2ce2f2eae006
0426e10412f5ffd7
e102e9e91bf2d5c9
06fff5f92305e908
0ce0f3f200e7f301
0212fbfaf308f9ea
06171e25ecf80927
0309f7f4fc040130
eaddd1d1141f09fb
012316f4f0e0322a
fff7faf0d4fdeaf6
27f608e700f1f516
00fdf3d611fa06fb
0823120815fcebf5
fcf4e109e1fa020f
1b1bf10be61a0f00
c2fd551de1eaf6da
e40dfae1f4d8ed15
09f7f203f8e10b0b
f7fc0b1efb04e404
10f7f9d814d90300
feebfb1415dd1fe9
0817261cdff80121
f524fd0fea15f119
eff204fd2402e01d
e901291b0bdfdc26
fd0afc0d062cfccb
073af9e5e1ef0ae0
00f3f9f3f6f008eb
241a00ef1209dcef
d41e0cda06e7deec
ebf900fa2922ef14
0e1ef0191b3cf0f9
f3ef0c0632e1fc0e
f4ee0bf303e513fa
f018fcd6ff240e07
e811e1f6131aefe1
1c0ccff4f8fbfef0
060cf80e1bf60e07
03fdfeebf9140202
faf2fac638e8ff18
e5160fffeb203627
011110effd0bea36
09d9ff33f0e9210b
0ef31304f93032f5
ed0ff4fdf5f6e901
030d0d23fbf71318
0c33b31e071c04eb
05feffddecfdfef7
f900e4fde913fa0a
e3ce15e9efdaf423
35f2040514dbe904
08d512df0ad9dc03
f7e20a13ea020018
03d505fdfcf3ff11
02ec01eb06e905ce
f11bf8d7dff727ea
ef01fbd8cc2d0409
eeecd3dd0627061e
16e92afedef730e3
f8cbeaf83217ef03
05e6f80ff8e1dff0
15f7e80321e716dc
f2e0c9c6450f24e1
f8c3ffe80f0beb38
07f1f0e4e8050fce
0114090f03db0a17
ec0a2002e206121e
12301eec1314faff
ec12f0f600d8ecf5
fc1f09f2ed060eea
f0d5f307ed32fee2
0a11ecedf4eb0b1e
100a09192c00c50a
0dda01e4e73007ff
11070ef701f9f021
f71514ffda1302f0
eb04f91dcd09fdfd
f216fb201f09f905
fc0c24d811da0508
1006010800e6d80a
0ed331ceec09bde9
0c101d24fc11d518
1ce3f206070bf7c1
d8f01b0dcffd0307
18d90817efeb1ee6
0e0b1a04e3dc0a0a
0a162302f0fa2922
fcfe1e0a0802f1ff
14f6f71021fd20d4
defd2afff4f0f6f6
0a1ffc0cf01afeea
1021ffdb07fd0ef6
c015e4f1e4d72325
dfd1fe1828f3fbe5
2305100817ea090e
02101201f5f516d6
06e81f2102fe0221
071d0f2d33fd1510
0a0af203e022fb20
eadbf11af701f7e9
f0f00510e10af802
ea1ed9d20d472f24
f7eb16220cf401e6
eb1f0aefd0f0ea07
05e1f1fce8e4fcfa
f00c17f8ccf71609
dbea1cfff91905d9
0407ff1a0ddde509
fc08f3f4defd1fe2
01f202f3fcfe1329
fdfc00ed2dfb2507
07c421f7fa23fcf7
e2f7f1f4f9d9b8fa
e411dfff06febc04
fc1c0223f6191ae7
152bf7f81f230bfc
171913fdf2faf008
36d7efdc06e317f2
1701102de804edec
e1e802d800f8eb1e
081a0406eb001d1f
f12fe9fbe2051de3
fa19f7f333d90d12
14fdf5e50ace09f7
fa0bf7f213002410
dcf7fd140408ebd7
1f1ae3df17fef819
12cff0f8011a0d1d
fd03dcf114dc14df
11f535ebdf0edff6
02072a0e0fcfe8fc
fbf91904db0d0b06
07f4f720e60aed12
f4240bf4ffebc3f3
f2cb1efaf5d2fd07
f00cf3f9e8c40800
ff18090b0ee22201
f511e90bbdf60514
090917d70127fdfc
f31bf9dad51207ef
1e2a0122dddd0ef3
1a0a04fe030ff4f4
04f3072bfd07f421
0de514f111d1e010
ea38f4f8ef0ae801
0716191318f6220b
f806f205e42917fa
f11308dcec1ff818
ede43cf23315e80f
e20f15e8dbf5de06
f7e2ef1a2a01eef1
15f8f52d2510f7fd
1115fe0a0b03041f
35f3ede9fdf701f2
eb16fd0a0710fff5
180ce404f7fd02fb
09040300faede001
1decfaff1d0ef740
fddb0912fee8e5cc
ebf903d80ff8ea00
f7e41b2225e10746
14ff0519faf1f41d
f53d18ff3ff4e9e9
04e4fd00110c08f6
12fce2f91ce92d0a
05fc1713e60610ea
ffdebdfb04f9f93a
06f32a2ffcea0401
e9fde1f3dc041702
07e9d2f7fa230816
36eb02f9f401fbfc
ed03c90309fbe6f5
09e912f624dfdd17
ff040220d4f6f619
fe08ef00e8f404ea
12f6eb000bf7ec44
05efef1009dd050f
1feb0c16de1c0a19
04f4dcff030ce1e9
d413e3f0fbf1f1fc
fa01030313f1fae1
daf10af52ddd20e5
f2fc2227f70d03d7
1ef60826d4c804f0
19f7f0fc2b12f020
0fe123e6e70f26e0
3001fbe5231b15e1
fc060e1a0de702d5
f004eef31728f113
0be4f20a2ee711ff
09ee260cd605f5f5
1816e216f3160c01
2717f1f9fd2d04e4
e401010ef7ea0fe7
1bfaf7eff3effdf9
f80d0c172728fe21
ff18e4f5d7f8fad7
1715e9f71b291ef9
fe1cd4001e22d526
ee20191afb001b16
fef30608f0ffea08
cd33140200f402f1
030cf613d10a00e2
fbef05ffe901df22
310de3e9fcfe19f3
f3f83c060706f806
dc16f5eae5282af0
f53f21fe1f172209
0d03fe19f6e8ca34
2832142516edf519
311a0f4400e8f9ff
18f2e4f3d8e01b0c
0908ed11fb11ee0d
0f0702c80febe1fb
00f41ae0fcf911e3
2915173600e913d5
171a0702d3f01acf
1cf715ce03df1fe7
0ef606fadc092af0
14da272ef901faf8
f0f4e4160ef2fadb
46f813f6cc1b2506
0404132d00e3c815
e9102b03f51a090c
eaddff02f01cf622
fe181afc08f3180a
11f016071421dc13
f2e9101100291d04
0febcf16df2aeb01
0f1d24011d30fe13
04150218eae90523
060b04daf9f61a06
17dc1b1606e8fc07
47e50e040e12d328
c604d2f713f2f3f3
0703f80de6fdecfb
0af20e1222041409
fc05fbe4ed10fb0b
e2ed16e3eb12000e
f1e1fc10e3e4fc1a
e51df6cfe211e4ef
f2f8e425f70e16f0
10e3eee306dcdef0
d1f5cb15e8ee14f3
ee07ed09f808cb10
26f8e140def10cec
0f0c05f2311512e9
0625ea130fe4fcfa
fb140b18e3e0150a
e2d5fa07ed0ffc12
20f6d211e532020c
eece30f0fe03ed18
e803f6dd09e3fd0e
f5e606e20bfbe704
05fdf1fd13dbe3e4
fcd4e11f1a0ced12
07d4f002e208f118
dd0e03cdfd1c0512
ff0cdf1af3d1f8f3
f3200fdff1f2f8ff
2af61ee4ebde10d3
2b23fe0a2805eef9
ec19cefe3af9d711
e50cef16ec02f51a
e808323e1e150c29
02fff1faea22302f
2015ee1b0c23e4cf
f10efa1eecf81407
f006f5f31007f30f
16180604f9db0407
fa08f40fe8e3f402
fbeb031e120edf1d
ee2c0d26e1fcfb37
f2de0c0de8e3f430
2fe5a3facde9f416
1eed2beafce803ff
e4e6111c0ef80125
220ecb15e902ea15
efee06d2e3010840
d01cd20901dfe7d1
1cfa03e02025de0a
dd04d6fe09f42dc3
3df9d72f0c1b16f3
c9da0504302d07ef
f0f9eb0a35ecf1d3
fcee19fc13b816f8
12191310ed18efe9
0212e5fff3f703fc
1ed7fd1cebf119f6
0e12edf8faf4f416
05ca41c2200cf822
f217e9cf1bebf50a
fa1503d1030404fb
fabd23d30ee526fc
f512170b2b08f8f8
dde7eee2090221f9
c80325141ff8f5ea
ecf90428f1f2f9f2
1614120a17011d2b
f41c2621cdf1efdc
2bfafa280d1af3fd
f512feede706e2f7
e3f3dc132608ebfb
fe0f09fde5e61f01
11100a25de1208ff
0315f6d3f5f035f7
080103d2111d1fea
fceb0dff2cf7e81c
0a452512d510e4e5
26ed1ef107051f1d
ed27e8f514fb0205
e6e52de720f6d828
fbf9fb12fa0de9ff
1200d8e803ef1024
e708001a1cf6fcef
0efb14e70dfff711
ef2016fcf1ff0515
e5f5f20505fbe9ef
f5e1f3ccf9262ce4
d91bf0ee113220d4
00e5e8161d06ecef
e9f200f3dd1e2301
fd10f5330dfb03df
2fffd2d4d90be4f4
07001731f1eeece6
f006f213ecddf9fb
04fbfbe71ef8e2f7
bfe1f3e7100d00e7
e2e31613002bd8ea
1202001e120e0601
f3ffdc0ef4f3e8e1
f5f90414e3ee0609
f302f91de60602f0
14fc1305f8e915da
f6fc14e4f7fd0e05
cbf301e803f5f905
f5e8f5ff140b06f3
120eebf9ebb226dc
d71a13dd130c1806
32fcf8d40323ea12
2713fe120eee030d
e308f3f5d328eae6
dceff6fcfd081efd
1b19ec2519dcfc06
0708fa14d7f7ffdb
02ebeb05ec4afa03
ff16190ffa0303ea
f113141c01110f18
03f005ffdd21f7e5
f5190afbf8fd2005
0f040910f52b0510
ffe53c0e1f110603
41f2d903fcf1fbe1
1209140cebfde7f4
08ea0c01f51ff41c
01ef2af6eee80908
d51ef53b01e20af5
cf3afe112ce4e700
03d603fa0b0c0716
fc1e11dfe9fc05e6
101deaf7021b1cfc
fef5ed0523e6db14
f712c137cc0c24da
d3f42008f40b26e2
0dc408d7f928e40b
eeebd8f0132c03e7
d9e70ff32cfb00ed
fee8f7ef2f291cd3
f4bdffd52b0106fb
e7f702e90416f31f
ff15ece8f5cee8f6
e2f615f9e9e91aea
0ce7ec0b13f1dfea
0a25f60709061018
03fc0b05f4fd0909
fbfaef2811fe0515
fd1b021911ec2422
2b1ccc1506d502e7
f4e9fd0e02d51b0b
110df3eb1efd200f
08cd26da0b1822f9
1c24191fd9dcf022
1bd304e3f23bf30a
fee5f810fd03f705
2321131e0cf4ea24
f6f4d7be1df2ceed
1007f02403fde2fd
00d7e2d61412ebfc
07f3f7db0c0a08e3
f9f917fd01130be9
1e2107f40b18dcf3
d21c0613e41508eb
1df0d64ffaf3ecfc
eeea10d02334fee6
d4fe1bde24e5d2ef
22303008f315ea19
26fd0c02000c11f9
f8070409ede1f304
140edf041ff71400
ddee040be715fb17
0ff1f21bead41b37
02e923ed17f7f7ed
f22405bf2dee0de0
2d1cdcff1900182d
f820d903ed110c0b
04ed09d4220c01f2
f701040614f5d71d
05fb25eb223efe00
f6f40f080af80d27
1e1f0cf8d32f08e2
0f1711e012ece40a
fa0e16f6f826f116
da23ebebf3f8eb00
ec0b2cee0e08f80b
39f8f91bf50229fe
16051acb03f0ec0e
ed09f6eff3ec1304
2215fa00e107fdf8
f3220210f519f2f3
2414232ae8042a0c
e6ececfdf4d3e7f1
e2c5120bdcfe24e9
2135ede3f8e2d4e7
e5d0f11bdc0a120a
fe1122f03efe1af0
befa0a04d70afb12
1109fd1ae9df0704
e90e25c80e191202
ce012b1c39f7ce21
04fa0b1c07f30905
ebf9231630fdfa38
f7de2e07f7f802d1
fe0ee6f70b0105f2
f4f116ed2adf1813
f80fef1cd9181f0a
1501eee8d81709f1
f2f2dffb18e5dbe0
ebed06f9e3f9fe1f
f61a16121509f61f
f6ce06e4cced11d2
f9000005effefbdc
07f6ffebf501ec0b
fdeb1402ea2517ef
17fe0e02200713fe
1013ef0d18f7f606
2e1b0f21ecfaf003
12d139fb05ee170f
e9d72b091cf0e30d
011ae52e2d1df219
1114d3101202fe04
0a0015ea14ff251c
11d119101afa23ff
e32f1b07f2dbfd0b
e9d9ce082df01e11
40dd08171631f6d0
f5f6e0e2dec9ffd2
25f2e4fafecbf8f6
16272cfcd709f6ee
1714d516f801d224
e8eeff230515122e
f3fbe701ebea2c17
0a0eec0af93310d2
f61012f0050ff2e6
05f7ff0d2407ed53
1310c504e5230322
23e700f6e913d329
201608f62d1505f5
03040c03ebe414f1
051c13220c131dff
daf50ae9fd0b0019
f5e50ee1f91f0aeb
0d03f3db15020206
c9dcffe0ecbbe8fe
f8f6efdff31dffe0
260216e7faf60dec
f00d16fe1ed9d4f2
e3fbceffdadb08f8
f6f1f0edf70a10d0
f3eefcf21cfd24fd
de0b12f3ff01eff4
f0f8ce1deb260afa
0e08d70b0ee0120d
20fb08e9e3eefd0b
14150a23ec4326fe
03ec16e6ff21eaf5
060400f40cfd0610
0a050ff5ed05f50f
db17fa14fcf3ed0a
051bf8e0f5e224ff
e3fd08eaf7f206eb
d91eedfd23f7f220
f8ed2c130cf9ea09
03f9f602f83116fe
0c0e22fdffecef04
1ae806f1f5dd071e
16e105d108e01ef7
162712010be8dd01
09f20ed11ff6eff8
f51bf5f4e4fc231d
01dc09ea042009fb
d5d214d70416e6d2
16efef4af716ed1e
0b0e210318d40d08
e0371b0a13fc2de9
f23204180f120c10
18360722ea021bf1
f2fce70d0804050c
272dd9ec112308e3
24131c112bfd1e21
f3212a07f9d1f1f3
170015c7dd251203
34081aec1503c404
03fdf919f908eb36
46fcf1fff7fcbce0
011ce1fef008d4f5
e0f7fddf030d0cb6
e604f7f5e0f1e2cc
eaf7eff1e80d09fe
1a0bfefdeb0efaf4
f0d5e80a132815d9
22e41c2afe0aeff7
351de72f1105fa0f
10021bd3dc1dec02
1425f5fbea07ef1a
ee0de8fc081511f5
031b1a0fdae6170b
3ee1e9ef09f013f3
e3ffd1150df0efe0
190ed330eaf413ff
1dfaf4e3172019ea
f419f5fad41a22e1
e7e0d7ef1d1c0bf3
fdeb052ffce51fe7
151911f0f8f8ed28
f826d40f0ee6f0f2
0ffa06e4f813eaec
f6fd291a051bd6f3
16f9dff70ff8d801
00dcfe0f04ede7fb
42070dd732e8def4
fb0526d63afad615
d4050f07daefdefa
1006f2fe1ef60a0d
f3f608fcdf0bebea
ffdbf5fdef0d16fe
f3e500040c0d1af7
f52101e9f8231413
09f8fec0ebdae6e5
e3f6ff132b18e0fc
f7dffe1e06f32803
14ea0a29100bfd06
14ffe6ea0df90d12
0febe707050bf90c
f2cf31d52017f7f0
dcf4ea0e0becf329
da27fa101a1a031d
ebf2eab40df6f20b
f918cceef5f9f7ec
1b23000df7e119cb
e8ffec14fe2ae22a
010406fc0fe8f515
190de1e5e900f6fa
fdf510faeefe0113
fb09ec03e7d8f1ff
fcf00915dafc1bdb
f707180914edfdea
0eeae502ee2105fb
ed102cf92f0b1a1a
0106e602edf105f2
fe0d05cf15fa2bda
02f3022625ec18ba
eff8e1fa11d902e6
1e0be71bd52fcbe9
1dff19f1140f124c
011dfee7efef14df
da2df72a23e7f51f
23faef120813fef5
d2ec1808fee72414
e009121ff8e1f012
0b2c0aea07ebe10d
d9eb0e1afafa1afd
f5f7f5fd0c2c1813
e324ebfffb072105
03d0fb15cfd522f6
1505f509e91be3cd
fb2d04ecd7f31811
fece051cdef4192e
e80df2fcf61be80b
f808f5061706f309
18d711e5ecf90413
162b1618e914e6ee
2609f20c2edd1001
24e906332f0e1218
28f3130b1204d822
f6faf9ddeb2d03cf
f5dafdd00fff20c1
f7f8f9f6f0edff06
e108f73de0ebf0db
0a111500f90606e1
e6ea141103f9f0ec
0fe60ef0f80f16e2
dc1226eb080de9fb
0fdf1429f5f63311
11d8ed16f105f420
f6bf302b0a080f09
27f0d702fff10f06
e6e7e21514eae6dd
110312e6ea1eed0f
f0da101300d90100
0a12210afdd0f5e6
270af4fef9d607e7
e90bede413f504f4
e803e73124fd3011
df09f4dacf091ff9
e900192a001d0d1b
ebfc23fbeed31f10
080704ebe536f0f6
1d280ce611f6ebed
31f4eef301061ff0
cd1b0e05f912effe
1bde25fff30e0d01
03c5f401080e1115
d7e9c0062e34f7f7
3702dcde160f0721
ec06250beb22e518
e4fb06ebf907e701
2ed0101cddf50d14
0120f1df1eec00ff
ed10ed01180d0017
0325f7f0e1fff40f
e322f003fdf1da19
01e32607f10dfd04
07eff61508f8faf9
2ded052501e817f3
00061c02efd807f4
fffffa01dd242114
fbe2ec061ae7fd16
040eefe11219f8f7
eee8d4030ff90825
16e52b320025ebf0
e9050a22f8e9ef0c
fe0201e4f5d8f207
fb16ef0429f2f8e3
08ebf9040703f207
0d04d1f719f80103
d610150b0f0dfa01
e6ddf9e91825031e
3122fff7020c2203
2710d10beff3feff
1215052111e8e8ee
10f1171bfd0e100d
15dd26df06161014
da122a07d63aeff1
0600fc01eb0e060e
08fbe001f919ec08
fd22f0eafa09f4f9
ea0a08eafe160912
00f7f9e52a33180f
18f8f303e008e314
e81ee3a10b020cfb
fe021e03170d0005
fe0b05221bea1ced
e906e7fc240ef103
01e6d7fefa27fef9
e503cfec020413f0
071104e6e9bdf5f5
120af6f80af00f0c
eef5f92ae603edf1
e8f1eff507030607
e60bbafaf2fd1f12
000b34f91cfa20f3
fce6ebfce3f904f4
1b1629df0fbdf9ed
d3fabff30f03f512
d7091bfaf7e40803
faebf5f5f4faedff
e51a02fde7240efb
1ef11d00193202e5
cff01df4f3e3f7ff
28fb24e9f6e618f9
33040b01e8030cf4
db20250b2011e105
e0dc130f1a140c1b
211e22e9d6f7f404
0618180a0bdf10ff
ebfbcdfd1cff050a
fdfe06eef2150f01
05fffdee0406ef03
281c060ffe1511f9
081504f5fcf9e510
1ffef909e032130c
1809160dfc1e00f2
0fe6f5f7efeef1eb
0e03b8210d1cee07
edde06ffe9f31909
00ea0f171c17fe05
d7fd14d6f7fce70c
e80a28dbf3fef1f8
deff0513fd12f901
e703fa2af0baf002
03151feff8040b00
08d902f11be2fe18
f015e2f1f5f61104
e80f30d80517ea0a
22e520130f33110a
021e05f5e808ec02
e9ebf70b110efafd
f102ea011a0500e8
d903d22107ccfe08
0f0ad4f413001ee9
eb1cc4ecfdf1fb06
f1f6ef0f24f0e90a
08fcf6fbfaeff9ec
220cfbf60b0bef03
f928fb02f1071124
d9ea0309f419f215
dfff15f10aeafff1
f4fcc9f50238e711
e61cec17f3d5ec0a
2606ff0ff0eef314
ff40fd1b01ecefea
df0bfffafff30408
00faf6f30213f9f4
e2271cf82e09eef2
f729ffef58f5eff9
fb1a44f2f905f9fe
0300ffe4f71909fc
fd0f050e1af00d11
15f7f43531172bf8
22d6f115faf3cffe
250800f7e010d903
040307d815f3f41a
04e41d020ffefef0
2c01f60e07e0ee0c
f6fcf7120fe1030d
21fe0f0d1828f100
07e6f7e5ece2e91f
00edd708f9fa0c0c
d028041d1302e500
f4e410d826131303
10242801131222f4
20111ddef51af5f7
d914c1dbf20bedfd
ef21ee0df1fdf9fc
32fe31f0f7250405
1221e61c140ae307
d6ed2905181f0ffe
06ead30ae2bd08f5
f7f1d0e5f309fee0
0cdf221829fa20e7
03f4e6fb0fdef9ef
ef1208fefcedef06
02eb02fee314c8f7
f921fb07f6ece9ce
04e514d7d6dffe02
0ff8170fda031603
fddbe3f425e20efa
f901082e0bdbdfe9
1107e8f7d6f7fbff
fcf9f006c2f6040f
31dfe43218ee2e02
0ef702fed108ff11
0ce3e309101f010f
050127e1eb281701
d0fddfda0b340b01
1205e5fbf6040211
20dc2cfc16ec1d1a
1ceaf1ede2ea11ef
000d1804f4180114
250b35f119ee11ea
16f7e830f0dd11ed
e208e5f70af2e703
e420fc12c221eefa
faecf5ddfbfdf607
ea0421ce15e80203
e70123e3ef110af4
dc18f91325f9fd0e
e12b13ee05f0fefb
061d2e01fe09dffc
17d933d725f0f3e7
09ed0f2d16d306f9
09de130af5f5f5e6
1b4112eded14f308
f8fcf42013fcf402
190bd6070400fc0a
2300faf4d8fd06fa
d200241ce2f1e9fb
3ddfe1fa20eceaf8
20f5fed301070ffa
cef40bff2a32f2f6
eeec040d12fe01f0
cf13021517e92911
ecfb4fe2dd15031d
dc1809fc160b11ef
1af001ecfa190113
2df3033b0104fe0a
1b02f6021525ee0a
ff07142616d810f8
ed1200422becf4f9
f2cdf5ec131fec18
faf5f5ece31522fe
091220fdf3ef06fd
39e8ed29f7dffb10
d508ecfb1506e712
0ef007fd01dd1608
d4e7ecfdfb1c0b13
f6fd0d09f7fbf30f
fd1bc61fd4dde313
0c02fdf708f71210
2aeb020716ffe603
0411eaf631dc1f06
fdfdd5222702f1fe
e8183211fedef216
2a020800ee0e0f07
dafcf008fbfb1d16
d61e08f2dd0af416
e61df127253efaeb
11f7ca0be03500ed
11ed3af6fc03e300
14ed2726dee2f407
f407f0f213f8fe14
310809131c400ef2
02022f3202f1edfe
e410f7dbe6fbf40d
f9f4240bf90113ee
0ee7fc0e020f07f8
3c0916190a1bf8fd
f614d6ffe5f7f6fe
1003dd02f30b0921
0a18f20f01ff1be5
f6eef1e4030007f6
24161a17fcfbe301
f30fe21e07f311fe
d9fdf80c0314fee0
12eae714f820da00
ed281619f803f6fe
1af428fff3f4eb05
f72f11e6fa2dfefa
11f4e825260efbf3
0903dfd2f8e00cf6
16e70bdc033f0f03
fb18eeff0f29f1f8
0d0cfd1a2ee6070f
ebebdc0aff00000a
112608021b3ff905
0231ec27eedeea13
f8f2f7170b1123f2
0220261f0df2eaf9
0124f5df17100c06
25e12b03fb101b02
f5fb1f09f6f1160a
f1ef01ff27eff60a
21e22b010d01001c
fd1007f0d63301fc
0804ff27540de9ef
e710fd1ce1e11c10
fa15ec241800fd10
c00dfc0105072f08
ed33eff124f1f3fe
11fa00f504e709f8
fafc1c1e26e0e40a
0a1c222afde9f2fe
241500f02402fc10
2ee82114fefa1206
150afe2dd9dff50f
e6e6ee0c061508ed
c2fa2f010115edf2
5d0c0f0513f30a18
071812e9f01d100f
09fdeb26d1ebed0a
291c1a0c1504faff
0d0023df0beefe08
ffc22ff0e4e20911
1eee15ffe8192307
f7f4e21b0228031d
24f6dc2600f9fa02
0ad712dd30f009fe
f7e701e1fbf917f2
ee0ac412f5fcf90b
ed3509fdf5eb0af6
f7fdc1c1081f030a
07d5eef5f8c826ef
06dbd3291233f2fd
0218f4050defffe1
0c01d7041cf0f8f7
edf6d702edf1faf4
05e7f1e3fdfc0c0d
0a1b250bedf6220a
ece227e7f01dfefc
f4081dfafd0508fa
fd03e609ef0deae7
19d0fc1a0018f1f7
0a2b14eae730f2e4
e82feb01f1f5f003
f00406d2f3e7dfe0
27091000fdcf010b
0003fad3041300fe
120d2f0c00f8ebe1
01f3dde1f70002fa
e5fad9130be2fb11
2516f3eb09fb09f5
f2ed06ff0e0204ff
e302f5d831db0ae3
2f0b142adff5fa0f
ce2a0dec1409fe03
e101eefe000e04fc
1deef5dbf6d91703
eee30ff901f206f9
201b0bef1712e7f1
ed4e08f707ebf911
170fe8050b07f406
11e9fe18f826da0a
1604cd3133af0bf6
07350a12e2fffdeb
0ac3ddd729e60ff6
06f019f30a2bf101
10d5fd06efef0bf5
daf900020913efff
fcf5240acfd2f204
0eeed6d4d413e9f8
0909c300f51d0701
fffdf3fd2e0a03fe
e7160d28e8f4efff
03e40c2afdebf7f3
03cafcf10dca04fd
0b031d2f08e01c1b
edf3051907e5f71d
0a0433dafcf20f02
f309eb04012c1afe
e435100cf307ee07
ed19f2ee1d0a01f8
27180d04d9f7fd01
20f41cefdfc6fdfc
fb0a1d1f050df8f3
e22021fef84cff07
f7162424c90805e1
38cefb03dcf8f4fb
e00a11eeec0716ef
030fe9e1ef072722
090f180128f914e0
f4dee3e7f2ef1013
1d01fd1a18dbf007
13e408fffdfb14e4
fb36ebd7fae9fd00
e2fe0513f1210003
e2fce604f228f6ff
1510d0f5ef140eec
ff072111020a190e
01f000f7f41d1319
07e7062c170eed03
1f16f9f32225f8ed
fdcd35fb01eb05fd
1d39dfebf5c9eff0
cbd60419f5f40e07
04f81ddcf61df1f7
fdf0eff514430505
f316051c14e8f3ee
1300d411e437f701
fdea01daf4fffe12
191f0efe0afbe116
eeedfe04ff01ee04
e5ffd6071cdbe2f4
f3fc17faf219f4f7
e0011d040c090cf2
0ceab70102e80708
e9270c030613fceb
ddee04bcfaf010eb
f9f3dc00ecfff8f2
f6f20df705f10401
010909e9c8d4d7f8
0204e4271d0efb25
f0001eec0403edff
02ecdc340e16ea0a
34f4e2f1f03b09f9
24f613091ae318f3
fdf124e82fe200f8
e427e7e52ef7ff04
f61903e3fc11e20a
1319f1f7f3e110e2
0edef73546dc01ea
24f8fb04df0bffff
0612101debc6ed13
423c1bfcec0fe3ef
f210cf0cf912e4f3
0cfe2fe2ef18fe09
f80bda14ef0cf50c
dfdbde430d09ef1b
dcea24f6010bda10
0118d30ae0f5d9f9
ff0b2026f2f60aff
dcdc030c00e51d15
e30fdf110810faff
0a0dfd36e5f7f40a
be1412060c1ff0f1
fb27f617f70d0e04
e9020bfe1ff4fcf6
eae11518dd0624f4
e7f3fbcedccbf0f6
f9f23520e1fe1707
13ebe7fcfadaeaf7
0b1c2812c0eef1fd
12140efbf7e217f3
2be1e0120801f808
e5101afe1635070a
f70a32dd1fdc07ee
04131d1214040c0d
ee0df9e3fc07e8ef
cee1f7edde1f0df7
10e7ea020a2602ff
0416e102e3d70311
01ca4ff800132819
2101fcebcc17f801
2006fd03fc27e7f3
ec0be50aea24f2fe
c7f139130a0d031b
26caf20848f909e8
d81ae8eee8e91407
060ed9f511c9110a
25ff17f6e0e70305
f11302f3080f16e4
2d03e3e3eebc181a
12fff4f7ee1f0413
061d2eff0c1503f2
e226ff0a0adef30b
2def141511e5fa0d
ede3de1dfd351112
220bf00c06eb1906
04fe0be9ea060806
0dfffc1be31404f0
e5e1fcdde5ff1bfe
f8e5160e0a1addf5
fbe4fe0e1721f5f9
f9f91ee9d30f0800
b6edf7cced0f22fe
39f4e901f2d61bf8
e5eedf0fd01c09f1
f9d9dcf804fcf6ef
031ee5e306e818fb
230224e3f0f4fd0e
022c3916000500eb
e60cf0f217ffe211
f009feecec0a0b1c
39e7d123fc0af904
18242fce09f9ff19
fe1d08f306f0eed7
ece9060c27fbdd16
10fb17bffc011af9
02df1318d800faf9
1702e7fe0501010c
e3d6c3f21105fc13
e109e8240129f306
df25f1f60a06de08
0ce80a29f7d40efb
2af403010fe605f7
f329fba9f4f00d1d
031a18f4f5da0f14
0c55f7ec150ae5f0
eadffffacef20201
ef06270e0f0b11ec
e9e8f0ffe60ffb08
0ce109fdf606d61d
d0f0130621f9fef5
0205e107eafa0cea
01f4bdf2e6f80c0a
e030f4f4091cfff4
02f70720081cf813
2704050a16f21127
e3f2d7e8f9fef2e1
ef050801fd2c29fa
15dcf22fda37e714
06ebdb1507efe0ee
f8e315eafc0c12c9
f7011cd001ff1ff8
e50235090b0d07fd
f7ded6faeb0ff8ef
db0cfe14f2100220
0f1e0601141bf3f6
0ae214ef040d160b
fd1f2006211d19ec
0c32d6c201ff0ef1
dd02f028f609ff05
cb0939f0f4f512ff
03151effebfa04fc
e80e040dfd07ea0d
f720efe7104bf501
0bfcff052de0cf14
1905e81acff2ecde
e218d9fddce7191a
e01d0f0b1df0fcf4
2e01d40bfd0efe15
d90f45d70cf3fefc
130ff8f911e201fb
07e7ec0bcc17bf01
f0021637070e1d05
022b04fbd31717f5
fd0a04f200fc2303
1117ea40fc210d11
1def0f2e0200f600
0e270707edbcd3e7
e8130114f90fe8de
09000dc60d0a05fa
0f24d9ea1a1210fb
011df7fff8fceeee
2002ea1f21fa0010
f1fc21f3fe1c07f2
f6df3218f5e2e911
07fd4d12f8faecf6
1d0decff03ff11fe
e1e02f0122e51409
fe1cdb0f2a0bf906
faf50f0f18fc120f
16340d0d0705e5ff
ff2ee3dbf61a04e9
fff325de06161007
fa00fd1cf8f402f2
07f300c8d9f5090e
e0e3f3f7020602e1
0822f34505090613
1f0b0336f202f7e5
dadef70a13e3e008
ed00f003f1fc04d4
eae8fef3f9e400ed
06e1f5190cfa3413
04fbd6f5160800f6
f3fcfd14f22ce9dc
17f6012607f712e8
15de0c0617dcfae3
0008f2f3fb24c3fc
17e7f50c29f716fa
f0f503f3f8f6011a
f713fd07fd08290c
130ce6e50c070c00
1e0005f6fa1400e9
ee24f5fb090d0f22
2236f9faf51901ea
eb15e8150ae7e407
08d1150601defe09
071411fde4d7f715
cffce512ed193a0f
0fb502ec16d514fa
f7eff8f72031fbec
0b0b16ec0503f821
e50c1feb14fcf907
22b40ff835e724e8
0a0412daead403ef
0b150fdc0415fff0
15211af60c1adffd
1fce100f1e0519f7
24f300f007f539d8
062404070210e3f8
f1202edfed19e904
fbfc38e9f5ffd304
f6e5ead10cea1e12
f722f707e6d8d811
f6ff0c060a0be800
e700f1ecd5000811
14f6210a04f5faf1
1e3504f9f00418fc
1039e0040002e7f0
0ff400f3fbf3e42c
0321fd070cf6d425
112407dbfa08f728
0c0ae80af8f5db23
17edfb0d41050f23
0bf2f1dd11f12af2
00ede9d0faf01ec6
eb020ff908ce09f5
f1edf216e41001ff
1822ef0d09dcf8fd
1ae213f81401fb09
1410e70c0d0c0904
ebeee8fdf308f218
10ed11e60720f5e7
13ead900f60c2201
00140713e00f06fb
f910141c18011317
f2f606ec1311fef8
12ed0ce21b141103
0407030d1cf2f6ef
14fbfaffea1510e5
d41ce03bd70408eb
fb06e600fe2b091d
fceb2d16e603ed14
e3efee00ed02e5d2
20fe05f515fa10fe
06edf00ff0f7f92a
f4190c24192ef4f2
ee15f5d4210413e4
ee002909030019f7
f517b9ff090a0efb
ed41d004fff6fdfa
082121e712e6f3f2
040d12fffa262bf5
f109e4de0908ff00
f0181b06c01810e9
e9e4fe18ed09f816
dd0dd800f11fc324
19f606d1f00aee08
3112fd1915fb170d
f6f1fe040c13290b
17df120b28fef7ef
07ea180735f91af6
f7e8fd10ef0a0dff
ee2afefc190a1b11
150a0f2ffbfe1412
0ae1d312e711ee0b
fef615e702fe0eee
f214f609181ff60b
261df6fd18ff21f7
02ed17e0071acbea
e1f502f62be100fa
d7021c15ed041afa
0318e5fb0905f4ea
04e5ee022122172a
0d1501f310f0f6f4
c8ef07020220f8ef
d9e718061100e5cb
0df409f70e16f9fd
fa0c171615eff1d1
fde60def2c00faf3
fb2602e3212dfbeb
220626ecd4ebcaf5
041709fef436e025
142500fa0ce5100a
edf92ee705f527d2
30190c1a200af914
f9e9140710ebf4fe
e6eee8e8ee091007
d9f31710e5faed04
0106021626191602
fbfc1d0001f00901
f408fdece3fbea05
02fef11f09f3240f
0de8f9f725040ae0
05f02c0bf512f4e8
eee9fbfc0af005f7
ea1005f7e9eb10f5
180d23fadc1cc323
fdf420052fe7e40a
faeff1f9ffe7241d
fdcfe3df040d0ce5
fef90c020210f31d
18180c1616e7f41f
ea19ffeef0f00af9
12f1221929040dde
071bfdf6f1e5fff1
281a132aeee6f220
01d7de0500031efc
daed1632f8141314
fd0d20f324eef9ff
0f1bf0ee0ff0fce1
0e22fbb80101e1d8
19f9e3e2461aef0b
edffdb0022fc3903
fe0dec06040622df
06030cdaf5dc22f3
1a0bfbeff9dd100b
25ff08ee33de070e
01c2120c320b0813
fe1af53647d606dc
103026eaf11aeded
dfe5d4fbf900ef22
cb1aff0cfdee02e9
12e3143afffee80e
01010cf0fe17fad2
42fafd29e91b07f3
180511fe0f1221e3
18ec2add1707e10d
e6d3f8e6e3ff1714
e420d4f42103fc20
f40ce4e406091ef2
e9fa0213080112cb
17e4f220f60ee3fe
d0fbfd110c1bec06
04081fe10207e703
da1403fc020e181d
fdf503e91906f9ee
11f7f20927fa0a2b
f3eaeefc042ee026
1c052611fde815ec
fc10cedd2b060efd
32191a1906100efb
081b02021d0febf2
0fd6330af805d716
34eb05ee2bf5dc16
261405d30efe2f12
e4dbf817ef16ff24
bbfdf7eaf5fbf50c
ff0f0cefd61ff724
1ff51b1ef71b0410
e80c26f214edf3ed
03fe2312f7f4f010
19e4093cc8ddfc12
e204fa0bdae7d9f7
1ee40bddfff1fbfd
0f13181cee041204
0c1812f2e71705f2
e527f0f8ecfbe5f5
0910020df0f418dd
18f51df80805c21a
dd1f14fed70c03f3
f3feec02f02508f9
d7ecd603dbf8e8e7
11e9fa1f19dcc2d3
f507052b330cf9e4
1318ef170de21d1a
d505e70113e92f17
0eededfd241c18ff
e30df5f5f4fc1f38
19f5efeed302cee1
1214f0e00ee3010b
13f71ff5fd0bf001
ec0d03f0dee603fe
1f1ff20edbf2050d
cef7c901f119fe2a
ff0905fa0912f91a
f11b04e2d9fd10fe
161209faeaecf3e1
1f0509243ef10ac9
19dc191c32fc190d
e9eafe02f3dd0f32
f4e8d1f4e4f9f7ed
1f000b15fbab11e2
04250efc0ce901f7
0e1a0103f713f10b
08e9d006f103f91c
f50917eee81afafc
f0031510fa0f1af7
d9fe36fafcf91bcd
35e90ae2d8fd06f8
0acb24ee31f8f919
07f8ebf90352e930
f70526dfd6151731
fd0412e001dff6dc
f6de4012f42a31f2
efe6f429d5bf0ae7
efeb0afbe015e4ee
21021b0ef90ef8e3
1dfb27d304e61722
18d30eff21fc0b13
30ddfafae001e112
0009ed100f07fafa
fafecbcfe8cc0a0a
e73b09f114c72717
1920d3f8fe22d2ed
05000eefeaf2d9c7
f427d8ef05eaf80b
faefe20ef2c3ea19
2321ec292c1b011b
09fd1a0502edfb2f
f7d8e1ebecdbe2fe
1f192115d0fed7f1
def6f40d0ffb1812
ef14e302f00aeef0
0e0a02061b0b230e
26eceb2015e6f5e5
1e1ae3e80d27eff5
0dfffcfef5e0d901
eee528fa110de2fd
fcfcfcfde9c6ea17
2d1f07040b1a18fe
04f0f7ff0ff61908
f8dbfe25fd041ed5
f918fef3f8f71be7
05fcd7ddf9f1ca17
dad836ce191af6fe
2513251ef214100e
e30def0b132907ed
0aeb03f230e3ecd1
e806ea19e101f7fc
00fcf203f5e8e30c
060b2219e2271e0b
0316f9fa06102001
22ee30fcea02f9ec
eb14ee10daf9d804
fb0cf518e8f1f718
06fade10f3012de7
f42312c8ed2b0000
090de9fb04effde8
01f4190dd612fcfb
f9de03f9fdefe60e
261805160e18fb05
f4df2a09fb1af818
02090f0ef9061830
fd191202e6dc0d02
f6f8ff1c26fff6f1
f3d70a120a1cf711
f3290feceb0e0719
06fe0a18ff26e50f
07f718eeed0a1f0b
18e4eefc1af2001e
23eb202de8ff03fc
13f509ef02d8fce7
cbf4ecf8ee06ea1a
3bfafd1d3df1001e
0f2821f3fffce2d8
170de3cd041dfdf1
fbf1e51040fdecf2
eb1bd2fef8fa10f4
fff2d1130afcf1ea
db29feece9f3c00d
2b09150cf4ee0403
d2f415032bf315ff
020cf0141de0f602
dffa0c1304d0fe2b
f3eae2f1ee1e20f4
f50403f5fe0d243b
ffeaf627f1fbf51d
ffeff003def80d0c
e7fe2302ed070508
1522f6dffdf8110f
d62416faf8062706
fc461ffd1603e01a
ef1613db10180ee3
2620cb16f9fa01e3
f606fd13d60c090c
dde7e0e709d318e2
fb09fde4070b24fe
170cfd22e109f316
ff09320ffb1d0fef
201df9fbf1d8211c
dffcdf1a0308fb07
09c015f209e7f3d2
1d110105c8cf1bfc
0b06f3241deeeebc
fef3ebe311c304ff
1ee5fbf711fbee02
c906fdfdfd02230d
17e101fbf0160be2
08fe01f805e2f630
e400f621e7050b0f
f2ef0810fa061302
f8f3dd34f3040df1
041df8f7dfebe4f9
f6ed1001f8dcf2ea
10f20805edfaf9f8
15fae3fff3f7e1fa
eaf01919f8dafb03
df01fff8f700e919
0ce0f0f3de20f003
fd06f014ee05f4f5
fecb2420fd2500e1
fe300c1c1ed50b0e
2b03f72b11fdfdf6
d9e802fcfbeb1919
d6e911faf2e70812
0cedfee309eb0d0e
edf9f8e9eb3efbfe
06fdfffef92010f3
fbe0dae305fce315
1ae0fcf8fefaf1f6
f202e30221070e11
fe09feeafdd9d905
f018f41629d8ece7
05efdd1f1621f310
f5d8f3f7e5eaf3da
000708c9f5d00d06
1f0c10f601fffaf3
00f920f0cafaf7eb
e4030601f81635e3
0e330a1b0be3f901
0b06250ac717fff0
fc1a0401222f01f9
4008e410f108ff17
17e905ee2af0ff1a
fed5e30ee6d1eaf5
e109fd01f30cd502
f017e9fe074601f7
e600f0f6d91ff110
ffec12fd16ef10e5
fdcd39f4e41cf500
f7070500d8de04ef
fae01de5f305ea34
110b010beb01e7e5
f8fc0ceefffcfd0d
c10c04defb19f30f
fe15f6c513fefe0f
1dfb14e201d20c03
f3ff0beefc2cf1f6
04f4c105332d23ff
25e40efd08fc030b
e7f6ececcbeae0ee
f6d10906ee0df3e7
000ff9f70d1d1ae6
f5fa4315e408fd08
f50724050de502f0
190ce41a0720ec19
d9300d01e8ef0cf7
d80e090c0a15f9f1
092902fa08010b13
0317cee1ef27de0c
26fb08362af40aeb
06c51d0c02fb0602
18ecdfdbffe4ecff
ee0406edf9d20afb
140dfbff07db20f2
0cf2d3f308ed0003
261420001dfef8f1
f0eed718e8d603e9
090fe5ecfcf0451a
061af4f5e4fbe205
cd07cee8f8ee12e7
13c729101339f5e6
151918fc34f3fde6
dee6e4ef201d130c
fe11fadbfc101ce9
f00200da0cdff715
e806c019fae80723
fa0f16f8f20d2cf3
fb180af2fd0bf1f1
bef700fbf3ef2b03
06e710e1f1fd0500
2215ddf205e511fe
eeef1accf4c53418
02290226f919e0fe
1b0804eb122beee8
cd0028f705ff0e22
f9d516ff0701ebff
0a0ee701e802d8fa
eae6e8f81a220229
08e814291206f6e5
eb092117faf9db07
db0b02f60001151f
f30f2335ecdbede6
13e7e7f3fde9fe1b
cdfdef06fc110c02
ef05e7fee2f1ecd4
f303171e130a0ce3
cbe1e7d734230825
0705eef4010403fb
0628e0ff1d04ff08
f814051103031534
d5fe11fbdf12dcf0
33ce04e806df010f
fee3fc0702e1fa01
0bf1e316fbf00c1e
f414f70914101a00
e2e608030607f80d
02f91c12e1dc13f1
f8f71a130af8ed14
0305f5ed12f3f7ea
00ec0511dbed27d4
2af515d604e30aee
1530241100ea000c
2fe6e911f01edafd
0bedeb141b200ef8
010103ee13ff010a
edfb1dfffefaf7c3
330a2a0ff7fdfcee
fa1d02ef022af4ef
fcfce4df0400dff2
fd0519e81710290e
102813f012e50328
0e06ba10c21afe03
f901fc2024f3ff0d
0bfa24fff80ce550
1a240b1e11ea1414
e9f514cd151df70a
e602f9ea00131d23
f2f336ff0ff5fcdd
e2e01a12eef3e9e8
1104fdf9190e0e07
f030ea01edd41a28
14d1f9d2f7e5d007
1c1614f1e5edfb14
fb0ae605061f0815
e5ebfd0be4ec08ec
e1df1706f2e6fb03
ec12e2060709ea19
0bf1f1eb230af217
00efef1de8fa2ff0
ed061a2308e4200d
e2d81308f3f2f9e7
12e3ef1ece2d0313
e8e6f507f603fbf2
0201160af4f0da04
03f8d90817ef17c2
f8e305fee50dd9e6
1c11f7efeeeace11
fad0f51afd001300
edfeead90c3b070f
18fbf4e717ef2afd
1518fa01080df904
f3f80902faf707f5
1a0c12df1b0509e5
ec18eadc142600f4
080910141bd3eafc
e5fee1ebfbff0aea
0b3201f4ede11c24
f62c13022b280230
3607002ff3d4ffe7
0e1916e6fbe3e2ee
1efc03ffec2804e6
00e2171113df33e4
f2060405e8053be3
07f609f3fafd0105
1207ee150c170ff9
040cf0e8f8e3ebfc
f80123121a0d0317
d70bf61809f3ee23
fcf1ff202ff70124
e8f10321f333def0
f707f205080319eb
d2222106f224e40f
0ef504fe1dfb0108
ee14020aec2b1e10
dd15fd1020d6d9e2
f9ff13f300f1f421
f211e6f6361b220c
e30704032a020903
0e1af311dffec903
15cf1a20131f14fb
ed00d7e5f4d21627
0be6fbf0d1e71500
240ef40226f001f7
ea1dedd8fa1ff70f
0cbdd3f20df80321
28f617142c02fce7
e21c14ee1e0102d3
171ad5ebc5e8e921
f9eceb010ee20b03
17fd1ce9f8e50b34
06d3f7fb18132cf0
e524183af70ae8ec
13070feadd00ebf1
0134f711ec091503
f917f0f7d402e5f5
fcf71b28f11dfbe9
190e32191afa15ec
d71af123e9fd00ee
150d00e5012b17d8
0721f7ee0a042916
fbc11f0af7f80c14
0e0edde104ecf6fd
faf200d52cf908f6
261af9fef2d22200
e3bf14effbeff2f5
ec33f1ffec2adf0e
fafef432d7f80dfa
f80b02db0409f9ef
1200f1d7e51bdc02
02fff031e6f90a02
ffe006eb0b0b0c1b
13f7effa14010b25
f3c806f9e0d3ff18
4211eafee807fc1e
ee0bd62f04e3f813
1c010e06efd50bf2
09252befefff0aff
f9fc01fb2ad3d4eb
fd0d1e1f08cfd0fd
effbe3eb11f70ef1
fff7ea04effe0ee6
cfe3290efc4806ee
14f7fffe08ede5d8
fefdf301cf08120d
0632f318f0fee71a
fcfc02fff5e3f209
f8ffe601ebf8ced7
14f329ffd8e12d0c
1612ee263317e0e2
ebec0122f01721ff
160001130af4d3ed
18230cefe613060b
060af90716010d1c
31ffe8f6050f0d12
19e10ae5ce0affe1
340ef80eecf81df7
12fdfee01f070722
ff07e608f00e1af5
1d0d15e0fff8f0f2
f40639e5020f1af0
f5f9f4ede3e6ed0a
19f606ff05e90cfd
e7f8ef0a0d0607da
f705f5fef0da0e03
fd08102a01060a11
f712fde82710f105
1e3dd8e9c41720e3
f4fee3ee0b130109
04d31b03e6c1fe20
f12104f703e307f9
d1052826eaf3f3e9
1ffd0ad0f317e8da
f0f7fef6e50913fb
0c03ede61f1114e8
130a15e2e80b180b
11da1202c6e2f70f
0014072e0d1a360f
06e8fdf103f90108
fcfa01ed08cb110f
0de909f3ebfb0f1c
06fff3f1f335ffb8
f92603f12112db02
01f0f2ef18f8ebf7
f4ef1502effef5f9
00f8caeef5f10516
16f1f10f223c0e1f
f9ffd6012a0bcf33
150c0de3fd05070e
09f4170cd8f312e6
ecfd3bf507e42418
ee290de8eaf804f7
f4e30e0324fefaf1
e410f1e3d522e0dd
001d1cfdfa0dfd11
0e0ff6ed04dbd91f
13cc4a22d4f1160e
0bf81907060dd006
2e25f71ef10e2fe0
21fd1aeb09d5f6fe
e00e1ae314fb0aec
e5ffc4e324cccf19
01fded21091b0e1c
0cee18fa280c31f0
f1f5fff2fb151cdd
ffcf08fc2d04d704
dff1fc091ddb0a09
fd0e0827090303fc
0e1d38f316e50700
1c351101e9e51307
010e13f42ae72a35
ebf201fd13f620f2
0fdef7f809112306
1306bae9c018de00
fc21fbfbdff11005
1aeedf16f515fde0
f8f32e03e4b31505
d8e21ef329f90119
e4051a11010d08f3
e8f3fc26fb0a26f1
0deef8da3bdd24f6
02fae5f602efebf5
e1f2f7ede5e10f16
15051de0ddfae2f2
d31c112df22bff16
f9fbd1e3f2e3ef12
f1f7fce911e91303
11bc0d1c0becf6fe
e2192914070403fe
f7b6cff620191a02
efd6f7111af913ea
eceed314e2daf50a
fffefee5fdd10ee1
0dfb0cf52814e2f5
ffed1adfdbe80900
cd1901fc10f80507
f8f9f819120fe00a
deed16ec11e91608
f7f0e7f30c440108
e113fefde9230e00
f212f908e4dc1c0b
0b1ce2f0dee4de30
0207ff2c0bf01de7
e105081027db1701
f60100e8d40e29f6
f904e3211b3c05ed
f308fbfe23e71cf6
100ffff8dff0fa14
e40c0e1c12e8d20a
efeb21fe0512f419
f003ec54120e1210
eb3af7150524ddf7
1d040ef80627140d
f61912fc0fe40213
08130003f9f21302
140df2cbfdef060d
f91ef928f513cd08
0bdefd05d2ebeffe
05e5f028eb2a0706
1100fbe7d6f5000c
0616e7d4e302e8dd
0aef1009e0f2fd0a
25f309f3fd25ec26
fc15d102ca1902e3
1816f2fa02e604f7
0bd218dd0b200cdb
fe030ffb24220b0c
fc13ffd5e7171efa
fde40407031d0fe6
1df6e400df0b011a
03fe2610dc08e3e9
e509fa1f08f4cc1b
fd3bf602fe0af3f3
dae9eb0d01d6f505
e31b090e36d5c1fe
16ebf2f1320403f8
06180d22ffcbeee0
1106e9cce4d246ee
11fe0ff1f5f61101
f3041613ef201c0e
ef15f012f3ebf501
051c3006ee210afd
d3cee124faeefe25
eaea350af5e4e60a
02ffe4ea370fe2ec
03fef7e81e070229
dc081b1d1efced16
0afc04e9fc04f903
ff150223f00ee9e6
1c06ef0633feb1e6
e61e070d0639e9df
e30bf1162b0bfcf3
f0c928d8e4f6ea10
e6d5e425ffef1ded
10141b18020af801
18e81202e00213f1
151b06f9e10d13f5
f50006f608cb26e9
ea0428f42c14fbf5
f2f40b0312f7f0fc
1006eae7e1d22ccf
252815ef0dfb0804
ff0fe822c50d01e5
19f2e214df1e49e2
f910e418fb1504d2
faff1dcd24f7d1cc
0b2f0aeeedc91230
2e1ae61706e1cf0b
ffdef60bf4e5de11
f838ff09faf5090a
f0ede416f2181c02
14f2eedae9f02531
14dee6edef11032c
faef0a00c6eaf70f
dddd1df8d30ae5f7
f00c2e1d2bf5e5ea
46f1df07f006f831
1aec16fafcedf905
40f2e50028270bdc
272af30509eff7f5
fbe0e30a1103fbdf
eaeaecc70c0901d3
ecf818f0fd060c0b
fd00f6e8f3e72011
f3f8f1020d1824dc
172315e526ea051b
ef230ec01a19cf1b
0125f3fe1ae91b3e
00e93e4a0bfed60a
0effde17e401fffe
12e41112fae0fdf1
13210900e4b7172a
0b181a0ef8050bef
28eff3f6fe13d81f
0512da46f82404ff
f2f50c061129c902
1713e62cfa1d1beb
fbfad73c05243edc
f31318f1ef0f0800
fc030bfd08f9dcdc
ee1be801f009edee
e90a1d2046d7d5de
e6240c1501dcfa0b
cb0118e8e1ff05f2
e6f7ee132ae202e3
17e815ff1d04e807
050702d5f2ebfff4
fff0f30b12de0d11
06f3f7f60604e4f7
f7fe000b233b1b23
f9171e030ff21eeb
fdd012e8e2f1fe22
1efed2e33cebf4f8
1a1ffd04f3e20017
fb0827ceee0ef216
eade05e7fdd70722
26f0fa0a1bed0024
1a02e32d0beebcf9
2efedffbf4cffa20
e3ef0216f3361c12
02fc1de91200dc0f
080cddd713e7f807
eced190417f52124
d3dc0904efe9fd17
221a10f2f4e9ee06
edf30d051ff90506
1012f40fed1bf4f6
dae2e032eee007d8
eef7f4fd26d3e01c
11e6120607e42906
18212d10ff070adb
e8e8dafced27ec0b
d606f306012019f1
0910060fdd2d15f9
ff07ff16c9e9df06
f1e81de905b904ef
0510e307ffc60005
0c0d06f42cd5e615
df04dac3e7faf8fc
1505feccf4251d05
cffb0df3170bdadc
ea16fde72fee29f2
04fc05d42102ef04
f9df06e600e80cec
e3fb0d05f404f811
ea18fbff1c16fceb
10e4ee150d0f3211
fbf91114140d0302
0fd7e31605030916
dfe70bfc1be6f21c
f8f3dae4cff909f5
31010f201d0914f0
f5cdf0f52300fa0b
ff0f0906cd080202
01f90de4fbff0b0a
d5d9122f0bf9000e
0810fcfb100923fa
f8371af2feed0b20
e7f6dd18fd0cee0f
3b25d5f0171be9ee
e707f9f7f3fee9f8
300f1da503cfd8fa
fd01fff9fe17263e
02f717d8f402edfb
1819c703f8e50306
081c03f1f2f00b06
d5f40d41f10bf3f8
f7f018160a12e7e6
26fceeefce12f41c
eb160204e60807dc
f3f8f8fee8faf8f7
01eb2adc2304e4ed
1902fc152928dbf7
fc0108d10df4d804
08ffde15def0e81f
f7f4030be1130902
2703f80606f21dfe
e805e9081de90a09
11f6eefbd90ae3eb
fbf2f5051f070ed6
0ad0d5e1ff0ae42e
daf302150bf0e739
260b07fce61c11f3
fdfcffc0f9211314
2ff3ebf8cafae806
fa0eeade06f3fffc
10f0fef627e71ff9
132eff26f4111ff9
2f1ff3011514f5ed
ffcbfbfcffe9e4ef
e415211af70b1cf0
f117041412e41cfa
0b1c08df0c15d60b
fd04faefebf618f9
dffed2f6c5f70207
0beabefaec1d331a
26eef7fbeb0c041a
1ce8fafffefe11c7
29d5f40c10d2fe27
0b05f71f18f3fd1a
ed0720e83abcf817
f5f50502beecf814
163521071a35dcf7
220ef40cd4e23103
0ce00e134efec510
fee0120500061026
00d2122002060e01
fb070629fef704d9
060abf1439e016ed
021f00094501d02b
ef030a0d081411c7
14f109f5fd010500
f8efe411d3fe1c12
fd28ecfb04f9f3f0
36e512fdf9fcfc1e
1201fee61cf8f1dc
19e111120505ff19
1a320ff4fc3121de
0008fd07cf21eeeb
cd0cfb1f04eaff14
1de522f8ecdbe200
f616d4070c1cc4f7
fcfeeae9252de8d5
022a00cffb02fd34
cc1b1125d30312fa
e106f2fffc0df1ec
1bd60110fa351304
00d90c23071e19eb
d6d3fb0f2709efc4
f2050afff207edf6
ecf80303ebfe29f4
10151604081c30f9
bcfa2a09f6e5c4fe
1efa0c36e407f9d0
fef6ffff28370f19
fb2005f2e212fa0c
0623f2f3e8ff05dc
0c1824e4da0a0e07
f0ea0afffd0d01e6
0323f7fdef001328
df0afe3b11141404
f73d1ede100b15fc
08e9f7e8d4eef925
26fae50a06140fef
fded0ef9e9fc0a0b
2ef8e80bf6c516dd
f5d3f8df20ea0b13
f6f90d122d220206
010003fddd2cfce7
0c2cf5e3e6001bda
1905e9d71f35e70b
27f9ff0d0411e7fb
df30faf225ff0e18
f3ebfc0de9ec1ec8
0f38150b070fec04
e7bf00fff1070c02
e404e6db0a18f9fd
d4fa0bf3f5172214
fdd6cfe9cd10fe06
13fe020ae04df208
e72336f310ffd505
f21503e90d3fdb0e
fdfa0a0b26f4fd12
d81af008130919e7
ea1c110de2f823df
f51de0ee1ff5e124
fdf6f4cc18ccea1a
00eb14fe18080117
faea031d0bfdf1f4
fcfd070efd4931e4
d600270fff050814
06dc19de00f801f6
ee31eef721012ef8
e7fde4fde9092dec
ef0100f1e0fb0f02
f7e414f2f0c0c825
280308fbdf24d200
1a0d19ff1fe026fd
220b1511fe0c1826
17ec17f5e3120e14
f617d719d11c1802
1dec05daf8f80a17
15efe508f3fff5ed
ef1a1c23fc1513d5
f6f4f412fc07df01
f3081bd9eb200200
020cf2f11c2808de
fb10ff0824e62d1a
04f1fb0fe4fcfd1c
02fc0bfaf3f3fd08
05d8e0e713f1ca12
2cf9e4db07f2ede8
f91e19dfe4fd0a02
1cc408ede4dd0e30
ebf3ecfa2a120cf9
03e6dd1de4f108e1
08e60d110812f4f3
250ff733f20ce52d
ef0bd225e303fc05
f903ede7f2dad416
050ff611de05061f
e11bff03020fe0fc
e2e90a2cfdcff2f9
0508fdc40106081a
12fb060de61b0f00
dedd24ffeafbe5c5
e7d505e52aef1f11
eebbddf102faf203
19edd6eb22e911ea
dec4dc0afd3414f9
e44011fbd1ee0ef3
f601f90409efd4fd
0d150cfcf714e4e5
20231be2fc050afe
05081a14f01b11ff
09eb05f82503e713
100100ea1e11cdea
ed32fdebca1af222
09f001f703fbf8ee
e7132df6d5f5e4f9
08faf1e71a15e8f5
0ffe2be4c9dce703
110bfe1a291beb0d
0dfd1103fdf52ed0
fc0b29fbe9fb3912
ea00dd0e0b3509f9
1df4130df10eeb0b
15e9050705f2ec11
f8e6160d15ce3e19
fe393113e9f2ec1b
130ef90b0ad5080e
f3fe31f0f41fd8f9
ff0c11110800f0fb
0fe5f70e0e1d060c
f72703f506360ae2
f7e502442b021a0a
e11de90105fec9ec
03571afed0f3de15
1801fae900de2bea
fbd1e5f41510ead0
f8fa0fcc01fb2418
110adbf1de2811f1
f0e9ef0c051807ea
1100111005060afa
f2ffea0213eff922
1c1112c013f322e2
22051ae80708d6f7
0100eaf1d7100af6
160dfae9f20a12ef
1cfa020c0623102c
f315e1de12e2fc0d
171015edfee5f301
0c1ceaf1f8ea2b2a
2b11270bdc17d51d
e81c132ddb0c09e8
f401e8ec0606e6f2
d80af4ef010b0df2
d405f43518dd2014
3105f605ff11131f
fdf2df2ff3eaffe9
fa1402e7f3ffff08
f319f6142cf61326
dbefe931f70ad9f7
fdd928dd020e1525
fb06ea1d3408d2df
e62c15f4e3fcf4f2
fc19e449f81c1ae0
f81d0cf017234714
f80108021506e7ef
fdecd219f6ef1318
eb3310f91a03fefc
13d41dfdfcf6ef2e
e113f7f1f315ff3a
060debddd124ef2a
ed2122361a03f61b
052ffaf305e10ee9
1c21e90309d0ff0b
010e0e0e0ade0cfd
15bc052a0e08ef05
fd16ee001616101b
e9fd09ee3df3efec
081ef91cd0ee1504
e9ddeb24fdfaf403
eee0ca1a01dd1c4b
fc0de1ed02de110c
cde2d2ec35f00ff0
19dfe3ff100e06e3
02f40b011c0b0dfb
fd1010cf07ea1de1
18aa27b0f60411dc
1bef06300f1600e5
f1e1ec03e303fed6
102001edd9ef0f19
ff04ecf9e5e5f9fd
161d0b240d1812fd
08feff161212faf8
09f2100428faf0d6
0b06ec18f308e91c
0718dcfd2a162317
f12509d1fc0ae112
240ce60c2effed06
fe15e81acb100ff4
f604d4f20fffeb07
edd8ee0c00e5e9f1
07f504d0101d130a
fade07e8f0f71bcb
e8dcf4f3f1f402cf
f505f3edf430f6e3
01020b2ddefff607
f9cf2a0df72ef609
11050fe7fceefef3
03fff8ed09e60c06
1916ffde1f271a18
09ff1ff6e8f8eb0c
fa2101e322f10afd
03231af9ea31f7ef
12e8ddf524c5fdf7
130beebf0b04f0f8
17f6e3e0140fe402
1bffe127ede40ada
0802ee0310e41ced
02cefae023dcfcfd
0b0a28f70ff20a08
ea1313f6ecdef914
e12009050521f021
0ee7e8e7ed2b1dfd
f8fcea0a07fee9fb
071af303def0e323
eae7080cfafaf326
f904fe0e39000fde
01241603faf8ec02
174613dafd03feed
101e0ef6efeefecc
0921defbe1fffe05
0808dd0ec3beef2f
18d43517e2e50aec
f317fe180cfdf919
24f9fced3b12e217
07dbdce416e3fbfc
0fee08f71603f908
1113fd202c15f505
1d151cffe220041d
010900062409fcff
fd0aeceaf5d0091b
fdd1fdfa10fff2ea
fe16e50f0ffee906
2f09e5c8021907ef
e312eef2250df9f3
f8e607100310f105
e4ca11041100f81a
f80efff1fae31354
ecca2b20e5e0de08
11e80d0e23ff08fd
101bd6ee0c1300fc
f2281df6f31101e8
0401081aea0d06fc
1216240c100ee527
f3d0030a291e1a15
f4ff28fbd9f4f9ef
0cf604ff070ff0fd
dd27fbfef6fcfcf1
ea0d29e12d0ff7fd
01f904fce8fa26fe
fc12300c0403f2f3
12ec160a08e7e8e3
eefc30023ddf1619
f61929db19030bf4
0cd5f2dcfafb00fc
f3fc02ece1ebf809
1bf3fbedff110ff0
ddea1706e1dae800
0603050b1b421022
0af9ff08fd3ff6f9
0ff2f03b05f3f8f0
03fcd1ce2218ffba
f2f608fb061cfc0a
e90b14031722f72e
f0eb25f5fa2821fa
10041935e1f3fe18
0fe5f2151005f6d5
ed1911fa0ddefd0e
0fed07120611fc06
d6e6dedd14f413f9
dff1fb1bf8f41b31
d905f96f1cf4002d
0ee9e33013051019
17061b0b19dd0514
eaf229e41cf7f8e1
16fa1bdcd2c31402
f9f0f50ccdef10d7
f4090ef7e8e4040a
1b0df30ee7e62626
f43c36f611f6041b
20f509250424ef06
002af81406020bf8
0211d816122d101d
10290be416160cf6
16ed33090f23f4ea
f3e909f4f5ea00f3
02f2e11de905f300
fdeef606d1ecf312
f510f4df050d23cd
f5cfeae6f419f6fc
04e5dd00c9f7f0f4
1ada010b0e031908
041f28ee052304cf
ff1101ecede7def1
1f03e2f21f070204
0637e8e70f290a0f
e210dc02f8fce9ef
fd24e6f21d0e00ec
0a1101b805cfff02
f0e1f706f6d4edd3
fcdeeefbef010c02
00220dd5d4ef00f8
ee0101ef14360014
fcff0cf81f24fff9
01effd0111eeeb02
fdf7e72ed4f31904
eefc150c18fdfeea
f9e82bec0a2febfa
f5ced8edf60e05f5
0c0eeb090ee5f3f7
ef2a10001efd17f7
ec2c03dbf6eaeee1
0f10c505e5f9fc06
f2fcfcf315d6ceed
1628f3a7fef3ff0d
e71cd2e4fa06f007
f0eb0007e915f5d5
0010e0edf9e9f722
0be712ea0d04f1fb
070f18213717f4f6
160a0e26f80d0901
0312013ee20c0ef2
1100f2380be7fbd9
041ade021cfe0de3
15f3d41803421109
ac2af7e80810e6de
f9faf2f5f2f305d5
df02281e10fa0ff7
f9fe09ecf7f5eb00
f7eafef21201fef9
14170ffcf0f00111
0b1025f8e4e91ee0
f5e416fcf6e71522
f425200427ede729
f5e2f43afc07f5f4
fbdfdd01fb2feb0b
e5ea06270e07e4df
d9031546ff2fea17
13df34eaf0e5f5fa
faf5141526f50704
07f00ee70a09ecf5
0617c7f8e1f7030b
03001bfa031cfe13
0fe42214f0d906ef
e8262114ede93822
fa1ee3f6fbf9fc0e
fe0efcedf8fbfd2a
1e3bf9141910f122
07e91342f804e9e4
feffe016fd200b1f
f5df1506f725f8f7
f002ff0c22fe172e
040feef9ea1d28e5
1302e4090de7161d
e9f903142216f3e5
0ae1e0ec1f0bfc00
f1db0dfce70bfd25
24cb1cfefdf7ed07
f3dff7160bd6fff7
0938f8eefc1309ec
f60f2bf8faf6e50c
fb0df9f427ff0e03
080b26e1cde20505
1d25f0182cf4fd13
120ef005261fdaf6
0a22feeb2a000808
14d708e9f6091d2a
efef2212f9f6f30f
f90714050b0cf526
1de8e922141f18f0
e2001a10e90bebf9
fbf3e314dcd921cc
05f112f217ecf81c
f4f9f511f7d005ed
fad91c01fae7eeee
0603df1406feee06
0e33daf3f7ef010b
ef2008070712f305
fe17093018ef2c1a
0cf4be0dd600fa0f
1c2206fae8070104
11fd12e40203f4de
02f6d9e8e10efbda
242deeded623080a
0a0a11c3fce5f6ed
fff7e213000b1406
020ef9f400df010d
ec21bf05e2f2fbee
fce3d6d0f81be11a
0a30e61223ec1f06
000310d82206e10d
ebfa12e601f0e8f7
dcd70a07f00ff7fc
e111f6e51efcff01
d7e01c08f82314f9
ecf02adfe01007f7
07f626ffd7f60f2e
e512021af2dbf3de
f508f0e61416e71b
db1ae9f200152311
f810e80bf104e60d
f646fd4b111be91d
20ecf91b0304fd02
f2ef0a06f5031c12
04f00021120f0215
09f6100cf0fff4ee
05d1010322fdea08
12280c1feafe0103
171ef7dee6fcff09
00e61ef1d90210f1
f5fac4f4ed0f2117
23eadc29f2eff700
f9d6152eecdbf514
0702fdda02fafbfe
04fdecdbf31404da
efefe90de4eefff3
ed07f30efeddf6f1
0de1f5f51006f9fe
ebfa1a0f120b1904
fe33f609e3ea13fd
fccf17251dffd7e5
e7d7ec2f01eeedf1
eaeae00afbf11209
1210fd11ed12f72e
f9e5f3f6f8d50ef8
e5def3f91fdeedfc
0b0d190c1807ee0d
00f9ef1101f9fef3
062726f4e219fd05
0ce30f11f407db1a
0e140ffff1fcfdea
04ccf517e4110ad8
12011610f6ff08f4
ea14f2e8110ef4d8
e2e5d5fb08030a1d
fce2193a19060319
def8f3fdf8f1fdff
fafa0005e203042b
ed081fe4fec71ef1
1b1d09f3f203f717
060105fded06ddee
132f022ae52dfe07
e6f8ebe50de4ebd9
1bf4020aec131af6
193fe5080dca1525
03f707f3fc13f218
0608effa16cb05d2
0308f21dd70ce5f5
13e6eb1c04e4fd26
ff16f60305250137
1b1ade10ec141007
03c7f71afb4a1804
e40bfcf40efef30c
fb0705fa05e006f5
07f2e71f1e191cf4
01ce0f1708082014
131f2607171119f5
25edf1fb19edfae5
e4060df6ec1607e1
fef6f710f5f4ebe9
1ceae5daeddd1ff3
fa2907161d181ff5
04f90aff1517fdff
f2db1b0a0308e30a
0e06f9e200d00608
03df0200df2ad0eb
02e506f0262b15f9
000cf4d6e908f40c
efe807e2e5041115
0a0e22080c2e0b14
f823e2230df0fee3
f0e6081f29e11bf9
e0e3ef12330009fe
03d7fc0aeff1fbf2
08f1fae5ddfdeccd
10d80514d5e5e4f9
f2f5de2327ee0019
0a063aed120e0111
f732fa2eec083406
f31019f62613f30c
f2e5ec07ede4e91d
fbf3f80ff8ebe812
090e1ff80fd614ea
0f11f0fbf8facdfc
e4fbf6fdf3e5e806
db0afb390b10f6f3
d2dfdff80005f5fc
edf5f910e50be342
fdef233a36f31811
08ff00d9f82212e7
fdee0b13d1fb071f
fc070af6070e08f2
ddf92012d8e900ea
f2000f050f10f014
1126f0d016160cd4
f818050304e8e4e8
02f8ef020014dc02
0a0501eaee0ed712
f4ea18e5daf7fa31
ece4ff1308f1f603
e1e5f7180911f700
1a1907ffe91c1317
ede5150c200617fc
f7d3080e0fec031c
d3100a181e0a2126
ecd5ea3b17ed100a
fc1bf8ef3d0b0c01
f20f14f4f2131003
f6f930f5d20f2410
f4032234f2ff04f3
0603e7fd1013dfef
1200f50afc22fae2
ce1221f4182f09ea
0a02ea01ef0c07d6
fa0905ecfbf22800
eb2ceb11feeefd18
0923e2f318e700f8
e93fe0ffeefe1125
f21414db2ff1fb04
14e7170aed0c07e0
16dd14fe2a1d06d8
fd1903f5d20427f9
1307cb232601fcf2
010acdf7faccf0da
0d18e6ebed200151
032620f3ffe424f5
d00809d1e11107fd
fdfd05cc0c31fc2d
2301f8261fe5db22
fc053dc81b01f702
00f9de09d0050510
ee16cd2a05190cf9
f52fddefd1ea1613
ff1d15edf5df0212
15f71200e015fe26
fb020ef1db160afc
f82128003915e204
0d16f0fac2120e2e
f5ecf7081a03f602
0c1907fd190f1307
0f3404db0ee8faf7
00d3f82ff3df0b07
e6ebee1511fcfb06
f9ed1fe906e60e17
f1dd010dfce5efd9
faf8e02217e1f10a
0419d51aecdd2918
0444da0c2ef7ee21
0ad226dbffe50c20
030efad4fc041827
211d2805df06050c
f3121b1c0cf0121b
ed29f3e6e90011f7
eef1c9110221fecd
061b10fbe2051025
0c40effcfbf51210
f5f71501fa2ae1fe
180efeece213ffe6
0518f9fa2ac9f111
f80ac9d4f02226f1
0201ebf5d2fc18fe
faf80fbb1af0f8fe
02e20d0013050001
fc08df22d8101219
07f133e402f20c07
fe07051a0403ffee
fde20011b4fb0f05
fe150c27cfecf00b
14c9001903ed361f
11f9d7f525ef0705
24f8e7f903f0f512
24f336fb09192117
12fff7df1e0a071a
1038170922f9191f
dceffc01d7fffbf5
0fd3f1e70f2ff70c
f9f7fe02fbc7f01e
f6fff008fcfbd0ef
11d9fbef15dde7f6
ec1bc91acad911df
f9280ff8e702e6ed
09e0e518f20c05fd
1ffafee4fafe02ff
0403fff1e8c1f8f5
f50526e4f8e628da
eeed2903d4faf415
0ef4f3fcd01d0b0c
ffdbe41bfe03dee0
f7f916eefcf70c00
fdeb090cfef4e9ff
0510ef0eea15f511
f819102f25100e03
1b0cc50208c3fa1d
03050ff807de03e9
10091214f909ddf1
3be70513fd09e8e4
0dfae0f51802ec0e
ea00f6fa0411e3eb
0116f9471e08ff12
f6d92aea06e80201
fa06fdcb2917f60d
19da1a00fb0b06f9
f10a0af30934fa10
011d0b1114fcf90b
0729e7e000fe0018
ecf618e11314fa11
33eee01cf92309f9
00cffc2ff71a130a
f6fa201d07ec062d
1c1306f60606e201
e0f611ffe1ddf80f
1a14fcf5ef0b00e8
00f4fcf9ff2c1f11
20b6ef19e7f30d07
faee0c1cdbe5ffe0
f0001c39f40bfb12
162813fadc0ff2ea
06e8f0e51700f5ee
0ae40418e6da00fd
e1edff0f0f2006fd
0c0013fff1f008f3
fbde0cfd021102d4
f3f51816ffd81021
e8fd0fe0e2e8fef5
061c0ae4ed26030b
232ef4cddbf6fc0c
0d281cdbf2eb02f1
f3fef82d16e41dec
e3f2ff0af70afb02
0800d4c605120ade
1cd0f6fd12011fdd
07e41fdf0828eef0
0719fcf6cefdf7ef
f733f6fadd0800f0
02e8e23b0ae62229
091724f5de0a0201
e91d2a0ff104eb12
0f11f6fdfee50822
1707fa0bd8e6d9ff
f6cbf6f105ed10ee
050bff03f021080d
17e624e61511f8f7
e107ea100f0901fd
0d1929150312fa12
15161febd003180f
de12101c30f8fa0d
1c21fa070ff01409
fa1106c123fc29e4
08f10af5ecf3030b
080801262306f7d2
06f2f0022ffa13d9
0e0ff70d1a14ebe9
f53803e4cc03f4fd
ef24e311051a1203
1be912e0f102d9f1
000c17b7080d1100
21d2eeee04fef7d1
f2da01efebe702f2
edeeedf0e80713dd
ed35f8d0fcd90e00
0933f2eae107100d
1edad22c2d17cfef
10fd0bf1f80cfcfe
01fe200f18e602fa
09072dec08ee24fd
edfbf5f10312ef0b
ee09322306f6f41e
03d803e4f9fd1502
e9cb1439ceededf7
fe4007fcf30604ee
00ebfe05e8cfffda
f70220320e02fbfc
e40e090a1a08ff12
f517f0062c04edfe
01fa0af023fafef2
e4f7dd3617ecf7e2
e1cf1cd922f005f1
14d80ce6ea24fa07
1115f2370df6f0fb
dc0a142df2e42004
0b1b140c22f7dde7
1106131d2a27fefd
06e6e5091cf0e7ec
1a1118e9ff030a10
fff91e180707feff
0efee8e105fc08f4
19d3fad4181d0611
f80623ea071bfc1a
28e6e328f7171e08
e415f4f6e009eb03
0104f714e6f5350d
d401f50ffef7fd02
0420ff1deae2e001
e3111719f919d337
16dff120ddfb19f7
14e7fd150af02103
17e605f412110b0e
140701ffeaf8efdb
05f50fff0a1efb05
180ef50f14e9e0d3
f411e218301ff8d4
fbfce4f3f9df1231
1aedf1eaf70dddf4
e5fd27ddf3e20e05
3bf0fd1b241a02f1
d40d120818eef9f3
ea08daea10f2fc13
2fff0f10f00fd501
ed171cecd617dee0
d9dc00df02fb06f5
1a160af1fecf02e8
fa02f1dcd32013ed
4be21507e3fadfd4
2021211ef1e7211a
fc04fd01f61affe4
0fe7f6e4e9440cfd
24e1d8ee270b1b02
1601120a2e1236fc
36e718011408f21e
1706f5f305fbf3fd
0cf71012ef21f118
e7f31b05dae7e815
e6ee07d9ef1bff0d
0cfff300e910150f
d0fc0112e42636dc
2512faea00ff06d8
1f0917e6fcf71617
e1ecf622ee1329fc
39f30619f218d3eb
0315ff170f14d7e8
1af70de90df8f3ec
1ff6edf9060b2408
c5efe7d90ed10440
00f8140623fde1e0
10f113eb06ea04cd
24e302e31ebff3fa
101912f410110ae1
fd050beee415df14
0ae8e3210520caea
0cec2afa2de014cd
f1fdeefa2dfb08fa
f1161e15cddf1603
15f7e8e4161815fd
15ee080f170e05e5
35e20fd9dffe0002
01fc0b06ff13120c
f108fffd1800210c
082b33edfa05fde1
f50c03200340fbe3
38ee0d1ddf1dd6e8
191c17efc5f304ed
da05f9e115fd0820
eb10f20b19fd0329
1c08eaf3f9da72f4
f401fa22f613f20a
2a25d60af80ed303
fa18f03303f1ddeb
b905f80afcfe05f8
200f04d4ee0d0416
ec28033c32fb1f14
f810e3e400e51a19
f3f30600f106ee01
0e08192be7ef1229
ee1ee71ef41803f5
ef1bf606e1f026ff
11d232f9f9fdd9eb
0f2c1515e118f536
fb121af5d70ffb1b
15fb110c18fc03f1
f20afaf9f6ddfa08
2710cf17ebea06e9
fefafe0feae6f12c
ee13f62d22ea0b1a
150d23d4d7f005ee
0a0b3112e00c30e7
dff1e30e2a120c0b
040600171dfcedd5
f0e912d2f1f8dff7
04fb0d0c01fd2ffc
ff03fafc0bffbdfd
2327ced0f60d001c
2c1527ff0ffb0af0
ebf3e807b509fc10
0f040e0bb5f62200
13e027ecdf060bd7
e3f0f8da13e4100f
0bfe1a1f1417fe05
fadef0e60311d612
0d1207faf410e30a
fff302fc2d0a0ffb
2afcf9020b03d30a
2108f326dfe1f3f5
f300ef27f400e1fc
e3e80ce6fddfef02
021b12d3d529ff30
fb1c1414ef06eb15
11ccf5fe4840f401
33f80be4032120e6
2df000ea16ecd3e1
0f203b20150cf922
ba0ad0fd06f7f913
21ffeaeafdfcf409
f610180302e102ed
b61e0308f60bf710
1befd7e23c0a100a
15090a12f624f5f9
09e0dbf309ff1428
f5f2fb6410100612
12e01adaedeb0705
f0e607e321def9fd
092601051a13ed08
fbe4fc0df5f3ebfb
dc1b1311050bd9f2
16eeb8fa022ff628
e510dc0a02d01cf9
f50506e50ee5eff7
dff807fc180e1810
d017f5fdfae5030d
e7f000c9ef032920
efeff3edfb0223d9
f4f7ddf7051ffbf5
ec060510fce81629
f030f70702f4f6f6
ea10fdcdfbc2101a
f9091d17d9ee16f2
0f02fafd050eeff7
1b0afef32afa1bd9
ff0afa290aef06fd
38fbdeeb300614cc
26e010eefa0c08c5
37ef1cf702bf11fe
2af104fbf329e2dd
f0ebf8000b2616fb
ebee1c17280313f7
f81df9ec2160c7ed
02eb06f0ed1e04db
feedfa0e3c00e5e6
22e6ec030c1af6e6
13f2fb09fde7000b
ef0f262c1f35face
f9f4e40049f4f9fd
ddfa0312c9f1f4f4
07fbf3dff0faf024
f82df4100530f625
ff0523f1eb2410f2
f0dedbfd050af4f9
db060ffbed04feeb
e706f2f10609eb10
41010025f9ec3613
f304f0fffee3c9fd
0808f317f12dee09
05ef262cec202514
080321e611eb14ff
440c09dadf1de135
31ddfef307ffecde
26d1fef34c2afe0f
e207ee0205ce27f6
040e11dd0bf8fcf0
05e924cef0020701
e7f201d814e029d1
dcfefb11fa3509fc
f8130519eaebf90b
f2ec092127fceb01
ea12e421f8e2f2e2
cff70a0225030cee
ddf4080704e4efff
e0081820ee39e714
27ffeef6fff10200
042102f01ee8fbe7
da060af214f71c15
05fc00250ff519fd
e5f7f5f529e9e1e8
fd0cfdeeea06f309
00c3f2f911ddedc9
07d6ce0513fe15fa
0000000bf6e507ff
e7f92a0c18eef5df
05fbe20b03d4e0ef
0602fd0ef5e5fe15
fde90df0eef50af8
fa13ef0d08c620e2
11edf7eaf60ad7f3
06dc1dfa260cf610
260432cce1ad0cd2
f807d1fd16f90b09
fcf4083804d7eef5
12130ae5f1e2f6f6
bddaf7f4f90af0f6
e010fd0908ca02fc
0cef010a1806fed9
e4e9fffcded9eaff
fb0a05f30630f90b
e704f7f70c0bd4fd
21ebffe406e2f8e2
fbdc0be2e51e0012
e3f117d9bc04f90b
03f3e0f6ed181c0d
08f20eef0fe4041c
ecf40ff80915f5fc
f8eedc1610da3124
f401f6f4200fd702
f91c24f300e51aed
efefd0e817000bf1
1b04230c12e6f800
f71cf4f1fa14ffde
15fff9e5e6efcdff
f80e0b0c080bfaeb
03ed120a1c0a140d
e314cfe5f6db1310
0ed6fbf2090a0f48
d50d0c12f70c03f6
cb2a1400f82dd819
090e2c170d27c9fb
e2f01d02f90203fd
5a1c0e0fe2fbf4ef
f5e1032305f8fe17
0ee80504061efe16
f623f8011918cb10
fbc8112cd20feceb
f40f2819f121fe0c
1c190fe20a13eac7
dfebe209fcf6edd9
091314f827ddefee
feeb0bea00faf0fb
14010621e4d4fe12
e3f003f8eaf40c0f
d41c1adc05f002f1
1cfff5fc06ebe8e2
070afe032217f310
03f21c16e902e1df
0f122100f8c320fd
0ff4e2000ffee00c
0cf324b607feefe7
eefadb03d816e1f1
08222726cfe7220b
fc211618e0041eec
160c0adf1604ed16
d2f31b0606d6ff22
eee8bc181f0ce9f4
ede8ff0b05e71c10
f318faf9cec501e7
ebec1119fad9450f
110ff718260732f1
ff09f204d71eeced
f5eef0e60904daec
f4f916d9def228ee
e6cf01ebec02f5f9
f2fad8f90d21dbf9
ed0806010f2c2300
0101fff5160c3ff6
f0ea1204071afbfe
e404e2d0e405f012
f7ead51d011d2213
ffd006d6e01104d3
d705f5f007dae7eb
fa1ad0ff09d21be7
daebde03fef0251d
fa1cf405e41ffa23
f2fdf9ef0cf00500
e919e6f4f313dee5
1be517030d06cde5
0e0ee703e6e10e26
f8f423fedfe011d7
f309ecf80c230aee
ef04d9e422053a21
021607e70a370407
f81904d9eccbe4ad
021909fed2f71f1b
d8fdf7eef817fbf9
f1e9e9c4eef3fc06
3d231a1cf90deb2f
04fff517143bef17
eceb0ffb11020fd1
1ffb0def00f318fd
fcfb08400b0418f1
0f01e90df42212fc
1de405fc02ea09e3
11ff0a080726f614
15f909072e061cf1
0bf0110bf510ff01
d51a20f1eaf105f9
cb28f40bdae92a2a
fc061ee9e31a08f5
e2f0f8241e1df4f7
04140aeff1fbe632
25f10e0f21e8d8f7
08fb00d726001fe9
fa0514140ff3ddf2
17dbf002dd07f60a
fc2aeedce118ec22
d20c28ecfbebfd04
090b0dfc1bf30000
06f114dad910cd0d
cee610050dd9040a
03e90b1b10f916cc
1ad722e80400f9fe
f9f70007dcedfc00
0eeceaff16fd0712
1d040dfffcf21fee
d0ec2a0f1b0f0be3
f814cf1f292fe3fb
040b09dcee5d041f
d6eef1ee220039f7
190f231601f2f9f9
28fbe9fc06e609ef
e9f620e506fb2325
062409e51dee1601
18293201fcfed8f1
f90c280342fbf710
1d18f70ad9fbfe15
2d0bfe14f706f30b
0d001715082b08e4
23fb22f90febe61e
e0fc14eadce92501
f706f0e5e41cf9df
daf61b13d509e90e
ca2503111af405cd
01defa0900de17e2
e71fe9070cee0a31
e21aed10170119f5
0e09e605071c09f2
16fcfa14250111f0
f8ff28f90805cf10
2710e900ecf7f913
02ebf8f0242b10ff
1b07f1f6030fff07
07fc140f0807110e
f202022cf5e8dbe4
1f03181800e1f405
f21825eaf3d319c7
2011f30407f93d23
e70b05d7ee000209
06f6e2fa0ceaf43a
eaefedf9e9d71305
0a02ccf7e91018e8
ff26e6f713f0160a
23dce3f4f10405e0
1804f219f8fed30c
f6fefee718ee1004
e8ea2304f7ea0f12
e0ccf520f00dfad2
051210ff0620f10f
f0fef1f21fdffbf2
f2fef5fa2d022c0f
f10c15d4fc221f08
120505fd00f303fb
1d0ff5dd0e0138fb
f410f9fc26f6211e
2429e1fef998f415
1bbf0a050622d7dc
def61ef72afacb15
1ee2ed1b37ef03fb
04121df01c03fe30
e12ae222ed100bf0
ebe503ed090c2af6
10d81709312de017
000cfce0fc340af9
e70cf2f8e83f1d24
bcdafcf313cc00f7
e6ed16f0e0f00c0c
32ccbdf3f317e633
111b10e32a0ade2f
190c11f01a06d514
0bfdf1ebecf50901
1317dd0cdbeff9ed
f304fdd8f5031c03
1300ec00072cf1ee
f60a16e1fa140b1a
fdf3f10e09eb0415
0cfd1000fe1a0d16
150efdfa0e180df3
091defeaf9e40df2
f71c0203e51bf925
1efd013e16ca0926
0b32d7f90d001b07
e7fb03fa11192907
02e701f7ec3619ee
0ad5d1f41e0f080b
1300fa27d51611eb
dd06f10a27f9d2f1
f012ebe4e43205fc
f2fedf2414e9cc09
09fb0008ee09cffd
dcf70c3fc823f4ff
f3f911ee011ffc1d
f9d3f12905000212
f5060a3125e2110c
2508efdfe5d92419
17231503f80ee905
22fcea07fbe7e6fc
ebdb0d220ef4e8f7
0bf7030afcf1e623
48e206f6ec2ff715
ed05ffe503dadb2b
ec071327f50df9fc
d32029e3f3ecfa28
15f7e705ece30b00
03180a32f4022009
e402072413fffcfb
ecf4faf0ece6f90b
f9e8e002f8102b0c
0b0ce81413fbfc06
0a08fb1206d0ff39
eeecfaf816f032f8
03fadb33c1100b0a
040c17eae3f709e5
01fcf925021df5fd
f7deeef6ff0931f2
0ef22024e0e70cef
ea07f10df9fa090a
fbee041ae93d0e31
2a01d713f6241521
3c0dfd1213f5fe03
3cd418f7021bf5f0
13170fec24e9f6f2
27f5ee20d6e2f4ef
100e181a0ed4f010
2023f2d716bd27fa
0d090906170a070b
08fcfb120007cbf6
2c180edadffb031f
1103eedd1a2d0402
060c0f1906de01d2
f3fecce2050303e3
ff093ae930dded2c
0f003509c1f20811
df061004e8be32e9
ecf6021315d6fadb
f019fd0af503080a
efeee30b06060219
ecf1f815d5031d33
0b15f932ef02ca16
fd020a0cdbf10dfb
fa09f0faf11cf9f8
0ffff1f00efbefef
fa11fa04f71402f0
fedf1af3270a05f6
010f050cf406dde6
fafeeafb2cedf124
f000060e07020ced
e81e071efdd81c18
0bf6eeff17d430e3
0ed70e0ff120faf8
051208fe1bf4f7ef
17f7e004f9fd0502
e8f021ed01f71741
dc2307eee4f1db0c
fc22f3e7ef04ef17
1e16edf3fdf1222b
07e4f6eef20e27eb
d709112de2090127
0513ec031301f823
e606100c26e8e2df
0e1005082514ea04
07e1f6f7f106fff4
0cffe1e5efd50ffa
ddf82c36220d093d
0e18061bf0deeafd
f7f4f810d0ff120e
3005dce91eeb0e29
1211fa07e7f30305
f8ffd0f60aeffabf
250af91df8de0125
0eec29fbed002a12
062913e300e11e19
192ef3070f14183e
4220f928134003fe
19091a2d23f710f8
05e9dfdbf905081a
05fc19d82115a7da
1203f0e8d8e93b28
b803f4fbf6f6f71b
07ea27dcfeefe4f0
12d4091326e6eae9
fc062bfb1a1bf9f7
fc19f0defaed10fc
2403f51d1df805db
fe2a031fe5ed11f3
e00d071cd806ff35
0617120dc20b00fb
12fced070f1e1906
f0fd0b1c1efef3f0
ea1cea02dffd06eb
1702edfbf325e6e3
1920f31611f7efed
22fd080300f631fe
ebfcfdf9ec14e1e7
f31b14e8e8e104f5
f218191b0ce6f1fe
e20e0811e60719ff
1224f704fa190200
e4eafb28fe09110e
fef9eb411805ee0a
fd0305e5f6d2dbe4
e5d411021016f507
b5ed15ff03f8f40c
f5091df5de13faf9
0402f0f104fd0621
f709b711f2e1f7fe
