040ff60e10ff08fd
01010208ee1e16ff
1ff3d3f6f30613f6
3601f5ff1f0b0fed
0c20ef0af9120108
280e06f6f102d3f6
0c1c1a0bf6ea1a1d
1000200af6020cdc
e6fa09fefe0c290d
d6ee12ffee062911
f5fff9f219150cef
00f0ec0af20a0313
e0ec1df322e10004
00ea09f70209f2f8
0a0b10fc111709ef
cffbecfbeff800ed
01dbef11ece91303
d2242801ff23ffeb
072106f30eeb0ff7
0b0c0afff7001001
f2e00de3f9e8e4ef
dd02f3100405f8f9
e50eddfe231aebfb
29e9db07fd00060c
261fff1df2ede9f5
e2f107fbfc03f800
0d06be23ebe80cec
1debd8f5f604cb14
fbec32eb140bea1e
000ef7f21fe50c22
16eff11303d6fe01
db090213efffe912
eff40df1ea0dfffc
2205e9f4f412ea00
2bf8f512f4021707
010bfae90cf4f7e5
051fe60bdb071007
e80bc40f05f30b10
e419f91aee241a1b
ffedfb11fbee1604
e8ff2a11f5051314
150913f70dfa0307
fa09f5fdfd0fff25
08eafa170af2f10b
11f6ef081701f406
00f6fbd8eaf8ee10
04f2fdf5f40afc07
d1f5f9ff1df811e9
0f0721f8ed211015
e6e913000ac4ec21
0400f101fb22f3f2
f5f523fe0be8e1e4
2f10151df6d8ecf4
21f8fd15e5eb12f4
f506e90500e914f0
fd001adc2b0c0100
bcecf2f9ec1b02f8
fa1d220d0bf00bfa
d4fb01e504f206e4
04f31b120df01b02
0a00e312fb0506f3
f0e3fc07edf2fbfd
10f40d0609051cfc
ec082211fcde0ff8
f8dae3021010fde7
0efd0403fc00fcf3
3308f325160ae1e2
16010dffe4ca06f4
12feede8f6e001e0
31fee7e4f8eff5f4
f9cee109fb2ffafe
dffd0f0d2f03f0ed
0df7120c1c26f3ed
eb0d1410f5dded22
fe11250df4df1df6
0e2012210a0c2207
13010df1d818f4fa
15f311f0f90ce1f8
09eef8010d21cb05
f90cf20ef917fc03
ead4e0fefdeb09eb
00eee3ed00ec1c1c
18ec19010fff0702
1f1115ef04122b26
ee0f0613f4f4fcf5
15f3e614df0ed8dd
caf7d5ec0506f8f4
f901e60bee261ffe
23000af60408fcf9
d11b06f9f714050c
e105fa1106fd0700
e6e111eefe0de905
e417eeded9fe2003
04f2faf404191aff
1fe41008f6eefeeb
1406eb14f51607ef
e6f9f2eb00dbf90f
ee0be81e1de51e0e
2dff0d000ae80012
121cfcfdfc0d18f3
2f1406e6f908d304
10fdf4d406df21ec
f6040bfa03ed170e
03ec12ffe5f1f711
f6e60e151d220500
060c25f22ae6ec01
04f5fee01c15cbfd
e80ae6f506f3ea08
ef030603040edb03
1cef27f414dcfae3
ea0efd02f801d501
0dfee115fb0d110d
02d9f0fb04faf00a
e9102ae523fef6ff
3931fe0601f7fc0a
0ee9170ce6e4f8e3
0e25d1f6290a2002
f10f32e424061703
2bf5fff2fc130ff5
06f3141316050ee9
e4e4fa02020ce805
f010fc0df807ce10
ed0000f40cfbf310
eae70b01fad50ded
dc00fc20f6c8e80a
0a0a09fb030c0a07
0cedf3041217e1de
f82cf2f6e615de05
e2fb09e60be72a17
ea15fafa00112003
f609e3c100fb2607
16dc00fb0109d400
d3ef0a0bf5f518f2
e6e6f8fc11070202
e82bf3f8ff111701
09f9d91a01edf30a
0ae5e6e104f900fc
040700f6f4fdcf00
06091eddf91b130b
d2f60105eeeef8ff
0ae5132105f5eff7
13e8e6f003f0f4e6
fdf6ebf00505f8fb
2310f7f2e603ff12
032cf11b02e4e6f9
cb0deefbe2ee00f5
f40ff81913df151c
ffe2eeffeb0ff814
e90cde0e2bf3fdf0
09de0810f4f012f3
0105e2f801f4e603
ee1b0ef6060ae80f
de3128f4fe16df1e
1909ddfc0021fd04
05fafef50e14070b
2305fb0409e614e5
f80a18cffb080d0c
04120df202e9efee
051f171de5f807f2
21f93b19f6f6fe19
15210d130d0808ff
e71005f3e31105f4
e3ede6fb1fe500d6
00e3f0defbec141f
2906e0ec020a0a02
feec1d0af704fc07
1ff30a00040ff9fa
1cf9e12a05ed00e0
ed11e014f6f0ce09
dff3dd140510e5f2
f0fe16f7010901f4
f1f4f9de06d8ee0b
06f6db1df5f223ef
1ad62d0207e7f80e
f5f7f115ffe806ff
f710d8e8040408fe
f5e2e904f8e726f5
13f7091ee00206f2
f90618f6120d1600
e4eef010f027170d
0c1018e0021d03fa
15fe25f705efed05
d4f31524072b15f6
36d5f0fefaf9fffb
fb03eeeff0daee17
252ce8fa09ea0ff3
f6f1fe1b171de627
e1fe0cec09f6dc02
180227f5e0120f1a
d20efe0f011921f9
f80c12d3f7262d07
edfe23ebfefd08eb
db0ef2eeef060ae0
1feb1b07f4f319ee
201ff328e909de0b
ec1a001610060903
ff121b03deea150d
1bf91befe3e60703
fb2c1fede909ff12
1c120d04ee0de608
03edfcfef20afc02
ec21190b0cf61923
f4e7201b08ff14f5
f71d10dd0f24d5f3
0afee01a040eeef5
0107f5eb0d2604f0
dfffef0210093114
2bf306f31e0aecfc
0cff13f708f833f5
ec062e10f2f6ee05
e006341afc02f114
fdeec6f107f60fea
110c0efbf7fb01ee
01f6f2f016f9e703
22de131a080aec0c
32fdccfaf303f909
2914230b17eb13f4
0f17e80ffbeef202
0926e601e7f2100c
d5ff140ceffc1be3
02f003f9deefe10e
12e8dc090af9e5f7
16fcf8f50e140101
d905f903e8e6fde3
f4f90610eb3223e5
0b03f226080a0409
f80ffad41507f7fe
fc21cbf7e908d0f0
0eedf216eaf8eaf8
0b1ede04ff14e10f
1b040d072817da11
07f8f1010bf6f11c
fbef09f21b04e403
0befdd1823f61908
e8f525f6fb14260c
12ec3c0bfadf0f07
dff20c1fff291010
18f5fbf519f0c9ea
0cf0f5170006dcd5
0708f104def20e18
1105011bfa07fbff
25030c14f9f9faf3
e205010ae00d0613
1f100be0ebf4f4e6
eaf3070a120d0dfb
f00df5f1e506f104
13e6f605021bfc13
f50a25f21be21b0a
12f2facf13ffe304
e30104e41bfdf6fb
f6d7f91e140508f6
0ef007d6f9f018fd
cf00dfdd1a262ff7
200502fff41dfb0b
e92d121506f80af9
f4ee2008f81303f3
f502d91ce9effce2
ebffd8f5f8fef909
08e80cf920fcf1e1
02fcf111ef10f7c5
f72113fb0df2faf2
0f0106fef7f9f5ef
03070fd1141e1606
14131f0bf50dec02
db2810041b1e06f5
0ac6f9ffe80a17fc
fdf10709fb02f7ef
153913da1cfe0115
d3e5e112e8ee02f3
0e2a0233231df1dd
0401e4f9f0fe0216
e8cef5f3da06ddf6
19031de5cdee17e8
faf532010fdd051b
21cdffffe8e30ce9
25e40823010ee227
ffd2fef807400bee
011202efc9dffae8
230c05ece4040b0a
f7fce9ec030308f5
e1e8fef109f918f3
f2d701f5e710feee
ef07fcf0f91feeef
cf23e9f6f606f807
dffd07fe1c05f7e0
d6d202f3def01beb
1b19e7ecd9e80ce5
05081d10e7d1ff19
ebdfef00e6f91514
d31e20f8280bef01
0314e4ee271d0c00
1005f206060900fe
030a0f0d02070514
fcfefadf01f70d00
1211d71df32215fc
f5e9260e15fcff1c
2013f5e5f4fdfe17
d9002ef8f2300a02
ed00f4fd00ef0ee4
0f13fdfd0c09f1dd
0205f31f18d4f1e4
f1eee119041f1308
090bdf03f0fef4e6
0cd4ff2210e4fc12
fffdeffb091018da
f6f0e40cf405f41d
f412e3ed21f20606
12032e1f1b01fafa
f42606f6171406f5
0dfe1ff4e2183d0e
0b15fa1e20f00221
21d2df0e10070212
130beef2310cef0f
05da0400f8d6e223
32cced00161605ec
0c090000fa11fbed
030f1e15ef06fce7
ef031c07f902ff1a
10e4e00415fde309
f30ef4f5e7fa170e
020ee81de5e923d5
e816d5101302f824
220d2ada1504fd07
4a2af71cebeaf802
2be8f211df0001ed
0bf6031907e3ed12
ec1ad7fd31fc0c15
db05f4f9fd05f7f0
ee0fe9fd0e0be2fd
0a0114f8f51c04e8
ed1b270e16200b06
f700ffebd22a2c0a
0bf71c16ee0bf5fa
2229f4242400ea14
fd15e50828f309d9
f805122cfa0ce214
fc0ae62220011a01
03fbf4ea0fea03f8
fcf11de7f5fa10d7
10fa2a1824f608ec
d90acd000006ff1a
08fcd806fd0cf9ec
f505e403fc1d001a
0fd2f7efed190418
08eeeffbfbe60626
02e7020d0bf3f712
05ff0ae9f20d0bf9
e1e00bf024e0210f
0ed7191ff8020cef
f7032af5f630f9f5
3c061515d2dbc9ec
041600d0fc05f2f9
1236fd10f205e527
fef51bf5f0f204fe
f60b2901ed0f06fc
141d20cce3050812
11e424ef0ef1f4e0
ea051112ca250623
fe1c231ffc0fef16
12ec181a00fbf1f6
efdc15df1dfce0d7
07f41a0217140afb
ff0c060703d603e4
ef2119f4f30b0f14
0f050ed71506111c
21db25fe0cdeff1b
fffcf3f800f4fefb
25fe07063afd26e8
f21004eaef00171a
d4fbe3f406f700e1
1df9e8d6ff22061a
ef2af806cbfcf7e8
d6e2e8f102311007
f6d41f040408f2f0
f6020523000d0232
d3f9ebfff4e800f0
1222e2f907f2f5f9
f742fc0de7e111f0
150d1b27270a0509
fcea0804dcf6e104
3b13edd8f504e20c
e2ef15ea2dfe08fd
e50df2e10ae8ff17
e7ee120017e9f5ef
1bdb0bec290a16f4
f40cfcf0f109edd5
2718f6e507150ee8
0902be0fdeeee8d8
f309eb020815eaf3
e728e2faf123eebe
160512160709f6f4
00f0f9fcfcdbf012
fe1eea1a04e7fa32
ef1eec24fc00110a
262800d5100c0e08
dd151642070e03fc
ecea0817e1101ee5
22ecf0fefeefef0a
00f527d606f911e2
df051000e403010b
fdeef717ec12f61c
ed04f71dd4e5dacc
f6ec11f105e0e60f
ff2006f9f2f118ec
0bf3f62c06f3c005
221202fc0dfcf2ea
17100f26f3f4ff0e
0e00ea07f7131c00
0a35fc1b101333e8
ec0e0bffe5ffce03
f8e804eb08f7eaea
19d815eaf30b01f9
1fe4fe20f6fc0730
f7e416051dec17df
f4070b080a0a2623
ef02d41e1209dad7
f706feeced04c60a
0e16ffff131b0905
0f140bfe16e80ee2
f3ec1bf6120c36ff
0cfb26e2e7eae800
e8da11041afe10f7
050e3210ff04de0e
fa1809160608f316
d51e312b0c0c1130
fed316edf4f807e9
e22408020bfb300f
05e8033b11f11fe4
0108000705f510ef
17160f28131fd9db
160ff6e7de03f7e0
23f6161afe0a0c10
e90503eacefc22f9
14f9f605f5f85206
fd03e8e6fcfced0b
0b10f40417f7e4d7
f4fd0ce3e1f8e9f1
0010fa11f5fc03ff
faf6d9fb1217ebf5
28dcfe1fff011c2a
e3ed1f191e19dd2d
020eecf9efdf010a
e91906e70b06eae8
f1ead11c0af51000
fc0f12e9f8f3f5ef
0a03fa30f811d5f8
201a16f0fbe20d25
00dae027d9f21a00
eae81be6271116f8
00fae6e5060df6cf
17f0ed0be80feb1a
0410fefdf5e9fa00
1203dc13ffdef9f4
0c0e001ee4ee19c2
f9060f0b0a16f329
c5fd192df6f50e40
0bf2e1e0f0f50c13
f302ffe80b00d50c
ecf000eaf1efe51e
0508f7f61816f706
f40cebe8ddfadbf9
1815e10218f8c135
01e7f1db220e1d0a
0fecefda1405f920
e5fd11050dfa2d23
01f82c00f1120de0
fb06df00ef3510fc
02dcf9f8eff2e814
de0b43e8e2e611e5
c9f00705e118ebf6
f403f5ea051afaf7
00ee2505f3fbf2e7
1700fbedfae5e61d
0b01060e0008ec20
f1fafbe3e5001924
fef6170d1625f8f8
e6071efef00d1607
effbe6e6ea001e34
0a0af8e413ee0b10
2316f6fd18f41dfb
1b0d25ec2000dc0e
e70f17f60f1811ec
f2faf22adfee2209
05fe07f7e40a0a0a
fbe31dd8d329fafe
1401eb260809e2e6
f7fe0cf8e20e032f
fdf21020fbfe19ff
0e0a061424e7fd1c
0f0605e10cdd160a
1618f1ef0203d8f9
15ece811fbf3fee8
e42108fb1bff28e8
1af4edfbe3ef0bec
e3f0eedb092fe3e4
03e62cf9fbf10cfd
3016ce260a290ee8
0ff60e11f4e5fa0b
d904e809e5f315d0
0007e707ed0d1108
fa09e003170615e5
1700e9f7e3eee20a
f4f217eafafc0ef0
fffaee0009cc0601
0cf0031e23ffd4f6
f2060ffe35fef529
f1fcfa0b31f4d41b
ead8fd0812ee2119
15fe0a010516e1d9
0d192ed7f1ee3026
0707e90a2006ea0c
f507ecca11250c01
03f2df201df8f817
2b07e60cf5e00605
0bfefc0d12000ce1
04ee0bf6f1e404d2
0909dbf5f6e30b03
defaf7ec05e6e806
0fff1df2ec03fff9
d6faf9140ff6f7ef
de0df70f1ee3dbff
e7dc1fed1cef0af5
05dafef429f3230c
d409fd13e4f50413
00ef11ddec05f305
ef12f1080de708f0
12f828eef0f624ee
e41722ca0c18fa0a
33ff1d21ec160e0b
fef206ebe5f3f5ff
0a0719051024f612
03f1f5fc15ecf5d9
12181edb221203ee
041a05eeff11eced
03f21600fee31101
120916f9cf25e9f8
defb0bf8f20d17fd
0fea25ff0d0811e8
e606f021f2132cf2
04e9e81ae4ec07ed
150aea10df09f216
f51c15f719250a28
f129f50f171ffd02
32e102c40100dbeb
27ee09002b27fcf6
260fe2d9d1020108
fedef01bdfef071a
ec1223eafecfe60c
04ec1e03052206b7
efe610f1fb1d2901
03e803ffece9f102
dd1b0119050efad9
e1142eeaf51318fc
0dfc1a13e8ec0b07
fcfaf9e4e41f04f4
d118151ee903190a
0d170b0af9072bf5
f9080f04e9fdd61b
00ffe50bfef6fa08
effa2de4011dfe17
fffc0806f6ea0feb
f7e71cf301fd00ec
28ffd11605061509
e20723e1f5f0ff08
0322f11e03e0f513
f6f3261af31cee10
1211d7fd4905ce12
f0070504fff5e8f3
e5d9c927eff1d236
ecfe09d21a252216
07d9f3fe0af0ee1a
f62beb0c0206fcfd
000417e90af4f903
15f403030ff0f6eb
f20ae111da10d007
ffff161dee1bfa0e
f81e160418fd1511
30f6f01101fd0ae5
e51517e5effcf70e
e7fdef21040fc1fc
fa280515140c14f2
ed0e17d707ecda19
fb17fecaed1deefa
d6ea0bea0d2010f1
0700baf6eaeb150a
17ce10070b0709f9
f900f4131fd606fe
0f030d190b0518ff
fddef6dcf6fcf7ec
1504d3e500cf0a02
0ef4dbe605fa0116
f4e1fce60312d513
f5f919e9eefd0cff
021e181be4e12007
0a34fe0104fa0304
ed09e32a35daf3f0
eaff09e3fc152af5
dad4f50f0cfb1fe1
08e812f5f0fef217
e52310061410d9e9
ef0df7112111e3fa
02f704061f05f7ed
0ae704f5ef01031d
3116cd09261c2005
180530f0e7f8de10
10ddff03fdf90618
fce8151b0d180ce7
2f14e6110bf7f712
37e50c0518ff0a0d
fb0a333109f30610
f0ef0e2a19f007ff
1f020611dcf31509
04f8fee3d1edefe6
050a01faf7f4f009
eee1eeeef31cebe5
fb071409ecf4dcfc
f1ef1ce91106fd11
ffecf10002f6130f
041ce4ef19fb16f4
23e2e7080af51012
fcf0fc09e6fef014
f0df201a1802f4f7
1cfd0621ffec12f9
0715eb2fdd0cfbf7
e41fe7f1fefa0df3
1029e108f903f900
d80fc6030b1b08e3
f013ea030afd241d
eff308ff0cf20e08
f219f820ef0ae2f2
de09bde5e5eb04ee
14180afe01190722
e807ed0efdff1619
00060016120c190e
f6f9f8e106ede3fc
e1021be1fe02fd0c
1a05f70d0ed815f7
180ff7fb02f9f7ff
2e1ff01def180419
2015fad504f40e01
fbdf1523dbf6261c
e4f8ee1eea0b10ed
101de7eee7f005fe
02ebfdf217281415
eb04f0e9f40df404
e91c06110c29c412
0ce90ff602ecfa04
0510fa1d091407fe
001803fd08ebfeee
f9101cf8f719fb02
09f2f8f3e3d42803
e90716f415f7000b
090b020913eef622
23e802f9eeec0206
f915ff0006042305
e6e9f709d226e7ef
1aee0ecf18f3f321
010af112f50e21f1
09d01212eb110ffe
0a0c1d06ea20ecfc
0621fddef6f6e61f
f2ef180bf4241513
facce5efe819c70b
130c1a0bfefbfe0a
f40efa182000000a
f80305ecf71100f5
def527d8e50b27ef
0bdee3f606f70818
07f5e0080116dd18
09f9fafb000c0b21
0ef21814070eeb0f
f61cf9f20e0af126
f2fef7f90e0d07d4
10260005e8e008f3
0c0af30d170d1406
ebeceb1ee9f1140c
f102fe110000fefb
ef062cf9fcfc0017
01d909051500f70d
1beff9f2090ef8ef
0eea04e40912e602
0212ddfbfeeef21e
00121df41902e50c
050813fce50f0330
0de0030fe0ed0b00
fc19e8e0ecfaf5ee
def3f9fddcf1feee
05e5f5eb0926fc05
1f14ec150905e90f
1afaf61616dc1812
e80d011c05fe07e9
0c09210ef519e7d9
e50aebd6fc1b0b0e
f936fcfd1ade190f
020ffaf2eee4dd1e
07fae5010fed050c
e4f0f1031e08e8ff
f0ffeff7faff1d00
f518eef9fd1fd90d
fa220bef0b0cf317
f2fc1603d62228ee
ecf82bf51f0e1f0f
f6e8e8c6fd0615e2
f120061331d00d04
fbe407fa0ef9372d
fbffff19f3ef0313
e6e5e21700f3e4e7
ebef22c50207f300
20051412e71e0216
f1feea0ffaf3e113
dbdc07fb10f5070e
04201f1f22f40016
16f3f70c051712f8
0e120e01edfff400
0321fb0a1be207e8
02f203d6fc0504ef
2d150b1df4f703c2
09f5e0d40cf8edf4
2505052809ede707
1ffcf60317f1f7f4
0802030f15de2804
dc0feb1d0be1fd01
062a181efdff0c02
21dde9fef1f8e300
1202fc31210edcda
ef22f201191ff705
f40d1c210df3ecf1
07f1040efc0bebf4
02f2d110250015f1
f4f8eff10605eef8
140f07210e0ef7f7
08efffce0be2ee04
fb0efbfaee05f811
03181811eadae8d6
13f515ffe2e20d11
2c070809f9151005
030a150a03c2e703
070715131cf803e5
e30bf9e4de0a0339
0009cef5f6120105
ef19060805140002
142dfbee031f16ef
ffe009e0e8e421dd
0bf218fbf1f1ef18
2b0adb0e1218110e
0a03e1fbfce7e601
dbfc18ee041d19fa
0828190af0083414
0e0b1a121509d1db
f7e70b01f00315fe
09e006fd01f103e3
0e182f10eae9f3ef
fafff5fb15de0804
02e7f9f2191800ed
ecf50e05ffffecf7
2fecd804f00b1105
0ffe14fef7f800e6
0c02d806f203e8fa
f6e90af2f6fc24d9
ed04f2130f252707
ede1f9e2170a1a0f
12cf0f0c250d0c0f
020fefef0ef601ea
faf6f9fdfbef011b
f91111e807f707f8
dbe902e9f4d60feb
da23d2060ff4fbfb
fcf40600f8d1dee1
1c13fde8fe090009
f4150c0df501f30e
d9feeddefff1f7e5
17d5def2dc12090d
0113ecf4ea11fa17
e51ff1fad7f3050d
ffed0906d0eeeae5
f2dde911ebfb1911
ece6faf70d122705
0703010603dcfdfa
03170be5fc000ee3
132bf2f018ebf212
121e13040b0a09fe
dbeef8fbeceb0809
19ef0c050300fdf1
ecf1f81014e507ee
04fcf51715e3f5e8
f110e822e011f10c
e9f60e12f3f2f3f6
f5ff1bfcf2e10812
1907e614efebfbda
1119f8090106082b
1f27eddf0008fcde
fc0afb0518190a00
0a12efe9eb1908f0
07170608f0e7e605
27edfecef01b1d3a
130afef21ef40b20
1209f9d8dbf7eb04
241d0415011ce301
000af72d13010515
1a1513f402eb09f7
f3ff2f13f7f405f8
eaffe117fd1b0e04
0beae413f00af9f4
28fcfb08f1fdf9fc
dcf81300effd1500
020cec0a1d0b0b18
16ef131504e51403
10f8130be8161409
0b170f1707f808eb
fd060ef3e82cfbfe
08070302fd14e5ee
11fece0810f9f5fb
1bfbe5fc0bf60e00
fc1606d915f3ff01
df07fbfc1bed060d
07ede40fe3f4f2ee
e4e6e70cff11e906
09f10efe0701fa0c
020a04090812ff01
d21721f0ef0af9ff
29fb1ae5fffef216
17ebfb020b190207
143125000addfb20
18f706fa00e70cfc
fce3e222d0f60209
15dcdfeb0cf9f2d7
dd0907fbf210e8fc
e6ebef00fc07e61d
1bed0eed17fd10fe
e5fe120106011412
fdc9140625eb0330
30f8f71f141a0eff
181403fd0706e72a
f804f8e825120902
141df808031b02ec
1521130512eb0b0a
1a1e07cff2f71e03
1d22f9fdfffef712
1212000bfbfe0806
f016f9131bfeefe9
f1f4e509fd0d0703
f5ff13121313f9f3
f2000a21062718fc
2a120ff5fe14faea
d41a39f7f91515f1
f0e800e3fced09f6
db0feb060eeff0ff
faea100b0de50dd9
f601e7071506f210
2306fafc150dfb05
f0f4fcf6012df0d8
f5d5f1fedbe5f809
e9eb03f2f9050004
03fc16150b0d110f
da0bf112180a001e
f3f00a12fce10c0f
08e516fafcf5fdfe
f3040afdeee4eae0
eff8e80aeff608ce
180e06120900062a
fff7e8f8d70cfde7
d9e6130105fef9fa
f0cb11f706f52bef
05f5eded02e50f20
ea1722ef14080804
1e0225f02a0e0427
06e5f8f1ed17eae9
e9d2fcf9f41bf416
ea0f06d8effbdf06
011c07e8f8f007cc
dfeb310f0910f4d4
f5171309fbf315f9
0cf71e15e612ff14
0af8f117e902fbf3
080716e80e1f0f1d
1c13fe05f4041528
e521f907100cec01
e5dcf3e6f4ef110d
e926fbe3faf40902
e0fd09f4ef28f7db
e604e605fa09e709
f2effdfef80eebf5
15f2e71623d3fa0f
1af8eddaf5f0fdfd
17fb0cfe260e17d4
e7e6fef00a11f5c2
edf512f4effb0806
28ed0307fc1de2f9
20f3fa0600ebf215
fbfa071507e2fa16
021bf90dfced04c6
0bdfe9fd0aeb1ffb
0b2aed040dd208fe
dd0012e723f4eb03
190604090afe130a
ec1a0a05ea050d12
e1f4f50d0dfa180e
dee9e32b08000e21
19e60323e50d2525
01f3f4d622fddcef
11f0030df1f10f25
04edfde5350ddb15
070cff1cff010d30
17160702ffff0501
07ee1df0fd001eeb
030118f71002e0eb
feeaf0000007fe20
19fa1f050204fb0c
f0171402f51d09ea
1c031f19eaf434f4
0e070d0bfcfd0b0d
f5e004f6040be6f8
eb09210008dc0e00
fff0edf70111b114
f01d0bf9f0f500e5
f822ff111801f311
15131901e1f70ef5
f20525d9f103ef08
fbf2e50104fce8de
fdf80216fef3f50e
ff10ed0b0be40418
f6def901f701e900
ffe3ef0e0ef9ff19
0efbe509ee04f312
ffffe7011afd2ffe
ed0d01f30104f5f6
f0e01deb39e219fc
15ef05fcf8140000
08fbf2d6f3fce706
fbf0fb0cf8040e0f
eeeaf4002100f5dd
15f6fe170f041901
ed18fcfff710f600
ec23f7fbfd08df07
1bf0060117efcbf7
0803fbf608f4f4e9
f52020e90beef7db
020e260beef9eb09
f4ececf80318f3db
fa0c15fd28061cf2
0cf3f700f4faff05
07f8192f01e507ca
02e704ee1afb1203
091914e9f90000fb
f7d60e210bf7f1e8
00162f1105f8fb18
feeed6fef601080d
f72208f8051c1100
07fa1af50ff21917
0b0fe40415e4e3f2
0117e216eb0a261c
0f081afbf5030eea
fa0af902eb0f152f
f20306eae600ed1b
210300effc0ff3fd
fe0615020b040dfa
fdf2ea1329f7e903
f8f525f0e01c0903
e5041bd707191b0c
0cfe1efef906fe16
0fff0bffeafb11fa
0001e20d01ed1c0b
f90ee203dc0ffdd9
10e813d91ef4fc0b
da13d006f71201d0
f30501e70b0bd502
0afce906ebea26ed
eb0b18d30308fbf7
f107d6dd0701f72e
fd0f08000c02f603
05fce9f41a0613ec
07f20ff710e5eae0
01fb010d01011acc
250eeae5ea0ef309
02fee2ff01f9081b
eefa08fffe0e0af8
e4ff020b0bedf5d0
fbed052af20ff00f
f2080e0cf30b0a02
0600071309f30006
f5eafce323f2f5f2
f6f70e061cfdf305
f6d2f1fd00f5eada
faf501f41401f0db
f7f3e2f001de20dc
fbec0209e4f70af9
0015f105fdf2fbea
0b08eb03de0ff9e9
05fa12010014ccf6
f60c040a06081d02
1411040226f9ff04
f808ecfc0ff11323
10161d0cf4eaf31e
fc110ef9ee1cd405
101d0f0707021ffe
08d640f9f60102f7
fffa0938f205080d
11fe16f50a0af906
fc12f80d0e000f11
03242a131103fdf0
e41cffecf01c2006
ff090b0312f71009
ee0616e3e20e1323
09f7f9f110fe15fa
1400eb0a081bd2f7
1931e9f7f2ebfcf7
fcf2d228ebf5d9f7
f71dea0a2501230e
0e1edc0dea1409ef
0ee4fe0eeee2020d
0bffecee1cf7eb13
f206f80ee2e9edf5
0203f5fcf307ea03
16ecf508ef1406f3
f8e2010e040eed08
eff4e9e908ec1afa
0dfefc00f20a00fb
fd1d0919e701fd40
fdea17f907052a05
f51a122cd8fb11db
09e8f51900fef205
f8f3e0e90efaf20f
03f90005d0f80904
e7fbf625dd06f832
effbe400fbf002fd
f000f9e705f412ef
1101f903e50100f4
fa0106180409f2f2
e3f809ebf4f0f1fd
0306f40a1aebee00
05f1ec1b0c08e702
03f3f1010809f004
f707fcf7f6f4dff7
180cf206ef001117
f701e7e10200060d
e5081a01fa1c0201
d9181df21d07edfc
0813fde9eef501ef
faf4f306f0050b00
fa03e810f70904f6
f3fb0e12ea0316f2
ff07fcf2ecfcf113
0dee0bfaf1f9070b
dcf8edecf514fe07
fb04f1f51b0b0614
ef09e7effe00050a
04110e06fbf5f5ee
f3ee0eed050af6f8
ff0eeceddbfa08f5
17f4120afb07fef8
dcf5df15e6031df7
040407f8020eebed
24f90914f500fbf6
ff050905f40decf4
0905f800f4031215
f20412fd02001703
0eec19f304fe1d00
f8f5d900f8faee03
03dd0b0cef02e705
fbf8ee0219fae809
1b140d02f4f600fc
fd03eef308250405
060bfa09060909ff
fb171c00f9ff11fb
01fd120efc00f812
e9fa240a000a0806
e813fe060a13fbeb
f808f307f60bee16
f1fafd14091af6f1
f9f815e5fbe7010f
04f1000b0deef6fe
09f9ec0b0208f20b
000dee120ceb0705
050a0c051608fc02
f503e6000afe0ff2
0601fef9f9f9fe0c
fe02050af2fd1905
04f20b17ec151cf4
04fffc0e00fb1be4
150afefb1715ecf1
0002f610ff14fcf5
16e8f7f31a16ff0e
080309f8faffe7fe
f904fd09f7020000
fc02e50e01ff0503
0bf00efcf308fffe
12fdfaec04f6fc07
0102111af0120506
f408e0f20df5f0fb
e3f308f2f9070af5
f90f08fc03001502
ec04fdfe0eec0f07
100aff0af21d0304
e6000f03f212fdf9
f9f8e1ec1bfd1a0f
0507eff6e5f7f5f7
f6fefce80dfc0300
09ff190edff4fc07
0d02f0ff060208ff
05eef2fe0104151d
0b0bf70603e7f60e
f0f406e11612eff4
0806fb03fe0bf7f4
00f5f9faeefe15f9
f201db000c20221a
e40af602fbfcfff1
f801fd071900f804
0edcfdfc17ffd113
0a0df8f907fc08f1
dc01f2031a051305
f6f0e6f303f0f4fa
1f02030cfeeded0d
07ee01eef2f70708
0f06fe00060508fd
3812f006fdf8eafe
1a051906200503ef
e60bfef00cfdf812
01f2f2091206f612
ecf51205fdf2f2fb
f216ebee09e42bf1
0101fef7f5f10400
03032610fbf3f8fa
04fd160af9f1f209
f1f4fe0501f507ff
f0e917f7fdfafcfc
12e5270fed1ffdf4
fef4060f0509030c
e9180d0dfcf90c0b
030004fa00010b1d
020602000ffef1ed
1614f3f206fe09fd
f209e4f40f03ebf6
190a0b19fceff700
0a051205fb061a08
000d1b070b0513f3
f1effa0b01f1080a
371807f8f804eff8
1202fd071312f0f9
f10b0109f1f80cfd
01f8fffdeefbf517
fd1007f8f4f30902
051512f40a0ce0f5
f3f7170c160003f4
0cf9fb03030ffc16
0e121110010b0d0c
f9040adbf80afef5
fef1ec091bf8f8fa
2513fe0109fc030f
f01607fc1604fef5
11f813160afbf109
f70b05ecf7f616f6
f4ef04f9eef4f5fa
fae6e4fcf8f30803
0af3f7d417001410
0703000ad20501f8
f7100401daf7eaf4
0111fffd1604fff3
1210fff9ec08061b
06100df7f40fffea
f5f101eee00900e5
ed0ef3fdec090314
fe06fe09e71414f7
230bfcf5faeb02e9
fee9ebee230506f4
0f15f9f90d09e3ff
0efdf6f4fff30d0e
f4f6fc19fe000dfe
f9fcf2f4f103f304
090cee082203f7f9
0512eaee12f8fa03
ff000412e8ed140f
00e70ff9ee0c010d
f9f8f6f713000dfa
f91cdbfdfe060bfa
f5f605f90a070df5
11040cfa03f70410
22130b0503090810
0b11f705f002fd06
f9f6130612ef14f0
0c08f8f2100de8fa
f70904ee02fb05f4
f6ffef0d0cf406f6
f4f3010f1a08e8fd
ec09eef4fe2220fd
fb06f1f0f804fefd
f11a0c0313fd1001
00f9fdfcfd00faf7
faff1bf7e4edf7ff
eaf5f612ebf80f09
17fb16f4210a06fd
ecf105fafd0e01ff
030f0afd0905fc14
0704fc06f904f00b
010c19010b010515
021beef8060cfcef
0ef9f9f803090efe
f60605fffaf813f7
02efe4f81d170e0d
060501f9f9f30409
f607fc130002f306
f50b0706f2f30afb
fbecf0ebe8fb1215
010e020f0af6fbfa
1ce102ef0b09050e
09040408ffee0ff6
0deef90001eafcfb
0dfbf6011917fef6
fffee406f7220deb
f006fb0f0a02fd06
20f709f8eeedf905
fb081026f112f52d
f8f1170303fdfded
fafd03edfd0d00ff
13fbfcf100050bff
0efe00f804f80121
fbff04f70af4ed10
0d00f105f6f3fdf7
f3eb01fa05f501fd
081723ff030e1fe3
fdf0ed04f316feff
f1f4f9fde80dfbf0
f9f0f9f4f311faf3
07fb1dfe0a060602
18ef0bf908d0f820
07eb0ef009f30002
ed09060ffeff030a
ed0321f7060a00f4
f90a15f30407f305
f5131802f5fd01f6
1e0408f8f2ec13fb
f4fa000102f703f6
04090de9df0b09fc
fffe110cfaed04fd
ee0b11060df102ea
0807011103ebe0fc
faf50e02f701f916
f603f1fdfc061106
15120eec0cfef810
f704eaf2161df0f8
f3fb161df1f4fe10
edf7f506e0e7fb05
fa04fdf50c07f6fc
f50cf220f51cf417
09edf509f907f2ee
ef050c09f6070f01
f50606ff06f8ff06
24ff1205e5ecff09
1cf405dc1d0503e8
0dfef4dff30d0501
f00407ff0900fd00
07090c0dfbeffffe
fefffb0afd050900
2ae6f3ff10f00601
0cf7f8f0f225ed08
04000d07de0ce8fb
fd02f509f903ebf1
1beee8fef900ed1d
08fecde312ff0ef1
f3fdf7050408fdf8
09fce80ff8faf7e7
ff0107edfb0500fd
fe010606e9fef0fb
0f01f8fb0212fe00
03ec0dfd0afceefe
f4f8fd0afd07e614
d9fd030b1ef8e5ff
f103030f23ff02f5
f1fbfa18fdf902fe
dff808f1fb01fa0e
f80dfd1cfdf70ffc
f0011801e0081a06
db090500f3e6fbf8
f212fffe1e010af6
19fbf5021b05f6fb
0f03fa0feefe2504
0fe9f2f5f7eaf607
20fefa0611f4da04
ecf917fbf0e00205
09fdfffc21f4f30f
f7f41eee1204fefd
eadff71afd23f0fa
0ff0091a0d121700
08f71a091b0307e6
ffdefef9ed2d0413
e9060ffb0702ff1c
05f508fbd3012d04
e307c90c390bed06
d31009dfcc0f16ee
e8eefc08e102f3f3
f80b0bfe1405fdea
01e22007050000e2
f41fffda12f30d0a
e71cf023f20b0723
14e5e5e0df190b01
1a00f80b0b19f603
16ff03ddfa05d701
d8fc05effee3d0eb
e3130eddc50cf60b
1c0aea06ea02e3fe
0af507fef8f006dc
ea0be01dfff1f50a
1905c512e512193b
e00f1b15faffdffb
18da1bf9221704e5
2bf817f2071dec00
060ed81005ce0dee
06ef0c20e80c0e0e
fe03ef0f0c03ec11
d5d9ff35d51a17f2
df0eece80c2a0326
0e08efee39e5e201
e3d31932dffb0023
1704f918f0d901f8
f8da17f9090f2efe
2118edf0260a06e6
0ed3e3d90819f308
ec09f601ffd9f407
0030e40412f1f114
f4fcec0413e5db16
06e71e0302060b07
102a10e819fbe414
f5f6ec0c020c2cf7
043be709f4e7030c
e11604fb04300323
31141516f240f814
fd0103fd07fd3013
ea0c1cfd1ad616f9
ea14f5f6eaffeae8
0c1a1219f603edf6
0d25e7180838dcda
0bf4232003ea0f08
0808d2f5fb1446e0
fced151a0e0b10f7
ef261a0b140a0906
f4e0040bf80317e8
f6010cfc0205f706
fcf3fbec06eaef01
f80c1f14f005e31a
d00b02e41dd3feb4
dd34f1f104161401
17141fd00a140df3
13dce6fffeffe504
03f4e70927f9fae2
0627ed180b16d510
2e18e6fdf417f616
22e2f609ff1a2c09
e4050622f5d02413
0e25020a05d3f525
250b0f08e503f119
fc0c2cf3e6240716
f4fb0c12fef00116
e80ffacd0bfbc805
35f2fbf6edefff0c
fe09e20b0e0904fc
ebfef1c705c1ec11
f917f32624030320
1303060af10932e9
e4f92606fcdc2ed7
1f091c0317fc2eef
fedcefe306eaebd9
f4e905ec0c09d8f5
0416220f060efbeb
fcfb1fddf4371720
fdd7e424f8090cdb
0021f402fbf2dd09
1d0c0e1deb02e4e1
0d2bf4e204d6e7eb
0103ebfef9dc250f
eaea080f18ffd7fc
f901f310ebe2e1f4
000510e9f603c9f5
120bf1f40df1151f
ed1cdbdffdf9fee5
fc0902fdfef622d1
09f2f5eed4f3f7de
0ef7f30ffc0af619
d8f8f1e0e9dc2efc
011802e70bfd0629
fae923ede41bf01c
f2ef07fde904e8f4
fdf8d935f61a13d6
10f72b00f9fe0304
18ecfbdb0adee8d5
fc2e07000c2311ee
cbbbecf9fc1af81c
ebffde060ce318e2
2a01140ef01d0b1a
27faef00e90d0100
ecf9e8f62dde0ef0
e0e7f4fde9080406
2310e6fbf7fdfdf5
f52a120f162c040c
f4fb04e8170cf708
f3e5121cf01bd3fa
060a1c060b08fd0f
08edfcf3010702eb
1c2223ecf3e2061c
0a050dfbf70208d4
1fe30bec07c426df
0af90702fb24f033
0515fc05f7f9ff07
11f4f3060bfffa1e
f3e6e507f2e30e21
fcece9fcf7ecbf12
f1dffa170edc0b08
25ebdcfe0e0806bb
fae231e5edfcf811
08e50c0313ca2a0e
17150c1af5f7fa1d
0a02d4f4f300ef0b
07ce0c0c0df100fd
09f1ec092bf1caf0
19cce9051116ff1a
09ea1e1e07d1fafa
0df708fbef1e15f4
fafb232cc70af5ec
1619eb0bd6ed0e08
eb1b26eef0f7ecf9
f9c0efe220ef2215
11dc01f4290726de
f90e31010de41f11
f52bfe08e00302d5
08fded001b050304
150d1ff8e1f1ef04
0e0012130e05e0cc
ffe628ca222fe2e1
eaff1d01e611ebed
0933f1e818db09f0
fd063e131affde21
e9e70bfeff03f0e8
f8120e04edde15f5
0bede2141101eff5
170b01ed0fef08f1
0cf31ce6e9e90302
1a1cbbde0bf4fbe1
0cfae0f1f9e613e7
1f111e09d4fbee00
c7130afcec150c31
e611d805e4ea0de6
000cfde708da15f1
e1e903d6e8fdef09
0efdda091d1ef91a
0cf2ed18e5f6f1e2
0cf6031818f2fb17
e3fa0df525ebfafa
f6feb11712e204e6
00f906fe12def8ee
d70e17ef0ae8fe00
f617ffd2f7f125e5
ea1f0d2e0d120812
30fdd0ec211be002
2c200815fded1302
f80a01f527fa050c
07ed1cf503e1f91e
18d718eaf4f5fb01
f6fc0308e400eefa
fd0b100c0ffcd9ef
e9fdd5ef1200200e
0be0e2f3ea09f510
e72602ef1818fcec
2f0b0bf2d805ee05
db1c0419f709e3f7
cc011120f6fe2a14
070631f5eef83a13
f3d91c1ee4f91ee8
cd021a030d1408f1
14e3491105f0f21c
2402e20acbf5fe09
10fd1bbdece9f0fd
ecfcf4fa240616d6
021be4dbfd1a1700
fbd1000e12130e01
0cf9ff25d9050503
f3d6ef140d001426
21240a07cf07effb
f30606f523e52cdf
f0210e1022fd071f
dafe0af924e4f4fb
17e703ebf10d24ff
fd0c02fffc1b04e7
f8fcf21b1325f500
0509faf9f3efebff
0d0ef4090710bf1b
0c04f1e9f702df28
b7110ee92f0609e6
05de0ee602210f00
f927ec08edfb1cf2
fffe0ef9f605010a
f818c805091afadf
07df06241d01052c
0c10d6e60beefb0e
ef2c1617f8fe07f8
f418f600f7fcf3fd
38fa3b2202f2f208
21f1aa24ed12f5f7
d21f23fffde8e500
d921f009d710ebf7
f5ef0fe2f5f40c0c
0a0702fff0e7f6f8
cf0102ed07170505
0d10fe03f8c3d817
ec00f91b0b3ce300
fd010f102509dadd
fbf3241d191c0714
f8b1f80ef22c00f3
e307060122fe1115
22080bf007e0ea06
0df31f2a1e37f5eb
26e93d121803ed11
00f830f5f0cff4e6
111f03e802e3e8f9
f32120f8f8d90cec
0f2313fbee270805
0506f3240b10172d
eefe13e9f6122209
0ed71716eb1d1af1
fa18ecfe2111f4ed
de0f04e9222ae7f2
11b205e129faf8f2
1b14ffeff5fb2f0c
fbeaf0e5ec0228fe
03f21c23df170223
0701eafd29090cfd
f102e7fcfc1411fb
0c17e1effdfbe42c
191d0f0cd4140f12
0010d7ec031100f8
f20bf408d328ea15
ff26100bd61904ed
2302f105ebfd09fa
ec1b0a0fff001b05
39d8dd37f2e60217
12fcdfef2bf039f9
1edbc3facefbfe19
ef0008d9ef0a011b
e4eaca0005fa1910
ff0f0700f6f0fa0a
fa020c01fe07e9f4
fffc03f9ed0fed03
f9f705eb0704f9f1
fe05f90f02f7fbff
09f9fdf807f1f708
ec080cfe0418fcfa
0bf9f61000191200
0102f903f2ea0607
f6f812fb05080015
12f7eaf1e4fde7f1
0c10f1fb1106f7ee
ede9e8edf90d0616
090a0ffdfa12f202
fafb0800f41ffe02
f3f1f8f0140cff08
f3fafaf5fcfa13ff
0312f31007fef7f7
02031cf6ec130309
02f6080906f60109
f8fa06f00b23fb05
f3fa021305fbe204
fc13e917fff90bfa
fbff07010cfd0fed
0c0706f806efebf9
f509ff08040bf5fd
140405fd22f4ea00
fe01f9fb0a02fdfa
ffefff04f71004fc
040dfa0af80b0000
00ffeffd0f09110c
ee1cff0d1010030a
09060504fef7fcec
09fd1003f8f40af0
fd001512100603ff
f7f8f301fcf5fc09
090dfbfe0cf70b02
0dfff20511f8f0f7
fffb0810ea0808f1
0af716f607110cfa
0004f2f80a1306fb
03eb0bf9eef70af4
fbedf10603faeaf2
02fb07fb060a070c
01020201f9fd010e
051dfc0fe9f815f0
08fbef0419f0e0fa
02f112fbe90a090d
f202f9ff02f9fe08
0d19f80ff5fcf9f1
fd0ff2f906f8e9fc
03f9090802fdf7f9
0d01f40702efe512
07f606070f0114ed
1f11f20609f4fa12
faf9fcfffefc0101
07faf901fef800fb
fb0404eff607fa0f
f9010000fe201505
fcfafbf71ffbf803
f7ff17ebf6fdfb10
05070e04f806fd00
02e100150dfb0103
f6fb10fc080406e0
f60c05eb05f8faf2
0a05e4f6edecea04
0201eae3fff10810
f80ffbfefef70812
fdfffa0106f3ff15
1005f5020cf1f007
fb0612e1f1f8fe0c
020ff5f904170e06
09f4fef7fce7f3fc
02fb1301ee0701f6
f505f9ff0dfc060e
04fafcec06f2fff0
f2fff2f5f2111504
06fd01f603f60ef1
0b01091100ebf9f6
e9e90d0ef7fe180e
eee9fd010f11e405
01070702fafbfaf6
05fcfffffefefef4
d206fb011708fd06
0f040bef1306ff14
fa0602fc07ec02eb
fc02e3160ef4ddfe
0e12090902f00f0d
e9fa0aecfa0bfe23
ff0006fffcfffa05
0621fd0bf40c0509
15ff080afcdfe6e8
f70c180afff70eed
f8040306fffe13f2
fb0407ede70e0810
0513e8fffdfeedfe
1c07fff604ef06f8
0bf3f50eee0b250e
f2fa0eeb02fe0202
06fffd15e0fb10f4
120f190506f60304
ff14fd0202fa1cf9
e8f60bfdff0f1a07
f006080af5f81b1a
17fbfe0ef3f100f8
060b19190700fa05
fef4010f14f2040f
0f03ecf2fdeffffe
0cf7f1020e00ee0a
f5f405fd020c1504
0806fdfc0c1707f5
0af9f2fc1f00eb1d
0df80afd0c08f8fb
ea0105f8fa0dfe09
091c09051008e9ec
f1fc00f2fd0d0603
ff15fcff1ffc0df2
fffa09fbfbff04f5
07f7f002020816fd
ffe5f7f8fb0205fc
f409eafcea00fcfb
2505f00ef6ffe8f2
0301fd0e00f905f3
0008f4f904f5f5fd
0bf0091af500f007
fe0def0306fa04f3
04fc03fa2000ef08
0400ed270ef503f4
fd09080711ff0c08
fb080aec0318f4f3
ffeb00040c0af405
fc10040c15040105
f8f2fd0704fcfbfe
0400f103feeef6f4
02fefe0cfa08fd0d
07ed09f3f5fb0d03
07eb070af11d08fb
08050908fa0310f7
08ff041504fff414
1b0bea0bf9fcf2ff
faf6f8fbf5fdf40c
f5f90afce313060d
060304f20f0eff04
fb01130010fb04fa
f00bf2f80ced0008
03fcde0a05ffe7e7
020000ef070a130d
0ef6fd00f807fc08
07fcf71209ea0601
130a02fe1609f117
05f6f413f3020afe
190d06ed0917f5fc
f31414080bedfb0f
03ecf51af1f406f7
0d021707e1f4fbf4
0404fa0820fbf10f
00021405ff0e1b01
f903fe030302170c
fa03f1f602e903e7
02f7fa0eec09ffe5
f8e3fefc000008f2
0a0d0b030afeecf0
050b03f5fafe0aeb
040e08fb1305ecff
09f8f700fbf008fc
0dfaea0b0bf9eb02
08f902fae2f009f3
f803f0ea0209f6fb
03f7f2fcf7f81709
f1100ff1f9000105
110b01f1faf4fffc
071ff50c0007fa0a
0a19fefbfd071005
ebf30018f9faff02
12fc0bfb00e5e704
f3f80b0110001110
04090ff6f90a080b
f9f2011b03fd05ff
000402f707f104ff
fbf5080efc02eafe
12f3080e05f8eef0
fffefbff0a060411
07f2ef01fde2f806
fc0102fdfd01fbf5
0300f3f80b01f014
f00a0602fffe130c
f902eff8f5ff0cfd
0c0bf80406f60402
fd0119001c0cf60d
03e70703fe05f0f4
05f404ea0915eb09
f7f9f00cf4fe070f
08fa1104060a09f4
08f5040cedf4fef9
0a1002040a020a0c
fcfcf1f704ecf9fb
030afbfd170a05ff
0ff320fd03fef103
032009ec10080efe
f208fa0ffbff2003
06f80201120cf4ee
02fd01f6f1f81005
f20ffaf605f00dfa
f718f3fff6f601fb
f30e150501110000
f715edf5f2e709f8
1403021109fdf1dc
fcf711f108030afd
fb10e5f504faebf7
12fdf0f3fbffe605
f8f601fe07fff818
e90d1308e707fc04
fd07f406ff0716f8
fb05f802fbf5f8ef
1905f706ff04fcf8
0ae60c08fe030a01
f8050ee813061611
fbf0fe02f8fe0202
f8f9fa01020f1519
14fd07f9fa00f0fb
f9fd0c1c020600e2
fb0403fbf2f700ff
ea0514f81503090a
0200f12008fbffeb
f9fb010402ece613
fe0205e7fbfe00fc
f51ef20606080302
16e6fafaf4011a04
090113fdf504e3dd
08fbf6f8f1ec17f7
f20606ebf900fe10
030b04010df71905
f8ea08160a0bfb06
f2f00cf3fffe0102
19fe06f312fcf203
fd05ff020df0fd07
12f7f022edf703ea
0103fbf000ff0712
0303f7fdfefee5fe
fb06fbf6edf9f0f5
05e705130cf30b01
effa07fa0a042203
0efae419fd01dedd
f61ef70cfc140bf7
090702fcece900f6
f4fefbf3fe0c041c
f50416e9050fecef
fffcedfe00131af1
f802fb09faf80bfd
0af8f218efee0504
fe02fc08fc07fe00
fcef0714f9f809f6
18ec10ea07f6ea08
f515eafb050609f1
f7fefcef1af5f102
1ff713fdf700e6e3
022014090aeef122
080e110eed190014
2aeff429ecdafa10
0b07101805ffeaf8
faf5130b1a10ee01
e5081ce60c0800fd
030f03fe13130a0b
f5120e210104f9fc
021612e2070101fa
0f24ef07f2eb17f5
0aee03f7f8070429
f70448ed0aece0ed
08f6280ff9f7f9f5
17e7eb16ec10fc08
fcd0fd0ceff81929
f001f6f714f71c02
f10308e002fd0c24
290f0b1505fefe1a
1ffbee03f70e16f3
0009eff50606e9f1
edfd02df13f506fc
09ec0de922fcff21
001a03dee5f002f6
1e091811030118ef
eef40bef0211f018
1c3300f81b0717f8
010521ecf423ed25
040e2e13f600fb11
fefcfaf8f2fb26f4
e0ee2dc5f8f60d1d
efdefedc23f401f3
18e302f20307f3f8
0814cafcfe130edf
f702ff0f0703d42c
f70d02141207091f
f7f2fa1408020e2b
112b010efa08fae5
f7ec250efee902fd
0022f3fef9fd03e0
1816ddf606020ced
ec1404d70efaf61c
e113fc2916f0f730
ffeb07f5f40dfc0a
081a2ef61adaf011
06e7230dfe060ef7
082109ee02f903fd
010ef4fe03f707f9
00faf1e809e72c0c
feffef0d12fff901
e7e928d8f5ff04f7
00e9f519f5200a04
0d1ffcfb00fff1ff
ce111415e2edf315
e8031acf18fcff20
fbdd1b0c050307f6
04e3f6ecf9fdf614
fd130c022a0b23ff
10f5f4e2f3f80d0d
041cf71901040dd3
eae8342001f70207
ff08d7fe1affe317
11fef0f11af010f2
030af902e7f30df9
e2120bec0805f11f
01060700ecf00a05
12f31917f20e03f1
f9f0f20e06e9ef01
051afee5f601e4e0
021307feee01fff1
fae80f0d0cf4fff8
05dd13f3f7f507f1
0be724de20f105e6
ed091309fd13f402
d814f3ee180d06f3
f40af6f9e013ee07
0ffdf2f6f41cf902
0413df0d0511f1e9
19f8d309ebeb05df
ede51028f6ec1bfe
f1f0d3f1de100d14
fc160ee7fdfcff1f
e80b20121af92107
ffd8070610ef1a10
16fae32ff1f0fbf4
0115f9ecfd11f1e4
0215ec021c13f718
fc010ce8ec1502ff
fe1603010402f2e5
21ece4f0ed130cea
fa19deec0af705ee
01eced19f804f321
09ee030005f62acd
f001ff03eaf0f1f2
fc0cd227f80aec19
1a1be6250a0407ec
02e4fc20eb08ea02
09ebe810de02cedc
01111aff2e0bdc05
171e0708fbf8f3f7
fb03f80bf7f70e01
fdd9091a13070622
061ee60013eaefe8
0811d3df19042002
eb15010c1501e3f1
0cfa21e9effafe03
f50b25ff0418fdf0
14c4dbf70102d7fc
f9e2eafb0af8fd13
000dfe1b18fef2fc
0619f4fdecf6fd01
0302ed0cebee0ceb
fefd0816ec12d40c
f9ed1d12ccf5faea
e219f004ed031f11
f6e8140c0dfaf7e2
04ef1006e71f0112
e2ece80bf0f7ea0f
1f1c1202ffff0e0c
1301fc21ff22ed22
0eeb20e5e8090d06
f7f5ff0effe80a0f
0ebb00e2feedfa05
f3fae60806faf5e3
020012d6f3fd130a
f2ebfd0afcf9eaff
fff0e608f2ed12f1
d6e1daedd119fdf2
0a01de110bf117d5
e8081b28f21f13ef
00f92cf8fd05ea00
fb0f0bf2d70f0207
09f0fa0ee411dc01
fefc0eec0cfa0e0a
f20402f31004f9c0
0d16e41212fafbfd
f0deedffd51112f6
ef211af7e706fbf7
07fa0f13e2ec0c05
151d0eeb0a04e7f7
11f1070719f7e5f7
06050aefe6101707
fc18ccffd5f71002
fd20faf025ef0f03
020416f10305fdf9
1ae3021efe06141e
f3f3ef0afe10fe19
fad8e20d04f1141f
f20ee210f7f619f5
000efa07120c0427
fa0619f2f0040421
0a09fc1cf5fe08ec
f7150e1433fbe8f2
05f703ec01e4de0e
190dfee8fa19fcf7
eceafcfd1ff71201
edf0f6061009e305
f2fff7ffd401f9e4
f2eaf214e10b0518
1adcfcfbf30622e1
0d14ec09f919e0fb
fcf80af61a1ffa22
fb05111a1600ea08
0e0b3607f5ec1c00
e213fae2f2fe00d2
240a02fb02fee6f7
0cf8080cfee40b12
1410fc05ebf6f7f9
fbe9e7f71cfbff08
37fd18fd060b210d
030600f4edf8f715
04fdf91108fce3e4
fdf8e806f2ea05e6
fce2eafdf7070d03
15110b081fe612ff
130620ef230114ff
f608fef4e8fd0504
06ef0b0722f6f9f4
1800f1fcda09eaf6
f5011a181dfffb02
ee22e812fef7fff6
1319051525110210
0a0a16fc29ff0116
0b0715f6eb0aed19
17fcf80af50210ea
05fc0d0508fd1afc
fa111dc3e6f2131d
051801ef0bea24f9
120a1408f707fd0b
fd020403ece31709
050ee60704f2d6f0
fcf4ffebf8fb0001
eafdf5fd0608ce12
f9eff31b0bf00b19
e204050809fff2ee
0c0422e31e12140b
0910021b07ff0bf7
f60b1211dbf427f6
f3e4e6edf1040ade
03ee08181afdf613
ee0efefd250ee8e6
e2fe02eb0716eefa
dd00ea0ceb0e01f6
e3f102ea06feeafa
0728f62a0ffc0610
df180202faf8f3f9
0410e80ce60af707
100e2019e9f4ef14
0317e9eed208f0f4
ddfb0c03f7e4ed0e
1ef11ce210081515
f51bf7fcfaf71fed
3009ef08f5f62b00
ffe40a06f9eff7f2
d30c0a0a0e0003fe
eff20e02350affe2
1be4ecffe305fe16
0bd91218e80cf21e
1a08fbf6071afb06
e8ec17d60310f301
cffe1404f6070903
f919f8d9e1060909
fef11d0af5faeee9
29faf908dbcff5f5
04031bf212e60218
f3f7e4c808fcf9f8
1bdaf5f2260d2114
04fef209e3e5fbf0
feebebfe05fb05f0
ea2503f6e70203fe
db09e8f602020407
17fcee020af70df3
27f0dff8e2ec00fb
d7e2cdfefefef10a
fcf618f5ef13eff5
faf6f11f0afff107
defa0b1b140a05f7
f901f6e6090700f3
f9e1fb17ee0e0f05
0e20f2f51c09f6e2
0f04030f12f5ecfa
2208d1f3e60beb0c
16f4fe0c16fc0d14
0be10517040225f1
12f9d6dc1be00601
fcfaf5f320f70c09
ef16f002e7030af5
f0f81ae3141d0603
d3ec1f11fa04f807
11d8fef803db0524
0716ed16ff08fc0e
fa21061cf9fa080b
fdfcfefc03f702ef
28370ee3f90b0e04
48e71209e506070e
e403061006efebe9
e402eef53706f6dc
faed0916f603f700
0d1a06f4fd0006f9
0de7fae2eaf106fa
0cf905f0f8f7fef4
02070005060e0cf8
1219f8d81af8f800
0500fe03fff5fe0e
131106eb0af206ea
fbe90af8edf61af3
0b010cfef1ebff25
0212fa0911fb0805
fa11f411e60df504
fc120fe50c030ee4
000cea02fd0b130c
02fbff16000efc0a
fff003f20ef300f3
03f7f7f104f91ffb
f605f30308fe0115
fced0708fe06fa01
0e0aee17f90f09f3
fb1708110306fd04
f3fe08110ffafc00
fc04fe1ef60005e5
0601fbe6fe0a0314
01e9f909dd00f8f8
e81409fefdf7fd0e
0115f5fa08f9e312
f7f2f4f4f6e9fadf
fff6ecfa0507f0ec
060a0c1a1bf700fb
0509001be5f60912
f3e704fcdc01ea1d
c90b27e6e4ce2430
0a0602e4f317eb04
080bf70800e9fc1c
f8f0fff4f903f1f7
fd02fdfbf904fa00
f302f31d28f700fd
e713f800fcf2fa13
16f607fbfc0d0304
f6fbf4110bfbf60b
081af615fc18f9ef
eff204e9080d06ef
18fede0c240bf60a
faf10a21f8100f0e
fbf4fbe206000007
05f9f7f8e30a01fa
02fcfe0822e5f5f1
0cf118edfbfa0d10
1608070bff010501
e42515d0e32b14f7
1403f5fe0c0b05f3
040cf20ae9ed0007
faeaec120401fafa
fef3fc00e8f7e9ff
f7f912ff06010411
00070be00dff0109
06160c071cf70eec
0118fce5fafa0306
fbf7e3010a0d170d
08fd01ebef0609fa
fbef0a050608f201
fc10090b07f3fdfc
02f00a0e0ceb0507
fae9fbe1130f0d09
0a061200f701f5f3
00010aeefbf7fe0a
eb050a07ecf30611
07020b02f803ee03
06fbfd11fbf3f9ee
e8fef6eeebf403ff
f5e3f8fb1bf9fdf7
fb1100fbf517f3ed
08fd13010c020512
0406040402f3110c
0328ef070c091314
fe09ff0ce70ce502
fc070be21c06f004
f6d7feea1a0af8f2
0510090efaed0a0d
00f4fae21af9f8f8
07f201e8fe03f7f8
09ea02f617f4ff07
190afef8ecfcf2ed
f3f7fd0b0007ec0f
f5fefced13f7f4f8
02e7f9050b0c0add
0519010cfc0d090a
f31bfceae4f81a2c
f30c07faf5d60c23
fff80cf213faf913
f8fc0ee22015f3f2
fb1a030e1c0a12fe
0b0efc0a0900f009
0bfff329e8f603ff
0408fbf6e604f4fa
020b18f60a14fb0e
fdf0f216f5f604e1
15ec10f4050903f7
ef03eb00001506f0
0cf5f8fb0c11e803
0009fa0be6fa0d14
12fc0502eafd0a19
21fd0a25e7031206
07fd0bea3203f803
0008fa161325fe13
07f0020504eee9f0
01120b0a0cfd101a
f703fefe0900fc11
fc08fdffe30f1b01
062ef8dcfa03fdea
fdfcf7e9e713ed14
f80d170f01030efe
ef21231805fd12fa
08feee03e300e9ee
09f3031303fd0df0
101a15fb02ef08db
02dc04f61f041b06
fd13f40beef207ea
eaf11e020dda03ec
fdf2f5050bff140a
eff813fff012ff05
010b0af406fef004
fbf916eb1bf4eaed
fb220f22fe05fd06
07eaf50a0dfc0ef3
fadc0ff8e6faf7fb
effafb160f11edfb
f5060407f800fdfa
ee19f8f1121b0eee
00fcee04020427ec
f105fb0a0115f3f8
fe1d0eecf6240506
f2f205010820022c
0309080209ef0304
fd02f5fffefaf9f4
f5fbfc08f104fc08
0e09170115f2e701
0e030c00f610ff02
f3041903d8120b14
fffbf3ffeef80709
130003f7ea030506
ff08ff04f20ff9ec
fef300001d09ff05
f5fdfaef140805fc
f00106f016220018
08090cdd19f8f922
f2f3ff10e5fdf70b
f5f909fd0ee30f0b
030e03fef8060416
f71304ecee00f414
050a18fbe815f717
060b09e6050afc06
00d7f3ffe6f8f609
fafc1a07ec0519ee
04010314f1fc07ee
1d0aebf70ae6ef05
fc15fdf413eb05eb
eb11ff031e0a0500
f007100ff102f6ef
1810ba0aed1dcf35
faf107fcfb04f108
0afb0723f3190ddd
fceafaed1deb0fe4
f90b0af6fd07e60c
eb06021e1600fce6
12ea0ff1f2e71407
f604eefe10fcfbfc
050001fc0ff10ee4
0805f9f00007fb18
f4fbf7e4f2fe0a03
ed0214e5dfb500f0
0413fd0802f10310
fafbfef9f0ee17f3
f80b08f2fdfd0aed
f7f9f1faf50a0300
f3fd02020b03feec
0316070200f9f0fb
3133fe252f3110ee
10e9f80cfbfd0810
0df9050814fd0013
0f0bfcf80203edf6
f2f7050d09fd12fd
0c07ffef12ecf1fc
fc01f5e4f70c01e4
100e0bfffb08e80c
f9fd0209e400001d
ef030d15f3fd0a25
09f0060315e4ea0b
04fff422fcf1eede
f011f5fc051bf70a
02020a0b040df0eb
fcf7f702edf309f5
12f9f609fb140be8
17dd05fc1301ffeb
de061029fb050923
fe07fa140ae5ef0b
0d010710f7f10dfc
f80c0703d2ea16f2
0ef6040d08f3f304
11eefa020c0aec0a
0400f6ebf60816fa
0300f5f822f5fafb
0214f508f0effaf4
04f1f4fff50e0711
08eefd0e0015ee22
01ef0300fb241503
0a00f0d70f23ff16
09100efedaf41525
f3e517fa060f06da
11020ff70612fb25
0cfaf8fa01f708f8
03f9f60911e801fa
f0fefd1618f0071f
f9f8fa110606f3ef
0ff1f3180cedf203
1f28ea1de4ece804
f6fee4ef01f4fd16
03f6fa0418e808dd
fc0af3fef3fcfdfe
f6e7ff09f7fcf9f6
02fff014fc1ef5e2
060dfb1207fffe06
071208eff902eb0f
f1fa00f9f20bfee6
0ff902fcf80ff7ef
1afa05f7e2f5f40e
fdf405ed1807f3ed
08f303ff0507041f
eb0a06050ffd03f5
0ff70303f605f2e9
07fefbfcd9ea0100
f713fefae00101f5
e904e4ee13101216
fd0d02ff0814fdfe
0ce5070017f417ff
fff30a01f524f5fd
06ec0606e3f2e407
05ebf80c09f4f1ec
fbf5f3f7f8fbffce
fdf317f100f615f2
00060af013fceb0c
f606fd0a140c0a2d
f219f8f706fe0507
f6030d00f7110af7
0be9030614fd0819
0fff02eaf3140b06
0f23160029fffbe9
0a07f70c0aecf1e6
00f9fcebf2e400c2
e0fefc14010bfdf2
04f117050ffe0523
f2ecfb040aff1a08
0314e6fb0e1907ff
fa10f4050e000001
fb0600fae21d070c
10030ce7e7030803
00e8fef7eb0dfc03
fdfa04f9fbeefce8
fef80bf1100ff10d
0402f41714f4ff16
0ff803f816f7e3fc
04f3f5fafff507f3
f90cfef0f6182301
0709001d04f2fd05
ecfbfdf0f90a0b05
fe050af805faed0c
fe0df9f8feee200d
f60a0212f4eff60c
010cfa0005ee09f4
ed07fbec04f3fa00
000503fa0601faf8
0d04ef0200091fe7
e90f0efb11fb09ee
11eaf106f7faebf6
02f3fe0a1c0aeef9
04fdf7fd020f0ffd
01ff050b00e0ee06
02ff05f9f3f1e4ed
f7f8fef50c140c07
f808f604f3f1d60c
09071b0f24fc1cf8
ed0803f31af724f1
fdf7f6181403f500
0cedf6f60d0404e4
fdf3e5fceae805fc
1703f3f3fb18090b
f20303040eece50d
42bd3334d528f600
e80312f016f3fff9
f2fbfbe9070b1903
f8030f030409cbf7
f9f6f3df061d04f4
0c0602f906f411fe
fa10ec00f50e140c
fcf403f70e11e8fd
f613fff9ebf214f1
f117ed1b0f080cef
0afdec0217e5fcfa
dd1cecc70df92def
ff02f5faf2eb1200
04f9ec08fcfe1efa
ec0f07dee3151a08
1d162006f4080110
01030701f5f70edf
fb0afdf6f104f809
edddf10902f2203b
04fcf0082507e5f9
fc19fb0605000202
f9f4fdf700f318f2
0d010e0724f9efff
0c080402ff140207
09030e00f5f1ffed
fef0fa1aebfc2511
05fcfefa0c0f07fb
fff2f9ea05122314
01faf41701facbea
f4f506f8f0f2e3fb
170c13f1010ff90d
f8fdf2ff0bf7040a
fb040411fd0213fc
04fa031925edfd1f
f600f80209edee01
0e03f4f8f308051b
f6fdfe0efafcebfa
f701f61404dce908
04f8f8f2f6edfef8
020af9f5fafcf3f3
05130108f70fe602
0af7f4f603f91705
f1fe00f804170df9
e5eb06f510052af5
ed110b17f70cf111
1608f7141a05f115
2306edf3f7ef0802
02010a170f1de616
fff5f516f30efbdc
1113f6f4fffff302
f707fb070a0c0806
0808f1171312f5f3
0007fefb0be203fe
0a08ea00fe0000f2
fe020008010f1a0e
fbf912f5ffe8f8ed
06d50411dbfd0715
21ed1c1df614f4ed
fcf80005f4e80df0
02020003f4cefaf4
fafd0410f80716ed
0212fe03fd1d0506
0808fe14f3f7e100
f6fcfbf5f711d303
f406000bfc020b01
fb0f0411fd0d130d
edec0ff70900fcec
fd0908020f130ff5
fc10f60e0ceeddf4
05f615f209001c12
fb0405f0e91301fb
25ff07faf7dfe6f7
eef412f20af70209
1710fbf113f2ee08
fe01fa0efcfeeafb
000bf8fcf408f511
18030be703fb0d0f
000621ea040bff10
0b040015e8f70b04
09f6feec14e9f9f9
eef70514fae31604
ff001af4e50a0efd
f5f7f5091dff030d
f604120f0b0606ea
f6fd03fcfaf21806
0af80bfc1403f004
fb000103fb100bff
efe00307e6f20a16
150603f9f9ea1608
ea02e6ecfd15d205
f8010616021ffefb
fd0c0f02f7040101
0105f908fb2001fc
fc0bfc0702efe000
14f40802f2f9fa10
090902faeef8efea
fdffee04e507fdfd
fd19eeed030df7f6
1826f7edf3fa08f7
f3000ffde4faf5f9
1cfffbf50202fa03
050ae5f0ff1cf7cd
f4090d05fa1ff9f8
fcfcfe08d3eaefe4
e818ec02eceffceb
0bfdfc140b1209fb
14f60109f3020921
d601e2f50c080eee
0c0ff60104f408fe
311914fb01f50101
0a03070203240905
100ff4071f00f200
d909f8020a0bfb0b
f5f6f3000314fd0a
0aecfcf507da1009
f503df0ae6ea0cfc
13f3eb08f3f9fefd
06df0bfb0ffa0602
0efdf5f6e8ea04f4
1d13f4f8f50a01f1
0301e205030efdee
ef08062e0b10fbf5
f610f80a2600effc
03f3ff0007f3fd03
0afcfb08f40eff15
f6de1610f7ff05fa
f5eb1efd06f2ee00
0815fe0afa0f0103
f4292e28e71df713
fb090cfeff0bfcef
0018100407fb01f9
12f9f3f604f9f90e
eded1cf6e3f31a11
00fefc0a1e0ef91b
fcfd0f0f1c130d01
fff401fafce1f0ef
f9190efb02fd1213
e4f80b06fa08f108
faf1170af813f6fe
0ee0e21504ea31e9
fef5fd17eee4ee00
06e50ff719080cf5
fc05010bfa35e700
17d91a0412e8060a
10f5f2f203f8f0f2
070ff814060cf402
162201b7e0f2b83b
2e0406ea0c0410f5
0d1bf802f3020e06
fde40cf5effd11fa
f611fe090905ef09
0ae8e70cfbe7f414
0a02fffbfe12f501
19e1f60806f11706
050007ee060b02ea
0830e61215101104
ecf1f8f30bf80207
f4e6eefa020bf6ec
0a32f60a0705f50c
00f50c10f515f5e2
0bed03f90c00050a
17fd06f8ed02f6f4
f529050d0bf90c13
f020f012f0ef01fb
f107f4120efbeef5
fde7fb04f6fa06fe
0819070af8f30202
00050a000df5ff0c
f71a05e5060af504
f5020501ff2b11fc
f81006060f0efefa
ff110d08fe0008ff
ee23fefdf8280e01
fbf0110903f3fb15
fe1c02f00403fdfd
0df9130207f2110e
0f1afcef03e1f9f6
17fef3faee070004
1e1403ff1b04fbf6
0804eafefcf8010b
ee0e1e01f7f10b03
04f8fc00fa09fffa
e0e20af5f8fefefb
e1df05e6f6041009
f4001817ef0ef91a
fafc2820fad607f3
f9e700fcfd0b0a06
030ae8011b1bf1fd
f7e2f4fd00fb140f
e9df01fdf81df409
fdfcf0ec111007fa
0afe00f20f0efef9
f0140a07070afbfd
f10b0800f0f60501
f0e7f1fdf5060d08
ef00fbf406f8f91c
10f0f6f6090afcfd
d70aee04f3fe0701
fd2003eed70819f5
01f8f80a0c080fff
2cf9f61704f5f5f1
f91a13f8f3f80b10
09fdf20cff03ff0d
fee307ef040102fb
f6fe05fb1213fdf8
05fcf8f803f8120e
11f1f8f00012f8e2
f00c23d90f0516f5
00f706f312f215f6
e3df12fe01f0f81d
fe15fff11d0a12eb
1e090bf809eaf90e
13f90bfc0115fbe5
0ae1f905f8f5f90d
f521fdf3fdeb04f9
ebff15150acddf11
0503f40bf309f8f9
fff20cfe0cf10708
12d5f30aed05e9fa
0ec8fcfafcf4f80b
f3f1fffd15f1edee
fa1311ecf10101f9
d71e1efc0fddebf3
0b19f8fe10f9edff
f617010d07ef03fc
20e9fa09f2f70004
fffbfb0cf5f7fef9
09fb06fbfa000f0d
02fb071c0707ff05
19fef50af9da0afd
18ef03fdfc0a0aff
02eefb12faeefded
042106fe04f9e60d
fdf9f9040ef900fa
0f0101f3eaf9f320
1005e3161307fe09
f80101eafafeef0d
0d020efd010a17f1
04edf812faf40cfd
0310021614edf921
f5f7f7f51dec1bec
fc0bf501e808fdf5
01fd010dff1804f0
fb100109eefffcf7
08270e1500fd00fe
f605fd1af808fc0e
0cf7fdef04e5f320
1205fefdf9020503
08ef0701fbf7020e
e708faedf4f7f804
18160306070b0d09
f7fa0609f819faec
00f2120bf50818ea
f60e17effa1d0908
f1f3fb2209f0f117
02fc0ae9ecfdf5ff
bdc65bd43b02bbac
0704f3ebfdd001f9
f7f2ef180f0b0402
e4fbf4f9ff07f507
f20efdfa020708f9
e4f2fb121a0b061e
05f61112120613f8
f6010afcec0207f0
fcfe02fd0a1d0fee
eefef30004fcffef
ed08f00fedf5fa07
0940e606d9303942
0307fa0b0310fe22
050800faf9090af9
090a07e8070017fa
e8070e0df6f3f622
0af7fe1100ef0aee
02f803eaed08f808
42d2edfc503fded7
0a040b10f0eb1a07
f1d605ebf20b0704
fff005e80111fffd
fbf6fb0102f6fe0e
090b06080900fe03
0c09fcfb050cef05
19150a0e03190506
fa07f1060eebef01
1014fbf9fa1eecff
03ee02fb0500fa1a
1309f9e805ecfe01
f71201f2f3f9f50e
fe0b05fb0708fcf7
0003030a0b020a11
fb0df900fa07e906
fceb0c05ff08ff1a
f40506fe04f8fff0
f60a0ce9f30aeb05
09f10cf9f60bf210
0407090805140615
07140eee0e091802
09f8faeef7fefafe
f11ff8fb0e08f2d8
f513fb0105051ee6
0a0612eff7040103
fd140004f3dde5ee
02fb02fffa050924
09f8f309ff090308
f4fa0a0c08dae90f
0cfd0819fdfb1304
0709eaf6f705f3f2
1304f3e5f9e8f4f8
1be30411f1ee0400
eb0003fa09fa0615
02fdfaff041310fc
fc16e313180104f6
0d0c030d0506f1f9
02e623eb3d14eee0
cee7181aeff1fae5
f80302fc09130ffe
020705eb17fa160b
060afb07f60aeff7
ff08f6fb03ed0dee
040dfd06f8e8f3f8
18f304edf6f3fa0f
fbf8faedf7fd0cf0
fbecfbf9f516f9fe
0005f702fb0c06f0
0501f30c0df8fb02
07f6ef02e8fa08ec
e7f507eb08000bfe
0be505f8eee9f8ea
010c0c20e118f2e3
0f081004000e0e04
e6fded04f3f804f4
f8f8fdfee304fd13
fb0ef1f307f30c0e
fefef1f40c08ec07
ecfef60713020813
08e8f50113fb0e03
020d0007ffed0007
02f800040806e918
eb0d11e4140d01d9
fe08f4130403ffdd
04fbf01dfefbfe04
fd10010408f80c02
f91af3f4f70ff30a
fdf6f80a00eff8f5
fdfd1ef51847ed0d
0af8f70cfe110103
f5fa00e4fafc020f
0504f3f6fee50a07
040bfb020d05f320
f4fcfc1afef3010f
12e502fef6e80bf6
f3f807fbf715f0f0
fa05f300fbf60ff6
ffde0606000703f8
da170a11001d0ced
ef0208faea091eeb
02f7fa1be2fcf0ed
defcfffb0be207eb
fc280412ee0ee607
feec35f70deefa04
e4fff5070a0a050d
10f6f80bedf4e7fb
fe0e050319160f23
f401efe0f507eff7
f52b1f0e0bf71411
06f8eb12fc0b08fc
13faf306fbf3efff
f4050ff42ce10a02
fb09f50b01020208
08f30200fff90f05
09ff0104fff80bf6
0fdcf2f30a140f27
04180f130417edfd
eff70004f9effffd
f903f3f41df4040a
eefbe100e00cf81c
ecf10af0eef0f8f3
f405f90808fb0f0d
fb0334f0db07f71b
e5080a00cf06290c
00fd0202f5e90cf9
1d07f20f0af5f6f2
090fe90f350cff09
f3fee9071904f705
0a03071c31fffcf5
49ef26c7c024b7fa
eafbdb0cf3010210
fb0722fffcfc08f5
05fefd1204e8fdf3
fb01ec16ff05ff0b
f704f8fa1b070e09
eaf2260afa06ee12
f21ef404f4f804e5
0a101504040d1706
0ced040ce01729f2
f2f3e4fa1912f6f6
eb1f1633f6fc1a29
15f201fb1605fef9
05fe0ff502f70303
e2f50dff031702f3
21faf7e1f914070f
0804040f070311ff
e1fc1b05061402fa
ecddb2e72320f381
210ae704e4dc05ef
ec0f0611f0fffff9
e60efcfffef10012
0605150011fdcff2
f6f8eefff9fbf10e
130918fa06fcfd0a
16e605ebfc0e1316
000b0e04ecf8fbf6
f3f80f07f4ecf40c
30100b0af8fb08fd
2001f90b06f00309
e9e5f7f2e6feeff9
fcef0a01ecdc1707
0510fbf70df6fcff
fb0bfe170efaf3db
0b02030716da09fb
c21efb0017f6f1fc
e907f70d06180606
ed0f13081df70f05
0c06fa03010a0104
0d0510f106000d04
000815fef7f80ce5
f402fafde8fa0206
eb050dd9f8f301ff
d1fefce0f0040a05
07080710fae90ae0
130bf001faf2eafe
10fb0302f216efeb
fffaf0fbf1ebf30c
0303ec01f21101fd
f00aeee907f40119
0f1eebf907060408
e3fff3f5e20cf612
f6f00b15160d1204
0ffb2f10e212fcfc
19fc030ff71bfffc
faff061003feeb13
0be20104fc05f60e
160706e70010e13c
0df4f3f7fdf7090b
0c080e082113f9ef
24fb0d0a01fcea04
25f7e6fc00edf801
e60d08d9f41715fd
0c0af9f604f60707
0bf209f4e8fa1ef2
18f51411f8fffef9
1809f91df1f50304
fafce2e101f2f20e
2b00f213fbff03f9
e7fa1309090d03f1
1911070e0be007fd
050a3f180123180b
0502fa01fc09fa11
e3e2f5e2f40aecf3
09eff7ec22f0eff9
e3edfd00fdfe1504
f70b1b0003f8e80f
0001f906e6fdf60a
1c17ef11ed04fa08
110a0203faf604ea
ffeee00af0ef181c
0be8dafe121a0318
ff04feff06e3f404
160502f0f4fe11fc
f0fc1311e9f613e6
0d0d00e70909f5fa
f10e09ffee0a04e2
0007dfe6221116fb
10f112ed0bf6fd0c
fcf1f2180f05f8fd
14fdedf0f81af202
14f80f0d06ed110a
eced0204e80b00f9
0af90bfbff0a0ef7
eef709f91b03eefb
0df105fd14150bfa
faff021aec10090c
f1140feee7ffdfff
f3eff8e9ef06fe03
f306f2fe06ff17ff
dbfb020d0afbfc0c
f01af8fcfb0a0b0f
fefff500eefee4f7
f005f2fef712faf4
f5130afaf4fc0e04
0703fa111d0fe9f7
fe1810f0fc08edf2
0f27ff152d05fc12
010a0cffdd0d0d00
04fe02060c0413fb
020af3ef03fe0603
10f1fb07f50010fe
fa0aed070ff7fb06
eaf408001304e20a
11fcedfc07e901ea
050f000718f6120b
fdf8f0fbf801fb18
0be90704020ff613
f7e6f2f6f5fceee6
0cfafafefd07ec0b
f3e2fefa12fafffa
f211faedfa08e502
0c12f8e70bf1f21b
f4e004f80d0a0bfa
fa1904fe18060cf8
18fffafe03fef10b
f9fd050b0afb060f
fffc0b18fc07fe17
e10e340ed0b501d8
f6fdf507f913f1ee
02fbfdfefefd0b16
f309f2ed030a07e6
f805fb1507fbf300
0ef4f4f416170c04
1e01f41003ef100e
f4f801f9f50cf804
1215001a1304e6fb
0f11f702f5f80a11
0e0bfdff010af502
221bd5f50541f018
03f4101216fff704
0fefffdd0afb00ec
fa15f10ef9f1dcf9
fdcef801fdfb0f0b
f3ecf7050502f809
fb0507fefd01fdf9
dcd15d26eee4f4db
0cf507dff8162b13
f507fc0812f518fb
05f9f5110eed1afe
e1090b1b0bec0e0f
0cf7030bf00a23f5
f7e7fefaeffd0212
230d110cf709fefe
080affeb07120308
09090cfa041af3f2
f6f1f7f506f519ee
f81602f0f7f01402
f8030af3f605d9fc
0805fff90507fded
01feff03f9f31c0f
fbf91eebfffa1a0d
f7f60efa10f6fe09
050c0b1af70dfa0f
01fef4f2fff904fd
050f120e1c0c0c03
fcf7f802fd0a16ff
1c15f8f206f5fb0d
fb1708faf00cfef0
080709f3fcf8f306
0af7f313f90afef6
fc1401f8f6fddcf9
fefd0eee08021706
e50410f6fdfcfe15
04f610040dfe2cff
0af7fc0af1f91402
03f903fcff130905
e908f308feffe1fc
070e03fb05fdef00
f403fefee90d0902
0814f72307fbf309
0a1600eeff1918fc
00f2fd07ecfa0c00
efd208f9f7f6f3fd
00e51219f2dbf7f3
f6f2fd04f6eecde8
03f1fbf80006f207
06f0fe12f4e30501
f8f9f525fb06000c
fd0aedff00fe06f3
f7fb0ef8f903fc15
01010eedfdf409fc
12fbf5f2fae40615
02fdfff205fc0d06
06f2fe0e02eef001
000afe0003f1fbf2
f5fdf8ee01f7fc0b
eff5fa0815100f02
fefd08e900fa0bf8
12ec00ff15141505
01fcfa03eb10fee9
efeae7feff09bdf1
030c000109ea1bf9
04f9ff0bef0b03f5
0c16f4eeffefea00
fbf10308ef0b03fe
fa0f0bf60109250d
0303f5fc0ce7150c
0bf70df8f610da08
fa0203010603d2e8
131b05f00e00ee09
f90d1ef8221d0e02
0b191609fe03f607
fdfe0b021c010bf6
05f212fe051715ee
1af21f0c03f9f0f3
031708fe080e2604
03e4ed0efbfcfff5
e909ff10f30900ef
ff040a0606f9fafb
f402000b0306e80a
e2f20812fd01fcfe
051904f3f9ecd3f7
05eff90408f925e8
e908fa04f12ffbfc
eafbedf5fa12fd03
2305faeff4faf9f3
1801fd04ed0be606
e6eefdf6f2f8f1f5
28fde80c1115f708
f10500ecfd0efb0f
eff2effb19e9fde8
e209020a0415fa14
0fef08ee0d0a0806
e315f711ed0efcff
0af4f6ed0022fc27
f909001400da05ff
2a1aff04da1710fb
f6f3e906ee1bf4f5
0cf4fd1112d8f7f0
f0e701f414d8fef3
eff91d12edfc08ef
f511f8f9f7fdfa07
24fffa180725e803
12f40df1f8f9f100
fb07fdfdfb21ff09
1316fbf00aff0bf4
ffe5effdf824e20b
0705fffe0803060c
232115091a11f609
ed0eecf9f4f6ea19
f6040406f807fc08
150a02df16e7faf6
d5fc0204f7d7f5ec
f9fb0bff03f1ef03
ea06fffbff14f0ff
12304cf5242cb8e0
16eaff070b00fd0d
1bf0f8f20fe90100
1d03040de009f5fc
e1f3fbfe19ff01fe
e40afedeec030101
1f0702fa0ee5fa0b
23fa0afb0af106f4
fef50d08f2f4f9fc
e0e1f9f018eb0c06
0802ed0902f7ecfb
f621eb13fce32818
e10211f3e80913ed
160700f905f4fa07
00f5f2fbf4f0f012
062419f7121aed1b
f3fa0d0cf0e601fe
fe13feff00f102fe
1dd7e0d6d1b80a06
1be01417f1031613
e3f30705060e00fe
020000fa05ebfafb
fa0a120cf7152a18
1af705f204fe06e8
130c09fef1fc1c03
ed0201ecf81afffa
2be3fa12ff12f5fe
05f9040bf6000af4
0b03f6030ef501f7
f9fefa0cf3fc06ff
0104000207120afa
04040907f5f310f9
1d150013ddf900fb
fd09ed0cfb0afbf4
170a02fe13d718ee
fef709ed1405ec0e
07ee02f6f3151cec
e10df803fc14fbfd
03040df1e702e8f5
14f9f208f7f0f4ec
ee04f11cf004f60f
f807fa0c06010511
18ed1ce410f00f0a
fc00030eebfbfc01
f5f30b0b060d010c
0b1c0ee806030f13
fc00f00dff0ef905
e1e7f8072e0801e1
04f506f00114fa08
140cfa1ee5f71606
f2f9f5ff0c0a11fa
fd06f3e50e270c07
0c0c0309f1ffd605
15ea0c0af4f8dff1
04030507fbeced09
ef1bff0f18d9ea0a
1e0610d9fe07eee3
fd113908271817d3
f0fd06000dc8110a
0f09f4f9fbff1104
081413fffef70111
f4eff40f0be51309
edfc00fc0d1620fd
e21403feef230f12
f1ff06edee021107
f4ff040afbe52902
0408f3170b011400
00f9f412ffe50907
1800f21ced0bff01
faf2fbdb1b0ddffd
f8ed0c0d0c0bfc08
02070c0624f0f4e2
e51609f4da3419f9
fce8f10b0a080103
e600f9fd070506fe
08090b13faddfa17
21eef70beb1c150b
141607090d001614
0502ffff07e110fd
fdfafe05faf4ef07
ec17f7fe07ec0200
e1f71300f9f8edf1
1ddfff01041c031a
f3f015080315ff0a
0a0808f8f50df9fa
0b0b071301e51cf9
fafaf7f7220bf30c
f8040ed6ecea03ff
091ce7e314f206f5
ed03f2f50cfdee01
e80702ec05300a07
180b060f01e6170c
e6f4030e0905fff8
05fc04f8021afcea
f3fdfaef0cf7dff6
fc090108ed0bfb0a
f7fb0004ec0c0ff7
fefbf20419e201ea
03f0000d0d16f3f3
eaf708fe100d0509
faee01fb150608f8
fd0a07f5f5cff5f3
04f405fa020df201
f4f305f305f4efff
f6f2f70702effd0f
f119fd00f9f3140b
f6fe1a0ef4ff13fd
e9fffaf6fbf21ef1
02f1fd0bfb150407
0d0dfce8f1fbf9f5
efeafaebfb0105f4
01f1db1502090918
01f5faff06fafd03
fffb0ce8fe10fb13
09001314e7fffcf1
f30f11130af40cf6
00150af700f0fdfd
0715fc000b060d07
01fa05000e1bf706
05e6f40610f1ee16
fb02020ef4fc0603
f91001fcf2fae2f7
0818110115030cee
00fa0e0a0201fbf7
090df60301f4fffb
040ff7fbe215190a
fb0bf7faf40c1207
02f101fa0112f1fa
2ded2c36f3ece859
f9f2fd08e5ea09f4
04f0effb09f90c00
fd04fafff104f3f9
0114fe15112110f9
f607e8eaef071c14
0e15ed1d1f160907
f2f20c18f3f30e07
0705f8fb0c0c0c01
02f8f401f4fcfa07
040900fff9fc0609
e316c3ebff1beaf8
0c0d04ec14140c0b
0dfdf70fec07fefa
09e8f3041205f9f8
f819050bf40efe05
07fc0017f004f4f0
f5fcfef6020107fa
26da25d81ae731df
fb00fbfe0706fde0
02fb111eeef9faea
0100f11202f405f7
0e011408f604ed09
1317fd0115faf304
f7fefff1f603fff1
0a0efdf01300fefd
f00810f7f5e6f7e1
f9f3f4f105fcf801
f804fd011e14f3ec
f50613e7061004f9
0a19f40c05dd15f1
0505fc01fc0307fd
0e101200f70d06f3
fcf6110e0eeaf9ed
10fd0afef512dfe9
f50df90505f1140b
eefef20a0bfaf906
051008f7f40209fc
04060df9f60301fd
fffdd91403f70c20
06e9fe0aeaf914f5
fce00907f9f3fc0b
f7f903f4ffff080a
07ebfa03f3f7000b
f00a0ee0fafb05f6
0d15fcf90edafef1
04e11a08011508f5
16090514fe01eb11
09f7f41bf114fa0c
f41805eee6f80df8
0310fef1f5e1fcea
0308fc180dffef00
0b05ed00f8effcfa
05fb03fe1a10f7f7
f6eff400ef02170a
f70bfcfd0dff0c0f
1cd81e12ec180d21
1621180eec08f518
0df6eff5f911f610
0e1512f4fb02fd1f
fa0907ef01f8e902
f90c00f80c08fef5
f1f4fdf50400edfb
fdf0f4f40305f80d
f4f30ded06fef805
fafff5fa03fa1127
1305040df8f7e5fe
fdfbf9f1eaee04f9
fb06fd00e5ed15fa
fa01fdf92607ef09
fafe0002010afa0c
de04eb13fd060218
fc14fcf01f120b08
0f08fe01f6f00802
0004f30b17110201
ff0908fd0618fdef
fbf608fa0bff0704
f8060513f312fb00
f3e5110cf81bfa04
0009fe0e0de6f4fc
fef91d1504220404
00f9040e040312fe
f50e0a0113fa03ec
03eee90613eee80a
03ed16fdfd02fe01
05f9f7f7fcfafe0e
f1090b0bf9eb0204
0fdf06ebf9060c1f
010cfee815fbec07
081600eae4f1fcfd
0afb02e816e4e8fb
03fdfe0819fbeefe
fd1201f6f0f906eb
f80500f2200011f6
e1fdfff7f8fd27f7
09eb0efcfb1ff6ec
06eb020d09f1f0de
fafc01fa03e8f4fe
040df316f3f5ec0a
05f21ef506fb0e12
f22807030b0804e5
0edc0eff08f906fc
0408012600f80203
1713f8120502ff08
ec0b090efe0d0001
0a0b07fc06f0ea07
07f90af0f3e20ff7
01df00ea26f307fd
f00005fefb1b0216
fa0bfd07f80a06fd
2b0c03eef3010617
f4fb1e0bf804eb09
fef91007fe010cf6
0dde07fefef7f607
f408ec08ed0200fd
12fef5f9010f1af7
f40102ff031609fb
0e1a04150afbf905
06eb090c0118ef0a
edfd0017ffedf804
fd0702060cfcfdee
0ae9ddf208200b23
11f6f2e80505faf1
09210f020bf70efa
fcf101fb02ea0604
fb0806ff1bf6f0eb
11f5fef6fdf8f7f3
03ffeff8ff03f400
e503fd12d321ed3a
07ff02180002fffd
17f60e030105120b
ea02ff0102010afb
ed030cf30c0bf6f0
ff07def314f10cf8
fef4f10bf710fcf5
fbf71d2cfcff0504
03f6f9e4121409f1
e808080ef0fb16f7
041d0a0ffc0314fc
0dfc131b24dd18d5
0429081102fb0ff4
fd0df70e0b10f703
06fe05dff2f0f8f7
fdfeee17ff0a12fd
e90601f4fffe03ff
f7f405fe02e80f05
e31bf3f9f9fedf16
03081802f90f1104
00f803f914f00004
fcf706fd06e40bfa
f0fef018f103170c
f211f91eeffef107
16fdf600fe04e910
f9f1e3faf60013ee
07e3f1150e0be70a
11eae5040df1ea0f
0820edf20712f402
0907eafbf20a07f6
06f304ef070a0502
0cfef1f905001209
f7edf9f502130107
0311ff06fef5ec04
f506e0fc05080126
ee0106f5170401ec
f223001205fb0bf8
03fc010207fef700
04fd100ffffafa17
d2f50609fa140ee1
05e71bf7eefd0b0a
02e0f9e8f2fa00f6
1cedf2e4f30107fb
010100ec18f506f5
27040dcc0312f401
04ff081bf1f71b13
0deaeffd0508fdf5
1304070ed6050019
de0f190e02fc01f3
f7fbff03fd030302
0504e3ff151e07f9
e30c0522f5f3fafc
050bfbf9f801fdfd
0beef8f4fe03ff00
f9e312f5f8f6fd03
fff1ec020501dc02
05e3f9feeaf6dc14
16f0ede30b1ef414
eae3ff0dfafbef0a
f023071c11ffde12
03fdfeef2409f311
0306fafd05f700fc
01fe03f0f709faeb
fcf2ee00f40c02ee
1918f8fcfa07fe05
f303fe0302fe2115
dcf10c0df2f71602
f61303e3f5f909f8
07ecfe05fd10081e
fbf5fef6faf3f608
f9081008f6fa03fb
06090e1508f2fcfd
eee0fa0c08fc0cf6
1af601110401f4fa
060111fa01f8f8e1
0bfb0003fef4ff09
11ebfbef050b0a04
e5f4041af40a03fe
ef0122fb060011fe
e0faf2eefb0002ed
f30f15fc10fb0c07
eeddf40411fff1ff
0602ebeef20412ed
183b0afcf9fa010c
0df9f3050df3fe04
0d0017170efbf70c
fa2022ef17fcf8f6
f10ff0ff0202e8fa
fa0908ecfaf9f321
fa0afd0b0ffaf51d
0fec0e02001202ff
eaff030600f9f9f1
1312f0fe01050f00
11041decff12090a
fe29e3ed132125f7
140afce6161204f8
0effec0b120c0af7
efef071ffdf00ff7
12eafc05fc2508ec
090211f1e4f70aee
0aff09f404fff7f5
00f51e01e40436fd
0814fa1206070505
0e0b0704f00417fc
0bfd06020f1423f9
03fd0aed0d0be103
fafcf8de0802ef02
01fd14f808e10722
0d1510faf4fbf307
02ec0409fa05fe06
fff8eaf3fb030cfa
09f8fff41702ede9
1b0ff502ec01f911
e60dfeed15f904fc
fc1deffa0afee8f8
05fb22f319000bf8
070e05ff040a0af7
051a05f0fefbf1fb
f7f7ef04d008fefd
f8f3eb1320f503f2
f2f70e00f1fcf301
fb230afcfa1a0ff9
06ff0306180b0c1e
0c03f204e9050a0a
0cf9160c0112eb08
fd1203fde915e611
f9fcf5ec16fbed00
00defeea19ff0009
f029bacee8e9e7c8
03eceff8fbfe18f8
12f4f3eb10f30f0b
fc050502f31509f4
0421f00707f4f1ff
1016e80ce609e908
fa13f2fe2505ed02
f00bff0ce8070df7
0700f10210f80018
160606fbfefd06fb
0100fb11fdfff001
0d06261a11461238
f7160bfdee01f305
01fcff070d080104
110a0621f5100d05
f2f1fef40810faf0
0eed0112f10bfd07
03ee10f8f508f204
1fe6f536f9b5ecd1
fcec0e101b0a0cf3
001211f3f0f6210a
fe0205dc19f9dff8
f80f02e9fffc18f0
f4ed14ffd601f6f8
f5edfc01e90c1a00
fb01021205fcfa11
f908fc0f11080ceb
db0f071b2d030efd
0af6fedcfafcf912
eee9f210d5fe0903
f304f80507fc0805
fa0d0d080ffcf307
0702fe08f904fb07
00f302f113f410e8
fef50208fcffebfe
0a1903070cf900fd
f30505f7e8fb0ef5
fcf20cfef0fef80a
0805e905eb14fc08
f7ece9e60908f90e
05ecfbf612f60ff7
fa10fdf22ef7f8f4
fb17f40323fd0209
e717020f0a030cfc
100304def1fa16f8
fefc11f6eefdfbf8
2cf70af208051203
fbf4ece4fc0504e3
fdf7080d0c03edfa
f2f5f0f8ecf60b0c
fefe0ff201fafdf7
f4f30b01f9f4fef6
040005de1eecea18
08fc1216ff0af80b
27fdee0fe6fcfffd
170ae70efffb1105
ea04ec1210f3e2f3
d309d4f9fc0beffa
12f70a13fd0ef714
f1faff09bf02fb0b
ebfc0808e9f2090a
05fe05fe0f01f6f5
fffbee000ff40af3
ecfafd03f7eefefa
f719f3e40f021905
051817e6faf905fa
00090a090ff70ffe
f30500ff19e9ecec
1301fbfb080900fd
0f2a0cf215fcf9f2
f905031900f7fbea
090aff09081b0104
f80c1313fa04010d
ff0b071f02fe04f0
001a1202eef8f3f9
02fdecec13fcfa02
f1f6f4f90c02130a
f10c08f1fd12f3f4
12fd040dd306070b
13fef80c021300f7
010dfd04fcfee5f8
edf2f6f7fdfaec0b
fefe100723eefdf0
f50509ce10000cf5
1008e10907f0060b
ee00110016fa04ff
12fb0bf9100301fc
e1e7f5f1e701d700
f81000fcf6ee050e
f212e917f3ff060d
eff7020cefef0706
f8e7000eff0af8fc
060305e7effffbff
03dc091ef61205f1
e61ee80deaf40f0c
feeaff06effaf40a
ea16f70a03080b02
f612f7ec00f3fa0e
05f80a01ee07ff10
ff070811f802ed03
f2e8f3f6f0020ff2
06f010230cfbe51a
0bf3f7e709f5fc0a
f3fc0611f7f9ecee
f313f8ec00eee500
17fd0e06eaf6f907
f1fbfc04f8140bf9
03eee71205f7270e
e306f9140a040e11
0a1affec02151920
f205fcf6fc1b0ef0
1afc0d08f20d0b06
0b080404fdfeee05
fcf2eff90c1af0e8
14020501f506e60d
16ff06f70cf4fbf5
020df3f5fdfe011e
0900f30a0309e904
1702fd0ff1ffef10
1204fe0ef001f512
0def04000dfd0b0e
18fe22ef04ee21e4
05fefae605fcf114
f7f6f2f61808fdf9
09ff0d05fdfffb0c
e400f9f30c0be5ec
e7f6f7121107f7ff
ec0602f00a0516f6
d92d42d21aa406da
1af5fe100817f815
fcf003090afb0410
f9ef08f504fcff05
18faf818feffdeff
00fff101071d02fb
f7faf5fd0df50e00
f7fe1510080fe30b
fd12f9fcfb0805fc
fe06fded02f6fbdc
01f2fd08120c0ff0
0af8ea1df2291606
ff00f401ec14e90d
0ff607fafdf80b18
fae111eafffe1604
002af51e030b0603
101600fd0007e407
ea0b070000faf4ea
bdd70fb5cf11df1e
f51900fe191815fd
0a0ef0d903ff07fc
21f7fa06edfcec09
fe0300e30b10f9fb
11080b0cdcf4f9fb
14f6faf6f0011f23
f71c03f1dee210fc
05fcf70ff9f31325
dffffe05f6f50a0f
10ebfef60ee8ea04
fefbfc0cfbfc06f6
f80706090c111108
fafb060d0cf5061c
0efff609f2f9fb0e
f2f6f810fb10f70d
ff10efec0af70bf3
f8ec010208f00500
f20c1211f8140106
f5f6fbf015fef7e8
e4ff04fc07131103
0bf3fe06eb16fbf2
f905f3000206f6f4
fcf50002fdfa1d01
05f20d0600110af6
f2fd0d070205e326
f4f801f4120c00db
05feff05f1f410f8
e90902f5fcfa1611
050efa18f0e5f402
18ef00eb1a03f1f3
f9ecf1fd08fe19f6
03fbfaf21cfff211
0c09040f04f9ed03
040efb0601031417
05fcfcf212f20be8
0707fe19f704fdec
0c01fc0c00f4e7f2
fafe1500c7d701f6
231e120212d502e5
fb1206fdf8f2f9fc
fbea05040914091b
fafd0a130fef1218
08f10005ff050ce3
01100707eb031de6
0ffe0b0afa05e4f0
f4da0df50d17f817
fff6fae8f7f71ff2
0c23fcfbf909f7fc
24f4f807ebfef3fc
13f5e0fc0800f4f9
060cf3e3fdf3ec04
0bfdf8021b0207e5
ee1bf82005f0fefd
fa0a22f0f70b15f5
12040403f4fc0bf7
02e70904fefc18ef
f2f6f90b0711f2f4
0de2feee04f31208
0bfd0800f6060217
faec171a0802fc07
13ecf40bff0c0b07
fcf81314fa0cfffd
e5130201fce9e0f0
06f6f9041a090cf8
fe0b01eae70df602
f50f00090a0b0809
fb1efcf3f6fff900
f105f9f905f809fc
dc1a13e2d808cd0b
100cf6f2e3fd07f5
0b00fcf5defc11f8
031015012310e803
fb06000af80d17f7
fe0ffd05fcf5ecff
fffb01ee18011304
ee19fde7fc03e2f9
0e00f9fb110702ff
fe01fef1f7080612
02e6f6f7edf6fd00
d8f502fef62505f3
06f9f2faef120af7
1307fd00f713faf7
fb091701f002f10e
f90df806110beeff
fff20c020004040c
10071afdeb0500f8
ecdcf2fd04e403fa
fcfa08ee11fe0408
ffe5d8e933d2e106
2120040ff1fadbeb
03110914f90ef4f6
0ef8e3edfb00fe0a
ea0ff5100b0700f4
0106f619f8ecf300
03f1e8040a01faff
e5fd0014f906fdfd
edf101f109101c0a
ea0af2f20400fe09
0ffafee6f408fdfa
03010b0af8170dfb
0e06f316ecfdfcfd
f916fe070ff708f2
19e10916fb091804
04e5210603361b09
0614f40010f001f1
10fefbf0f5f806fb
ee04f1ef1ce2fd10
fafff40106f90100
0e1c14ec010b0d14
02031e2ee81729f9
020bfaeffc010d00
0ef301fdf1f5fd06
04240111fb13fffb
f5f507ebfaf102ec
0b1305fe0cf1000a
eef808f5010b0d17
0af7f504f00a0c0c
01e6000c02f60102
00fefb062709ffe0
0dfa06edfd06fdff
10eefce10d05fa12
e80f10df0902ff06
f0eb061b071311f6
09e11af7f919fe10
0cea15f0fffee7ef
eff000fe08000303
1ceafddf05fc05ff
fd0bfbf40406f7cf
fbfdf50a1c00eef1
11f204f40df531f0
0e11f716fee914ee
fd0f0d0501f007f7
f9fd0605f306ee01
0afefde91404f7ea
fbf40d11020df9fc
fefbf9f02b10d806
ef0bfd0114fcf60f
ebe5fceffb0a0f0d
e9f2f80406fcfae8
fa01fd10e6080ef0
17020604f1f603f3
f211000e07fc0801
f508fb1007070c08
01050e09090105fb
e80012e8f0f4ee0e
f70effeef7fe0813
eef505f7f304000f
fe1108e3f708fdf6
0709eaf20d0ffd01
0c3b0314f5010807
fc02fe270f0301fe
f2f3fc0903080b13
f61feefd04e4fffb
fc18040e0b111711
ecfc0b000c0a090e
fe03f40ff8e7fbe8
02080708f9101500
00faf3010518fef3
fde117fbfc02fcf7
fc1ef812fc180308
01f30312fa140e12
04001ef9fc1b0412
02f4ed0004fd0e09
1afaf313f9f20512
e9e50ef3fc0206f5
ecf3fff8f8050dee
ebef1613fa050903
07f4f4090bfffefe
120df9f1fdf5e30e
1f161402fe09eb03
14f60403fdf4faf9
02f0f2f405fce806
fd11090afe03ff09
fb190608f2ff15f4
0e0dfcfeffea04f7
04f20bedfb070e06
f4f6fefef4f6f80b
f1171003ff000d05
0afcfe10f1ecfe1b
f5f900fcfe0d0be8
0c09fef92403f7fa
02050af50908fa0a
f3020521fbf90b12
e7f1f8f0e406100e
12f3f90b110bf608
0d02fa0b00e9fdf4
fbf5fcf9fb11ebf6
13fee61213f7fc07
f414110111100b0d
f8f5e90907fef8fc
f2fd0718daf60cf8
110e040007c9e601
1d11ee1002fff1fc
0a0007f3f3fc0bfd
fff603fe0102f3f4
0410eef807fef602
ec2df202fdf9f800
01f0ffecfc06fc18
fcf5f90519e8ef11
110d0202f40915fa
fecd07f907fa0701
1007f1ecfe0305fb
070ff5fde51d17f6
fc210df8fde4fceb
1a110cecfcf5f90c
e10e060a0d050a0e
eff4f2ed1906f60d
ea0ff5fdff1405f0
0f01f009e7f30a06
f2ec14fdf9f00cf3
e8e7151fe60ef618
09fbf20bf1ebfefb
0f0008f6fe11fef5
f2061a0f06200101
0e0ce6f80c06fe02
fa06ffe6eef606f5
1d1100effcc9efee
0cf6f1201410f6ec
06010df4f30c0208
fefdef03ff09f5f0
0610fe0af80b03d6
20fd090705f8f1f3
10fdfbffddf300f4
fa0104f91318fc03
fa1ff7f7f90906ea
fd02f50c00f50306
ec05f3f303fcfa0c
f6f90108eff30304
04effffb0bec0d08
f304f90ef9f400fd
02f3f611e7ebf6f9
eff413e90d170501
f809f006f9e3fafb
f70ade000cf90806
0d0204f60805eff4
00020615effc09f2
f9f7fdfe0ef90b02
efccf115f4060dea
08fb1406eb1903fa
feee07fe2201f120
0af9ec0ad7f50c12
f60ff9021a0af804
f805fbeff7ef02f5
05180bf209020b02
180208f60b030404
08f808f20103040e
1602d80502fbfdf4
070301fe020a02fb
1d34fd04210efb14
060dfbf402061b02
f704f3f1fe08f90b
fefc0ae5130a0ff9
f90703290e11f508
f60ffef8051d09fe
e801f7f5120ef103
dce5fddfebf30ae2
0ffbf30beaf1f6f5
fe0704e9f3e61912
060de6edecff07fc
f905ff0bd6ff08fa
07f6f8f910000414
04fff706f4eaf70b
fcf812fc0501ff01
1204da030af5eaf2
1708ffe7fcf5ee04
e9180cea14fd1119
10faf805fef8f9fa
0204fb010ffc151b
fefc060df70c0204
f1060dfbf6fc0802
f4f503f3e5f305f8
000216fa0417fdfc
f2090b01130af9f1
120d10fb0c0af9f0
f8091a051807050c
f407f00c0b0908f9
0519ef01fff1fce8
fded190903f601f0
0af0e7fd0809f2ef
0efb0cf9fd060409
09fd0811fedf07ea
f9fdfb01fe0d0500
f2fd000ef1f90814
04fcf50608f4100c
e40810f40a110424
12f7f205f3f9fcfd
031207ebf408f903
fd01f50fe0120402
faeb1b08f2141a0a
f4ff01f61e050812
fc0704ef0bfa0c04
ffff09fb09f702f4
fd06fae70710020c
eff90cf10e08f900
04fdf817fb03f4ec
fdfc11fdfa01f3f2
fdecf71014f10605
0ffb06100bfef6fc
03ff04060d10fc08
06f8fc0e16ebea15
faf914f9f3f7f808
f9f60208fafdfefa
0903ff030efcf1ff
08100ef8fee90ffd
09fa16f90d07fdfb
f60709ff0912f509
02f3f909fc0808ee
0109f104070cf4f1
1818f00a04fbe9f9
030506f01afafc07
0c00fddff1fa080c
ff090eecf1090a0d
f5fd0b03f705f4fe
02060701e8f7f0fa
12f4fb1bfefbff0f
0a00f40ae9df06ec
13f20c020f15fc10
11ede717edfb14f9
03f901eff8010003
130d030aecf006ec
0cfcee04f505fc0d
fcfe11fa100a0e0a
0cfdf9fd0722f1f1
fc0cf20406fff9f7
f9d9fc2522141e09
0500f6fb07f10bff
09fdfcfefbe601df
08faf6f1def60af8
fe0b0cd90a0efe14
0a00ec1102f40904
edeeec07f4041012
f507f50714e1e9ee
fcec230eed000619
0a020df20c1305f1
060a04070018f001
1009f6070c0d05fe
03f6fa15e711f40d
fbfff4fdde10fb04
fcfe0a130200e3e9
f00b08f9fff70f00
0d0e0302091a08fa
0bfb0107080c05fa
08fe0cec18f40510
ebef0800f6fff8f5
d3eb0af0091ce801
1109eef7fb09f1fd
11fd0001f302040d
fd0afc0bff0cf80d
ed03f607fbeffc0c
fffdf5f7fff2fdfd
04f90a04fdf610fa
09fdf9f4fae10cff
f8fd090d1210eb07
00040cf4fb09fff4
fe09fff30406f603
f0f901f311fd00f0
12fdf906f10cfcf2
0f0b0a02fcf90b02
10f9010d1adde808
eee7030700f40412
fc06f1fefc05fc05
ee0c060b06f90801
f8f510f003e00805
ec0e031702eff201
04f903f1fc15f8fe
074bd2d148ab0adb
1dfdf71b0aff0408
0606fd031004f4f5
fffb1107f0100506
ea1b14f206101b06
e6f90ae7edffec13
e0f804e61106ed01
f6ff0b0e15040607
000801f30d03090f
10ebf304f008ec09
0606fdfc03fa0600
d0e1320ee407f847
f1f9fee1fc0c100c
fa0503fa00fdfc09
fbf702090810f80c
210e0efff8d9eae8
ff03fe14ff020e06
ddfdfff7ebfe0109
3d079f08de4a49c2
0bfc080ce815e602
0ef606fc08050704
10f90afcf8f70bf8
03f80302fdffeff9
ebfb1004e6fd21f6
0af90506fdf204f6
0afd03e3faf91b03
eef8fc22f4f3f6ed
fcfcf8e9f305fbee
f6fffe0d0f000917
12f000021002f909
ed04f907fef9090e
07ff0efef8e720f4
f8f707fe000cea09
f307fe13f01decfc
08f90004ecfb090a
f0fd0bf7130ffbee
dbf301fdf00bf5ff
fd030602e513f5fb
1104fe00fdf90509
ede9fcfb01f60e0f
0903f7220c06f8ef
061c060e0a080d12
100401fb00e919fe
f405f4f5f5e9010a
0119fb041c130313
ff01fafc04f302fb
1cfeff1002f80ce7
f512fa03fbfafef8
fc0e05f009190303
f3f80416dff3fef8
f8fd08fcf3ffe8fe
fdfcfc04f0f512f7
0305110207ff0df7
f407011907f81900
eb05020d1101fafb
0807021201f5f710
050cf2e1f9f43aeb
f01b12e70bc0eb0c
09f904f902de12fe
0df9fcfdf3fef30f
000002f20e13fc01
090aff0afdf7f5fa
070e06feea14f106
0800f70efdfd070a
220009fe03f7faf1
0cf9fd030303f5fe
00ff01f50419060f
0df5f6fdf9030306
fefaf20cfaf7f3f7
fd0504fff709f81b
02050b0cfa0bfb0b
ed0208f213f8ff04
2807fbedfbf10c02
f70ff60dfc08fffd
ed03f8f5f80afd0c
04f703f8fa0c13fc
080104fe04f106f0
0bfb050612fb0201
f303f6fcff10fb06
15020b0f0508fc04
16fc04f60f080efb
0cf5f6e80cec18f6
f0fb070efff90cf4
0ff8e80910ea040f
0d070208ed07e800
f8faf7f8fa090409
edfbef001b0e0001
f40ce6cefc021301
03ff0cf5f9f70602
f9f707f8fdec0bf7
02fb02000605fe0d
d7fdfff908ef06fb
05040103f8fdddf3
0dfef5010707f60a
020a0af420f9fbe6
0a010d060410fc01
0ce9f802fd00f8f7
f311070f0a3efc03
fff3f607f7f91002
f20001fefd030cee
f417040116eef30b
f11c0a0616f400e6
fef10cf70e0beef9
0203ff2503f7fdef
08f801f7fffa0be5
02170c080117150a
02fa06e80a050202
f3f81d29122103ed
00fcf0fb17e00501
fe03eafd020b020a
0afdf1f902ffed14
05080612fdf40c16
edfd0910f7ff09fc
fbfafd0bf212fef4
19f5ff04e8050209
09f901f6f7f703fe
0ceff3fa08f31b09
f4f3ec0dfd16f100
e500fdfefdfa0c01
0efff7fc0802ffee
ec0c00050006e6ff
0a0cea04f4cc09f3
fb0e07fd1e21f7f8
e0fa040000080ce9
f6fffb12fa10f811
f8040fee070efb29
16fc10150c02fd21
f0eff5f6fa16fdee
3722c3b0c32335dd
eb0afdeb01fbf7e9
f6dd01000a14fff8
fa07ffeee212f3fd
f8f6140606f8f3f0
ffec0fe30e170e12
01edf50ffe0cff04
f90a10e9f50de4fd
e9ee00fcfdfee40d
faf0f10bea06fbff
ee04ff050cf8f800
efc02b2326c6070a
f7130d0b05fb090c
f10604fdf8100102
090408040e22fb0c
f0fcea0adbd7f51b
f10cfef105083203
0df2fdf207ffeffb
14011ae70f5b0044
fb09fc000bf007f2
060efeeef3fdf4f5
f6fc00fbf60b00f8
1819fc0f050cf6ef
0919010bf105fefd
fcf3faf90b0502f6
0ef7f1070af70d0e
0ef5fcf7e9e7050b
0501091ef9ed0bf8
f7160efef9fcfdfc
fefef9f7fc2205fe
12f7f30a03f80ffb
06e905f402f31103
0805fdf0f80bff1e
f10b10e9022007f5
fe03f6050512f5f4
1c00060108fdf20a
08fafff4f9fb12fc
f8fcf501f6f0ee15
f9fcf609fcf6ef17
02f6f6f1fafa0410
0eee06f503f70206
0fe10802f7f4190e
040ffe15fff423fd
e9f90bf40cfbf3fe
03f1fefb0af6eff6
f20eed0820f8f0f2
10f101fb0ef90cfe
ff10eff7f6e1f8ed
fb0409f2fbfe0e05
080efd09fb10daf4
fde51801000df9f9
e6170812e4fdf2e4
e8f3f7f2070b0304
01eff8f301f116ff
05f9150cfc000b18
05f11016f10d010b
11f7f2efd5182505
1c09e9e7e2ed15e3
0a0c0cfafffeff11
04f208f8031b040a
0213f70b0fdf0dff
13f713fb03ee01fe
0603fb06fc03edf2
061000f4f5e8fa13
09f001f6fe05f002
03ff0708f4f40002
f20c1303feeff4e1
06180bfefceb0509
f808f30309fc02f5
0c180701060d1306
072414fbfcf2ecf6
00e50d17ffe31dec
fdecf123ebf30a09
03fbf90cf4e4fc03
080f0705fff1fcfa
effefbf2fb05f6e9
0009fc0afaff0bfa
020102fcfdfe0bf7
f00900030af504f4
ff16fbfc0408070a
eee3f803fb03f502
01f2e304f4f70f12
0620021a000bf4fc
fb0f1202f6e40f06
fbf30105051a04fb
0eeff711f9e7ecff
fd0305ef1704f0e2
ffecfdfff616ee32
0dff02061612f9fb
fdfe08f7fd1eebf5
1b0a04fa08faeef8
0efef80d0612ff0a
03f1f90f04f9ee02
ee0e0fe807f3fdfd
05f900ff1d0ffd0c
fb0d02e403fa0a16
030907fc06fb0aec
0a02f8fcfc02fe08
fc01f70808fbf1ff
fbf4fafb12ef0af4
fff803f406fdfe0d
0bf90cfe01fff406
f90bfcea0bf8fdff
06fcee0a06f903fe
02fa0a11faf8fe02
1205f10806060d0a
f8030801f60717fd
010008fd03070af4
04fefbfdebfff1fe
100216f502fd0201
01fcfd090b0701f8
fffef10809000e02
0201fc04f40604f8
fdf6f904010902f9
f900f8f806ff010a
04040d090a03faf9
f3fbfef609fbf504
07f2f40d03fdf700
0ffefce90808faf9
fafffb0bfc070dfb
fbf302f9fff6f406
0805f60103020b01
0a09ffff05ff09fd
0a030df80009effc
03fcfcff050201ec
fe030606fd1c0a02
fc0700fe0204070a
f9f9ff03ef01fdf2
fc0006f9ff040302
00fe0a020902ff02
fc0afc05f2f6f9f9
f902edfffe0e0dfd
fbff0301f905f6fa
06fe030c0d01fdf7
0a0703fd0bfcfef6
ff0df8fd0dfdff03
0606fb04010709fd
00f805020100050f
f803f80a08f4f202
fe070702f7060800
02fef5f7fa02f402
fbf3fcf7060f1301
08fa100806fe010b
06f4f6fefd04fef8
f7f909010401f1fa
01fc0d03020c130b
00030105f90000fd
fb01f9f00008fefa
ff13ebed03faf0fb
050df70b05fdf9fd
07fdfaebf00009f9
fa0cfb030afc1a04
08f90312e40c07fa
0208fa01fc0ef50b
fd0206f2070005fb
f708fd0af6f100fa
0d0bfbfefe010bf0
fdfbf3f203fcffff
fc0306f90308faed
00fef9f417f60c01
fb0504fc00fdfffb
f9f804f8f9061009
0807f5f8fef5f10e
fd010407f0fff8f9
080103080cf8fef9
f60703f6000e0207
fffdfefdf30700f8
faf1f8fc0bf9f512
fb01f3fd01fff9fb
0300fdfefcf8fdf3
0af0f9080afa0400
1d0005f4f3fb0206
0b06060903fd0113
040307fbf8f7fff9
0204fdfb02f70706
02f8030aff04fe04
0004fc09080b04f7
0702ec020507fe0b
04fd050605090605
e804030102f70a02
03f1ff0bfc01f802
fd07f3fa0004f905
f4fc03070d01f900
fefb02fc0f0c0101
080b06fcfe01050c
fffdfd0b00ffff01
0c0cec13f6ff0303
fb0b0302fff90af0
09fef902f5fc010a
f5faf00008fe0901
f7edf8f7f61503fc
040907fdf6fff2fc
fa10040bf2f205fa
f8f9ecf9fe07fa0d
faf6fc02090cfe0f
fbff0108fcfc0207
0c0a05fcf7f9ee01
05fd020403e40205
f80b0c06fcfefdf7
02ff02fbf5fb0108
fdfe06f9f7f50904
0604fbfe08050cfe
0d010209130a02f7
f2f80df8f6030e0d
0306f9fceefafe02
f70b0df80303f5f7
f3010efff009fbfe
00f9f4ff03f902f3
f4f40806fa08e70c
f90502010a02f203
02efec020307f805
1201fd05f70ff80a
f110011202f304f8
0c0603fc04f8f60a
f60006fd090afcf4
05ee02fb0efb07f7
fafa0c0afaf6f9fc
0309fdff02010506
f507fc04fc05050c
040701fd07fdfcf7
09fb1202fc04f506
07f7050807fb04fe
020802f90b08fb0d
0a03f3090109fd02
020600fc06effdf9
02f50507fef9f205
0902fb09fff70400
0703060501f90702
08fdfdfd02fff7f4
0100fc05fc01020b
fd0d00f3f305fe0c
0c05fe04fef3fafe
ff08060000fc10fd
f5f7f3f6ff0e0207
00ff06010decfff9
fe06fafbf9f60104
fa0300f2f9f60900
fa06090eee0803f3
0207fafaeff5010e
0005f110fbf609fb
f701000dfd020bff
f3f108f60d0500f5
0009ff020e00fcff
f4fd0202ff060409
06fcfe12fbffeaf4
f011070d0aedf803
fb04010811020107
050605f905f1fefe
1405f606f5140af3
fdf9070d0afb07fd
fe020ffb0c070102
05faf5fe050301f8
f50d02f30a130205
fdf502f3fefd0305
01faf2fcfdff0df3
fd1000f3ff0304f3
04020102ff03ff0b
fd04ff00f8000401
fefe1212fef30dfa
f8fd05f90603feff
1200fdf7eef6fd0e
fa0200fafa09fb06
fc051103fff8fbf8
0af903ff0c0405fa
fd0405fafe020af9
f4f4030b00fdfff7
0a0d09f608fcec0d
07fffd000003fc04
0c0f0af801f80009
0c09f40406ff0bf7
fb01f3f90af907fd
faf7faf3f70707f4
0002fe08fcff05f3
0b060e0f07060411
fefc0407fdfd09fe
01f7020aeb030206
fafcfa0206080d06
f909080501fff500
06f805f6050df7ee
07fa00fefaf6fb10
050100fd03090a06
fc00fa04fdfceefd
ee0e0305f2fa04fc
04fffd0ffbfb0112
f7f9f2050d06f709
fb06f4f604f6fb01
fc0ef40bf9fd1411
fdf20dfeff050dff
00f40a0ffafdf1f4
0f06ec0b010ff509
00eeee0d06fa03fa
feeb0cff0f0f0d04
fdfafa0510fb02fe
06fcf7fb06fd0bf9
0004fd100704f9fc
10fa020af3ff0bfd
fef80100fa0bff11
07f70100f70ef4fd
fffb00fef10503fb
fef9080309000505
f905fd01f6fdffff
f8fcf8010004fff8
0703030410fe08fd
09f906eaf9f108fe
0bf400f8f70105fd
f909f2fdfe050009
fb02f60101180803
02f502f702050f03
02edf104ff0b0202
04fafc02fb0208ff
03f305fd0500f812
fa0dfc0ff507fe03
00000802fbfd05fe
0400f601ff02f8f7
0a0c08040e0b03fe
0ef401f9fb07f303
fa0efdf610fe0107
f10104fc13fdfd02
fe02ff08090501f2
01010b0d0302fa02
fdeefe04f9ff02f9
f60810f2f904f6fc
f00d110ff904f101
f10606fa0113020a
0509eef9f405faf6
f60208ff03fcf4f4
00fb09fd01ff01fb
09fefcf9fafdfa00
08f50d050302fb10
fd01fafe01fbfef2
1802070301f70502
05fd04ed05fb0807
f3edf002fdfcfb0f
f2020b0309feff01
f4fd0801fbfc0104
07020a0103fc0801
02fa09100e05fff3
fffefefd0bff0006
fdfa01e9fafffd02
06ec0905fa06f700
010d08030f0cf0fd
01f90dfd07f21101
f6f1f6fefefefc0f
0000fbf8f404fc05
ed020602fc00ed11
0b05f604f8fa10fe
07020ff20e06fefb
f70702f300ecf7f6
fc0800050af7ff02
0201f0f11af5f8fb
f103f8ef030401f3
0dfd0b02f3fbf8fd
ea08f80712fa0303
0b0606fc02f80efc
f60009fc0a07fa03
0a0ffefef9f1fd01
f1eefe07fa050503
f7f4f6fb0000f7fa
fbfb00f9fe0801fe
00fb010200fd0606
f1f4fb0cfff7f9fb
02f607f60cf70d01
08fffc04ff07f5fe
fafffe070e0402fc
f30200fffa01fbfa
fd040a04fd08f304
fa00fdf901fe04f6
08fbf6060103fdfe
fff90903f00cfcef
14f8fdf8fdfc0ef6
fefc0307f806f1f6
f8fc0afafb0200fb
04f9f4f6f1ee070c
00ff00f5fef6feff
fdf0ff0406010a03
ed02fdfdfef804f7
08f80709fdfef703
05f8f703020300fb
fdfbfcfbfc01f8f7
fd0afb08f50c0402
f7010306fafcf1f7
01000efcfe0500f8
030c0111ff0509f9
0bf9fef8f4f3fbf4
fdfffcfbf8fe02fa
fc09050601fdf906
f50003fef806f9fe
f3040df1020606f7
f9fb0ff2fdfc0409
fd100000fa0104fe
0100f6f2000101fe
0103090805fb0405
0001fdff0a050203
0a0909f9fff5f9f1
fefaf9091aff02f8
0008ff07f8040305
00070afa05000afc
f81008fd020101f9
fc04fb050301f7f7
08fb05fc01fc0a08
00fc08fb06fd0aff
fb0dfcf1fe06f802
02fcfd060600fc02
0401f705ff0d0706
0501fcf90e08f20b
05f4f3f3fef400fe
06f6070800070e0b
0009000206f9f3fc
0e09080100f7080a
080afe02070e0404
0bfdf1060509f7f6
f806f307fa01ff06
fe04eef901f0faf7
0dfb0bf707fb0405
fa0ffefd0a090ef6
01fa0306fdfb06fe
fa0303f3100303f8
05fe0504f50cfe03
f806040608ecfd05
fd0a05fa09020f0b
f3000e02fe0609f4
fc0a050b020efff6
04fef3f7f908010a
fdfcf6fe0afcf60a
faff0700f9fd0c05
f901ff0cf9ffff01
fffd0312fb010a0b
fe070201ff040dfe
02fef500fcff0609
020403f9eefcf3fc
fe090100e9f00bfb
faf8fc0c08fcff08
0c00fe0203fafc07
080503fe0dfc0001
f500fc0afef0fcf8
0f0a11fd04f7f701
0afbf403ffff06f8
f802eef608faff05
f9f70eff0d06fff9
07fdf2fc0b0dfb08
0601f600f306fcfa
0206090d0afffa06
faf1f609f9010003
030cfbf708fefdfd
06f5f0fff4ff12f3
05f70904010502fa
000804fa01020d0d
fffd04f6fffa0300
05f910fefffffafb
fced10fb01fff40b
0deb080608fdfff9
00f201f6f90e0403
08f6020909f706fe
12fc070c00fdecfb
050e030b00080302
0ffffffaf9fbfcf8
f606f5ff010b0701
0210f8f80600f7f5
f8fffafb0501f2fe
0b020002030afd01
f50502020004ff04
fd0802f8fd00060b
f40002fb0f17f903
160f03efef030504
f905120204e507fd
060a0bff0a0606f6
f9fafbf70805f401
f7f40300f908fc08
04fe030307f8fffa
10f7eb0907fa05f2
fd050ce60605fa0c
05ff05fffc00f90b
ff000c060b08f505
0d06fe05fafcf3fd
faf8f708080205f8
f5ff00faf90b0f00
fe020406f30e03f7
0b0fff0406070ff0
0e0a07030801ff10
ef00f60603040702
fa13e70bf2080c08
0207fe09050af7f8
0003ee030402fffe
f6f705fef4fefe0e
0703060bfaf60a06
0204fe00f9ffff05
fe0305fcfcf5eeff
f9f9fe02f3f702f6
fd0702fafa00fefd
f105010203f90208
ee0b130904fb0501
0df405ff09fefc00
f1e9f3fb01020dfc
fd0afc08f3fd0bfb
f4fffe0e08f300f1
0102040005fe05fe
fd0303f9090b04fe
0102fefef8fbfe0d
13fe0c09f401f608
040a0d07f0f50800
020ef8f20ffbfc09
080302fdf5fefafb
01f3100309100305
fdf811040105f8f6
08fdfefd0efaffef
ffff0402f7fefafc
f7f808fe0b0408fa
fff603fdf5050209
02fef4fb0107f102
03091404f4fbfc03
12f112fe00020d04
0202fa01f2040dfe
040203010501fd05
ff0d13fc05fe0104
f400fbf9030202f7
040502ed0200f2ff
06feff14fdfbf9fd
f80109f80103f4fb
09fd03fa07f7fdfa
010008f81105ff00
f5080bfdfd04fef0
ef090e0f0b0c0c0c
f7fdfbff06fb0506
07fc03f4fdfe090f
04f5f50c030e060c
0607f9f4f9fe03f7
fa02f30ffafcfdf9
fafdf80003000509
0cf7050dfd08eff2
fbfb070907080001
000200fb00fc060b
f80a0406f5fef702
0702fe0709fe06ff
070101090404f8fe
ff0101ff0413fdfc
fdf608f70303fbf3
f6f4f8f4f6fb05ff
fb0101fe06f5fbfd
fa0c0d0703100cf8
f4f7f10c03f0ff05
04040bfc0206000e
080f08070d0005ff
f7f00a03fa05effd
fc00fe01050ffafa
060401fef4fd0ef6
fafcfc0a110cf102
0401fd07fc0c0af6
070afcfefb07fd02
fefefe0d0c02fcf7
020802ff0ffffafe
1305fdf7fc02fb12
f500050ff5fff9f5
05f403f801fb0a00
04fb0305080b0218
faf10307fd02f4ff
fc02fc02000e0cfe
020309ff06f806fc
0106f0fcfefd0c0a
0cfbfaf1ebff0af7
fbf7f9f80207ff06
0808fefc04fb04fa
05f5050f0efdf90a
010b110b04f0fef8
00fe0df3f9fff300
ff12fafd03f6fbff
fafffefcfb0c0afc
f202f8ff0af7fbff
f8f507fd04f607f2
ffff06f3f91007fc
fcfd0406faf60a08
f805feef15fff8fd
ec0402f906f3f911
fc0301f8fbfbf303
00fdfaf5fafa0405
f707ff0406f2fdf4
0dfa0303f7f800fa
f70608fdf601fd05
f70d030aff0e05fc
0006fe0000040319
02fdf704fa0600fc
02f9fd08ff0df80e
0cfcf602f9f5f3fa
f4050ef7f4fc00fd
fdf8f504070400f5
01f5fcf9f3f8f802
fc08f4f506020001
fe010004fa02f607
f904fbfafe010506
f80904f9fb0dfc03
060df501eaff03fa
0dfe00f6fa020702
04fe04030003fd07
0d030c09f6f20aff
0bf2fd0201020306
050200f906fbf703
06f4fbfd11fb0eff
02fb0602faf8000b
0d050700fc020bf8
05f5fffc09fe0507
ff0800fd01f5fd05
fffe07f5f2fcf408
fd0301fe000902f9
fa05fefafb0000ff
f0f4060dfe03030e
0502f50502f0f20b
0cf6f0fefefdfffb
06fb03fc05090ff4
03fdfd0902fffe05
fa00f80401f4ff03
14f8fc0307f50c01
fef4fc0600ef07f0
fffd06fcfb06fe02
fffe060f04fb0a09
fd0ffaf304f8fbfe
0004fd0df9fff4f0
0910ff0903020cfb
06fff904f8fefcf5
eef8fff9fbfb0a06
0806fbf7f8f604f3
f40102030101f604
180201f909f6feed
0402050102080108
0106f102ed030bf7
0408f8fef7030af6
0b0bfb03fdfff7ff
f6fd03fe04fefdf9
03050cf806fb0208
01fd040a0603070a
040801fb070702fc
0e020005f2f50b03
f20a06fc040c0408
050302fbfb01fd0b
02fc0df40afcfbfd
f801f201fffff8fd
fc0800070803fdfc
0302f1ed010ceffd
f40b020e120606f7
fc0205f6f00501fe
f7ed00f90711f601
f0fcfcfc02fe0efb
fdfc0604ff0903fc
08f001eef9081504
0503f2f006fb06fc
13f3000dfaf811fb
fcf805fd02f9fd02
f9f5f9fb090204f6
1204fb03fbff06f9
17030bf10601fcff
00080ffe0309020e
000af5f7fd0009fe
07fdfb0203f5f8fe
0300ff10ff0705ff
08040d0b00180501
f2faff02f304fb09
0cf803ff04eff9fe
02ff030b1201fff0
f91701f801f0fff6
0f00f10dfefef506
0404f8040003fbfc
f2060bfa030501f8
0405f807150400f9
07070e030afe070e
0708020cf2fdfb05
1404f7e901f3fa07
fa0a080100fbfde9
f803fd0ffeecf501
0809fc07f300f5f8
f905fc07040ef900
fe010601070eeb04
f9f007fa0908fbf7
fc0100f8ec0a0105
f906fdfd0dfcfbf2
000208f801fc03fc
fffb09f904010a07
0105f1fb01050003
01040bfd0cfe0504
03f401ed050af5fb
020100edf9faf2fe
03fe0602010c12fa
fffd0c000bf7fffe
0100030b11fb05f5
fbfb0502f60e0909
0ef7f6f703070901
020bf8000b02fcfb
01fdf6ff0502f709
fc00f7fb1002050e
04ff02f6f80412f1
f016fb0cfdff15fc
01fe0902f8fcfd07
01fffd09f904fe00
fc0b0000f803ff0b
f203fb080a03fe02
00eef201ff0100f6
0809f60a040a0601
04fefdfaf4fdf40b
f7ecfa03faf9ff04
0902fefdf502f710
010bfe0002ff02fe
02fbedf7fef5fe05
00fbfb0af6f70501
05f403f9f10e0bf9
00f9060afbfd02ff
f8f7fcfef8f50003
0611070206010109
fd0005f8fe06fafa
05fa09f8fdfb1304
09ff0df4fe07f4f6
e8f7fefa01060505
0801fc0611f80eff
f8fb0efffbfd06f8
04f70100f103f601
f6fefafd00f7fafd
18ffff0eeff5f803
02fbfafd070e01fc
f3f900f4fd040709
f7f70a07f8f3fbf8
011000f5fd041105
15fb0a0102f70007
fef4f707fefe0d1a
fcfc1202f30a01f8
030afcff04fdfe02
ebf3010312fd08fe
f7f505fc05fdfc03
ecfcf8fcf7f90707
0800fc0d01f4f7e9
06f9f9fc100d02f2
f705fdfe1000ff12
fcfbfffc000108fd
09fefdfb08f90a10
fd120304fffdf1ff
0bf9ff0b0302f300
01ff070b021ff804
ff0107010d07fc02
f80306fbfd0ee803
03f304000a000801
fe0509f6fb0dfcf5
1103f805fbfefefa
0007f4f6040307fe
03eefaf2eff50704
f80a0e0bf10813f4
fd0e070708f9fef1
00030512020f00f9
04faf7f8040cfc01
0406fef3fe06f10d
fffe00010902f505
fafd00ffff07fff8
fdff050609fe01ff
00f507000bfb02fd
f80bf709fef8f1f7
f10408fb020a1100
ff00f90707f8f204
f205f20df90b0102
0c03020df9fafffe
0aee030802fffbfa
00f4f703fbfcf2fd
050310fd08030800
00fc0afefef6fae1
f705fdfdfd00f002
01faf702fffefaf9
0f0e07fc05010101
fcfdf7f7060203fb
02fc020eff0408f7
f00310f504f800fd
fbff0605fa0607f7
f10904f2050ff707
1005f808010906fe
0407f700fefe0d0a
fe06050401f8fd0f
f7fbfff905f8fd03
fa05fa0400fdfcfd
02010502fefffe02
00f5f7fbfbf409fd
fafeeefc110ef7f7
fd030103fcff0810
f31202031df9f0fd
010309f80403f50b
09070ef60900030b
0107fdf6f00a0cff
00f9f90dfbf2f5fc
fefdfafdfffa02fe
f6f3f2fff0fefafa
040f030f13f50101
fa04f8fef7031204
ff0e070509effdf9
04fb060708fc0c04
eff706f9f304fd04
05fcfb06feff0404
0b04fcf80402f803
fcf502f7f6f90fff
fb03000e06fe0702
160403fcfe08fff1
f3eb050906fc03fc
fd03f7efeb16f9f6
09f7fc01f6070103
fbfffb0408fafefe
fe11f803fd070604
fffd010af408f306
f80bf8fdfb0ce701
fd05fe050105060d
f9f80fef0a09f800
fff40709f5ff03fe
fb0204fefa030301
10fefdfdfe00fafe
0a06fe10faf9fa07
00fcf40413000b0b
100703f3fdfe040c
faf501fa0efb0603
03fe030701fcfdfd
f502fffc0ef3fdfc
fc03faf6faf80806
0106f000fd120400
060a0f0af7fafb0a
0bf6fa0d040203fd
0ffef9f2fff8fffd
05fa00f7fdfbf4f6
fa02fef6f2f102fd
fdfdfbf305f6f906
09fc04feff0f0101
f4fafff5f809e508
030008ec09000505
f9050b0305fb02ff
0d0102f0fef9f4fc
0a1a06fd01fe00fe
f100ff010004fcf4
0901050706fcfefa
0506fd04010b0502
06f102fbf8070f02
00f6f4fbfef6fe02
140701f7fdfafd0e
02000600f702ff16
08fdfbf90bfafc01
0bfd0efd0602f006
05fdfdfbfaf204ef
01000a0502201000
ff05f7f9f6f607f3
ff04010d0b0300f6
f5fbfbf510fcf1ff
040bfc03080f0506
f5ff020104f605ff
0203020505f0fd03
fc0d0afa0907fcfb
02f90501ff030104
fefbf20afdfe0507
00020ef8f4f6f1f8
0e01effffd03f909
06ec05fff4ff1506
fb03f8050c060f01
eef9fe0c000700fc
fcfd0802f00101fe
160807f7f30308f0
f8000d01f701fd0a
000a08030509ff08
0b0705f900fdf700
fc0400f9040207fb
f506f406f40205f9
fd0008ff0302f4fd
fa08e5f90a070613
fe0af1f907fe1606
09fb01040804f20c
fa090009090309f6
fc0801100307fd0c
fdec0d0601f80401
0906fe0cf10e0cff
f9fbf20503fdfbfb
fefe0803f70705fe
fb0202f6020102fb
06fc0e010bfaff03
070ef3ffe8030418
f5f50b03f30df800
f8fefc08ff000302
06030300f4fef505
030409faf70804f9
11040af8fcff07fb
0603fd07fc000b07
effcfafaf0f503f6
fa081208060309f7
0605fc0313fd06e5
0604fc05f0f703fe
f2fbf106080d0bfb
09f3e50df6f6f9f7
00ff09fefefcf2fe
01ebfaf3060404f2
f8fdf4170afaf103
fbffff06f900fc03
0307fbf20400061c
fcecf708f902020d
000613fefcfc0602
050a0313fb0afa04
ff0b08feff03ffef
0d07fb0bfa0bf3fd
090b0603ffff06ff
000808f606f60efe
f60af10cf9f30ffc
fbf5f20900f7fe00
050decfd08060501
f205f3f5f8f9fd00
02fcfe01fcfb0300
fa0400fa04fb0609
07fbfcfc02f1faf3
0affff01ffff02fc
02f5f9fd0200e610
f0f9fffcfefa02f9
07040d0efc0001f6
fbfa0a0b05f2f101
0a0e000af90903fb
00f4f7f10400fafe
09f4fcf4f40d0beb
0707fd0100f6fc05
fcf8f8030f07fffd
fa0e030305080aed
0103f6fe0203fb00
0711eef903080402
ee031408fb01fa06
0a0300eefe00fdf7
0602fdf9feff06fc
09f5ef01f00afd02
eb0107ecfa0200fe
fd0606fffdfafff8
0afafbfffff6ffef
fc0afef804f8f30b
15edfafc12f80901
f8fa07ff00030a06
fcfd00f3fb10fafa
0af7fefeeb0705fe
fbfd0605ff0bf2fd
fdf5010d0a030004
090cfe14f8fe050c
0cfffdf70afa0507
0bf504030805fa02
ff05f8fcfbf10402
fe0301fb08fd00e5
fdf6ffff01f3f508
05f303fd10fefcf2
f0e8fafb06fc05fe
08010603030505f3
ee05f508edf10202
f9fc030e01f20006
0c0505000000f603
0d090df402f80009
0303ef080ff00d02
07f7fcfafe01fa08
0df5fc0306f100fd
000609fef3020107
07f707fc0dfb00ff
fefd0afded05000c
ff07ff0112fafcff
fb0df20cff10f5f7
fa02f7f2fb08eeff
f004f302f2fe23fb
06fbf3f3f2faf704
09f50004010e0afc
0007010c040606fc
0105fbfcfcfcfbfd
f60902fc00fd03fc
01f3f7100702fcf8
0d050401fe07fcef
fc0af7fb09120f03
0101fc03f5fc020c
04010207faf9050e
0505fb040805eb0c
0313fef800fa0401
ff10fef40a02f6ed
f3f70af9f4fd16f6
fffe07070dfe05fc
fb0601fe14000508
f602fc000e080cfe
01010301f8fa0204
03fbfc0006f90903
03fe06faeff7fb02
f716fc0507fc02f8
f706fef9080bf30d
fffcfcfc04fcf901
effc02010f0700fd
f4f50a01fef20102
f7091007fff5fbf4
0502ff080efefd06
0509fa080813fe07
050cfc010f05040e
03fafa0af80b06f8
f8fcfa07fc06fbef
0dfcfd01fd07fd00
e90b0503f80bff05
08fc070a0e0b0105
f9fd09f8ff06f806
f600fef908fbf6fd
ff060cf6f5fffc02
f307fef6fc080501
03e90d11f4030c05
fe08000704fcff03
0404f705fe0204f6
f7060b0405fc01ff
14f91302f70500f9
f9020efb050eedfb
fd00fe0404fa0afa
fcfd06fef60cf8f8
fc07fefc020505f1
01020b1005150f01
f4fbf503fff603ff
0b09fff30dfafb03
feff09000cf603ff
fc0f00f607fc0908
fc00fff2e9f510fb
07fdfbf8100d07fc
08fe01f8fc04fcff
fe04fc00fd02040e
fb14f4f608050afc
f3f9f9fdf2060df4
04f4fa170006fcfa
00fbfe0006f5f305
0d06f90703010fe9
0f0beefdf8f7fa01
0900fdfa03fd09ff
1d040204ee04070f
f3f7f50afcfff802
0bf2ff0102f2fffc
0ff9f506f700fa0e
0a0efaf6fffcfef4
fcfc00020905ff05
f302fcee10030b0a
0412f400081200ff
04edfff0fc0e00fb
07f800ff120003fe
0a0a09ef01030403
f3fef901f204fff6
fd03fd01ff02fcf7
0a0c07f708fdf1fe
05fa0304fafcfc0e
18fb0a02fc0f06f3
fa0dfefff9f005f6
f70ff5fcf800fffc
03fe090216fb0afd
060a06fb07080003
fdefff030500eef6
020b0501eef9f810
0102fef9f60af3fa
fafcfe03fd04fff4
02070df3f90dfb0c
f70a0506f607f2f8
ecfd0002fc090401
fafb1001faf30200
fbfbfefbfc000403
f501fd06f9ff0710
fd0607fafdfc0100
03080df90af6f7fe
01080c00fcfd08f5
01ee13fd0206fef6
08ef080bfffafefb
03f5ffeb0b040202
f70a07f9f601f0f1
fa0bfe0a05e900fe
f6f40a00f4f70d05
f7f4f2000f07fef9
0004f9f600fbfc03
090312f909edfdff
f9f90003fd080506
080bf707f900fcfe
ff040403041007fc
0509fc11f7f50502
00050904ee01fcff
0d02fafbf00afbf5
fa0e05fffe0f0900
fdff05fd0908000f
05040905ec0901fe
0202040504f5fc04
04fc03000208fef8
fd09f700fefe1201
05fc030408f500fa
f101f9fef8fef400
fdf8f7f600ee090e
030701effff30405
f3f90310020a01fe
040cfe00fef4fffb
fdf6fdfefd03fa11
f4fcf0100bfef902
0403ff06f8fff1ff
fcf9fffe020af8fc
ff04f904fe00fb0c
0ffdf711f8fffa02
000bf4fe0af6fa1b
f604100cfb000901
01fff2faff010a03
fafd0201fffcfdfd
f8f3ff02f5f311fe
faff02f100faf507
01fa05ef08f5f6fa
fa0c080203fcfdfc
f40e0a0d05000109
f2ef0cff1301f001
04f700fd02020010
f301fb050cfb05ff
f60af308f50305f9
fb07f00416f700f9
0cfbfe07fc03fcfe
0506011006ff07f3
fdfe0ef7f403f70a
ff09f706ff080205
0f030d0c05ffff04
0a08f901060006fe
f708090b050bf9fd
01fbfb0b0901f307
050107fef6f40903
fef5f6f1fc0109f4
fd0301f8faf70800
03f90bf8f8ffe9f3
08f0090007f6ff01
04ee020a060a0c00
05f60201090404fb
f8f50502fcf40d08
fb0df9eff7080efb
f9080f0f0108f406
02f2f908f60bfafc
0d00fd060af806f9
fafa0ff6e3ffed09
fcfaf207ff050005
06fffefb0002fd00
fefffcfd00f31314
04fb12e1ff0303fb
02fcf8030e080310
f909f910fdfff500
10fffe03070cef0b
fc05fff30013feff
fb000f18090bf004
05f6f704060cf901
e700f7effbef12fe
051a13fd00f20407
faf914040f01ff04
04fe01f8fc09feeb
0af5f50b00f6fe12
0200020b0deb0c00
ff050107fc020118
05f704fef918fa0f
0ff3fcfd03fb05fa
04fbf50a1b0afe1b
01030c06fd0cf9fc
10f812f1f3eb0319
01f8f9f11507f3fa
0c06170d10fe0c0f
fe0a03f7fcfd1afd
fefc1601060709fd
03f5f600f4fc0d00
fa0805fb0a16f80d
08dc120e06fefff6
faf0f80903010b06
0eff0804080301fc
ff0806ebfff711ef
f8040905eefd0306
ffdef2e7faffe803
170107f403f117f7
03f3fbfe01ee0705
f60d0deff8f607fe
080800ff0d08f2f3
0de2f8f8f30dfa05
0001f807fffffdf7
07ff00f4f9f4fbee
fbfe07110403f6ff
0efefbf20c00ef1a
fb05071001ff0407
fbfffbf6fafffdf8
ffee06fc100b051a
e40700f5f1fd03f3
fb06fce7fef3f509
f60c05e6fa1509ea
10f3031901f6faee
fdfc080007fcfbfe
11fcfe0c070309fc
000b05f8fa06030c
05f709041d0904f7
0404fc00f9f9f909
fa12f2fa00fdf3fa
f6fc0e11f7fa0404
fefe0103fdfe03fd
fcf9f907fffef803
edf1fafaf60df80a
f6f5f00a0bfd0804
001509f2f8fd0dff
fb05fff8080eff12
030808eaf2f8fc05
f81df207fcf315ed
f60100030ffae9fe
06fc0df7fd00f9eb
00fe01fffa09fcfd
07e80611fe0efa18
fbf6f31212ebf90f
1211e5000e17f5ff
fc1119ed16f80ce6
fbf9f808020313e8
09fbfa070bfdfe00
04f304f0ff041513
0e0706fc050efd08
ff18f3f81004f4fd
05effafdfe04e40a
14fcf911f70f05f8
01fff5edfefbf004
f6180e08effaf800
f708f6ff0a0409f9
fbfffefff7070503
ef13fe0cff0c0af9
09f2f9fdfd0c03fd
01eef9030b110ced
040910080b000106
f6010605020aebed
fe0701fe0bf6fbfa
fbfef20201f70509
f80cf9f9ff06f006
1003fd030d11fa0c
07f805f4fdf315f1
070afbfff8050401
f7edfe01faf9f702
fbff00f8ef070205
0c04f9fe0b05fdff
f70309eafde504ff
faf4fe0100eefdfa
07f3ff0a13e7fe0f
f7f9f3040209fff6
ff0607030402f309
0c0afc08fe050907
fc09fb09fc010ff8
fcf7f41702eefd01
fa0b09fbf3f307f7
fdfafef6faf40c01
040cf904fbfd0602
1509110a02f8f0f9
0001fcf0fefa180b
0a0806020a000af4
fb0d140608050c01
08fa02f9020a0df2
140df8ef03f6fc03
01fc1302fa0bfd07
fb13f9120ff807f4
f4f8f3fcfb000d05
f0fdf90015fff90b
fef004fffbf90305
060afb0af710f4f1
0411fff907fa0201
08f7ffef07fb0411
1105fa06ff190b0a
09f6fcf8fa0703fe
fb050f040000f8f7
05f9f70b0e14fe06
0201fcf602f602ff
ee00f20d0afc0405
fcfc020b1608f104
0e0f010114fe0605
e8dcfb0af601faef
f8fb1903effffb00
1419edfdff14070e
0e0e1607f7f5fe0f
f601f403e9f2fef0
fa15ff06000b04ee
050bfc09090bfd08
0bf30ef7fa090307
f5fcf7080d0600fe
fb000903f5071002
03f600f8fd1001ff
f0fbe2f612f70810
0708f8faec0b15f9
fc02fdfa0df512f9
10000000fef5fffe
01f1f3fbf80a1404
f50310fef0fe0df9
01e8110d07f3e5f9
f40809fb081005ff
ed00eefa0ff300e3
0701fa0dfef7f4f2
0301fcfe0af810f9
0102edf6fbff03fc
010af9fefe0a01f8
fff8f00104f804fc
0c0df40a040df70b
050914030003fb0d
f704fe040eed0c1f
01ed00000c05fd08
ee0e03ff05e812f5
fffd03fafaf7030b
0006fdf80203050f
09f8f7fc0c03f0f3
ff030ce8f7fbfdf7
15ffff0c05fc0f05
120efb040cf9050a
060cf7010b04fff1
0001fdfb0004ff02
120117090bf7fffe
feeef405fb0904fa
03060c0cecf704fe
0611fc17f6020fec
f0fffa160c07f2f7
01fb14ee05020310
0bee07f5000a2402
0a0b04f0fbfaf504
0404f8ff031100f5
03fbfdfbf901090d
07f6f60603fbf901
fef720fefffbf7fe
00f9f6fcf8ff05f7
fcf604010bf9ff0a
06f9fafcfff3fe04
16010ef4fe060bff
f2ee09070a05f81b
06fe03fc040503ff
00f206ff01fafff7
00f61305fe0a0ffb
07f3f5fbf2faff06
f307f51002f50e06
f10be0f4050ef1e9
01ecf4e3ff00f7fb
0a120a04080afc05
f40408fefffb17fb
f0f80afcfd021403
e8eff50700020708
fef5ea1708100403
170005fcf9f5fdf9
f8fa03f90df2f9f4
0fead9fe0afbfafb
03f20b13fbf9fdf8
0c0620e9070af507
0202fefc0905f0f5
000cfcf2080aff06
06ffff070202fcf5
fd031202fe06f601
f901fb0d0cf204f3
120a04eff7fd0908
fcfcf3020a0601fd
fd0becf008ee0304
fdedf40205ed08f3
fd0601fbf5fe0a03
06fdecf5ff18fe09
f60aeff9edfe03f3
f9ff06ff0200f106
ee0506f00202f9fa
fff708fbf4050dec
fdfcf80aed06fb06
04f5f2f003eefef1
e7ff02ed13efee07
1113ff14ff000bf8
04eeebfefefbee0e
fa040205f8f8fcff
06f704fcfcfffc0b
05f8ff050602fa05
f10bff11ffea0b0a
fd09fcf9fb08f7f2
08090cfc07110c08
0203fcff08010206
fe0afa08ff0002f8
fef7f9f70f0c0102
15f2f3f606f2f6f5
f8fc030cf51ceb02
04fa060411fcfbf0
020ff80df9fffe0b
04f80b0cfffcf6f5
fc1dfaf81cf805ff
020c0501fe02f4fb
05f8fcfdf80800fd
f7ff07fa02fef3f2
02010502f9fa0dff
04111015f0f8fb05
04f0fbff080cfb11
f7031005fbfff1f6
07ff11f5fe1ceff5
fe0b0ff304fd050f
0c0b040ef90bfe07
edfc0adff30c0810
f4ff07fd050a0c04
fe010c0dfb0af201
00080200fff3fa08
fc09f6f8fc000d09
01faf300eff5060d
090cfcf100f6f9f9
f90008f7fdfe03f6
fc0cfa0af7ff03fa
fefb06f6f9e401f9
ecf910120a06ff0e
0d01fc02fafd0101
fc0c0203f3f7fb0d
0c08f1f50efcf2fd
0610fdfafaf7e4f3
0ff6ff09dd00010a
ef0ef7f3fe0ef908
0506ff07fef000f9
ec00f504041201fc
0bf7f80204000204
03ed0a06fffcfd06
faff0f04fefcf40a
fd0404fb0803fdfa
fdf7fc02f602ff00
fefdfc03fcfe0100
0b02ecf508ff00fe
0702fffc04fdf9fc
06f9f8f904fe1608
fd020c0b0304f804
02020afbf1fdfbf5
f7f1fcf6090003f8
f8fb01120806fef2
f60404ff04f9fb00
05110604fff0fe03
fc00ff00040100ef
05f9fd140d0004f4
10f8edfe0e10f709
07ffff150fffee11
04ff03f0faf4010b
fceffbfefd07f8fe
fc0df909f7faf702
08fdfef0fefdf701
030a06fdf70804fb
05f8fef5040f0200
0716f50f0305fb0b
01fd0803fef8f0f4
03fafc0dfaf202f8
f6fb05ff0205f9fc
fd00fcf9ffff06fc
0303070601ff00ee
010501f903f7030e
fefd020a070f1303
fff803feff0afcfa
01ff020707ee0005
04030600f600f709
fc041604f6ff02f8
fef80a06f202fdf3
02fffcfa14f6ebfa
0e0afdf506fbefff
ff03f8fafc020602
faf4f200f504ff0f
fff8f0f7fdf60805
f8faeb00fbf9f4ff
06070305fc00f709
fb03ff03f201fb03
05f4030afafc0108
03fff7fb0405ffff
06f6fa04f9050df8
e909fc0d06f5f6fb
030a0405f8f506f8
0805fff8fff705fa
fa050402f8ff0400
0608fcfa0107fe01
06fa060506f9f803
040506f3fb02f3f9
08040904f4f7fbf9
0500fdfb00fc09fa
0b01ee03f407fe00
06fb0bf702fb0b0a
f30102f20c000a03
fcfd0606fe01faff
f8070508fb010106
03fcf90100fb130c
fafe000efe050900
07f904fd0fee02f7
02fdfefb06fefefe
fb0007fe060407f4
06faf904050e0bfa
f900fefb07f1fd02
09fff70601f506fe
1003f801f2fc0503
fd030a010a00fe08
000800fdfef907fd
03f0f60bf70bff04
1408140607ff0214
fe09fd00fc030bfa
02ff0704f606fdf8
f7fef00301010a00
05eef805fdf2f2fe
fb080200f6f90102
f403f704f90302f3
030414f7040dfcf8
fdf5faf504fc06f5
fcf9fcfb05faf2fe
ff07000e0404090f
fcfffb02fbff03fe
f90608020af20b03
f4f9faf3f8ff03f5
fc0006f40bf5fa04
08fc08fa02fff9fb
0204f5f7f6fef906
fdfcfcf502fb0dfe
0714f603100502fa
f00ffaf8f6fc00fd
fc0ef7f1090df4f0
f20508eef6000b09
f907120e03fff309
fb04f9fef20a0101
09fbf702f3ff0a08
06f90b01fa050109
fcf9fded01fa09fa
f70efa0306fbff08
fdf4fd060701f514
0404f6fcfc02fe04
fff4030c03f7fa0d
07fc11f10a0f02ff
f806000cf901fffa
fbf6f0fd0bfa01fe
faf2fbeffef30306
0c07fefd09fcf607
f90003f603f90c00
1006f7fc030bf902
f7fcf4f2f707f10a
0502f81210f607fc
f7fa0e0201ffff0c
fe0b0701f8fd0005
f80df60ff3f6fefd
f60ffe0af7ff08f9
0103fffd0700f409
090302ff020b08f5
f6fafd08020407fd
0e040c0004f6fe07
12f50af9f8fc0300
f90409f3f70a0c06
0b00f4fc10fe02f4
00f803fbf80e08f8
f10909f10c0610fa
01ff02f91700fb08
fcfa0402fffc020a
f8f9ff0300010b0b
f603fa08fa02f8f0
f20406f8ee080202
f5f50702fc060204
05fd04ff01fd0008
040af3f8fdfef70e
fa00f8f5fef9fbee
f2fefff903011305
03fbfa05fb08f2fc
fef9000702fefefd
f105fcfc04080a08
02fe0800ff050004
f9f8fc0b08f6060a
0312ebf8050308fc
fa080207f7f6f5ff
03fd0809020103f3
08f7f702fc0705fe
00fd05f9fbfff503
fcfcf905ff02fb10
01ff07f7f1f80ffd
050408f902ff03f9
0802010107f9fa03
08f90406f808fa02
f504f8fb00ff03f5
ff0a040001060b14
02fa00fa0407fbee
fdf2fafffcf2f400
fcfdfd01fa00fefc
0700fff90e050202
fcff0f0202f8fe01
0a0a0af8f60000fc
07f8f7fe03fdfbfd
06090307040705f6
050d0d0000040a07
09fa09fe00fbfa05
04fefffafeff0300
08f904f6fb0ef903
fe050500f4fbffff
05f8f803f90601ff
06060ffcf3f908f8
fefbfa04f60400fe
0505f8f704fdf704
02fc03030008f702
fe020905fc04faf1
f709fb0806fff4f9
06fd06fb01fefd08
fb09ff0e06faed09
09fdfbf400fceefc
fff804fbf7ecfcff
140209ff040b060a
fb04ebfbfbf7fa0a
f306fffef51004f7
f103f8010e0808f6
fe01fc0404f7fe01
f8fcf9fa000bfaf1
f5f7fd08f5fbfefe
01fd06f201fa04fe
fd0607f8020101f6
fbfb0804fb00f709
01fc060a0209f6fa
0103ff0503030107
00fd0ef3f1f3ee15
0cfa030c11fb01fd
090c0b01060402fe
fdfbf005f80cfffe
0a0002fc01fb0bf3
e80202f901fa0802
fd07f9fcfc1403fe
f6faf507f9f80404
03ff0efd17ff02fc
070206ff00fbf7fa
0afbf70607040605
0afbf905f8fc05fd
ff09fb01f9f8fc04
02fd0a02010dff06
0d0df80402fd08ed
03010301f70afdf6
0a03f406f8f6f803
fff7f8f50f0e05f9
fbfdf60e00ff01f7
faf6fef7fcfef3ff
fefbf30c03f315fa
fc07100501ebf1f6
06ff030b02fe02fd
04f4fffff903fe08
fbfa0114050113fe
01fe020cf7f40bfb
01f708fffbf80408
ff090008f212f000
020c02100afbfb01
0005f70602f8f3f6
f9060605ff0804f6
090ef6f7fffd030e
07f8061205f7fd02
04f1fe02040d0103
03f5fbf30f000504
0109080503fc0a05
fa15fe070bf5ff05
f60309fdfcff0500
fc02fdf4100101f7
02f60efefafe0bfc
ff00fa000602f609
fc03ef031705f70c
000901ff04fb0714
0e02f8f606fb01ff
fffd02ff06fcf6f7
0af9fcf8020305f9
0cfdfcfa0200f800
f4f6f9f410f3eef7
ed05faf901051004
0000fe02fc030aef
eb07fcfe0205fe10
ff01fff50505fa06
fffafe06040405ec
0000fd04fc020307
f701fb1000fbf305
fe0001feff0ef403
0a04f8f202040104
06fc020b060afe0a
ff170204010df006
030ffc03fff608f9
0000fb0106ff03ff
080502fffc0208fa
e007fa090ef109f7
f70c0efe0aea17ff
07fd020df701f5f7
06f9ee0ffd021efa
030ff7f4090704f4
1503020dfef9fd0a
f10cdefe06f5f8f6
15f5110af405fdf9
0a05f7f80400f418
1f0908f802fff216
fe0b1008fa140703
03020afb040ef900
fdfaf903f305fefb
eeecf6f9f60a0afd
fff61404090700fc
02ee0e040c04fbff
030506fffcfb03fb
ff03f6e8f8fb01fe
f8fc0002fb00fa0a
f40209f00111fe0f
0301f116ff0d0607
1821250d0bfb0512
0800f8060d0403fe
fcf5e90100f80d03
0b04fffdf7fe0cfd
fc1e02060202fef4
05ff0dfc0105fefd
0c0428fefb0df9f1
0b090a02060207fd
f9f609f50109f9f7
0a080f08fffff705
fef209070a03fcfd
ff0206fefc0600ff
16f0fc12f0ff06ff
0afe0d0c09f9fc05
fffe071403020406
05fafdf4f8f603fc
fb02f301f70bfe0c
00f001030101f3f9
fbfbfef6f8010701
f7f90002f5fb0c07
06010df70000effb
0106fdede5f913f7
0a01f8fcfe0aff00
fcf1f60a15060201
fff40804ecfeec03
04ff0afe07f3fb02
fa050903fcffedfd
15fc09feedf9ff0f
0d0c0aeefc170d10
fcfd020701030bfe
08fdfe02000f0303
f6edf90b05fc05fb
01f8eff7f8f20c06
0a07f4f60b010dff
fa0906fc0107f8f7
fd000a00fff618eb
f502eef4f10cf6ee
f9f90afc05fef8ee
00ff040a12f5fa00
0b14fe09ecfe0406
0ef70a0205f502fc
e40bfe08fcfcfa10
05050310f803faf3
fa01f2f70b0af90f
ff0411fcfcfefa09
19e90e00f717040c
f90ad9f60aef0f07
0817fbf610fbfd00
f5fafbfb00f8f303
0505021300feff09
fefdf804fcfdf4fd
eb00e8ff0502fcfe
020b12fcfcfeee0d
fbfee9f508f1f9fc
07f607f2040bf507
020007eb01fafe0a
e707f803effffff3
0705ff1af9f00e06
ff070502fff9020a
06f6f51508f8faff
050fdbe9f8f9130e
0d09f003fbfafc02
fe050b05080501fb
fffbf30705fbf206
fffbf4fbf70303f5
f8f6fdfc0afe0002
fdf5fffafee8f3f6
fdf9ff07050605fb
ff08fb040200f5f8
fefe01e4f81109fb
0b030703f7f2f218
01eee2f6f9fdfc0b
02ff0dfdfffc040e
fd01fe0606f90804
05f419fe0af11c07
f6fe0907f9fcf4f2
08fb12f4f405eb04
01fb0e100b050405
04f803fbfa0dfa00
ffe5fc06fc00f10c
0afb0ffffb03fffa
fc0302f6ff0afbfe
021101fa000ff0fd
0308160002fafcfc
e70200fc0b0600f2
0001050c05f90d03
0304f6fef81901f9
07f800ffeb0b00fa
f8fffb09070000fd
040cfd0b0bfaf605
0d03ed01f3fc0602
0207f3030a011bfb
fbfffb0804040cf4
080906090b14ff0c
0509f7080106f305
fdf6fff2f4f30e12
fcf8f3f6ff07fffb
f40c100307fefbfd
0505030504fe10fd
0201f500fef1ff00
fffcfb0f040a0404
0701f4fdfefb0c02
09e901f9fb07eb0d
f50afdf90ef4070e
0613fb01f906000a
f60501f703f60602
e5ff140aeb03fefa
0b03fa04fef60c03
f401020bfd0a06f4
0e0901fa01f50701
040f090efa0005f0
0403fb0801fff704
00f2f6f0fafcfefa
0af61e020608f008
f305fbfff4fa07e3
f6fd05fb0007fcfb
fc0100f2f903f5eb
03040e100a110a00
04f6fb030109f608
ff09050700fafcfb
f708f80118fff6fd
1714fdf80302eeee
18fc070fffdff009
f9ee0a0102f6fdfc
0904f4fe08f8fa01
ecf8f4ffeaed0212
070303fb08fb1001
f30bf312e40509f7
0a030903f01102ec
06fc0f08f8fc10fd
f5fafff9fe02fd0c
060607050906030f
02f300fefffbfcf6
0efb060b050602ee
0f100ffbe9f2fb1e
0c0eeb010cf30320
f1f10507fb070b09
0104f6fcfcf9f6fd
0601ebf508f7fdff
fffc0700fefc03fd
040a080efafa01f9
f5fcfafffe06fe02
0612f4f013150106
1100fe0800f5fbf7
0bfff9fefefaf30c
f90ef300ec0cfdf4
fafd10f706f1fcfa
0eee000c1102f2ff
110109f611fdf9fc
ef06f808fdff0306
0bff00fb0804fb03
1405fa130efc120a
f304f903ff03fff3
f901fef3021001fd
fef101010302fffa
050309fbfbfe0304
0dfe01f3fbf702ef
fc04f9ff0004fcff
010000ff0304ffee
f001f7fb020c060b
130b18fb11f7f9fa
08f91113fcfcfc0e
fefbfffcfbfeeff2
fef4040d04e6f500
fef60deef50611fd
fe09010503020400
ff05f8faf8080704
fafdff04f60efb09
0805f0fa1206f606
f4ffef04f700f113
fef40efefe070601
fa030706eb0e0005
2bfa08eefef5f508
01fe01f2e91611fb
edece9010100f806
fd0ff70bf704f7fb
f8fff7ff08f3ec0a
070f05fe0a0b16f8
12f61210f90a03fb
f910040a12f30803
f9f902e6f9030cfd
0607020504f5f8fe
0600fe02f50c060a
04ff010e09fdf80e
fdf3fdff0e061706
01f8fbf8f5fdf8fe
fcfe0cf4fdfff508
f717f7f5060812f4
140502f8fbeff304
f209f507fc0d0607
0206fff505f7f804
f704fd0702fcfbf9
15f608fe14f2ff13
fdf7010002f60502
0c05f501fefd02ee
f0fffd0309f607f7
effefd0402fa0602
09dd070df61007ec
ec050300fd1cf704
e703e9fef8eef9ff
0cf20f0007fdfb04
10f4ff04f801fffc
fdf5070915100c0c
02fef81905040309
0f0c02ef0e050400
fafff2fb0af6f500
00fcfefd040c08fd
edf7fd0003050507
f2fa1df4f205f200
0b050514fb021bf5
0e0702f8fd020801
f3fe0001f3faff0b
fbf5fa16030a07ff
fd0804faf300f302
0604fd04fc170f02
fffd04f6f90406ff
0af9f50507f9faf5
f6f7fffafe04f8ff
fcf1ffee06fe0af2
08ff0a0f09f100ef
f70300fcfb010605
f308fb140b0907e7
05faf503f90f0ff6
0101fffffafaee0d
ebf9040800f900fc
f802f7eaecfcecfe
0106fcfdfa020802
fefef201f50f0200
f707fbfded0d01f8
040c0ff205020a05
edf909f0f601faf9
e90c01fe08ff0209
080ffe040203f60a
06fdff030afbf90d
f5fbf112fe1412fc
0c0f09f9fdf0fe02
e4fcf7f80604f709
f8f10a000ff5fff6
faf31bfa01e70aff
01080bfbff0a07fe
0bf7f605f0ecf9fd
04fa02061000fffe
08f2050009160d0b
f6feff07f8f8eff6
f90afa0808ff0907
0a0c0c04fef5fafa
f903fb0105fe0404
f6f2faf20bf000ec
fcf9f503100a0419
01fbff03f00c02fb
fef7faec05fef5fb
0001020af70405f5
0305210dfb09fb00
0014fcf8f9f80702
070a01fd09000406
fe010aebf816faf7
f6f4f6f9f6fcfafc
01f6fef7fffd060a
0816fefcfe0b07f5
fd0b0401ffff0b0f
fd080707fbfb01ff
01fe09f008fbf8f5
05fefd0b06080af8
10fc01f1fffe0cf7
0502f902f0fb0201
0d0bfa01f3f50af9
fc06edf9f9fb0206
f7fef601fdfdfdfb
fd010409faf500ff
fd01f9fbfd0903fd
fc0107f913020317
fc0101fef6050af8
fef408fe160c00f8
f7fdfeedfff30af8
fefe0104fc06f902
141101fc06f3170e
fef4fdfffefdfb04
f6130501f4f7eefc
fb00f9f8fbfdfaf8
040313f10611fdf8
f9faf9fefb0004f2
f6f2f80cf9fafb04
fdfff8ff021103fa
fbfd030c040401fe
0bfaf504f509f8f9
ff04fb04fa02fcf9
0000030e04ff0801
eef301030500fef6
f812fb050405f50c
fffe12fa00031204
fdf80f08fefeee09
0ffd03fafb090af4
f709fe150001feea
fcfcf9fefff8fefc
01f20dff08e00d0a
14f10309faff0305
02fd07f1f8f5f908
11fdf9f3f4091209
fffdf8fd0607e506
f3040609faf30402
fb000000040a0302
f5fcfa0509050a0d
fefefe0601050205
14120efd0a08f801
f802050ff30b0409
0100f8fc00f8ee12
020b0012fef1fa0a
fb13ffed0b02fafa
f40407f9fb09f407
090500090df7fe0f
13fa0a11f9fa01fd
ff0dfd0209f90cfe
fafbfd03fe0505fa
ee05f8fa10fbf0ff
01faffff010700fe
f104fcf6ffeafc05
04f6f50905fb03ec
effaf1f90004fef8
f309f1fdf0fcf7f8
f7f9020cfb04fb01
f514fffcf3000601
09fc04160b01f5f8
00f5f9ff01eb0ffb
0cf00b010004fa02
ff0502fb00f9fefe
02fe08f4000f0efc
0104faec00050507
1910f804f000f60b
f702f7f30200ff10
07fb0403ff010107
1703f9f7f70afcf4
fe0c00fd0efaf403
0300040b03130906
edeff8fb03020af6
0100fbfcf4050c05
010bff000305f7f2
11e9fff6fe020106
f805fbfcfe050a01
03080502f4fb04f5
faf5f90307f30508
060402fb06fffe03
fd010e02fdf70507
0a0dfcfd03f9fbf3
fe0af607f9070906
f50709070f07fe0d
ec0f0bf5f5fe110a
040006f7ec09f2ff
fafdfb01000207f8
ee06130004ff08fa
010c00fef4070f0d
05f9f304ee05fe07
0bfefc0314f4fdf3
f8f6fefd00f901ff
f810080df60cf40e
06070c00fc030402
fc0b08f0090cff0b
f6fdf4fa10f9000d
1b0b01f903f300fd
ff01ff08f110fb03
08f8f5fdf50cfdf9
06f6010403fa09fc
fb0bf0080e17060f
080104fefdfe0605
f9fc0df1f7fbf9fd
fd000c010ef8fc00
09ef0202fbfa0cff
0905e90205faec01
0ffef6f3fd0ef602
f80106fb0b05f5f8
fcff0e0506fef113
080009f1fd000e0d
f3eef7f6fc09f1ff
fcf4eff107f902f7
fe0b00f3f8020505
090d04fce9f00a01
020c01f9f303050a
0307fc03f8f00505
ff1a03f806f4f7f9
00ff0204fdf103fa
fe0efdfb01fffffd
06f9fc02fd00fb02
f60ef9faf3020f06
02f60a1307f7f4f5
ff06120cedfbfbfb
f1020ef5fdf9100b
0200040400f7feec
fa0503fafbfbfb01
fe130df405fa08fe
05030202f9fe01fc
1405e20606ff01f9
e6040607f7fcfc02
07ff050707f501fe
02fc1205f70ff8f3
02f501050df90e01
0cf3fd1317f70a0d
0104ff02080103fd
03fcfafdef050bf8
14f9030503050414
13ed1303fdf5f5fc
0bedf90201f3f9fd
fcff02fb04f6f7fe
0d1202000a1601f7
0204f40cfb050909
1002fcfcfa00f7ef
f10f0506f30701fb
fc0e1403fef5040c
fefe00fb08070002
0802fdfe05fd0004
0900fa090905fffd
fdf70af903f414f9
06fe0503f7ff02fd
03f5070df9fff6f6
fbee0dfcff00ff0f
fc05010500050505
030201fa1102f500
080b001304f2090a
0ff4030513fc0afb
fe06f4f0010af606
f50afe11fde50102
0c1510f0f90ef10a
f3fcfd02f5010117
0108fe0804f4fe05
fc00020112fdfef5
f313020301f4f905
f014010e1308fc08
01ee020302f706f1
090202e90103f103
ebf7ec05f5030600
fb00ff0af3f70bfb
04f50004f503080b
00fdf2fbfcf7ee0a
eefb060300070bee
fb010d06fd1003fe
190c020209fcfb09
04ec03070101f908
100711000903f000
ff01fb0203fb0ff9
f50308fe120c0ff6
01f5f308f7000201
fffe020602020206
01fef6f704010a04
f8ec04fefe05f30d
050404fd0602fb07
0e070403fa0505f3
fb01fd00fbee04fa
f90f17f2f60506f8
090700040405fbf3
fd00ff02fd04fb09
09130706f00a0011
01ff060d0116f9f6
0906fefc09fa0af9
0d06fafefa07f8fc
fefb020104030302
faee0207faf8f9ff
f10607f50600fd00
f5f6fa03f6000403
f7040605020004fc
ff08fcf617050dfb
f10506f7f6fff60d
f2080803f6fd00f6
f8fafd0908040ef7
eff7f703f10d0204
f5eefb0bfdfdfd06
fbf9f607f9190301
0202f506f51405f8
fbf707f5f4040405
fcfafafe05fa040f
0014f0f9fbfaf90b
0400fb03f7fa06fd
03f200fb000408fd
fa07fc070107eb06
fd140c0c030e010a
f9000d0405eef002
09f0fe00fdfcf8f9
faf70afbfbfa07fe
ff020a000002f7f1
04f904f807f8fffc
f604f5ff05020105
08f60a0708130f04
fe0c09f1fd090c03
08f6fefd1110f001
000c040102fe0aec
fbfd04f50205f90a
1206f604100b07f2
fafa0816090514ff
0afef6f3f707120f
0005f20606fa07f1
0101f90c02fdfcec
ff040af608f2f908
01f6f106f502fffd
0bf70d03ffed040a
