05190ef4f925f3f7
e6f4f726211f0617
09f232070810f604
fb00fef8f30c0704
ebfcebf218f202ec
dcfa06f902f8e803
0812f8ef070dfff2
f91bf0f2040e1506
0df81309fdfd19ea
0411f9fb19111afe
19f0e30fecf8fafa
07e82400fc0904f2
12f7070205eb0f19
0708e9faf0e3fceb
11f7f7dfeffd01f7
f905100bfed2e716
0fefe904fa34f508
000e01f80d1d0202
08edfef1f60617fe
0500140b0821f80e
110220e91320032c
fcf4feffe9060dff
0d00fdf0fbfc0b0a
fefc02fcf916fcfc
18eefe05f802ed0c
e804f81202e3ec16
fe0ffbf51fe0fe03
e6fbeadcf416011c
f9070606fd1911e2
eb0a03e7fe20f90e
040b13eff9250201
10f90c0d0008e107
0112faea0af502e8
070c13270efd0efc
0ffa0312e8e9f514
fdfde71124f51dff
fa0cdded001af40f
04f01df40700f9e6
06fee4ef09c9071a
ed0109f5eff603fb
f1ea000aee0afdf7
eb0b1802effeea09
05fd08050004fb02
f102ea08faf602ef
f41514fcf40cfb03
f10f0ffc04e8f919
08fc060dfcf9fe06
f415fdf7fce2ef02
ffebec030f0efcf5
03f40cfc0dd7f2f4
18050604fbce0115
04fb1e0307d50ae8
f204010fec0d07ef
0a12f901ff26e2fd
f308f4000d1018fa
f2ff13d9f0e4f5ff
09f50afbf1060603
fdf8c90509d304ff
0afe0a150bdf0bf6
fffb0d00181d1721
0ffc1df3f6f81206
050c2804f02d15f1
01e8fce70e1ce606
0ff20de5f5110905
f5f7fd0106e611fd
f812fe07fe03ffff
f60503f0fe090811
030bfe0c1ee6070f
04050a10032d0cef
01edebfb18ebf7f2
070000f00be80005
030023fd05f5f3f6
fefbfef7e7eeed01
0af4ec0408f20a09
f9f102fdf91212f1
e2fd07010715f206
f8f2fb18f0fe0515
15000c05f9dffaf5
1818f32eeee2e9e3
0508fcf2ffd8f303
f20b09f8e323f8ff
09ffdb0ce8fb0afa
f1eaf904182d0305
f9f6f8fdf9fef1fd
0004f5f7f30efc0e
e413f00400f2eae3
f10c0a0405f0eeec
e5fbfbf719e8fe19
fe040a1deb132205
0df303fdfeed0d15
e5f6fbf3e907eaef
040203150fe713fc
000715f90810fcf9
0af611f90a01f3f7
040704ebf8df07f4
fd17de20fa11e6fc
eaf7f9faf9f211ff
f2e2e9faebfa09ee
00070002000012fb
ff02e6dff3ed1703
10051cebf61cef0c
fd01002112010914
ec08fd0bf6faf3ff
05f2fa19fbfb08dc
0e160af105fa0505
02e709e010ec0f0e
f5efedfded18e50c
f00300e8fc13f8f9
fa11190bfdf8fc14
fd2c00f916bb0bf6
ec0717e2feec0c10
f4f9f2f01b101ee8
f007070305fdf3f7
0d04fc10022b2208
040af9040bee02fd
f903e8ed030d0b07
0e05030be9e2f2ef
1608ee1d14fc22f9
02f9fe0d14f703ef
f712f3f7fcfd130d
fcf3f8f9fb20fd02
040317fffa19f602
16e5f5f0f6f505f1
0bf8e3ffdc0f0506
f5faf9f0f7f5e704
020bfae72a07eb00
f9f7f4050d0fd704
f9f128f9dee815f6
10f0091cf509ed01
0719ec36f2fefc03
ffe3f1f9111df301
100d11fc0e29f107
041f0342050d2116
fde70bf40eede508
0404ff29fafe29ed
0c11fff5f6f9eb20
07f70710fffeeffe
db0def05150607fb
0f1c16fcf307fdfa
050be50d04d9e008
05e9e5ededeebef4
01ff0dd3fce9fcf4
0e300d2efb20ba04
0df00efb080cd817
ed09f8f4ff1a2d06
04e20006fce5edf4
04081a0813d40c0b
e9b222ecf6d701f1
1212ff1f0c0225fa
0ff70c20f6fbd207
1212091505defce9
0611010d0519faf0
13f9fcfc051a1cfe
000e03131af9fcfb
042507260ecb2eed
f81be7140a2e0501
0ed9eee0fc0535ed
0ffdf703f7fb1d16
e8eafbfd11eafe03
fade03cce90efb0b
fef6fdeaee0600eb
f9f02815030d2ae9
02261e37f5013503
2401f5d90b15ea06
062efe16f7e914e4
f9fd091404f80ee9
06fb05f40fcddd03
f5e0f8e6e910fdf2
fffb0c0cf0f60416
f9ffdf23fc0132fe
f103f8ee25f5f800
142801ed0e07ee17
f4f7f00dfa07031f
fcf0ffdbf5fd1ffe
10ee0ae50af9ec0e
00fa03f4f2f5f5dd
08020ffa111a0ffa
0de30f12ffe4d3fa
cccfe8e5ebeff425
eb04f801fb1a11ef
f7f8f61709e01b18
f40af9ccfc263df2
f41700ee0ad432f2
f0fa0ae20901fdfe
f216e6070de7d40d
fd1ffe0afce8ed0c
13e60004fa00dfee
031dfe28fde809e2
f2171806fa10fc08
f6f0f6d60f131812
eeecf6e61115dafa
0007f6f60efd1700
0f070c1413100213
f50eff15f0ff36f1
fcfbea01fde7fef9
ffed26d10efcf9f9
fdfb060fed100bf6
fd24ed3218020e03
f1000ce9f000fe04
07fff4070010eef7
f81210030df4c1ee
f922010200ee2bfa
f9e908ec13f13515
f7fa073101fa1a11
0f12fbfdfa021a12
14e5070508d53bf5
ee03fd0e03fbfe04
08f4f90ce11602ff
f1ea09140519190a
fb2d01020206f4fb
22180911ec0532f3
f232eff1f23213f8
ede70af6ecf6ee00
f913f6e8f81ae4f6
1af616faf112e702
12d511f907ded2f5
0a1f031904011606
04eef9f30702ff05
0def14e7fd04f713
00ee020604c0f5f6
01ecfced00d4defb
1204ff0df5fe0c02
0426fe14ef190bfb
0d17181dfaea1c0d
0ff111d4fc0f01f1
22fefd0afdea2511
fb14e321fd07360d
e22e0704fae6e6f8
00ec07f8fff4f400
fbf112e8f919feec
ff0f09f10a03f1fd
ef0211ec0d02e90f
f91ff52d050ef8dd
dbeeef0812f711ef
fffdf3f6fd24edeb
f10c17fbf41ce901
f8e2d3fdf2f61109
ef26041eea1a07f8
00de07fbf8ffebef
fee0f7def01316e6
02fcfb1c000de4ff
0ff8f10a020dfd17
ed14fd3614fe07f5
0226e10c0d1d3cf8
fbf80a060cf9ec03
05faf0bced09d0f0
eaeff408f81ad3f5
0d1309081605fb07
06e8f8cc1b0713f9
ffe4f3f0fddf15f2
0fe80dd3e5fffa06
0d06f702fc08f917
f6e803f802d50811
f11ffefced10df04
0720fb1df2f11bfa
24c6e4f30ada3100
ff02f80ffc0900ed
f741f910e21101f4
eff2f40201fbfd0b
2f02ff2cecfafef7
0815f414edf515fb
ee0a13df1af1000b
e40bf416fe31151b
e0e50c02f4eef200
060ef01818eee90e
dee6f201f9e00209
1c04ff051deefc11
ffe8e9fbf2fdfaf0
14eafe060ae7fc18
f819f2ee08ddfff0
2602ea06060df8f1
1eec02ef20fc0601
081e0b06e80805f5
f9d6020f170adf08
fbfc01fde5fa0be6
0ce7fd08fffafb06
1bb001e12008f6fa
fce604ee1404fb14
f4fcfefcdd10111a
18f9fafe02050203
ec19141215031305
f80608060916f6e9
17d71300e90200f5
0017f7e205f5040c
ede827f924001b27
24ea0bf8e60610f4
2efa03ea0bdc0110
fbd4f7f714edfe04
fcf40efb050303ec
e92dea1b0e02f116
faf107380a13dd06
eed313e60beef908
0b01182900060d11
0af30aef0407fd0a
f1f80f0dfa2307fd
05f8f804eef3efe8
03f20afc1107180d
1cd418121ded18ed
f92605f10bfafafe
1d0c0af8170010fb
1e06051bf007fff2
d4eaedebe6120308
f90b05ff09f50b09
e1f50103ecfaf40b
fd1c190100fafdfa
de22f413f8001404
0610bc1dfadad81a
f0fafdf5080f07e1
01d60203f6fafb0a
16fb07130c05ec12
fffb0ce0ebedf0f7
feccf512060c05f7
f1cf09f7fde909fd
010efb1211f3f1e9
f1ec0a090405fcf6
1719fc191504fcdc
db191b0417f4ff01
001a1b13f2f2db24
f40700f900ff07ee
0611f5f4fb12f30e
20440c08f80d11fa
fc01f2f6f51ef6ee
d3f5e707f41af7e4
0c0a070ed9171afa
0bf50005fb1b13dd
dde1e5f402130424
15d112fdf1e1fbfa
29ece5df0ff1ef0d
3a0a0401101cf60b
eafaf3f50f08fd03
ee1cfe01f706f1e8
fd17151920f9f820
0b05eee9f0f90d0b
e5d700f2090d0af9
b9e909e0fa0af107
fce3110601fe05df
0fff00fbe710e70d
120cf3170702f9e0
fd360d0afff3ff01
e3d7f51500f5f114
f317ecfd0b0c04fc
010919edfd0f1911
0527fdf6f4121905
fff3f9f806120008
e5ea0814f90413eb
fbeefdeff5050c16
e804fcf2f30d10f6
f500fbf010ebfee9
fdf21a070ff0fa0a
0707f611f5020a1e
201af51312e9120d
1f0dfaf90aecfcfe
b4f7f2f70203fa01
08ec02f6fd1318f1
fef3fe1c1e001903
0dff0307ff03f6da
fa18f3f1fff70915
ead7fe07ff0e060b
f9e9020602e1f401
08e902000503fceb
01271112fae8f0fa
f502030716f8fbec
24eee8ea04f008f6
f3fcfcfd05f6fff4
1322f2f1d8f410f5
f8d800010f0ff1e4
e92808f8fa100a04
1324ec0de3e7ec05
f82c0a020a1704fa
223efef615f70911
150114faf50dfd17
130bf3eaf114e70f
09fefdfef804030f
f4fe02dceefa0530
0aeef109e409f1fc
17f6f5080af8f0ef
16d3010bebf90407
18171107fb050810
0311fa01eaf5f809
09140ef10ceb0ff8
08161b26fdf414f9
e717f80a1228e7ed
21050bf7fef7f1fd
e8d9f90509ff0213
ee0af10730f20b08
12fc01f235f90509
ebe9150e0a00f310
f31dfb01e218f70d
12f7fa090d04f0f5
fd2a0301f50e001a
f8dc0a062b05f202
f2f70716f8f1e902
edf70502fff2f0fa
f7fe2e0b060c09ef
effe18ed18fcfa1d
0920f8e2f8fefb19
fe1501f7ea050707
102001f4cfea08fd
ef0df3fe09031afd
04f1f5fbf7040efd
f4050002f4f8fc07
fcd81afa00ed0b12
0a061011f4e900fe
f526f1f31316fbf4
f5dffe02ea05060f
221afff41e020af5
070efaebef14f0f4
0b03050b190aef16
f2070703f90309f5
f300e40af1f3fdf6
fc380e032414fe09
0bed0f04f2190a13
042de207fe0e02f9
18d0fdf519041405
1ff8f4093010f005
f6eafe05d7ff02f5
0a02e6fbecf709e4
eedbf7f11013f80a
1d1707fd0cfb03fd
0decf403e0fbf6fe
0616e90a19fa060c
17f7eef7f6f20511
09e80f0c07f9f504
16d80eff0303e0f7
0feb06e7fefd05fe
fedd0611090efa0e
feebf40fdf01fcee
13f00ee218f11138
f00c0ff71af8fa14
12f1f3fbe71506f9
0b170bfff811e7fa
08c007fff4f918f3
fd21ef0a00fb080f
f42e00f91712140b
eceff917fa051812
1408feff02feef01
ef0208ef03ef0606
02fdfcefe8f0fc0a
fc0316efdffcf30d
0c0cfa05cdff01ed
04f6f013d602fdf5
f7f3120b0f0323fd
00f600010403eee7
f5fe01dcf4fefeff
040ff6121ded0810
0b06181903fff701
063317f006f70ffc
fd13f8fbf6f320fe
f825fd03160b0c08
fc21fa02f1f4fef3
1e0be2061b16e6ee
0b4228fe17e3fdf5
06f8050f19fb00f1
1cf40efce216f401
fae505e5df04edfe
fb070817fee8fef5
f52eef062e11eff5
f3fcf2faeff7eef4
da0d09f6e4011b1b
fa00f901f3060a08
faeaecfff20b0aed
06f0f70a28ec16e9
02e315f2f402fff4
100dfb0609f5f6ea
201cddebfde3e004
09e8ec07e500f004
f009edf9ff09fa04
02f0ff0412f9f1f8
fdfefefbee020e04
03d107070f1500fa
fa1416060607f911
f1f804fb1314ecfc
13ec000ff5fc160d
02f9f700fa020203
04e30ef9090e10f8
03090ff1fdfcfdfb
f0e50604df0f11f3
f7030cf4140ef70d
fa0cf006f607ff10
fe1e13041310f90d
10100d000af40eee
08d907ffe002ed08
1ee0e70dfffaf5f4
0d27faffda020104
06f817fef71cfd12
18d90af5170adcef
ecf3090024fb0109
06fa0df607ed000a
c410f313f5160bef
1edcff0018f50c00
09dffa031c07fff8
f7090cef38fe01f6
e612f611da0d020a
01131907e713f8ef
1eef030bf2fef6fc
f2df10fb17e4f617
d4da04f007d9f208
0e01fefb1b04f40e
0adf02060709e504
fd231c00ee0100ed
0ff51bfd1fe4fe00
0e0b020a0ffa05ff
ee0ffa0e13fef506
f30016090e170ffb
08e509fe1df0ebfd
f2f41506e5ff07fa
f0f5080a07fafd09
0a0f06f70f06fff7
f9f3ebff141601fa
f5ea11fcfdf9f308
f0030612e5000407
f2fe040af5edf901
09defe20fe0712fe
1405fffaf5011d03
f406f9f9edf50b08
d91612fbffde11ee
ed0aece3fc0908fc
fdff0e18f10a0800
0bf6fa0306ef0ce9
fb0ef1fe061705f8
e4fef7050102fb08
fbf2fdf70dff0bf1
07f80fea19edf118
f820d4f307f3cbfc
f7f50d020e1cfb00
120407ff0b010a07
05f307f31b0ffdf4
0e05f3ee09f9ebe7
fcfefef60e130d0b
f80df80dfedff1fa
ea13fd0bfbf6eef4
ea0d05ff07cc20e2
07030918fff40403
0cee0c1302ec0903
f4f9f4f6f6e813fd
0012fd00ee051002
f50cf50404eff5fd
0afb0cec0106edfa
050c0af90f1bfe15
f00ef2e9fc2df409
f6f1f30d08090307
11f4fe0a05df070c
070000edfbff021b
0feb01e5f7ffe40b
0ae5150b04110be3
090e09090c0801f9
ef120b02f418e9f9
fcf8ef0500041b11
fbf40e181124fa0c
00f9f5ece4110900
e7fe11f803d9e01c
0bf10609f7f1e6f8
f2eff0f00a12f716
f40b140814ecebf1
06060d050e0dfd0e
05e6e6fc03f0ff16
f20eff01ddf71517
e0fe21fb08e0040d
fcfdf80602150d19
fd290a0afd07e311
050d0afe08f8fafb
fe10fdffe305f807
f124e529e602e6dc
ea0c05fe011ae10a
12250101ffff1508
eb13070aeb11fd03
f1040016f301fc09
e40bf5f208fa080c
1108010d11e622f5
eb0402f9fee90411
1704151bf5020d11
1803e616f4f821fd
08e7110706ee0103
020216ecfce11cfc
0802ebf50000fb10
fefc0af317f908fe
fefcfdfe0de2e60f
15fdf4f81cf5f6fd
ec09e6fffa12e0f6
fc11f2ef0efde1fc
08fcf7e705110d0f
f80aecf3fbf102fb
1b07070f03e5f3f1
0404ea17f8fe0b03
fde8f30bfb110c01
0316f7ff1b07f2eb
f8fe06f801f41104
f2edf906fcf5f50d
1e000e00f01208d5
0afffc11fa03ff05
ff00fcf70ef1e1ff
12fa0cf90a180300
f611f1040efa2119
f3fa0012060f2eed
0ff4f405ecfd1d05
fef9fd06f1e518eb
f0050804fe07ef00
05050919dfed0b0e
fbf10713fc01f2ed
1408fb00fce61b09
1dfd08f0edca0afc
0600f9fefceb0208
f40c07f8dd0df0e5
eef7f3f50bf1f607
0c12eff7fc03e017
0204fe240e2604f1
ecfb020c09f9f7f7
0c0f06ff021ef917
f410080611f710f7
fcf4ef0506fadb1a
08e002f6050af20b
030e0ff8fe08f005
0003f7ee110c04eb
f50ae6f9071818f7
18e7fff6ed02fefe
03fdebf7fefd0908
01ff0d0108f808f2
0701fbeff4fef40a
f60c000a0d19040e
fae1040efdfc16ef
03ea19fef7000501
23f40bfd070615f4
fcf2fa0e0404f6f0
0e1005db0309090a
fd1107ff0ffdf013
e7fce6f60a151bfb
0a02fff70a04fa02
0cf0dc0ef409d700
f406071502190304
f5011805fa110a0c
150d08f8fe0af1fd
060e0102e502eeec
1cfc0310fdea00ef
fffa0906f8291219
e8141802eee4ee09
fcf41dfdfff6edf4
0ef3f505fefff503
f716f71c16030efd
e107020aefe300f9
10df0ff4eb04eb00
0007e5fb0a1d0714
0a08f1f70929fc14
041707d8f6ecf4f4
0b15ce26ffec070b
ec06e7f4030cf70a
2df603f0f8242208
04f30109e409faff
e9fcfa0006e303fd
20f90f1009f5e3f6
effd01c7f2f10cf2
f0f4070b1127eef5
fdebf0040ae30df6
f5ec1cf6070a0b09
010cf1f503e2e31e
e7fdfe210b1a0eec
f7fb15ec0409ff21
0a000613f5171910
f5f5f807dfe7e5e9
fe0e0802f702060a
120dfb190203e201
eb0f0f2bf315ff07
f7f7f310fbfff806
fbeee70bf3071004
0f00feff042106e9
15f71a0806fc1204
06010407efcfed06
1cfbf81209020b0e
0aff0306e9fb1bf2
28fe20ff01ef0605
03fafbf40ff0fa01
0ffbf412f61b13fa
25f112f0fac9fdf7
08f90502e4dd02fe
eee7f70a1025f901
fc03091e10320608
04050003eaf2fd04
eee61506eb2b1216
07fbfa0f0e0306f2
09fafc06f515f3e3
fcf301fefccb18ff
f202fef7f310e9fc
20f6ff0b020de117
fd1f0d2107f718fc
0504fcf3082608ff
e5fff91323f6200b
0404f305f5f008f9
fc0112030d2efd04
030c040add0bf118
fcfff1050108f3f3
1217eaed001001eb
1404f2eb1f12f6f9
fcfc0600f7fbfff8
ff0a00f70418e6f0
0b0b0c1f03edecfa
dcfae90e00cee00d
ec1a13f0fef8f602
17e7efe202e11df1
dbfdf5f5f6e5010a
1e0eecee14e4fb0a
fff315f2ff12080b
10f8e1f3071e17ed
0a0802fa0100f801
ed0cf30cf3e2e312
fbf2fe15f006f003
0cf7150bf30eff0a
f3e4ea1102fd22f4
ef0610f201ffd8f5
ee06fa14f5f8e607
0d0e1af6f506fd06
07ff0afcf837dd01
110a141f1f240318
d6ec02fbf9f6091a
f100000c040afe0b
fe1a06e708071026
04e800f9f50208f9
0918f3250100f400
f5e5e8f1fffe0800
22f30bfffffb0f10
fbede60904eaee00
f30b03eceadfffe5
f80ceff1f423fc13
f71bd91907fd2a04
0010e41df20bf3f1
f3f7f707f6fb0e08
160f0bf005f6eaf7
1102ef020af9f6e0
061a10081013141c
07f219d908050cfb
f1101aff0c0d2006
f712f4e906e300ee
0afb13f3e3fc0f03
f701fff2f20eee11
0a07ea0103fd2cf5
f807140fe74901ff
e50e08ff18e4fb14
e50504fa23042112
f011eef0feca1bde
e6f815ee0103f516
02f8fb13f6fefff8
fbece9f80d0f06fd
1a05ec0715e0e213
0bf4f507f1e20008
e712eaff00e6fd0e
03fb05f302e403ff
e7edfbffe8ff0108
f7f70100f616eb15
ddf7fc24eedd1adf
06ef0204190ffeef
0d00edfdfdfae6fc
ebf5020ee70d11ff
21f9fa0602fb18f8
360cfbfe04191005
0e11f5e5f5fc0613
0e1dfafdfa190c07
0b17f01afe19090c
ff202114f4defe0a
09072301f90b101c
f3f702ffffe0dc0d
24f5031a1bf1dd0e
0406f809f412ebf9
1e11fa03fdf708db
0c18ed0b110c03ec
f6f9f0e820f6fefe
ea00fdd5f6faecfa
0df1f32c06060cff
0e0600ec0feb351a
dfe9021f160fed01
f7f124e218f4ebf0
00eafffff00816f4
07fe04f41e05f200
f9090007f4fa0f0a
010a17f7f7020bf6
f409fcffee03eb07
150de220fd0b040c
030c0df80c0dfc0a
e9f003180ef1ee05
fa05f7e4f503fd0d
f0edf3fe1b0e00e3
fe060df406fdeb01
fc070fdef2fc0a06
e2f5ed02020ee8fc
1106eff2ee0ce0f3
00ebfbf508ff0504
f6fdf6f50e0a130c
02f538f4e4000005
f00af31801e3f5f2
0bfe36ff12feeff2
efeef2f5fefcfefe
fa050a0a00e90b09
0d0dfef205fcea0c
fffc32f5fdeb0422
040802fdf5fc1a11
f5fffdeef40e0d05
fff5e1fa0ef01003
17eaf90ef4021afd
1207fa170ffc1906
fd0af4f81f19ed07
fcfbfcfe00fe03f5
23fd1107f3fcf506
02eef21001fd07ff
f818f0e8e805feff
03f51d0700fe092e
09f322fd100305fc
16faee07eb01c5ff
fc0e0bfc0bf61df9
f805fc130e002503
faf3f2051efbfc11
080b00020ce4f0f2
f9080c0dfd0a1a0f
f7041506fa0316f5
08051906fffaf903
0d01020f04ee0a2f
efe40ff8050113e5
f3f3fc1af800f110
01f2030916fadd11
082c10f11226eedf
effe18fff90d0722
f3e9190af5f7fc06
e2e022f7ffeceee5
f7071000ebfb1e05
0df817f3edf410f6
e808f3fd08f8f5e7
100af4f10c09ff1a
0f0ee2fe0fffdf06
fc0ff7f908fbee13
0cfa11060df2f2f8
faffdcf503fae8f9
0c060807ec20e821
f0140df6fb1219f5
ff061800f30107fe
12f1d6ed0ef90a0d
13fe01ef06020df2
ebf2190bfcfb1afc
ec08120504fa1808
ef051afe09faf0f2
1302f20904f910ed
01fc05f3000610fc
e4e9ef040a09efff
1ff510eb1bedfefd
0011fc08f2e7f507
15f0f0eff50ef50e
fb0d1afa060103fc
06f10f011201fb0c
01fa080907fe22ec
f514fff4f0fbfff5
fa0df4f9f912051a
13e9fbf7ef01f512
0521d9eefde6eef3
0518f4fa05f210fa
f902e410fdf80a07
0ffa41ec01fe04f8
fee7011702f70b01
fa0d0ff9f8fbf70d
0a0ef20308f604ea
0a111e1708ef0305
18f1f410f723eefc
091efb00e6f3ecfc
010ae704080be4fa
fef1fdfb00edf912
06121f060bfd14f4
0bfe0ef30105fa02
faff0bfcf90c170e
04f3e509fff4ef0c
0a0d150305f5001e
fd01f4fbfdfb11ef
1eeb07fd0cf50617
08fdf4060bfe34f5
f41217fdf8e21906
13e80a0406ecf907
fefdeefafbfaf3f6
02f7cb01e71dfffa
02f3eaf9051dfcfc
dbfd03fa11f402ff
100f0a01f51604f7
1808fffbfd030afb
19f90f0c27f2d8f1
010c0b00fffd1beb
fbf1ff0ffdf90d08
e2f501fe0ef010f9
08f00e0807f1fd03
e810ff11ff0bed09
03ef1e030508f9f8
160708150c1ff711
f71a090f051ff0f1
ff00e9f801f51b03
fffeefff01f8d90c
0007ebfef1f6df1b
e50f15f70f0902ea
180f03160805fd07
f3ff09080802f302
f908f80915fe03fb
1414f9040310ee0a
ecfde606fc0d06fe
0004f4eadae306f9
fb0517081a181513
0004cfe901ee00fd
f4fe12040a07f013
0905f805f701e7fd
160d05eafd0004f3
04041105050e0105
f91013f40905080b
151afaf6f416011a
e606030a0c03fb10
17eb03e40c12fcf3
f400f90003f4fbe6
f50ff7040f000d00
22f5000afb0928fe
0df3de08fafd01cb
0116120d121605fa
01fef613fc0bf2e6
fb0018f00f0efe08
ee03040006090be9
f41d0809ea320707
eb0be407f7fa000d
01f8d5f811faf8ee
f9f2e9fbfcf1f815
eaff2b01f7f009dc
01fa19f6fdf60bdb
ef0bf7f203f70916
0cf7f700f4f40c13
0afd080e0d1106f9
ec1111f9fef602eb
e709fb03eff6f814
14f7070419000b14
edfef8f8ee03eeea
0e0800131302f8e2
ff09ef0bed02fefc
1316fd1d0bf503f1
d40b250c0501e80b
0f24e1fa04f6121b
f9f30deae713d127
fcfbf7e50c040c19
0609fff8f501f926
14fbfc11ef06ef18
fafb08f9f4fa08e7
05f1ece3ebe2050d
0c060bf50bf21612
05f8f40114f00100
010f0af9fff1ecf3
210bfbe80af80e05
ffedf01517f10dce
0505eb060cfe03e7
021b14eb0c0bff1a
15f81afefaf9f5f7
fb0c0e0917effc1b
030714fa14feecf2
11b3fefc121ad528
fbf8f1f6f819e7f3
241016eee5f41a1d
0dfff8f3e8f51011
060a04f00806f3f5
05f8e6e50408fbd0
0afeee0c17eff113
e10cfdf319e3f8d4
e919f4ef05ed0ee7
040123f007fc0e1b
f401f715f605fa02
01e804ffff09fa07
08001a19000ef8e1
2c150312fbf2fb05
030af4ff0e15f8e3
0510e5ed160308db
f50f0f1010fe1a0d
fd0aef110bf2fd07
fb09f80a1c021a1e
1010ee1dfbfef42c
f6fa0213fde516eb
0cf63d0414f000fb
03f50fe10025fd1e
fc030ff4060dfefe
fdfb030808fafdf6
f5f6ee08f7020e00
e91302f505fef406
1101f9e3fe06f70e
fafad4f906fbfde5
f7f30108e00dfefd
fd0203ff0502e02e
0402e6f915e8f8f0
e504ee0bfdfefd38
08ea0b1ee3f8fadb
f8ec060cfcfff3e2
fc12edf1f0fcea02
0908021509f0f1f1
06eefce9de0ceadc
09e91b19050804e4
f7fe0509fe0afbeb
02010722ed120e1a
fe0e2bdc04ec02cd
f510e0f509121af8
fe030301100d0521
f6fb1cfdf6060f10
0df5fb0b080ffb07
f81306edfa0003d5
01fd1bfb080bf00e
04fbfa0cdaf6eb0e
01040512fceaf6fa
e7e9070ff8f205f6
fbf00615ed0806de
10e1fe17fc0ee30d
0ff9090ef9f3f2f1
f5e719faf400fe0b
f4031dfd1ffe030f
060ceffd07e9edff
07fc0de5f2dd0418
07f3f9edf5060223
f0040805e20f0af9
1af4fbf90706fe21
f3f61a18fdeef919
0407fe09eef420ec
1af7f002060d2010
f7020c11da0ef101
15e7de0221e40eeb
18f81105f930110c
fbf40402fe0d1715
130ff3010af90de5
02f9f5fef819eb25
e40af2f800f3e0fc
fd0212f101fef617
170702f2fcf210fc
1905d70efaf2f6f7
fbfceffa16010101
efebfd07ff0cec09
09f3daff1bf2dcd5
0bfaf706fe0c0f11
1409f4fb261805f1
060fe6f809101a11
f0fb18ff1cdf0a15
f0f4fff826100ef6
11effcfbe605edfc
f30a010af60a0d00
06f8e4f010fdef05
fa1405dd15fa1300
ef1de5ec1a0bfaec
f704f407e1dffe0e
2e1ae4fb20fbf1fa
1bdf150224d9fa19
f3ce1df219120f08
fdeef315d3e6ec02
15dff9ed3d031017
ff100ef826f816f7
0cebec17f707fff7
03f91421ffcff9f4
11f7fe0106e80802
0602f1010f000a01
e00104fc2adb0c04
fcee03f3d2050007
032409eefd140305
fcf80a0a040d0e0e
f5fb1718e5e5080a
04100019b40708f5
021101fc3a0f050b
00cc0313f2e61509
29f20c1fe2deff04
ebd001fede0015f5
15ef22fa0d1108f0
100e12ff12ddfdf3
f705f2e2f006f3fd
e444220b401206ed
071e12f4d41c0ff3
02f9f3eade11faff
e51af1f2f1ea0506
16f103f9e0eb0813
040cfd05e2f9dadd
e9daef09c9f3f60a
fbfbf9100e2606f4
10eaeff52f010af2
e00b0e0ef50ef523
fe04f5181114fe12
fa06f50d0ddb03fd
140b0509f0171108
e5fbff0bec090d01
01160a0208201706
f805f5fff12606f1
0719f51d06f4fc06
e9cd1af52df80b13
16e1fefdebdeebe6
04fdddf9e903ffe5
ed00090b0a05280b
002ff000ee07fbe8
f7190c06fae60205
09e7eff30703dc10
f8ecf9e920db031b
fae7ff17c3e9efe2
0201f8ff09ee1405
e64402f9d61c0006
f3d30a03d9f7ff1c
f20df902f205e9ec
11f82a20ffe5eff9
f30d27021b0f02f2
ea2700f5c101f1fd
fb00fce4c700f5f5
eff214dddee6f3db
0f05f905f500100c
e30700f1d5fa220c
fedd170d24fef21e
0fd4eef51f1ef4f4
fd10dced28f9f20f
fcf5ef05d11df504
010517014ef911f8
e9edf1e005fa0c03
f3fff7e2dee8f4f9
10fefa06de2bfc13
ea05e6dceaf01000
0a27fd12d0e90a09
20fc1712201f0208
0ee0f8e4e3070c0b
e6e8fe0341200a09
1724f3f035fcfe01
020a14030ee70201
f4070610ede004ff
0c2d03f5da1f0afc
f31cf70d15d800ff
f62104f90de4eb08
0cfcfafdf5e8e801
f3eb13f4e1f7fdf4
f8ec1908dee511fa
001c0c1605e30103
ff14f3f91f18de19
e1cdf2081316fbfd
fe00f2ec1ff7ff0c
fef01507cbcff911
f9e80bee05db03f5
020c0ef4dd1efeea
f917f3e5eb18fe08
002d0007f704f401
0cf2fe07e406fafb
f926020605d90404
fcf901fa1a0b1705
e6ed08f406250ffe
0e250d0831ffefe1
0a08eb1517150c12
fa02fd0bea22e9fa
f6f90af811f201ef
0ad8f50ce2fdebff
e9f003fae3200ef1
0b23191036e007f2
f7e1f00a0f080513
f4061205f11ff007
02f4fd032c25f0e1
07eafde8f0e711fc
140ee20e3e1febf6
f5d2fd17dde70df2
00f506fe260af8ee
f60a01f724fffd17
08d92b193411fbfc
f8cff1fc3fff0024
041ceb16ddbf03fd
ebf6020de6cafa02
ede5050fe8fcf70f
07f3f00b10f11914
efe702111909f5f2
21db20f9ea0402f2
04e9f7fdda00030e
071d0d070303042a
fe1009f9f405f600
150fee03fcfd012c
f20009ef1702060e
f9f5171dfc07fc10
fa04f2fa16ffffff
10fc090817fd17e8
fbe2fdf3f6f10901
e602050a011914f7
120a1510e604f920
09f211eb07000cdf
0af9fe0101fefb04
fcfd04fdf9020de1
0f0700f706d60710
f5f21a2000fd0411
0fe90804fae5fff7
1a01e9050d03f0cf
081a0af1f2040625
00060cfd130008fa
fe16fae112230df8
0e00e5ff0f0e0e0f
faef16f30f0bf917
ed08070c020b0618
0f0701eb09e41302
001814f30516e9d7
f72300fa100d01dc
f8f71c00e8dffc00
f3faf80a151912de
08eafcf707f20ffe
12f0fcf81df8e209
16f8eef313ebfed9
03f205f5030afbfb
fdf4fa0005010afe
fcff00f60c170014
eef404f715fb0002
0cf6f20802e9f2f6
f822060410f30507
18f207020924e132
f101f8e6fcf90cdd
03fef409130cfcff
f40606f1ffea0707
eeff0de400fbe2ee
121aee00150705ff
d90cf8fae8140905
ff0ef50708f3ed14
0bfae716fff12121
0404033009f80cdb
fcf8030a0f04f201
f20202f802e50306
17f6dafef9fd2648
23f0ff0ceb050bef
0b071af908e8f904
f3eb0a041004fe09
efed15010ff5e908
10f50a0110f5f302
f7ede8f201e4e90b
f10fdd0607f6f9fd
09000cfbf5ef13d3
00d800fafefc07e9
0e020ee4eb110810
eedf06f70907dfe9
07040307e700f3f2
ea07fbfbfb0afc22
f8f2e9f6f9000612
00f707ededee1d10
fe05edf3f102f6ec
f71afd13fc050be4
f80622fbf9f6f90a
0e1a120efc06fe34
01e40a1807120319
fff62617f20103ff
0007f4df08fa111e
f810e30513faf9f6
08fc08edfffa0b06
2105fef7edf8ef27
18011a02030600d2
fd020d0fd9f00508
0307f4fce4070c0c
e8020a10f807f803
060404f9f809fa1b
f504010a112e1404
fc0fedfaf2fbf3f4
f1090300fbfcfe1e
fb03ffe7f9fa05e6
0f22160309ff05d9
fefffafe0603f00f
030a07e8fd010616
03ed00ec0e0bf10c
edfaf3f9f505fafc
0a08effe25090510
0902f0fa0909f8eb
fe0d09f4ffe800ec
0307f3ef0518fb48
060208050510eff6
17f2fa080ff2fbfb
0b03fd24dff5f2f6
fc10eef8e901f605
00fa0d11f8fb1010
02f80cf309fbf3d6
0608eb0d0706f8d8
fe0d09fbff0005f9
08f90413f8fbfa0a
0ced000c14f60cf1
ee0104e41206ffee
0806e411e911f2fd
f803f506f0f600f5
fbfb03fb1309f61f
160ceefbf208f9ee
f8f5ee08f70f0af5
f016111300f91424
0d1108fbf20dfcff
fd12eaf8e9f60407
f2fe1b070a17fa26
e8f3060607150a11
110809040d04fa05
1c10f7fd05f80b19
02f3ffe4f9f3ea27
05130417e3fb09e3
ef0004eefc040b0f
f903fb2209fe0cf6
f20afdf6f807eefd
fe08effffc1006e0
f6feffde0c06f9fd
10fbe8f708eaeff2
0e0a0e0fe7fa0925
f8faf810041200de
06061f1504eefd20
f62a0ae619300df7
040307fb100ffe00
fb0df80d0203f1ec
ed1201f8041e15e8
0ce5111bf90d121a
0101f8111a070cfe
f4de010713220208
1b0c05faeafcfa13
000816090b0704f7
f2f704e00e16fc0d
fe04fcf405071211
1ffae0e1dff80215
01fcff1105f007fe
150ced03f61bf7ff
03eb080ffa05f01d
f3271915f8fafb16
f10d1606fde905f0
04f3f908e226f600
0207eaf50cfa01ed
240001f2fefaf7ea
18e7e7f10701010b
11e919fb03f6061d
eceef707022500fa
07e6f30cfe00f206
01f9fff804080418
070612e1e7d3d6f3
07f1fc0d040cf2f9
fdfbf7eff605fdf6
fbf9ff0dffeeec3b
11fd0a0bea0b00db
0010eef7020a081e
0e11f1edf0ffe50c
ee191ce0daf4d5f1
e605092618040001
f2fc021a0901060e
f0fdfc1a060211db
120804f8150f05f3
0901f80ee7fa1808
e9fbf80010e00610
fbfc0108e8dcf200
f30304fae702edfc
f7fc08f706ed0c03
f8f6e4d0ff02fb0d
f509fe1217030ced
0ffcf1fa1a0c13fe
120103ff080f07f1
f714f11405f82102
ea14f8de040dda27
ed02f7fc0d050cf0
2022f4f802d3ee0f
310c05ff16e0320d
09e205f80effede9
010c01ff0cf1071d
04ee10130df5f825
f0f9ed04eff8f2fc
f1ecf203fe05f7fc
05fd0616eafeeb13
f5fc14f0f6f7fcf8
04fcfcfbf804e807
fc04f10df812f5ee
0dfc24e50afd03fd
11f30600f009f3ff
05f5020afa18f4f2
e7f300fdf2fb1206
08fc1cf1f706f9de
02e2ec0cf700101e
f0e5eafbfff1f1fa
fe15f405faf2f9ec
081a001614fb07e7
090e23111a0b0f16
ee320deb06fa11e6
f30ffe110c17f90a
efff16eb1f042222
040cf90209f50a03
06f7ffedfcfd09dc
02ef0a08fce71cf4
fc0413eafeebfd0b
000a110b020b0602
06f31f0201100502
10edfce4feeef3de
fc100be213df01df
fbfcf700f6f60500
02fb19e70a0e02f8
e903130807fef210
f901fdef09e51007
03edf41ef7e1f8f9
0215e61103131009
ffec0a0c09080403
08210d0e01f808fe
dbfd0b1001faeef3
08f4f2f5090a060b
070501e8f6f6f2ef
11f50e0a12f1f0e5
fa040df913f210fc
f40e0c0cf1fd0821
fe06f117f608fe01
fcf51b1fe8f404ec
0fe6060102190cff
12040c0614fd05ee
f5050cf801fef7f6
f7fa0700f30bf11a
0202f306061ef306
11fc10fffef2fd07
1311f1f2f3fced04
0517fdf902fdf124
030d18170ffef9ff
0df50312f7e2f3f8
f611f3fc01e8fafc
09e812fc0c030fec
f3ea0713f5f5f3ec
0009fc1202dd0f00
19f3020e16fd08e9
1914e90ddb12f4e4
0cfd02f910fc0606
e108ec010aeffc14
f603e601ffe3ec17
070dfbef0a04faf2
000cf60d0bf80529
ee09f806fc01fcfe
06f516fa0c0308f9
06fc12dff514091c
f204feed0cff0303
fa01eeeaf60ce70d
faee1d03010d060d
faf6e9f4f808ff11
0e01f5fafd020612
08f607e8f0e105d3
0502060b07f60a07
0705ec080d0ee727
06fef70310ee04de
effe0604fef410ff
040d00f3150703f3
1cf208fd04e90e0a
02f40a180213efe9
080914f90715f90e
fb0510ed0e01f9f6
090ef2f700ef0101
11fe0bf50913fb04
f60609060a0c1bf4
edffecfa000cf4f1
f0f0f5f2f12a08f0
faff040316f5e409
07051220feeae5ed
0d16ef00f5f61a15
f7fc0c090adf0a05
f9f80d08f3f90ffe
020216ec0c08f8fd
031df7e800f5f7f9
081f0df8fe120805
edef01f30501fe03
f3010b00030e05f1
fc0bfcfd02fc00fd
fef3fdeff900ffee
05eb000bf2f21902
fbfefa061308160f
120b1bfaf10d0508
f2f70ef7f308f9d9
04190804ff0cffe4
f40c10fe03ecf3e6
0904040bf4050701
f8f4fdecf5f4f0ed
fde80f0efb09050c
09f201fb00ee0d06
f80e090611f5fef9
fbf5f3e1f81ce9ec
02f5f9f70d1f160d
ee04fc1009f9051f
e416f911f6061200
fd1cfc09ff07fe0f
09f8f90ef7f10a01
15e604e9fd030204
0a0ae3ff15fe0b10
f3f5d8ed0d0504f7
f8f1f700efeafaf2
04f70b0b0903f200
1107191df7fa0cff
0b0609ed08060208
f610faf7071011ea
1feb11bc0a080aea
f702f811fdf1fb0a
18ffff06f815fb01
020d01fc02ebf3ec
fa09f3f0fe0802fd
eeeef804e8fefb04
0e0012f9ed030309
0be804f3f8de0603
09030601040902eb
d712f015ecff080e
0e01f3ffff001101
12f60b04f407190c
f0ecfa0909faf2f8
0908eb06fcf2f0e3
edfa0cfcea1d19f3
0329070010edf1ff
09f102f80e080cf7
0d091e1ce1f9fe2e
f60d19f50d05e7ef
ea090afffb0604f7
0b10f0fbf8fe03fe
0ce00ffff9160d07
ee04fe04e0010b19
ea06f1e70703090b
0e04fc0bfbf70521
1bf904110f010afb
0d06ff0301f6ecf4
eff4f80dfa01150f
f5f3fe04fbe510ed
14db11fcf0f80402
010b1000020ff20b
0d0b0cf80002f5f0
2524d310eff70708
080b0d28fdf8f01e
fbf515f2eaec11ec
0e13fef71505fbfa
ef03fb20f8de1201
0ffef6090f0607fc
150812ff0f08f90d
190a07f80fffef01
d3f5f9faf7080829
fe08ff1aefd50300
02f2f7f7feff08fe
f10b04e8f90bf9ff
f8e5041701fc17ce
fde9f5eaf3f701f3
fb03e3fcfaf300ef
06eafdfb09effffc
eb17e7fdf2170519
08ee0119f5fb14fc
f1f9ed00f40cf3ef
f809f50ffa09fef3
04fffe05fa12e206
01f806fd0a07f500
e51cf512faf20101
fffa0007e3f007f4
f0f20cef00f8f221
00f6df13fb01e509
08fbfaf6fbec00fb
0215090405fa0add
17070fe404fb0cf5
faf6dc0f1f06f311
08051b110213f319
fff5fa04f5f3f30d
0d0cff0a01fbfbfc
19f7dbfaff1f19fa
11fef4fb0a0e07e2
0bf5fdf9070cfc24
f90df1ee16faf114
1304feed0cfbeb09
0ddb07f703eaf702
e7fff40efffcea19
080503fff5ff0e0f
f92ae7fb03030012
fff808fc0606f8e3
e3eaee08fd040ef5
e0e6f8fdf80a0302
0c0ed7f70df1ef04
eafd13fe001df710
fb0c1efb09f01303
00170204fcfa0813
17ffe1ec1109f8f8
23fdfd1503f9fdfc
170e1b070df704f1
1c000a0a0adf0b18
fff801f106fa17fa
f200f30cf7f9e901
0506f1f6f10f0001
fb0b030a12fe0df7
fb00f5f808ec08f1
02f10e0f06f3f7ed
f5e31607f4fe0d08
14e400f8fe3806ff
0d07faeffbe7fd0b
08f8fcfe0f18f5f0
140405f71a03f803
fc10fdf303110e16
0000e82007e009d4
01f2fd0df9091afe
05060fe8f60407d2
08ffec00f601f9ee
fbec0fec18ea06f0
f3e3f90ff3ebe10b
0ff704f8e407fe17
f50c0eebfbe6fbef
e50d11f80b03ffdf
02fff204f50ff6f4
fd03f00aee16fdee
0c01fbfd00f3f701
111008fa16f71bfe
f20e0703cafbd81c
fc280c080a17f7f3
e5fd06f7f5ef04f4
0410e5f30ae9eff6
1008020af2f7f404
020aeb08130b071c
02211e1e0d10fc02
02140802f2f710ff
0bf9f3f80301050e
19e9ef010109fb10
0807020013f006f4
2201fbf613f50e18
fd03fbe7040bea0e
1310f6f00ae2f2fe
2feafef305f40612
fce002ed0af4fee1
f3f90b11f502de18
050e090d1303ff09
11091316f8f1eaff
f1f10f07fe0b10f5
e1fafd040610fd0b
d5f91110fc0a03f4
040217ff120c07dd
fbfbf70cffea031b
03f905f9fe300115
e11ceafffa14e413
fe1bff151717fe05
15f7e90007daff03
fb06fbf6002cf70c
16f6f80f0b0ff401
04040300f8000603
fc1206feec0212f4
f2f3f8fefc18111c
16ec071616e711f0
010d00f802f8060f
f216f60b12050bfb
02eefffdf411fd01
ef0bdee1fd0df3fa
0deb1313fb09fdf6
070cdb0403050af3
07ef37f5fad603f5
050f0609fc01fc14
ebf5e70106300301
08090ef5f4efef04
eafa1d07e3fb0904
0404fcfbfcde19fd
0a07fc0d06edf6e9
f6f1fa15faf3fc21
08e723fdff12fbfc
fbf3fd09fd1b090b
fe08f5fef6fe041b
08f3dfe8feef0a19
0e0ee9f2e8f5f109
f5f7f0eff1130602
f6ee1a0ffaf510ff
e3fcfd130428fcfc
0ff7fd1ef208ed24
02fbf114e904f809
f7fffef90702f50a
091b0308f9011009
f8f30204fff723ec
f6f219fef8fb0604
08efec08f905000b
1907fdf5f206efff
fa11e904f7f606f5
eef7170903ffed0e
da0df2dd08fbfdff
04f5080e070bee13
f1faf605e40b01ef
04020204f70cf903
0fea05eef10ae905
fff602f91d0000f8
f20904f70508ed14
150408fdf6101614
0a15faf4f6f9f1ea
f213f6eaf8f5f41f
e20a03fb181807fb
f602e50cf10e1ffa
faf30eef06fd0ff4
0cefe2ed0e050708
e3f7f9e20f140cf5
ee160f13fe02f301
fb06f80efd0c0c06
04fafcf5032709fe
031013070500ec09
fff3f9fb00f414f5
081ffefcfdf3fd05
ff10f821fa0505f6
0a0eee10001e02f5
11f813f6f8f207f1
030ff70113ef01fc
fa0604ececfdf8fa
f1f0f5f210e208f7
050c17091c09fffb
131405e20ef60bee
0f090be3f1fdedfc
f409fc0ce9fbf2fa
ee0106fa0deff4fe
0ef7fd15f804fffd
02f004190e09fd14
0a0811e8fb000c0b
fce8e9111e04ee00
05f906f02be810f8
0e080808ed13f8fa
ebed0006fa07e603
f8ee00ebd7f813f7
f106f3ed04f0f6f7
fd10f2fb17effc07
fc27f8ef150ff901
16140fe6fafeec05
f00814190e001724
fbf317ff1d04f6fc
fcf1f70327fbf106
1bf601050406ff11
090301f8f71f01ef
020f02ffe4e702f9
0a0bf7ff16070101
0701f10e21070edf
00fdf100fd0af0fa
0409fc1210f90f01
fffff4e9fa0df5f5
ebfae9ede6f717e2
1015051111fe0019
070d0a08100de501
fb04fff1f3170ff5
0aff11f9090ceaf4
07f911001b04fc04
03f818e8eee8ef07
03fdee0a10fdf1f1
fee70308ed10f5f4
f7ed0317020be7f3
fffdfdfae416ff16
0a160afbf102f2e5
0501fafc060702f7
f40707f7e6ff25ed
e52204fefdfeecfc
0bef02060b051409
03f40801040af50c
f607fc0f05f70524
fbf3f91c12eeed1d
140e0c270c1403fe
0bf307e5df03f90e
f0ece30207e9070c
feed02e21fdcfd00
fb040e12fc1500f6
0b00f1f5fe0e0b04
401930f1e8e21111
fefdfd0f1bfde90c
eff203150bfff602
0400f711fd04e90c
00f704eaf4ffec04
f6fd02f3ebfa0cef
0a01ffddf50beef4
f310f5f4fc11ff0d
15e701d80108f2fb
ffe9ec120bef00fe
feffe608e009fd09
18ff08fb03010210
16fff6100af8fef8
eeebed0a031ef4ea
fc0ef6f91715f108
05fe0ceef1e71914
140cf6eaf5030fed
f605f217fc04eb00
ec040f0ffd00fafa
0c090eeadd150307
fa0f04032409130b
f3fdf8fcf9f21ef8
fa11fae005fdfdf2
ff1b10e4e90aebf5
f5fa0911f6fffafd
f5fd06fb22011af6
1f09eccfecf802f7
f718f30416f90dfd
fc101c19dae512f0
01f6fc03f7dc0c02
06ff09fe10f917f6
f8eefd0d110309cd
fbf9190f11fa0e03
080507eff4fdf913
ff16ecf7f6de11fc
13ff1211ed08fb04
0a03edfe0404f0f8
03e91907e4fefbfd
ed0f0bfd01f6f4f3
e9fdf6f9e60503ff
f6fe03fbe8fe17f2
09080a0610f8f312
00050f08bd12f6f0
120aff0320161111
03fbfc011e0cf4ea
f00516e60bf5efff
fc04fd10fcf41115
f500faffe5eefa04
04071019e50e0c03
1afb15fef4f9f114
f7f90cf1f0020af9
050dea171314e519
0b0f010e001c06eb
fef40108060e0cfa
1401eac30c111616
f5fef8f6f906000c
170a08160c03ebf3
f707ff001503ecf9
f906040c13f7fb03
f50203011502f7e8
0c14120502060df5
02e9fc16eefb23ea
02fffd0304fb020b
f8e10f09e4f301dd
f403ed0c0403fbf7
05f3ebd1e205f91d
faf6fffd29080313
f7e7fdfa03090c02
ff000f0b40f21317
fc1ff41014150bf2
02fd101ffff202e9
f0fcf3fc1600fffb
121224ebeff9ebfe
fdff1500e715ec12
110aff200dec04fa
13f8fcee02f2e423
1508f608edf22315
ff0bfd00fd19f50f
05fc050fef16fe16
01f2f3fe0403fcfe
e7fd04fd01e6f1fe
f5f7041604ed1902
e7080d1306fde506
fe16ee15040dd60f
f10a060aed0310e7
07130401c3dd16f7
07050df2e1090cff
0afffdefe820fa03
fe080bf21cfff6f9
cef31afc0af8ff11
f7fd0e15eb0104f4
0811fafd02f91311
00080d18030c010c
f70cfe0ae1ebf6f7
150311fcfaf9f4f6
eefe061c2eeefddf
f6ff00f7220be403
07fe02da0903d3ec
ffff1006d301f8f2
01ef0707d4f9e3ff
1ff4eaf6e5e7effa
e80f08fbf6fcf4ed
010c00fe0df60bff
08ffea00fcefe404
fbf70ff3e2fc05e9
050c2afdd4f7fef0
f8042bfff005f1fa
270710fb1d022807
fef91300f3fbf8fe
0301140b0007e409
19e5f3fcf50b02f8
eff90afcee0f330f
07faf2f7dafa051e
070014f547032911
ecfbf73215050df5
ef0e07f006edfaff
fdfaf30debf5fcf7
04fd1f150e092219
edf30400000ef7f3
00fd1209fffef6ff
eef70cedf40ee72e
d304f60be90308f9
f5fe1be7002de4f6
f0f9f70beefe0706
0e1ff6110df8ff0c
fef0e10be4e80204
f8ef18e602f9eb14
01080f16dc00200b
0f001df5dd160efa
090ee9f125fff7ec
0206f809100c02fe
f2f70d0d0bf8eff5
defcf703020f1fe1
f4080503f5031109
e5f8f008f91412f8
01041d11210dde04
ff0ae9f5f00cf60b
f1f407fa1debfb13
fe08041806e60fe7
0cef15f62ffcdf21
f4f9fdfdf00c06fe
0402e809eef501f9
0701210326e1e5fa
f306fffa0af4e9f2
ecf7f8f6d70a26ec
fcfc020b0f16e902
1000fd1bff140b04
0af7031a1eecfa1d
03fcfcffde12f406
13f70d08e9f3ecf2
07ec1004151905f0
050ff9fafcd4f11e
0209f007fced13f7
faeff8f8f7e5f2f1
17f9f4f10df4f3fe
fef9eb011300f323
fdf30504e2170de9
01f50a0fdcf7e7ef
0af40d0a01f8eeef
00fcf3080cea1324
fee6fafbed0b0c04
f10c0909f2f41610
06f7eefb120810fe
0603f0eb190d02fe
fcfeff0f0a10da0b
0ce9150cf6f513f2
10f2f3e9ec081308
07ebf5f8eefdede9
13e8eb02fef61ef4
0a11ee0206f62f1b
05061eeeefdff1fc
0efff6fb02fef0f2
14ff04fbe3040107
fa0f00fa19fe0f1e
f0f6f102d4fa10f5
01f61b091b041ce6
e1ffe700ef07dbf1
f90f00061704ebed
fbfd16e22afadefe
e90bf4020dfadee8
0f0406060e0bf900
fc0e2cf8fe0ff9f0
06f9fdf91afe0905
11f4fcff0e1007f7
fff1f4091ae8f8ef
e0ecf2202f011202
f10ee8080eeffc01
0bf6f6e2f1e802e8
0bf9fdf92006fffc
fa0417f722f1fe12
edf70014d10cf60a
0aea210ef901320b
fffbf30c3201f2e1
01fb0101cffeec07
f90e0217f816e10b
ea0700fe0cf810fd
010406e2dbdbfd06
01f9fb001609140b
effdf9efcf0a09e6
01fe190afd0d06f7
fb04f0fdf11f0700
ea0e0ee1fbf423fc
16f8fe0d0def160c
f5fdf7fd0bfc0cfe
03f20c01140625f0
f504eb0915ff03f4
0711281c0503ec1c
06f600200df1f600
23101dce0301010f
fa0721fd08ecea03
ffe6f604022cdf06
f71cea1c171c0ff7
ef1df6ee0213f3df
f1050d0af5040aed
09fefd0a09ebf4f2
1303fa0208e614f4
18100013050c1ffd
0002eed7f526eff2
0507f2d801f4fe03
1c0bfce0eddffc1b
ffee03090fe3030b
020e05f7e9cde4f2
ff0b0601081419fb
eaf7e6ddf913f3e4
e4fffff8ffe7f3e5
0603d1f9fde1fcfe
f2fd1cfbfd3521fb
f8fefdeb0bf7f404
fe1afc2008f304f2
04f900edf90afcf9
07ea1cf7f5d3f20d
170cf1ffb4f8fc04
ecf4ca17faf41203
11f80ce201e208ee
170b39fbfd18f7f0
09fefbd7ff3b0701
fff7f20ff62c0e0a
f3f0ec19fbdb1008
090bfafdcbfbf3fc
030ef7411a1ff514
ee0be905fbf601e7
e9080915f3c7f2ea
0803f31bfdeef9e8
faf8f9f31617f103
fffbe3fdf4f30f0e
14120ff8fef7f203
080105f3f4000100
06050713fc38ffe6
f50cef1504e3f910
fdfe05f32b061d11
f80a0ff81400e9fd
0205f80deafd11fb
15f1f02724e1ff0a
12ede612fe27e60a
fef8081f060ff205
03071c0b05080201
f20116043202ece5
0efa10e6121101e6
fc00e91c02ccf7fd
0f091dfe010206ec
ea02e816f91afc12
05e80c20fae70217
eaf5e7f4f5fd0002
e503e7e9fb26f80e
ed0c17ddf72d0006
00e8fbf907e90a16
eefd0b1405d40005
fafcf7dbf9de0615
16fe1a12eb11fb11
0719f1f8f6f803f6
07f1f20eff0312f1
f208f1f60518fb09
e80e06ff02ebf6fd
fd2300e100f61628
efff11021609fc18
fe17091f1603fdfb
f30214d205d6fa24
0202e6e4f91c05f4
18fffdf21120f201
1c11faf40821080f
f6efe314eb1eef07
f5190715ed040df0
10fffa05f71b06fc
ff01e6e9f827eff6
08fdea150211ed02
07f3f718f116ec00
f908f402f5030cf8
1d150ff701e40116
080311070af7f307
fc0429f3fb16f414
09e7f508f6e8f1ec
f8110e09ebf7ffe9
14010c200cd8fe0d
f50ff3e9edcc08d1
12050114effd0cf8
f6fc0101f3f5f0fa
f7df0fe415fceb02
1d07e5e50ef4f717
0a080c2cfa140de6
ef1ee43108eae9fc
eb220db40300f60c
04f6e80fff230efe
ffdcfddefa1903f6
f314faf002d504e5
fbf80a27f2f3000e
15f81508f5d9faf8
0705132ff7100bfd
10e9eaf201ff0018
0d06240bf8fafcfc
f612f1e709ff0df7
0ef7fc0b03ef0b13
fafbf004020cec13
fff0f00505ce1e11
05171feb051e050c
fb060b150803f312
f009fef20bd106eb
f5da02f10e0412f0
eb12f433ef280a09
f30effe502f41111
f6f819160a23fd03
10e1fb0ffa0e1119
f9fd16f3f625ebee
f603fa05f3db1711
f214fcb0fa0511fc
fb0202e3fae8f30a
e6f40a1c010cf9fb
020ff3e3fbcbfe00
f800fad90aebf1e8
fefc1006fa0dfffd
e6f313e2f4230df8
040600f2040009f7
ee00f8effcf203f3
f0f60604f0e2041e
02fcdcf9f9f9090d
000009040d23f3f4
05ee0b0427000ceb
1706081405f80504
17e9f2e6eae9f205
00f826e90ffafe02
f1e7f102fafc12f2
0209e7080f080af0
f101f91003e81904
120613eb0efa01f7
0a00f90318f42303
f2fb0215001bef14
000b11f7e82b0efc
0df4ffef03f2fa1d
ea07f3020ce4fbfd
1f09fc25f90f0c1a
ed0e0b1901ecf7d7
05100522e80409f2
030405fd07170ee3
0ff0f6120ce8ff19
1522100a15fff900
faf7f603ea041006
0f190906edf6fdf7
fcf6131b17e20d11
fa0bf51ff0010006
edfc1f15faeffc0e
18fd130411f40908
0c07f9fd17f3f6fd
171d1016f6f5031a
0502090206eefbed
05000d04e01af2f7
090cf6050cf5faf3
feec1101f3e60be2
feeefcfd0a1113f1
f717fa07eee1f5fd
1201fceb04eaf7e5
12faf2272621f409
fa05ebdd08d9f6ec
f60004f70d000e09
f91ff9f114f8f8f4
fafcf1e0eee6f006
050707f50bf2ed09
0317fbe4fc08f804
0afd0deaf40d07f0
17fffd1209f206fd
e3f8fcf31b0708fc
e30102fa0ceaf2f1
000d0afb14040002
0f0febfc062df303
1404f6f8fa0f02fe
ff05efe8fbd8ef06
cb05f507fcd20eeb
ecfaf8fefee609e1
0ff6f329f4f808f0
effdf82afdf30c05
13fd0a0ffff40307
02fe03f10ee80600
faf0fe04ff0a05ff
f2e60bd0ed0df8f6
071315f111f3fe0b
000414d6eb02fb08
f902201f05f5fe02
dffdecf8ea090f17
f1fd0fe606edfff8
0e0df7f8f0edff01
11070700fa0c12ee
f000fc1408f80200
03fef81200e0f51e
f1e9f1fcf8e91218
fd0423ed01030f00
f8f016f12b14e816
fe18f704fe1001eb
f41104ecfecff7ea
fff1effde5040dfe
000e020d0cda0b00
f4d7fa1c20e20b11
0406040e04f802fd
030404fa0ff6f2e9
0a07ffe118da0307
03fbf3faedfdf8fb
ffe4011119ea0217
1f0aebdaf923f1fd
e00f03f6182d0606
13160b0b09100202
1ce304d507e70e09
e9f111000a0c140f
f903f6f8f8131208
1104edf3f2fdfa10
f606f5191a13fde7
f8021df823e70ef7
fefd06fffdfe04fe
f201ee03e7f60002
f2f617eeff2cfdf8
0510ef12f344fb0b
f1000f040913ecf0
fe17eff6f203f3f8
f6fe11e6021cf114
f5ee0815c4f6f9ef
fb0705f9f8ea0113
faf5fbf9101c01e4
ec160a24002203f9
02fde9eb1a08f0f7
ed13fd27fd19f8ec
e203f50c1e07fb16
0810011008eff1fc
f0f5f2de0c0413e7
fa16ebf703110c0d
1200e6fef30bf5e8
02f11c1dfa260720
fe060703fd17ecfd
140f001ef71318fc
fbfe04cee8110702
060a1a14f5ee0307
f21e02fdf6e7f2f5
19d4fb05f10520f7
fde2fb14e60e03fa
fb1f09d7e2eef0d6
fbde0bfcfe150012
010519e9e400f7fe
e8f4faed0112fcef
f301f10f1813fef7
fa0611faec10f71c
19fd181cd9fdfcf8
f9f6070ef7f7fade
fa0f03fc030e0608
f6001bde16fa080e
0a0923c6fefbe50b
f9e1fe2d29130bef
010918f9f20d0fff
f314edf201f90def
000b03e812f302f4
fa030301f6fd06f7
020dfdf312edfef3
f00f1e011c131819
16f803f6f3f51205
09f10df6fd0300ec
ff0f1409f8fc06e8
0f0ded2406e2021f
ff030812e3fdf4eb
fbfd050ffc0aef1d
f5fe0c15f5f50027
f209f6feed021518
d6fcf3fb0dec09d0
f60ef9eaf40bfb04
0cf30f01fdfa06fd
e80a0300f90502f3
f619e30206201af6
f80f0205ecf30ce7
fd09f7eee50618f0
f8e9090b03ff21fd
03e80cecfe0c04ea
ecfb080203f7071b
190809f2070a13fe
1508f905e8fc0809
03fa05f5f6f0f609
0ce416daf4f2f7fe
ef08100ffb050306
f6ed05040f09ecfa
05f41cf6f2f807e5
f80703ff0d080aff
0ae0ef02180cfcfc
00e9df07eceee6fb
0fe915f202020504
fefc14fd11020105
16ec0e0403051beb
eeea031c071110fd
13fe13fcf801f5fe
f5f8111313f61004
02f703ddf7131013
fafe0c02eef8fafd
fe01fa13e000e4fc
fb0c01ef07fafd19
f71011d3fef70f10
060a0f00f5050afa
16f808e8ef04f30d
04f7fae719010b07
fa04f206e8f70a1a
fd17f406f6f0fa04
ea0ff50b0dfc0d07
f801f91d1f160109
f7f4fef413f6ea0e
fefef8f2ed01f9ff
fe05fcf60803f6df
f1090bf60700f707
f20b210116faf90d
f50f06e626fafefa
00efee0b0d11f30c
f50104071602fc0c
031107e5f4fa1aec
000ffd06090600fb
fff3fb14220c16ed
040814f7fefc1df1
f302ecfa0f07ff12
03150f07f6ee1416
f0f70a01fa0603d1
daf1fd17fd10f319
13faf5fb0807ee12
00ef0cfdf6eaedfb
2509ff01fa07f202
02fdfe0d100a1918
03f90b0bfdf4e2f8
0ef8efff0203ff0d
0e09f61703001cf9
eaf2032327d803e9
f3020b0d0d0e1ff0
eeddd80406fef604
f71e080dfcf4091a
05ef160bf9f70e1f
05fff7040dfaf415
100104fe0109ebf8
f2f11300fffc15dd
fc16060e010003dd
03150c1504fcfcde
08f5fbfb17feeaf5
01ffee140ae7f7f5
f0fa05fded00ff17
fd02121a01f416ef
050001030229eae9
140200080c07e80c
ea1e18f61400fefa
0efafe101ff80e07
fcf50df7e90dfa03
0a0001141affe903
fdfafa060b04f031
f30616f8f1f2f217
001cfa0ff5f308eb
f2f9f6f108f61616
1aee1b010905f80c
fff4021c09fa0006
fefafff8fbfcf1d5
020ff617000705e3
080400e50afd03f6
f20403f1f3fa11fd
0bf80a07e31c0cfd
16fafd01f50910fa
e409f9f3010507fa
100404faff0a0ef0
03e5fc060ef215ed
08270204f20ffa2c
f4fef906fff3ef08
01fcecefdef90e2b
041e10f1f712e82c
240b01f91014f1e1
f4f9f80fdffd0915
eefc10f605f00d09
f803e80cfd08f224
f80b14ff02f400ff
05fdfdfbee0a20f9
09faf808f70105fe
feed03ffeff104e1
080f070fe505efd3
ed01fc13e7f71fe8
0cf8fefcdd15f800
0cfeefee040be40e
e719f7f8fcff04eb
0d00ecf70311fe0c
fafae9ffffdc0109
341101e2f7110ff3
1de7f7190b1409f9
0b130d00f9fa0c0f
dde80222fe11ed0e
dd010627db04100f
fd010708f9f4fe0f
e62009eb0417fcfc
f404f0ec020ae601
23ec0b08edf4170a
df0ff6f7fefe25ef
f8041aff090a1111
152be1d7ef07d612
26250fc7fd1702e0
d7fdf61eff1e13f3
1b03f2dfdd0511f9
0bf815f0071dea09
0befdf350be9f103
e12200ca050cf2f2
032404daf4f3e4e8
08060cc0f7e3f8f4
eb16f8dafae7eef3
0314ede71212fc0b
06d800fe02ffe601
0510010202edec02
0f02f723fe000a14
f3ffea02ea0918f7
e71b0712f601fd21
24e7fa290800ebea
ca0512ef1404ffea
ebf202effb0fede1
fcfffbce131215f6
ed0e13fbee080205
07e40816f4ed01ea
fbe81d40f506fd1b
181ffaf5fc09fa1f
ff0917f708eb1501
dbf1011a1df20df4
122a06eef0e10703
dd130d05eee112e4
de0cf7fa10e8eee8
f20111fef0fff8f2
f217fb120815ea02
13fa00f10809f801
fdf9171fe1fdefee
f7000e09fcf5f0f1
1a27fdfc0c0808fe
060cfefafbf3fee9
e9e3ef12fe12dded
1ff6002f0bf9fb0a
09d8f519ffeae9ed
e5f8fe2df61de821
f9fddeed0bf6fefd
002a020bedf3e400
1ffddefefe021400
cef6030ff20de521
d9f50305fb0d0012
d8f705ec13f30903
e7e8d8e51c040504
f409f8f7f62808f4
de06f0f701ecfc05
08e5f02a0017ef1e
0c01faf3f3faf5f4
011210fcf3fcf60c
07faf61512190c01
00f1fa1cecf9f30e
2df0180feb1bf81e
180dd703f51a07fa
1de80a22f60cf30c
05feedf1fbf8f7f5
f91914e30df01e1e
fde8ff17e80e19f3
140811d9f0fb16e3
0bf9f0d805e619ef
f5fb0aee0c1e0af3
d7f8fa22f7e40e10
2f060b22fc01f9f0
e2f4f91a0bf7ff08
f3f712072bebfdfb
df0c030904ece00b
f3140bdb060efcfe
cf090400091104f8
1b11141ae3071202
1c1e000a1203f113
e0320cf5eb0d0814
eafa0706f5f80cfd
f3dff2f91409ff0d
ffffe5f9f0e7dc0f
d904fedaf61600e8
4800fe04f40b1e1d
f702f6eb16f8fcfc
11ee16f3fff4dff3
0a01f8f00b1d010a
0e1712e90809da01
0e07f900f9fdf802
cce8fd130afd09df
f4070efdf0e9eeed
ee03f4dffa0607f6
09fd0715f4f0f5f3
13ce0238f1030809
faebf2080a0cf4f3
11e5f60ae2e0000a
ecdc080f15fe0b04
cff60504e51b0e13
df00fb00f3fcf40b
20da2923050fe3e8
0d1218f10bee0308
001600fe030919fa
ee07f2fb1109f206
0cef0408ec1bf000
081115ef08260df3
05f1062307000afd
11e00422080bff21
0dfc08f30f051504
04ea0a0d100e28fa
00140bfffa05e6f5
f0d80110001afcfa
0912f9cdf8f71505
e406f70720fafbea
101401ebee07060e
f707ecf10f1702f1
2406f1fdfc0105f2
06e4fc200401e5e9
df0bf203190dff04
eae81c02f3070312
17e50508fff404f2
fcfe0a0802fcfc10
16eb100217f416f6
1120e900db16f4e7
0bf3080e002802ec
fbfb00f8fd0f1d06
e8fcff13ee071110
fb07030c04f2dae5
0a05e006f901f103
13f3140bf1f408e5
08050715ec09060d
0202fa0b09f8f80f
f11101f6fc0bed0e
0aee13d1fbe40615
f5181c0bf823f9f2
07020af416ee11e0
17fbf7f7fceaf5e8
f3e4000602eeebfe
02de010a05f40b02
2009edf8f8fe06fe
041bfc0d06f0fcf2
e2e80108e80200f2
f705ebf6fde6050b
0ae9fcecf4e102dc
f914ecf90f054313
0a0a0c01ffeff8fe
0a1411010102260f
f2f50dfef0f705fc
0b1cfd1504ebd4ea
070608031a09eaf9
dc06ea040a0ef70c
f3fb0a06001920f3
07fdf0e007ed0813
eae6fffff4f5dd00
fe0f1d0508f71fff
08eaeaffd90202f7
0501ec001bfbfbf8
2cf903ffe0f6150d
270ff6f306fdfb14
051df00200d7e8e3
1604fdeff7ed0c0e
f70e01f709f801f3
01ed02fb0cfbecf6
020c040206e311d1
11fe140c05f5fa14
ef100903fafafaf2
23ff1400f8f2f10a
efec1007e504ff08
1d08f0052df1f2f4
fa2319090910f607
f60103fcf60714fe
f600eb01fc0aef0f
0afafeee0e100e05
fd02ecfef7dd200f
e9fb00f3f40610e9
ed1518ef070509f1
e800fdee0518fe07
f2e2fef9fcaedcfc
f2f30700ff00e4f0
ee0d1b0ef7f3e806
080dfb01e006f1f0
faeefff80b1bdf0a
18e60600ff1de5f1
001500ff0203e927
e9fef3f4eff30e29
0203e8fafef908fe
f1ea1afae7fbf502
ec04e517f60a0cff
f7f5efecf024dc11
071308ff0f07ecfa
e6cf14f0061200f7
15030808f2ee24e1
0309fc0a22000e05
07f50519000f1218
ff02ecf100d7fee5
f0fafafb04fdfafa
0ff3ee0109de05d9
f9dff5f4fcfe0bf7
fa130dfaf4ef051c
fb002005f915f9e3
1beff3f209fc0def
0d22161e0fec061a
f8e8f0fd0c01f4f3
03fff8050003ea18
01e206ff010b0f02
0cff14040b2ee2f0
f702fd0d120a090b
0a10fa030df30420
ff0c01fcff0e0a1d
e7030402f5230a00
062406f3ff080f03
edd8131d0306ed02
0d08f602150d1333
020002fc2013d8ff
faeb02ea09f212e8
130ae21708e8ef01
01f2e9090423ed02
fa17f7fef7ef1cf1
0804020b0114f400
10fe05ecfdf40604
f41a090df30eeeef
e1f20a0bdccb0df1
e30ffef6edf0060f
f908ec15000afd10
201f050511f9f6fc
f3011ce202e50b08
fce7ff0dfdff0d01
fdfa040dfafefaf9
0ceb0bfefc27de04
0506030218280e24
0314f4f40af614e9
0b1ee603ff07f9f4
1602f9f0ede5f8e8
f2fc1509fde40c0a
01eefb02f9020fff
01ef09f613db19fd
0df6ee09f5eff009
0ff2f9fe140a1104
0d0104fefbd32001
14fafb0ffefe1528
0c0b00ff08301ff3
f504f806f32209fb
f910fef6fae81907
03ee02f9090a13ef
f7e1f12015210b0b
0b0aede1ff1014ff
f5ffe7e5fa12fafc
fefbe7f007060818
000bfdeefb20e8dd
071008fce2180107
0207dff41112f604
fbcf00f9f4efed01
fe02ef0716eff4eb
ffeff3e5070efc03
e9faf024fa1a12eb
25fc07f810fbe7f8
07ea1a0006fde203
0e12e007fdf803fb
fce31de9fc03ef29
d504f0e4f50d0eee
d7fc011001f501f4
fcfffae0ec1b09e8
06f0020001ff08f5
f31ef2d6eb0b05df
18010afd05ec17e5
0d01000719f10dde
1ef5f9fbfb0904dc
070514f2070529f0
ceee1724ebe20f00
1908fefdece810f9
230810edffe00101
ee0dfb11fb04f0fd
bff4ede8fe1a04fb
e5250802f6e9eefd
dd09faf7e8f32b0a
fd0a130af812f3f1
f6fcfe0c0a0df51f
fdf0e7f1faed1cee
ddf609f5f0f80904
cde8f6ecf0f5e7f9
e9f5050e0eeaf017
2d0209fd24001521
1f02f32607f7ec11
13f7f4f5fcfcf7e8
07f30df0f4ef1af9
cbfdf811eefef72d
dcff2e0df8271517
f701ea1013ede9f7
00f6ffdffdf611e3
ff04060512edff10
dc0ffc04ed0509d3
17200a0b09ee11c0
fb0800fbf2ef06f4
f11205cffd140423
0bf9fb150bebf521
fa18111ded0ee707
13f310ec04f4f9fa
e1f017fdfdde0e1d
f30ef3fb0e00ebed
f5170b0009eb0aec
fcdcfbfcfa010b00
f206f213fa0016f2
093105fa01effef4
2306fdf915fbef0b
03061800040411fe
0eed1b060af604f4
e919da0300f6fa31
ee0bfb09f705e6f9
d3210507d100fe05
21ee21f40000fae7
1f12fde502060007
1e0119ea24e6f7f5
230bfc0d00f4eafd
100010f30ffdfb01
d713fa08fbf415fe
15ee13020408e7fa
22000b0c16012423
0305010c011805f6
09eaf6110afe1609
1effe7f90b01faef
ff03ee010df622f2
141903fdf6e70de6
1502fef9ee0f08ff
15f309fd23f805f5
29feece70601f623
15190efb2b012215
fc01f61e0417ff11
12da0d05e8090e01
fcf1f7f703151b05
02f414ff0f13fb1c
d102eb05ddfddc2d
23fdf4f9e1fde8f7
e1f40817e306160c
060814e7f800f8e5
141a04fd0b070513
03fffdf105e6fd0d
00ec1cf3eafc06f9
3002f0f7300cec09
daf90604f602fb0a
04fd0306010405e9
01ff06d6f0091beb
08d31208f5fc03fa
e7fc00f0fb030cfe
defe0cededfef4ff
dcf5130affea06f1
0c0004fbfaf2021a
d11208fae7f5f9ff
f202fdf816effd18
d508fe100ffafa00
2c0b131c1bfe0ff4
f70f07f3ef0d0b09
f01611ff12e7f8e3
1dfdf3162a15f2f4
c4fbe40bea02fd08
0bf7022c090c00fa
fb1a04ee08f210f9
0b1affeb180100ee
e70bf1ed0efe00ff
2805dd100f13fdef
13f2280aee001c11
090bf3fc0b15e412
f5e8f702f511050d
12f8f4131cfff205
14fcf60d0cfe0b16
fafd1909f4defe12
09e504041a04080d
2aeaf81c10f40721
e502f80009040506
13eaf9f01016130c
0afaf702021bf9e9
e3fdf10bed0503f6
120818fe0eff0005
f6130601e7fb0efa
0b04fe1b05eff802
0111e8f606f6e902
f207ff0a03fdece2
ff0c00ed12e6f20b
090a00fbfd17140a
11f813020f0b0900
ec05ee1cdaffe205
052023f10c00e922
fc09000106e508ec
1aec0eefff2208ec
1607f11e1ee90109
06f4f3e0fdf70cf9
10eae108f618f30d
09f804d6f111f41c
01ef1801e7080c06
fe000e0c090d0dfb
f2fed1fff0fefb1c
020d0a0112faff1c
f8f7edcf0510edfa
faecf0fced02f202
e5e4f30efc16fe0b
04e8f5010629fbc7
05eedf1027120f00
0036fef1081afa05
02efd019faf5150f
05f0ffd514ffddf9
ed06d901030bf6f7
f40af627050a1103
06e9ff18050e15f8
fae9e7ecf008110a
001111eaf3fdfd17
f3f5ff21ffe9eb04
f209d70d07040ff6
fb0217f5081a1407
162f3e1ef9fb09f8
1214f93a11f0ff14
ff0b2ddaefdc1311
031710faf52819f6
00f1ed081209def2
f21ae6180c0a05fe
f8ee29fc12eb0b08
f10a0ff402091d19
042a02def8d6f206
0efaf2e30e18f6f8
0e10fdfc03e70fe8
fed4c813fb1718fa
f90d0fd9ea0bec10
dedaf606fe08fdfd
140dda1d09f600e9
0c061a0c0212fa18
ea0908e0f2fae61d
0205c01812fe0603
07edbfeeee10e700
e81ad6f405020513
fbfc0119070ee8f3
ed0c2c0d07fa090a
ffd7e115ef09f2fe
191be910f7d4fd00
f5dfe30502110d01
00133507f6ff0beb
120e20e807100806
f108d70dec01ebec
0106bae0130e070b
f7e6e0e6e0e7f310
ede4e21ce6f9f5f3
d00001e117f3d9ec
1c163b0b0efc0800
0fe324e715edd7e7
0b08ddf6dbf0f203
ef0f071501f608ef
e9213af3f3f6ea0d
0cfe18ed0beb0404
0f03d82108faef0c
e6ffe729f4f5f6f8
ecf6edde2806ff03
f70939fe23f720ec
ff01e7f406e702fe
eb1113dc20160b09
f3fdef20fc061400
1e1b4c0505d316e6
15fee8041017e1f5
f9042ff1eafced0b
0bf5d4f6f90805f6
f21bcc0321fff20d
f2f5e413f3090c0f
09f30deff8c90fe7
f3e9cfdaf8ee0001
191612e313f91eee
f4de1efdf61aeb01
f9fbe109f5f9ff05
f5c902e5210cf0f7
f6eae61e07f901fa
061a3ffd08f3e617
0512550002def40f
feeb0b14ef11e107
ecf5fc012d00e4fb
feea05100cfd030a
06f9010eecf4f6f8
08ee00fcfed7ea0f
eddcfb06e319eefb
fb18220b19f80d0a
08e80b24fd0f04fd
07022ff6f0e6fcfd
f1e11f08eef2d6fa
0f191113f11e0cf6
f8f94e390c08ffed
f6fa1709f9ecdd0f
e60815f9fd08fa08
f107fdcef8ef0ef2
dfe5bbef000f06fc
0711fafb0eeef8fe
0604e1ecfe001104
fcfce7080af81508
de1cfd070fe8050a
1010252d070a0ef1
ebec06dae905fee7
0d05e5ff0a19f4f8
09ebdcd9fa0afff5
05040ae5fbf301f3
08ed1bfefd06e407
120b2b0e17f6f209
f8fa0e0301fc021b
f90331d41b091803
eeeae9ec11e7f0e8
0405faee16001b08
fcd508f500f22cff
07081427131710f6
181aefe2fef62b06
ea361d13e1f40bef
070bd4e8e9f80e02
1206f706f81616fa
041100d411c30d04
0cdae227140cf80b
0f1af4ddf514fdf0
15d300f8e1ec0cfc
f303e82202e7f109
f10f22e122f3fa0d
e6e8e306f0f8faf4
23f1d4f80213f6f8
09ef3008f9df0ae6
e8df05e6e8f214f5
0f1dffe60e1a0114
f1e3eb05f4fdf604
fa01f10805032509
00fefe18f4fdfafe
f4f4141107fbf3f6
eeedc604fb00090e
f7f90b0002100808
deefd0f4f8f7d9f2
04ee1d1313160b1a
0721250f19f9f506
1523f1011bf1fbe6
f7effaeedf1df4dc
0713e4fc02e9f6f0
18f01ed7ebf2e3f6
d7250ceefef40ff5
10072606fad60efe
e4edd50423edf5fb
fa01260411f2fc01
fef72b1afc0e0901
fb12df13c00df101
fb05ebf40817050b
e9f0050af80e0cfc
fc0ecdfe08fdf001
1c03050df609f5f6
fb2328f81208fff5
e7f5b6f5eeee0101
0217e607e2f9150b
fa031eeaf135fa00
151203e603f7eefc
f4e9f0070b22f8f6
0ef70bf70017fa09
f20a0b0948ebedee
ec18ec0dfe0e1005
f4effdfafe19ef13
092bf8053214fa09
18f0daf5f8d8f0ee
f6010dfc04f7fd06
f332db01ee06ed09
1102280efee9fa0b
09f6d3f705fe03f5
03012dfa360801f2
1331ff00f811ff08
fc0526172900ed02
f3ff080c000c07f6
f9b8f7e61cf8e824
f5f62800ee0c1113
0903f2f0100f14ef
14e8a5fded1af6e4
e6fa0bf3f61c0812
17190004f212f104
ffeeebf00710ff0c
0f00daf3ffe6f4f4
ee0ffeedf91ad8fb
fd13240f09de1408
16013305032f13f5
08e9e60afff71011
06f90c0add1ff9f1
010ef41315fde50b
0e0ee30416eaecfe
f6f3f705f8d1210b
14f0f3eb0026f8e9
fc0817fb11f9f414
04ff21041c05fc0d
f70001fbeb101615
f712e9fc00e10d03
180329040e09f4fc
e7d4d9eefb15f60d
00ece50009020c04
f807330d0a1e0f0a
06f6c7151aeb06f6
fcfb1df0131d051e
1503d3f811e3c702
d9daeb0ef2170af9
f910e9ed04dd1704
e6f82ffe0fe71ef6
1ff8e5f90a22ddf6
0f1332e805f2f000
fc10060f0815f402
f70c1507f301fffa
09fff3f204fd0908
060705e507e70707
eb0b2806feeefbfe
162825fc12140616
fdf00d0190eef70b
04e3e327f307eefe
faf2f9fcf421250e
18f721eff20cfd15
23fd150a17f7130e
f3fc3df70bdceaf5
ef00330009200ff3
ebdd01e9f21408f8
f5e511f4f72123f8
0dfe33e906ecfb05
24020202f7f40406
f4f8defa0ed80b0b
00f6e3e4f9ed0a0c
0802cff40e00fdf2
00fed011bdecfb01
16f706feeb0bf0f3
040721ed211704e6
df0019f9f4effd02
1d1230f8190204ff
09f5e908f2f506ff
0d022eea04f4f1fd
f2db13f6ea0bfafb
fff5f504fdfc1900
07f60bf31d0aeffe
1c0ee70d08081407
f6ff0dfb160ffa0e
e5f81f0403eef9f5
f202141700ce13e1
17f214ea0410f1e9
0a08b8f2ffea12f4
0d160a22371c0919
f200e809140906ee
eaea2b08fef8f508
02f11919e4ec0915
09ffe3f3f9310f09
f5ff10eff2f910fc
f8e7d4f4011de9ff
07f41406fa22fb1b
f6e421f607eefd10
f8f5f5f9f5f900f9
ecf10d16ffeefc10
01e6fffafef20201
040be810081b00f2
f00f1810f7f1f4f5
fb0f15f1f9f2eafa
fef3190bf817fefb
10f62af80504031e
05171fee1201060a
f8f21bf8f405ecfa
1e10f1f40907dafc
10fbc1fdfbe314f4
fb0c21f9efe903f0
f10c3aeceff8ecfd
05f1fcf90a0a001e
feec26faf6fc09fd
1af3f3f610150af1
fbff0b1bfde1e909
07191efc18f002fc
e900e5efed12eaeb
03050826001001d9
13f014090efa110c
ee09f7ede7150a04
fc03070cf60ee911
fdfb0ceff8e103fb
1d08ebeef80a0b07
09f9ca09f9fb010a
02fced071e12f80d
fb0be70efc150228
f9fe1af2f5fded12
14e3fc08080af2ed
0906f303f3f0ddee
11f4f1fd2dff21fe
03031ef7060beaed
1117e3f0010d160c
f60ae104faeffcf7
f5e6011a0d231216
fbedf6e109e2f1fb
02fe1ef1e811ed01
18e5f5f91506f813
f7000ae9f90bf61c
feffd8ff10fafdfe
01f8fe0f0617f1ef
ee1009f8f3f9df0e
eef50efc02f9f21c
1015d9040d01f2fd
2209e80ef80bfd0d
0e00d8fbfdf9040c
11f6f6f606f9ee0f
f5fff6fcf5ddf0df
b9f0e300e0bf010f
010d1e19040404e0
f7090b03eeee12ff
01e405170a03f7f9
fc0e1a030300fbfd
e810dfe7e81104e9
fd0515f8fcde1404
f40328f1ff02fef1
f4eac4f50afa0a0e
f8f13506251502fb
0c01fd01fbf60d12
fff0ddf9fb14f401
f804e2fbf2e9010b
1010fbfc08120b0e
120ae904061af9ff
fa16dbefdcec14fe
f3f3e2f10f03fdf3
f3182705f4fcfff6
0905e0f60c1c090c
0ee2ecf0ec12ff04
15fbe0100b0bfdf4
081ae2f112fbfd19
fd12fb17f9020ffb
f008d218fb030314
0f0d03f907010ffe
09ec0eff0fe1f4fb
0ef1e906faf90df7
130c1df30ce9f7fc
f2e8fd00051ef30d
00062cf70b0214ef
0f0730f8070c0714
031709020bd703f9
050928f025f7f6fd
06fe19e5000605ff
f300ff040604121f
0100e1e6042406e4
fd02110c01e70f17
0300e90e1232ffe6
f800f31b060c0dfc
0c02fdfd0cf80f0c
f30102f1fc14f814
f8f702120ef801ea
ebf9170210ebe8f8
0001090106fde8f6
fc05fff606080ef9
0d04e4f5dc05fdf6
f30106fc0df3e113
06f5e3e6ff000622
0704d71306ed16f5
02091af30bf903fe
fdfa0f09eff10708
1010f00ef41bfa0b
0d1cf00df5e8f102
f905efeefc16fdf7
050408120d00e302
040fed050c090ff3
fa0804f1ed07ef0e
0519eff6f9fa1c07
f0082c100f090819
0302d6121cfe0509
06fff81012dffefe
f2f9080216020807
0e221ef11002e306
e91af707011afbed
0a050bf6010a1307
ed060a03ee23f803
03eb1205e1fc0bf7
07e8e7f70a11f203
04ff380906f8f7fc
f3fafb0817fd0903
f512fafbf5f305f9
0a1bf6fdfa0d0a08
f910f603eaf01b0f
0d031407f9fcf6f4
0508f40be5f9fb0f
f61b1605f81605fd
faf9201b050d18ed
ea1119fef31b08ff
ecfa120421f9f70e
1dec0bff000efde9
f20dedf61900eefc
edf7081f220af30a
f5f7e4f8e1180613
eaf601fa0a0002f0
051e12080c070f08
12f509f1fa03fa00
07ebe9fd1af9f806
0400f90cf10803da
f001ef01f80c0000
050105e70810f402
01e6130b15fdfc11
10fbe5f10a09fd04
fee6200ced1306ee
ef05f70ce000f306
fd0ef7032f150709
ebfd0300de0cf8e3
f70d14f5e71206ef
fefd20faeef7f307
01020af8011e0ee2
0bfb1205fbef1114
f905fef81a0009f8
09ff06f30206ec0e
f90fe3f7e605faf2
f014010d1bf50df5
e8fe0c1d13f507f9
e9daf6043afc03f9
f70a0f0824ff0beb
e5fb0df9dcfbfaeb
160507f7df04e30f
08e9fcfe2002ffe2
05fc041bf701200c
14f7f11fb923f4e4
000b1bfd070207e2
070b0af70ceafde5
f3ed13f6f120fe06
01efeaf7f6110b0c
01070b1b2917021a
f4080310dfecf2f7
f90310ff02100108
001c07f33306ecf1
06f2f8ede9ebf606
f7f7f5012211da05
0bf70aebf50f07e8
120004120703ef09
f5000bfe0509fe01
ff0afff5dcf10803
fd0806fbf6f61dfb
010b040df0feef12
1aeed9c40d0af1e1
e906022ae5e80600
fd08040e23e01219
1aea14f32bfbeffc
efd4f913f8fd01fe
18f6f504f8f80e0d
050602023df1f80a
f200081b15f4fef9
0406dcfcfae1f614
f8e909061105e0f9
fb1bf502ecfe0306
0c0c0901120eeb0d
ee04f6feff04eae6
04fefcfc040f0e01
fd040b000f0a07fa
02efe911e804f1f0
f10a00f409060006
ff111de3f31e0317
ff1208fbeb0c16eb
fff409f2ed190df9
18f8030e2df40dfb
0af912eeeefa0f03
23f2f2ef2309080f
f4091815210cf9fa
eff8ddfce0e51a00
05f3fc0908fc1414
09eafc0cf10e1409
0413160026f610fc
e1fe1007070ff4fc
e50011ffeef505fd
06db0505f4f70502
d9ecfcf2fbf1fd07
070c080efb040d07
0c160ff9f3f9fb08
13130512eb131c05
effc0fe72b14fefb
0609000b14fbf10b
09f8f80ad7f7f508
04fc090601f803f8
080012faf7fa270d
020110f00b17ff06
e50011141b0e13fc
02e4f907cef70301
eb07ee0608ebef0c
0406cd1ae8e8fdf5
defb0902e0f50319
ea02f3e904f6fc0f
e0f2eae8f1eef10a
06f110f0d8f1f7fe
f8e9fbfbf8f5f6ee
15eff9010907f607
020dec1706140e1c
f50dda12191e0b0b
07edfdf91704de06
070dfff70df90401
fe062219f9ed0716
feef08f6f6fe04e9
121505fd03f4fb09
f107eaf31df711f8
eeff0f0ef3fa01ff
05fbe8090c0108f2
20f6e4042ae6fff3
e9fbe9000509f7df
0209e3f807d805fd
f5e813120af50315
0bebf60ee3f0f2f6
04f624f8f6f902f9
1f0e000ee70103d8
f213ee0a1cfffef8
f9fe0c0b0f04fff4
0211fa00221004f4
20ef1011f20704fc
0109f215f7110308
ee00f9f9ed03f8f1
0feaf319d6fffe01
031d1411fa02f902
efe716fce5e7fcf2
ff101ff0d80df6f5
f7dbe2f6eb002220
04effe1afef50ce8
f0ff1afcf9011ce1
0fed09e933e6ebf6
f9fb0afb0d00e3ec
02e606df1408f8c5
02f90ffaf20afa03
f7ddfa00fb1afce9
17fcf5f20dfc0e12
edfcfae1ddf10efc
fcf0f8040e1e150a
1602fb02fb0af0d7
03050f010e03f8f6
ea13f61206070b0d
0b0920161a0ef3f1
e5f2ee1724f51015
0f22ed0feff5f4ff
ef05040bf901ea03
16f713f51bee03f7
22da2ff8fe081211
fde9130ed4fe0d00
0c0bf9eff604020c
fff80f08fffb070b
04fc00231511fa07
f21014effbfafe12
050ff5f9ff00fd03
fedf1607f404120b
1e01fb03fcf70202
2117190bd110f0e9
191419f4f3fae2f9
0107020c27ff1809
09f1f5ff19f7ed0e
fb01f909ffcaf70c
f0080bf9ff18fd12
0e0210fbd1ffe6f4
e819f6020c0bf713
170e0efe0a0c0f11
e905ed10dd0bf2f4
03fa00f4fdfd0708
e2fd0c001005e7ec
faf6043cedfafcf6
e6050bf8fafdfa13
fffef90a01f80d0d
fc14f8eb0b28050b
00f213ea150c0dd0
0f1708fae40cf2ee
0005f21cf4fe0817
f3f7f405effcf4ec
f510fe07de0e04f2
f711f104dc0e1200
e2def9df0201e9ee
db10f3e81c0de4f3
ed0704011201f3f0
1dcefff00414ec11
fc0511fddbfdfc09
fc12dffaeefa160a
dffdfe0cd701e80c
fa0217fcfaed0d16
e5f7f105111dfd07
12ebff020a130b0e
f11e1b0b19f21af7
140ffb08f60eee16
e30b05eef113f3f2
eb24ea001dfb1024
3406fe0f24fe08f8
e80be0f31516f414
02120708041715e4
0511020ff5faf4f9
ff11f70015ea0312
f80f02e9edf41727
f2f9f1fef3f105fa
01ec0003f3f8e811
f1f01aeb22faf5f8
16f3fd0623ff0c06
1e01fb11ff0dfde8
f2fcfc02f100fc06
e1fc13ec03ef0303
01131214f90af2fe
1503fbe4dc02eeee
07fdf2fe0cf80af8
edf10902d601f917
f0160109fe04ed0f
fbf8110a031aea1b
1ef5fa000a081ff2
06f8f1e113fd0f00
0b0c25060c11e805
ee110b02f1000a24
02ef00e61deb00f8
05000d1cfce112e9
f7fcf4d504d11bf4
180613dce815eafa
ee11d5fcc4f2ec04
fe0705efe8f7f3e3
f6fa0602fefb15f7
0e191005ddf2e7f2
07f6111027ff0ef9
f00202f7f0fafa1c
08f407ee03f40b04
f126fbfbec08fbed
eef2f508f406fa04
0608ef152611d4f9
fafe09fff70e03ef
eceb18f9fbfa080c
0bfdfcd8f10af900
08f002fd1101fb11
28fffd0e06ff0b17
f3f2fa051e05e9f1
f720d51717e61d01
09f9deec08070106
110011ffe700f90d
ebffe3f5f0060def
e7040e0a02120314
1101ea1e1cf2fd11
fb19150e20f70113
00fffd050c0d0a0e
f5050406fb0e0506
14f108051612f30b
011e0ff212f5feee
fc0f0807eff5d2fd
f2f20b2b12f517d2
effe0d01f1fc0aed
06e9ebf406f7defe
f417fe00ea0afcfc
0c0206fdd3fcf604
fa010800fe02f532
1518f604ebfd0f06
13fafa0900f7f603
13eb0a02f1fee6f9
10151fee07040200
f8fc0a0fff1a09f8
040f0ff8f400ef00
0412e91004f9111f
f51708ebecf303e8
dbf2f403eb09df12
0bfcfaefeef910ec
f9fb13f7f4fe03f9
e8fc090600ed08ff
101adbfee1fade1c
10f50f19ebfd0301
f704f5f9ec08ff17
010a0aeffcdd0114
1af110ff0f0f0911
1afb11fd13e8091b
ff00e9fd0111fbfe
141e1404ee19140b
f8edea0e07faf8e3
3505d20ce3f6010a
09060bf1041e0823
eef7fbfdfb00fbf6
0916e9f40302fe02
f818ebf1010204f6
0a02fcfdf9f91a10
f7fbee14ea030f0b
07100804eefef700
f908f81ef8e51239
fcfae9fb1b23fe07
17f3e40cfaf00b36
1002e1ff040003d3
0af20cffe8031d02
f70b0d01f905f4f3
f1ec17faf1e3ffed
0b11ea18f820fae5
1af9ebecfc06ed19
0312fffb03fbf4e1
0d020f11fef4011b
0307fd0a20101af9
07f8090dff090cdd
ee0e15f7f611f709
031603100b0f1d05
fb010aee1107f6d1
f9e8ff0a0cff0e00
150b1c17ff0d01fb
010deff010f6e906
e6f805001309040d
0ff9180100f50a08
cf1dfe0cf4f90de1
05e80eecf4e5040b
0708dafafd00f220
e20a20e6ffe4f7f8
fcfffe0afc0cfb07
e60af300ecfb08ee
0310f6f7f6f5e80e
ebfcee0610eb08e0
0ff8f9ff080207f7
25f4faf609170800
000806180316040c
e40415fb070406f8
fa03240c100d09f5
080014fb0bfcfd11
efec00fef9fe0a15
fa00140ad302fc30
f5fc15f30705fc06
f3fcf3fdf8ed0904
f5f321f40df9f307
e301f8ea08f806fb
08fe160e0cf70b24
0405fbf00d03f7ea
0bf503ff00fbf406
fe03001310fd03d8
07340d0207130919
e7f4fb0d03f8fa23
0f07fc160413f2fd
1d0b18e909f6f21f
f8090201e00f0b2a
14e4d7f301e815ff
f8f6ddf6ede9fd17
ee18fbfd07f0fff2
f9fb060cfa03f5dc
e70416f906ff020a
1efe130100ff07f1
02fafcf215e41718
f10003f6fb0706ea
130303ff07effcfb
340414ec02f20be9
eb0c08eb0ffaff09
f9060d08eff5f51d
27f9dd07fdf1ec07
f1f5f5fe0cfeb9fc
efea200b0cfdf4e9
0af5c6080606f800
00f529070705010b
f6ffff1ff3040302
f3fbea0300db0816
f511f8ff1e0e0129
05ef0d070bf2fe02
f302e5ea130eeeef
0fff0ee00803fef9
f11cf5fdf6060026
fefee809fdfc0edc
fbf9fc10f20300d0
0a05d8fbfa0df2fb
0a0a1dfbf6ebe200
00f40419daf7fa13
07fc1515fc0c01fb
fe0e090feff902dc
0407150cf3fafe0b
fef4efea04edfafa
e2e7d317ea191b1f
fc07f20610f9010d
08f30efd0af1f403
05f4061804f800e0
020114f9fcf304ff
150af1f2ffff14fd
15e70405250d0601
0cfacdf806080005
f2f5100a0404ebfd
f10efe040bf4fffc
06fefcf50ad61908
e4f30704ede903e6
09f414090b01fff4
02040b0f0a00f7ef
1d0d0ff901f8f30b
fa04fc020f030bdd
ef2700f505110505
e70d0bef05f8f0f0
f710ef08f2cefc01
04ef15ff0207fb02
f1f2250efd02110c
f60ee60e0c0e0702
070103e7effa00f7
06ef1a15f0fa07d6
00fe02edf2ea03fa
0a0bfa07f7f9f30c
01e8fc0013e1f2f6
10e00a03eaffe2fa
f9f805270d07ffee
f80afff92201e412
02eeff010f1e13ea
0bfe02010615fe10
f9120df5fbee00f8
0c0f000ce9fd0206
04ed05131e050307
f6f302fc20f80afe
f9f2faf11411d8ec
00fefc1b100b0728
f0f313fdf0f9fc10
1913f918ea0bf6f2
e617021af91a01fe
0d04f015ffee071a
fcff060806fcee11
f215f7f3ea090aff
10000e000dfdf704
f9130a141b2508f8
0014f0ee16020600
151309f9020d0bd1
0916f8de1508f6e8
f7fbfb17d401151d
0a14f2fe06fff3f6
12f4fffb0ef011dc
f21c18eee5fcfe07
14f3e71ae805f807
17100512da0005ea
0af1010a070a15e9
e303fcfe0d09defe
02f0f60bff0ae505
e9102c01efe608f0
0606fcfffafdfe14
faf401e7f6ffe2e6
0af1f8f912f1fd05
f510e909f5fe0516
f2fb0aef1dfb07f9
04080d0fea01100e
0de6100308030aef
10201117160bf005
fb0506f50f061015
f6f1fb0d10fefac9
ec05ff0b1ed0e20a
0d06fcfe0400f40b
040af4100725e512
01f71610fa0d1fe7
04e102e51107f5ef
e412fc0e0619dee3
1ff90a310805de0a
f3f8e3e106f33115
f004ef00f813d506
fb100eededf4f9f7
11e71ef3f2f41110
08f0ed050201eb02
fe1c16f9f2100cf1
f5eff205d9ee0afe
070a1def12f40411
faf6f3f9f6f91101
ecf416e92bf9fa12
0f0602fde4e90dea
15feef050bf6000b
13f80e010bf4e2f1
e8050fce0b00f925
13ff20fd28fd0f0c
00f30bfd0a00e9fd
11ec0a0c180a1ef3
f414f1e1000e23dd
0ff307ee02f8fff2
0713030914ee0a0b
f8ee03f0de0d0cf0
f0e9e8efe2f50be1
030811f108fcefe2
071fe8ec1b1d0914
f3ed00f412f62e0f
f7faf20d1c060d1d
0bfc071d01fb1704
17e3f8f700f8f4f8
e21b0714f6fb0b01
00f9f80be1071a20
06ff01faf3f3030f
e2fff40bef041003
07fbff07f5ef05e9
d805051200f92806
f51fbce7fa0100ec
1b060506f81b0bfc
0405fc0301e80f08
fd120501f7f11201
faf1011ee5f90103
f9fa1fe2de0803d6
fa08f9160600fee7
01fe17f1f9fbf6f1
f2f2fde3e7f90cf2
04011605120bee02
ec0f062406effbe4
fb121be6fb050fdb
f6f5edff0efaf805
f2fa031303fd060f
09020c10ecebeefd
040bf206f80ce516
0301e2041212f533
f9fc1208f914050b
27ea15d911131b03
fcfa04e4ffe50a32
030a02f1f2ed18fa
06feecf9ecf7f800
1e090a04fbeeff15
f6120915e8fbf622
001c0b16f60eda13
faf709150f1b1207
fe1be3fae6f71511
e00d190102fdfe02
fb0201eff4fa0708
1af6070a11e6f9ff
f2ebff10030c0502
ff08ec0004f31cbc
fcf702f700f4e9fe
0e0af711ee011c06
fbfd0eff0b150408
fbfb05ecf300e8de
fddd070f13051cf7
f2ff13fa29f3ebed
f303e4f0ea0711fc
e0fdfdf729190c08
f41f01f914f8fef7
07fd0d13e3f301f4
e8ff0fff170b040a
f50d03f1e1f21813
e0f2f409effafef9
031cfef51e1a0f00
0b2602fddb09ed1d
150d09ed0306fbe9
f8f4f1fa18fff6f5
03f2f8f0ef15f712
09defcee1205f804
1cf7f907140213e3
fbf61601e3eafdfb
f9f603fdf6f0141a
f7f5f601edff0027
0fddeb18e101d903
fce2ec030ef7fdf1
0002fa0112e8eb00
05f5f4f50d0e1a0b
f9f0ee04fefb01fd
fa18ed04f8071505
ea00f7f5f91b08fc
02fb1a1efdedf4f9
0afefff904f6fc0d
f1ec070a20f3000e
07fa0010f709e9df
1de60401010dfde9
07030502f800e8fc
edececff0e0803ec
f1071bf525f10b0c
1afcf70d07120de7
140af8f9d5f5f605
0e0208f8fdf80d06
070f0d14020cf8f2
f4050a0303e10efc
09e602f1efe5fbe8
09e6ff00250108fc
0c0401fdf6edf8fb
0a17e3fbf02610ec
fc0ff2ed0ffdfaf8
f1e0ec07f805fd0e
f90d040c0600091b
c5f410dcffe0fced
edfaf51ffc00f000
1ce8fd07fa0ff8f4
1601fe1001df0aff
ebf1f7ecfbf91a02
c5efc8fdff00fbf6
0106f90d0205fdeb
1116041af7faf708
11f705f104f51301
f1d3faeb0907f310
090b090aed13fe02
eafc0410ef05f2f1
eaf3e60b01f7f5fb
09de0eeb000f02fb
02fd0df8f8f7fd07
e9f708fcfbf4fbf7
f2e90800ff0cfa02
05ebfde90a03fcf4
f0e80f07fc0fdb10
2802f40703041a04
e506f0eaecf1fffa
ea1de1070202fe04
16101bf21f000df7
100303051cf0f813
2403021d03ff120d
14150f021cf80c37
de05fded09fc09f3
fdfdf903f7f2fe0b
e0fc16fd08191914
eb0f02010bf31b18
17fb05ff0006fcf3
fd0c060405f306f2
fb100509ec130507
2b0cf70be70dfc15
e803fef906fe04ef
0214f10cec111905
fe0cfaf711fd05f1
0702feef0b0002de
d4feeaf3df12f1e8
0e05fa01e4f10101
090df702f5ff0ddd
f2fc04f6e8ef06fc
ed17eff5da0ef6f6
fdef19fb0309e819
f80f0900eee5fcf4
f5faf109f0fd0cff
f7110afbf30602f2
19ef08e2030210fb
fefc1ffdf6f4ffdc
08f80607fd08ee07
c9fffa00080101f4
d1fef7080a01fa01
00faf20afeea0a06
02fa0af10d130cfa
f4effb090623ff03
f40103e6fb15f9f7
050cf9efeb00fa11
00f8080ff9f90618
ecf9f601e2f90300
04f5efff0704f1ff
01fd0ff21e14ecf9
06e7fff1150e0602
07f2f70605fe13fa
0504fbf7f90af008
0df80cf50507e2fe
f6f5e5f80a03f5f1
ee0ef60cfcfef9ff
0bdd0607e7090af5
fb0bfa0cfeeaff17
000f09fa0feaff0b
0aeffeebfafcfae7
02e6fc10fc0f0420
0224100fd7ff040a
2dd8180c10ff05fe
2df3fa070cfde6fe
14ef00f7121506de
fa1302f300ffe8f4
f60bfdfaf5ebedf9
0c0f0301fa0dfc0d
27fe16fe10f3f401
18fbfbff1bffe813
1904fb01fbf802f5
1c110404fbee0f0e
0f25dff1f810f8f9
f1eef4fcf0fa15fd
00151bfcff14e1f2
10faebef1609fdf0
02eb1301f8faf724
0a23e717f7071a0c
f00a031002ff00f7
08ec09e5eb0306f7
01020eea09d901ff
ff070d1a0cea1403
ea18120b1cf718fe
03f51ae016fe0d08
17011406fef6010c
fff7f90803f7f50e
060bebfb020cf914
fef5000913ed1211
eefef2f3f016e104
14e7fef0fb060518
f70307f1e5f3f517
18e6f0fd1d0504f7
05fb05f917f2f10c
fb06f4f9f1e9f9fc
f11c04f60f021100
f9f0fc20f81208f8
f404fefcfcfcf5fa
ef0a07f3feee04fc
ebe40014f8fffc00
0a0522f904f6f00e
0cfe0401f10a04f4
e7f9ec02fce7fd0c
f706edfdeffcedf7
ece8ea0b0a1000f0
0c0706edf8f1ecf6
25f9fa01f4f4fdf9
fffb06fe100507f5
001cfd030f0b0af0
ff06e911fb00e503
fff8f408120af003
0d17030efef018f8
faea09e716140404
0603f41a1afd0119
080a140e00171e10
0900fdfcfe0bdf06
19ec081c0f1d03ee
fa06e4feef1601ff
0305ffeefff20bff
1c0500080516040a
fa060bfd08f5fc12
140011ed130bf705
ed14fe0b0104f807
ea232afde204fc0e
06f1ee0d0d0205ea
121006eb0114ea01
f509eef2f9fa03ea
0212da0211e60cff
01f9022300080b00
18f6dd020f0af311
ea092bfcfeeafbec
ff03121eec14ee0b
f1f9e10bf0ebf900
040d1903e203f5fb
0703f3f1f0110e00
fd0604f0e400e7f8
fd0207e808fdf6ec
06f6f91b0e15fcfb
10fff2fd1a1c07fd
f1ebf40107f80f01
02040808e7f900fe
f31af809f2ffe218
e3e5ea0607fffef2
04f50df6090501fe
fcebe7fe0706fe19
00162cea0cf1e001
1b110f00090afaf8
f307f60204131409
06f80b00fff60307
e6f80bf8ef01f7f8
02f5fb140be901e5
0506fdf4f40612f7
02ed120bfbf3fb11
fd02fd0010fa000f
0e14e11eff04fe09
0709e5edf7ff11f7
1a1aeaf80ef4fb13
fe07f10507050901
05f4fdeee705050f
f90c04faedf3e614
0b04ff19e305ef11
d9e1f6de10f80d12
f4120e0c00f7f804
ef000af50eecfbf7
0feffafa001c1315
0bf70bfd07ebe5e8
f7fbfb1deef621f9
eff20524f7e907f4
020d0d0af70cf6f1
0b0001daec08fbed
011413f515fbd604
03f80d09f1f7f500
08e91ff21ef2f508
f4f0e900fcfcf906
f1e7e1fae00cf305
12f4f803031025fb
0006ee0f0af5fb11
05e7fc1bf006ec03
fe0d0933030903ea
ecfe06e2f6050ff2
04e1ee0e23021b01
01fae8ebfafafadf
f10111feee0c09f2
ee1109f7e60012f8
01ff1b031a06e82a
041f0611f20423dc
0ffdf0f7130110f6
02f82ce8e1f4f8de
1500fdeb0cfef10f
052b11e1100c0b01
fa25f4f30efffbfa
fd030b06fff2e7ff
fa130903effaedf5
faecf80627fe02f3
0e20e019040a191a
fcfdeb120603fbdc
e2fa080b0008fdf4
02f6090826eefefc
ff01eafd250afa11
070c1e0fffeaf11a
f5e8ff10e2ec06ec
ebef05f40bf4ed08
00ef14fb020cdc18
140bf906f8d6e2d8
f6e40410d8212d23
fc09fd17eec31626
0a050c1b0fe62903
03fc0d010738f706
13fa04effb0e18e9
14f4faf3e60702fa
e6f4ed11030314f5
f7f60702fff4e902
fef104f0fe11dcfb
f1fffe0507f0fdfe
ea0503090d0035e1
f5ef0a0eea0105fe
041cfc06fcea1200
18f1e311f3fb111e
0f1102f60c04def9
0c010811f8defd05
01e7fcfb0be1e303
efecf2ec29fb1b07
ef0f0b04e3e4e9da
03ffef05180617f5
090cfdfcfa00f6fa
1de017f7fa020010
e9f1fc0c03fc01f5
fd030804f2fff1f5
ef0cfe200b0c0ff6
221007060bf51202
f9ef13fa1116f7ff
0bf2f4e5ed0cdefd
f010fcf6e6eb14e0
f0fdf11003f904f1
30ff0613f91d12fe
0406fb03eff20cf3
13f3f102fb1918f6
e509f201ec0de8ca
0014280209fd0f05
19e40205fd1105f7
110700f4131f07fa
07050ff9e6fd0508
1011f8f5fbd30a04
fa10f00806f813ec
f2091d18e7ffef1c
e2f01fe0fd03e500
02f908f515fd2518
0feb0409ff0e11f7
031df2fff20c0b03
1a03f908f5e91bfe
fb2005ef0f1b12d7
ea0421df22f40c3b
fa18eb0810f5f9cd
f00208fc0d05f030
def0fe02fb03f9f9
e4020202dc13f50b
1a0400f10f0019fb
03ff0f1c08e50ffc
f12407f705e0e919
f0051112e2f4f4e6
fef205f2f4d32001
00eef113f434e2f3
1c0aec02fefbe617
1eeff408021bf505
f4ecfd07f9eb161b
f81b04fb07f4f801
10f0000f13d4fc1a
e60608eb1314dff4
0c07fcf9f9f4eefc
fff8fa02f11cf207
e907f815ea03230e
030900f115041405
e108faefecebddec
10fcf6ee1110d60f
d805f3f9ece526f8
0906f905e406261b
ed04141719faf509
f706ea070d0ffee4
0aecf50225e3ed03
0007ede9000d3105
010cf60602efeef4
15ebfff5f9ee28ff
f515fc150127011b
fc0c0b0bf2140c0e
092116111316fee9
10f7f2f302fd0507
f6ed0a0d02d82105
2eff2012fae9fd06
f613f708060adeea
cf1ee5fb171035ff
f0fbf0eafa0d00f2
02f303f300fde107
2efa1008f134cc08
13f2090af1f900fb
fc05fe0709060704
de05f41803cde404
11ee0623130c0b19
18f31f0ce716f0f7
eaf414fa04f9290f
db081aff08de1911
030201fd25d41bf6
0704f800f5df1514
0cf5fe16fee3e9e0
d912050f0101ddf2
ebed241209fa0e05
09fef5f612012312
1705f2f2181a06e1
0eeefb14f007e0f6
fedd0b17f0120cfc
0ffcffe70dfe1d09
e704ef08f4063ed8
2c0d191f01d31af2
001707fb0306ea2a
10ddfc04ff1801ef
fa1710f60c140c19
f5f4f5e7eceffef8
e2f802f7fdee1a11
fee6edfc00d6ed0b
e6f90cf818070cea
040def0405f8e6d5
e9fbf2fbfd08fa09
f701eff608f2e619
201ceff8070b1a08
0c0e150705ebfbef
f50af8f1071bdbfb
0701080c1401c919
19fcfb15ff190adf
0ff60c040a15311f
2716f901f9ef3400
02e1fb11081c07fd
0edffefbe80ff0f8
05c3f9f81bd2d5ef
04faf50c0aea13fd
02f5f3fa052efaeb
1cf8eaf4f812f308
fef4f7faf1f626f1
01cffee9edecf1f6
01fa0ceaf51bf9ff
f9fc12f70016ed1e
0bedfc020f21e901
f3140911110cf6f5
ef24f20bfa0309f6
ecaf1dfaf4f9ff12
11d6100b0220f6e5
0e1efd11fdf4ee11
044aea0112fbf9f8
d7c9ff07e1171908
09dd00f20742faf5
0112e7e004faf500
e5effe030cedd3fc
00cf160cf9fb0514
02fbf709f515e3dc
f5fafaec27f60f14
05defc01e8f51506
c31a0fee0cfbef03
01f7f004091206f7
fe24ec03feebfced
fc0eeafe0f1ce207
0cf907fe18e9140b
081fff13ff1aff0b
f5f0f4f20dd4e0fc
c6ec1d04eef6faff
f61f0b0418fef60c
10e017f4f42428fa
0c1bd6edf8ebe9fe
ebcffbee0117f91a
2a1901e3e60a0ff8
1518fff612100e19
fa0cf1f2e80a02fc
0927f404010117fd
08340bfd02eefee3
07eaf3ff07f4f5eb
1b1204f81df40707
1013150919fcfef7
0de010f00e0222ed
3d0704fc07070a0c
facf1002f71a05fb
15ee0b10f9df1202
f01c08f70aee0be0
2d390be8c0e100ef
ef07f3fa0aeaf9f4
0029f10bfd0c1110
080a0906f70b0bf2
080deb01fd0f0003
fcd4f0fd0dce04f3
04e1e81408f6fa09
fec2071cf4021cf3
f3d4fef900fd0d1d
0cf6ef03f1c8ed0e
0d420a11f31911f9
f7c00eeef7dc08f9
f6d4ee020ace0f08
0ee8f60719ec040e
1417000bfe21ff0c
fee1fd0e040bec0f
fdf1120d0bf60009
e62c07fdfbe0f806
2229f003f4eb04fa
fa1cf3f7f9f80ce7
f6051ff50901faf9
fae404ff15f003fd
1bfc0000f106e603
050b05f30300f905
054bf1f606f905ec
200dea021317ffe1
0afc100a03fa0507
f8f61308fdf90d0a
fbebfefe0424f20e
03f02cedfbecebf9
101e07f5090ce31d
fcccfdfa17033207
fe17fff6052a06ef
fc19f90801f6e615
f815f7ff0504f900
ea17fffbf4faf6f5
0efee8fffd0b2002
00e420e3fbfbf8fd
083401f3f6fcf904
d109070ef4e500f5
050be2ffe903f4f8
f91b0b1001d3fd0a
06150ef103162004
001a08f80c02ff0b
fd15f1f702e7e9fe
00f8fbf4061c01ff
0212ee07f7fffff2
00d50df50807f5ef
0ee5faf4051df7f4
eafef8fffb190f19
01e9f2ed241c00fb
07e006ecf1e90503
0a10f20eeedcf90b
de0ffbfa08fbf408
04160104f3010712
0431080a0906170d
fb20011605ffe0dd
07270514ffdb1c02
f0060705e50c08f9
fa2006f6e50f041d
e8060dfefb0e0cf5
f424dd140df4f90a
18d90b0d1bf80607
07050b08ff1b0003
141901f50b01fdfc
021210000effe407
0a0212f116f3f1f7
fbe7ea080ffbfd10
0c04fd0007f414f3
160b19f5f3010301
012e1107fd08f7fd
11e1160dff130b0b
f3ea011afdd4e001
03c70df80603fe05
f8e5fe0006363e06
0af708f41605fc04
f5f419fd08331c09
0412ee21fceaf9f6
ff220f0e1401efeb
fa1407fdfd0c00f2
1607f60306e4e901
03f9eaeefcf20d10
f5f60dff01fff407
160d0c19090d1df9
06f1020205f3eafa
0a0beee70813fffb
ddfb07fff4fdfcfa
0e0119120ae7ff01
090517f4ef08141a
fc0218ff1108f702
02f0edfefc0c0009
fce9ffe1f304f5f4
e1f6eb11f6f709fc
0c041701f1fb0014
fdfdf8f6f4ec0b24
ff04f4fde90e0918
07f801f6fef9fef6
fdff060ffbfa090c
f1060e15f1e90805
0f1811ee0a07fb06
fa1ee9f2f4fe24fd
f60ffcfa110407ed
0f0febda031a1007
0ce4f7e3efee1b0e
f501f4fae303fdf1
fd0df1e9f40b1309
1007ff06000807fb
f8ef040af20a22fb
fef50effff0611f1
05faf30a1515eeff
03f40606f4e7f90f
ec2d091316fd0df3
15f201f7eaf813ff
f60f0d00171de504
e405f5140bf600f5
fc0de8f406e91aff
30f201fbfd0af7ef
07fcf8fef6f5f5fa
f9fc0b1bfb0712fd
e80de6e90009fef5
22fdf6d60afcf6fb
ff060ded11141fe8
e30cff142de81b0c
0bf50d0bf40a0aec
e7eb100de91405e5
1619f302f9f10316
f6f30206f6f4efff
011d2f14010602f1
f3f6f4082af0dad0
14fd2216e8f005f4
f9fb131110110310
00fcf32104fe01f8
e916f7f0042111f0
0825f7f80e0700f0
eb04e709ea0803fc
00f8e7f6fbff0413
15e804f20aee0616
0d040c0a0006f4fa
f924e908f4f70315
fdf80d05f80707f5
fd0a0afc12f2f900
17fd0bec1408fa23
200502040bff070f
f100f2e7090b10f0
050efce407fef506
25e513060318080e
2005faf9f4fef1e8
fbec101ef5f9f305
dbfa0efdf61107ff
0ff5f1f6f50c09fc
03131500eb01fb02
fff3f80afffd08f6
f402fede1501fdff
f105f8f5fee50500
f3011108f914f502
17f8000901fff906
1707f90414f20603
f316f4fc01f4ea02
2eea0d0318100404
fffbe6f805f802df
1af0eef60e070904
040605f3f80b0b0e
ff07eefa0102f30b
eb110ffe080a0df6
ee1603f7fafffb10
fb0b0c12e3fc1909
fc2ffb1cf1fdf80b
fbf806fedefdeaf8
08eefcfe08f8f2fd
05fffaf40ff004fa
fefc1a0af82404e4
f3050e18ea03ff06
ecf7f3fd070d0aeb
ff09f90c010cee0b
f3090a06fff2e21d
07ecf21015e8fafe
0c040d1bf60be8f4
0010ef1508e3e507
ff1ff9f200eeeefb
2bfa0ee009040f14
fef2ee110205070c
e81002f3210311f9
f20e0300f3f90efe
0c0b0ff7e5e413fc
0201eff3f2e716ed
0dfbfef30604f0f1
f1f70307ef060bfa
fbeefcf0fd09f6e8
2cebf9f40df61c0d
fa0114f3f7fd02fa
f2ff0be90911ece1
fa03e7010421f508
070400e7fffbf601
00f4ee01000bfe08
1e0bfdf0fe0401fc
fde1fd0a04f7f5e0
021600fefaf0f0f7
07fd0d0d0700ff08
03f11326050f0b04
dce206f1e9f0e408
f80cff11f90bf4ee
06fff71c0d00000f
160414fafbf2ec00
fffb08ee05fdf20b
0df6f40ffe0c1a15
f8f3fcf1ecfdfa09
08200c01f523fef4
0b12e11e07140ff7
f908faeaf4fcf7f0
19d5f8f611e802fb
eafb0b2003fb00dc
04030e0af1d8f9fa
1c090318f0eef10d
14f6ffc901faf7fd
f114eafef4f6fa19
0e0304fd07ee1cf1
1f031c2300000efd
0b0eeff8eb0309f1
10f71d0905f3efeb
0807f4edf9dae7fc
f8f2efeb140f0120
fe061efe171303fc
14100e1d15fb1410
fee9f8d60aee07f8
12f21710080ef80e
19fa1dea04f8eb11
0aec16f10ade0e1f
f8f6de0611e9f3ec
1516100ceef31206
17f5041fff0ef300
00defa0a13121bee
fa0a0fcafdfcf2f9
04fdf1fcf0e7fde5
fe011a050113f811
fc01e6ec0e0a212e
ff1df308ebf10904
0a1bdc16f7e606f6
edefffddefeefaf1
e5ff00ee02fd0506
f6fde903fff7f3fc
ea0efe2d071fed10
ee00e60307e8f3f9
12f725f31b020f29
ee080622e9fcfeef
10e6f71c0a08f5f9
050a13d704f209e1
04ff07110105f5f4
ffe009f5f302f5ee
170905f602fcfa17
fffcfe08ec14fbf5
1002ff0b0c13fd10
1812f711eafa1507
01180a2df8050300
faf607dfe60310f4
0dfb0b120b1aec0b
f0e70ffa0d0af4f6
0dfcf739f0fd09fc
0bfffdea01d7dbfd
0b201229fa010d11
07ddec0efefbfc0c
f70df7ecfdecedee
ffee0ada080ee50f
e4f30deae2f806c8
0fff03edc8ed0cee
f7010bd7e4f4fcf3
0e180d16f5fa0c19
031af0f6160dffee
140709e81625f916
fc0af0e4f6f4f1e8
ec0bef1cf12bdef3
ebff0e13f41af11a
ea1406f7fedafdf4
0bfa07ccfc0f0e00
f0020fec1bf213fb
fc170015031f0009
ed1001f2e3160213
fd1a0c1116f8e3ff
0be1050722f3090e
fdcf062a25000505
13f008f60feefc10
0befff0611142513
e3040614f0f901f0
02fe07e91dea13ed
26eefdf322fb02f9
ec11e6f5da07e104
fb0d0adc061afcff
2b07151ef6f208fd
d215fb0bebfd0bde
0aedf9fa222505f4
ece0f9f50be80035
0805deeaee04f4f5
d5fc06ecdc00191c
fc2fe01af6020de9
12e10010e8ddfb08
0401fbfd24060e11
0215eadfe4ee0303
f5f90e19f4f7f20f
dcee0d01f8ee05e8
f8200514e7e20d04
f6050037f8f60b0b
0607eae1e802ff0d
f6dbd61905ed0de8
021ce3ece5050df0
d7f9ee0e08edeb07
01f90a0a270e0706
ea000008ef0c030d
defc06e6130201ec
eef703eb11f2f9f2
1bedfdef0bea05ed
07fa13e313190503
e910eee4eb170316
ec0dfb0bf710ec0d
f80fd5ecf0f70ff6
210d1c291115dfe2
e2d7ecf31016110c
f5ea06f7210afb1a
1425fe01ebe506e8
00e11610091603fb
06e0f505170b0e16
0d1ef723f110050f
f2f3e7031223f1f0
09ff10f9f005f112
141e1020e8fd05ff
292dff1bf8ec0308
1cf0fdd209fd030a
fef2e82503fffdfa
04190d17ec18e3ed
edfc0a1be0f7fb10
eff401d7eaeffaf3
f8fc13f906f3ecfb
edf0f0f5ed19f5e3
0308f4ff191ef130
f516eff3faf9fc19
03f9f20924060908
021a03f7130eff08
0803fddeecf516f0
2001050011f10212
0cf91b0e15e60f03
fd19000f00fde101
f5fc0ef419000ef0
e80c16fbf91405f7
17ef01f7fef0ebf4
0c000101f9efe8f6
00fbdb191303ec02
15faec0f24ea110b
0424fdf30cf328ee
ff03f3ff1a0cf503
fff309030318fe04
05fbf400030e0001
feeb0416ef03dd0c
fc232105fbfb171c
e8daef02fbe81a1a
021608f612e5ee19
0e0e0f071c012b13
f5e9f4ed00eadb06
00f50dddfa14fe0a
ea1b1316f300011a
0bfdfe0703fafefd
f3fd14f5f5ef0df5
f8ee03fdf712f0ff
141b31fcff0c12fb
f2ddebf50b1bec20
0dd710fd03f9ef09
1805f7eb0417f20b
0bf5070104f404fc
f9cc02f405fa09fe
11ddf413fd10ff00
ff13fa05190e0119
ebfff10305e2f9ff
d91fe7f1f1e51fe9
140afb06f3edf8ec
f9eff4030301fff2
fbf5dffc0ae1d61a
fe0cf0e80dfa00dd
f016f10d050bfbf4
09f004f701f1fcf4
f5fb2b120523fbe7
080e011410fcf9fa
f6f0170ce4fd2708
1418e11d00e80209
f200000104f80efe
18eaeb0a210707ee
00f3fde601f50bfb
19f202fef2000002
0bbf1ad1f50a17e1
1314f90814f203f7
06ea0c02081200fb
f612f108050b0c0f
e70af6e91af1f70e
fd0cfcdd03feecfb
240ee2faedfb17fb
f0e4ecd60305f40c
e51be7efff27effd
21e7fb1002efdb10
f916f506f916f214
0a050c030a04e8fc
e0dcf90ffdefffe4
1114090a0117e219
f21b16ff04010be3
fde4fef3051503ec
08eb10eb011e05ef
f70dff0cfef3e429
01120efbf51d08f5
eae6fc0de8070be4
1a07ff19032101e7
07edfff5de281406
01070f1101fe1f0e
fae5f00a0508e9f3
f210f90b02f5e905
fde90411021208ea
1dfc030907100711
e1f9e1fcecf5f609
e8f8fc0002f5f7f9
f711fe08f11de901
0b0e0912f705eefe
07010efbf9071707
e7fbfc05041203f5
fd16fdf60a0d04f9
f3e0f303e10609fd
ff04ee120b090118
04ff15f20cfaf908
01dff4e2ff09fb16
1204e8ee082fe621
f3fa020aec100000
11e00a1305ec0b05
0b19ed08fb152a1a
e80aef170d04f8f2
02060ff202e7fc0b
efdb0a09fef50a05
ecec3d0604eb080c
09f40a07fbdf04f2
1cecf300e6ed080e
e9ed1bf6fe2202ee
04f3f519f9f6fff0
f210ee0504d617fe
1d10de10f506e7e3
f8fbe5f2f404ec0b
fdf6f2f7fa10f4fd
170913050dfae9fa
fbefea1405f50afa
1e0234060ff311e5
15fb15f0fa170d00
f20a0dea070f02e2
0b0e14fd19012e1c
03110befe8ed0b04
fc1cf90400fb0af7
ed09f8f8e90ce302
f9f10c1403000ef2
eef51505fc0618f1
0d1b07f1e8070006
f7fd03f6ef02e7fd
0efcf0e9000cfe22
f907f40912eaf7fb
fdf0ff12ef0b1df2
e32af200040f0502
e5f20a05f2ecf70e
f00a0203070d08eb
fff9ea041fdb0303
0d09fef014fa2713
12f204f010e5fe04
0e27d5e313ecea19
160014fee71803fd
f1fefa01f8f9070a
eefc01f50a07eefb
12f90b10dc0cf1f9
f207ef03fe03f5f7
050d05f4f60ffff8
f1fdefff1806ed05
11e80aff140d25f8
ffe4fa0004f4f506
f5010d05f8160af3
060723ef0d1fcdfd
14f915010b12eb12
e313fb0dfb0d0e10
faf800eb10fd00eb
0811fb05fc0700f6
0b011024fff43af7
04f107f2f30bee03
fe08140c0dfb24ec
ea16fbfb04fd00f9
fbdcf309f3fdf1f0
fc060e0208180401
fff3ef020c150700
fb03df0512020af1
f20302f50f060103
f404fdf90a0c090c
fcf6130cf2f5f8f8
fdf60807150ffa00
f40907fff7ee11f7
0af60004ee070712
0702110505f30723
f5f703010afffb1d
fcfffbe30b031bf6
0b1803110009c512
0af30f070607f8f2
e004060e0d10fd14
11f9eaf0110512ff
110f001309240120
0d0ffbf51005f910
ec06f9f6f6042b13
01101eeb11f2ed09
08feeaee08fb00f7
f308ec0b0308f905
08f8fc0ff90606fe
16100b08eff90009
eb1a0d11f6fb0e0b
22defc16f00a01f4
fd00f503f7ec0c08
0e08ecfd06fd06f6
05f90107faf91710
f203ff0c130eff01
0ffb1001f9f2dc02
fc28e2ddd7e0df1b
0412e6f900eb0e0d
fd0511e7090b15f2
feefffef210ff918
ffe000111518dd06
06f000040b0de90d
f9fff707edf6f9f3
02f009ea0601f91a
1208f30025fcfb0b
0104f60b02fc130f
f7fefbeefe00eff8
fcfef1f50bfffe13
03e71316ff03e6f5
0cf40df5100031f4
0ff309ecff00fef1
fcef0408f5f7d5fd
fcf1ee00070608ff
fc2dfa0e00f0f1e4
ebeb0aece70af608
10fcf5f5f702ff06
f808ec0f05f021fc
f6ed14080609220b
0111f5f1f60edee8
f80ff517f50a05e8
2d0f02f8050ef806
f0f1f20804f1fffc
0b120705fc0a00f8
fcf50eebeff91bf3
0a11e5f0f414d3ff
04f80d06f8faf411
fff70cf8050015f2
f6f8fff501fe28f5
fdfa0c04f5140ffd
031bf50fede6f1fd
13fb03e7f4f60df7
0ceafdea0906fdfa
f5fdf3ff04e7f810
fe0a00020ff8ec03
3cf1fd0efc070305
f9f3fcf9f0e8f201
0beff2fe060d0c07
0afdf41ceff3fb08
0915fdf61401d406
1fedf3fefcfa0f01
fe0611f80d0403e6
f8f6f3f709f71204
26fb00e504fceefe
030a12f200eef2ea
fbf1f1f2f50af3f6
070ef20f0a0209fe
f6fe00e9fefd0202
f8e701f6ef05f7fa
f309df0bf60cf7f0
f70b11000116fe03
e906071fed0d0efb
e1020b150afaf104
fc0504ee15f50900
faf703f110091c18
2a02f1def70b070b
ececfed5f5022a0c
020504110905e30c
ff010cfff7f2fce1
f3fefd030811e903
ff000b0903f71ff4
08ff0c2a0bfa1bfb
f10610e8e8e2f412
06110c00f6fdfef9
04da0d24dcfff611
f7f5011907fe0efe
0b071503e8fd0004
ffe506f70ff91204
06fa0909fcf8010d
ea03fef402f8dffc
2913f6f5f2fdedf7
0104f7ff0e000d1a
eff50312eb1df9e4
0301f802fdeff6f1
0501010f0a05fc01
e71209f816f4e3ff
07eb0ff909030afa
e603f1efdafcf601
f7131afcf40d0122
e20b05fc1506171d
e7f909fff21aeb0c
27030a0af4050100
0d15f1fe01fb0efe
0efafd0ce5051510
01fdffff0aeb0dd7
0c04010313f01aee
0001e90bdae60dff
0ff30dfd22e30ff3
1804fa16fcfe0423
fe13fb07db0c12f4
ea1009f3110200fe
f1f3ff18f9060901
03f5eb0d05e9f6e8
eceef8fc19e50f03
e2ff12ffc9fef8ed
f51012050504f603
dc061903eaf0f703
06efe71b2420ec05
ed0e06ef021f0000
0fe80604e20cfa17
0e12fb150013e8e9
f5e5070ff2ff0306
f60af6f5eafbf4fb
040defe0fc1108e9
24e705f7effb22e5
0711dc1fe901ed02
dc0601fc1dfc1100
e5f90009f1f6ef0f
1c03dbfd04fcee0a
fc020509f1fd13fb
23f105f5db0f030a
f9f60c1f0704f5f2
f10f0b1119f108f8
f720f40cf3f91ff1
27f600f009fe02f0
11fe030a09fc02f8
d90af0d90df7ebfc
fc0afaea0c1a0106
19f8fa030500f708
e81cf509ee05ee09
f7e423f5fae8ea12
0bf1100aefff07f8
f00b180d12f2160b
f90cfeee110bfa06
2010fc110bf11103
e70afdcd0ade0b0f
ecf2ffe5edfbfded
151af80f061efc17
15e1e102d8ff14f9
150af1fa2917f4f9
0b0203fffc00fa15
03f8fcf229fa070c
e902edffee090bf5
e7e11ff51502f91a
d60ce6f7040cf61b
1f11fbfd07fc1802
e9fd0df102f814e0
fe1c08eb07dd1003
09070202ec0a08fc
eaedde08fffdf6f0
d313fffa0afb1c02
0303f7f70cf800ec
f6fcfefef1f904fa
0dfa1705fc01fdd8
f005130219ff0c20
eff319f5f9ecf404
01231406090900f4
0c03e00a0e0bfe01
ed25ef27f3ecf510
0af4e511fb05e302
130a05f61414ec07
fff3e60906f2f006
da0e00f7fbef18ff
170afe08dcfbfb25
e2db07ff06ebfbe5
f7f1de112c040222
08fef9f5f401f119
0b1cfcef0af722f9
1cee0af5fff2f1fb
040c02f9f50a0201
e2fc06fcf2fbed07
f02ef50de600f611
00f6ea25160efaef
0f0f0df41308fd03
04f802070c06ec02
0e0af909f91303f4
24281dfe25fafff5
e602d70aeeeb00fc
03fd0009fa060508
e61cfc0bf7f210e4
0deaeedff205faf6
1409e3f9e61409fa
010703f3f21708f7
e61119020500eb1c
df0fe7ef0008fb0c
f61601000bd7041d
db02fffe0a010d02
00e608ff0404f9f9
ef0f10f612fb1ced
f1d205f3ed110af1
0b0beaf2ff04f908
f9fee01cea0110d4
fdeb1a0b10f904e4
00f1f815f600e012
e2071dfa22effd2f
ffcc0712fd0b1205
f2f216f9001610f9
0907f90bf406f40a
18fe06fbfcf01004
03131e06e226d700
e3fbfbf90f091dee
0dec0c1322fe06e9
0f0413fa0df70502
04ee0e0113f709f7
09080c10f5f8fefc
04e4e3060901e400
f2f3f80c33e8070a
00e4f30fe80f03fc
2005ede9effb02e6
fd020b10e7f815f7
3e24e2070104faf3
38e0ece706eb0f01
0505e017d5050419
fbfd20f718f4fff0
f4f801141100fefd
eef1e5fc0516131e
f6fcf2090af906e9
10f600f5030617f2
edff04fdfc0dfb02
060c0802f9faff14
06fbf2f8080fd909
f3f8ff0fe60e1313
fcfe0616edfa0101
0afffff504dcfb0a
fdee03ed0b150603
02270de8ec0914e3
0602f4e611f31419
e702100108110905
e5fa18fafe070df4
0afa24ec0c040813
eddafafee81013fa
17101df6f4faf4ef
fff6e70ffcfa0520
f60a000e140009fd
0207190bf401fc01
07fcf023fb0011ef
fdfbf101061b010c
0bdd02e706ec06f0
f6eb1b100cf00cec
f9eb0d02170008f4
f8100e15fb09e810
faecf9ee0d071e1e
051cea030c0e00ee
021eeb11e906ef1a
e1ecdff115f0e1fe
0deefb23f1ed0bfa
01f10107ff150620
f2f7f8000502fb10
0815230d1109e406
f5f20cff010905f1
ee0bf9f704f1fc00
11030e00f7050f0b
f8edffe9120ff1f4
000601f712f3fc07
f2030704f2f9f3ff
f502fb0010ed07f5
f811f5f80f09fb1b
f9f407f1f8f01214
0cfd0709fd1b1b06
0a0e09f804f9f60c
fff6020dfbf6e7f8
05faf1180202f6f8
1201fdf7110bf3de
f8fc0ef1010a2cf7
f1e7f7f9ff0017fa
0b1609edfc0003e4
0de204ea07f20b0f
f60608f604f6f3f2
0f000a03100013e9
1e03040ae9f3ef02
f900f304190a1204
120ff7f50b09f1f2
2216ee28f417f5fd
ffe4f11605060bfd
09faf308f3fe00da
ebf60d03f3ee090d
16e703f5fffd0317
fbeafa04e1fcedff
f3ec0d01ea160a2e
0ce50ffb1215f5f3
0a24f6f7030e09fc
170b04f9f8f3f6ff
07fadaf61e0de605
0cf40f0e16ff0212
fb06fc19faf61a04
f6e0040210f515db
fc05fc080015dfe0
050505f6fd0ff90b
08e6ed052612ffe5
07090410040a030d
05e610ff060e0019
020c100eeb07060c
02ea0dfd03d1ebeb
e9fbf510f40707ed
03f00c06f414eede
0102042b06fa110a
06f609f5fff4ea08
12fe01fb08effe0b
0f0c03f5ff1eff09
0cf4ff12fef5f212
f2fe0efc09f8ebef
ffff08fef0f202fe
13e40bf5f9e500fe
f1fd04130b0409e4
fcfc0000e4f4f6f9
f8f504010e031e30
01fc0febf0ff16ee
00f614000c0de213
f821f916f4ff1213
07ec0beffbf007f2
f814050ffff1fe1a
ee1a030af5fef61a
09f7feef0d18e006
e8fb17fc13fcf1f8
f4ec0dfb05edf7f8
10f5d9fafd20240e
0409f60b00030afa
f01105e60aef06f0
08f20eee0a032210
240b1b0804fffa05
10f705fb01f5f7e9
0af90f0809f9f516
050b04e4f501edf9
ff0cf9011109ebf9
020d0914f1ff00f2
faf30af402f2e00c
07fe16fb1e130114
0115f90805f0f609
fa060d03f1f9e9f1
0f06010d05fbefdc
03f1200b04f80bff
0a3600001004fbfb
0a14f3f5f2f8fe14
f90601fefffff7ff
ff1bfc12f4f6ffed
e003e609f6140c00
11fd0a140508db00
fa2f0c060d08ec0a
0cddf7e704f2fbf2
e4cddb0b0ff1ff0e
07e51501fc1f1218
00f5140425f8f50a
000ce90bf8fee700
12ecfef6f2fd05fd
fa06e1fc0a060dfd
1014f2eef40306fc
e81315e9fbe0fe15
f50510ffea0a0516
fa0906030406090b
080d0f0af0fc12e3
fee1fcf7ebf8051b
09fb06feefef04fe
00eb0d13020f01ef
10ebfefb04f7fdf7
ffe4d0fccdf6010e
060802f5e1041fef
e5ea08060d0f0001
eb0701f802f7f706
fa2206fe00e3f500
f4072b0a22f40ef9
d80712f6eff9f90f
f5f701faf7f10308
1d05ec00f2fff1fa
f1f1f71300f100fd
f8f0fafdf9fce8fc
e812ef03e003eee9
eb05f001e502090a
080c1f02e005f408
0ef915f5120cedf8
edf62cf92bed1912
f2071004f31ae9e6
03f8130a020b05da
eeeffc07dc0204e7
26230ce9041707df
0af4dafb19010519
edf90dfdef0df611
1915dd06eef60f25
1112ed03edee1914
fa07f1250a0204e6
0cf20b09f7fee21f
feed1308d8feeb01
f603f3f30ce507fa
10fe100d2703f8f6
05de12070109ec00
eceff0e91ff4fcea
03f9f408f107fc02
0b0127f903f4060c
f6f3012c07fee6f7
020adff3fa20081e
11f3f2200421fefd
0904ec00e71b070b
ff23db1c162c24eb
0b06eef6cff21211
fcfb1b03ee090d0e
0ff1e9001806e8e7
fbe3ec03f6f90407
fb0406f8d1fbef0c
00f7de02d008f20c
f800faf810fcef15
090dfaf4f7faf909
fbfa08fd0420f3fd
fdfff2ff0512ed06
f9fe0ded14150ce9
e3f3f9ec1300f104
131cfcf109ebeaed
1921031909fa070f
01f0ed06130cfaf7
0e08fdfd1c11e8fd
09fff105ff0cdc08
060b0cfa21f4f7f5
09f820ff130ef9f6
fc1300ff1d13fbfd
02230c07f902fef8
eef303f81f07fa09
05fd2df20a0c0531
f8eaf0f91dfa0f0d
fdfdd725e0040918
06ffe301f1f202f1
101118150a020412
f70f100c19eaf0eb
fa0125100807080f
f0041cfcef1100fb
fd0109f0e90710fa
020bf70b0c06ebf6
f4f01df7fef80af9
0f11f5f0f2070102
0004040a0d00f8f5
0cf7050901fa0f0a
0207f60afbfcf2f4
130208fb13081115
0ffc04c1fc0afdeb
f60606e9e80cfa12
19fb18fbfdf614dd
100a16f7f40808d7
0bf3110a0a0aeb02
11f5f511ef00f3f9
03fa0c17110df2fc
1003fdfd1602060e
fd0df0e9fefd06fd
f00c091015e6f5e9
090a03f411f807fd
f8111208280209f7
f1fafef7f9ff1918
080bfeefe902091a
eb18f1d905faf5e8
0303e7fabafe17fa
f1ecf41007f70903
e4041a0d0404fdfd
0d1bfa00f7fd080e
1aee0702e8f8f606
f50b0af9f00102fb
09e7dbf1f9fb000a
060cd5fd0209010d
f109e707fcfdf3fe
0203ec131604fff8
fcfa1c0e18fdf9fc
f200fef72bfb1bee
ff09090004fdfd17
fdf0fb01000a082d
11030605ea0706f3
0509110af10e0d0f
01f805f62ef90000
0303f40efcfafee0
fb0aea04ec0f06fb
f9f9e7f2200c0905
f7fdf1fb2ee515fb
02fe0103eaecf12b
fdf012eb1003fbd6
0af922f81523011d
f0f40524fe001134
2805fcf11b17fdf1
e9e711fb0208ea1e
f611fb080ff0ff0f
030af50b19fcf3d9
e4e5e9181106fc27
3dfd0c0d0a04f0ef
f7eefbf3f9140dd8
f605fbf309f3e90a
d9e7fdf6e8150ad1
fcf4f000fd01f000
cd1800fdf9fa2302
e00705fffcfef4e2
e4ed04f701f801e2
020d03f916f6f0f8
1f07e51800fffc1c
16230b0ef8feea01
e2fa0e0505fc15cf
0d11080503e80132
03e7050feafaf304
ed04f2f103fc0534
fedb1cfa07f802f1
1e04ec13f103ef03
130cf1f7ee0c1203
fc04010b000b0100
f611fcf8fadefefe
1ad3fef50016f829
ecea17f9effb1629
0a01030c15f3fbe6
fb1310fdecee0a0f
4b27f314f00dfeda
dc16fafbd604ffeb
00fa0b04f0f9cc17
10da0ae507000104
2125fd090901ffef
11f60ee3fd14faf7
0c10fac808f00b26
3af2ee061e0f191f
ff170509fdf9f1fe
fef820e9fc09fb08
11011108f807fd01
25e406051f01f517
fa070007f6f803f2
0d16faef06fffe05
fc050717f0e80517
2dee03e7f9f7ecfb
25ed010d01f604e5
f1ec04eef9ff0be4
1719041902f90317
d8031608f0fdebdf
f0fbed06332710e0
eee710f2f9f6fb1c
0c010be7f7edef0b
0beef8f6f5f2efd1
ed29f1f9feebf4fd
f7100feb03f703ce
fde0fdfaf7ec13e1
f50c02f90920f9e5
dd01f007e10af7fe
0306010ce80a0728
04eee805040d0b0b
0b04fb080df4fcef
0afe01f400edf9f1
030005f60ae200ef
0917f4090ffcfc1d
f50807f4100502c1
090af6f5fc0f083f
ed03031bfcf91213
1407f2f302fd001b
21fe0007fb06f9e5
01030702fefaf923
21f60008e31afeef
e30317f8091bf0ed
f7020dfefffdffeb
3bfeddf7f7fdf32d
0218fb1f1016f20d
fbff07f1000af5eb
1de4f61cfa0a0c21
e70609efe40a1df8
f2f205fff5f0f924
20f9f70d00fb0413
19fb02ebfc06ea2f
1b3219f50eee2024
ea0706f21b1003df
170f020f020cf7fd
faf911fefbf61cf9
f919121009f6fb0e
e1f0140510ec0af7
2104041209fc0315
e2030010180701fe
030eefd6f4fa1ae0
d3f8fdf603fdfa1d
f601fbf0f71af31f
22130ceb1cf3020c
f1f50514ee0115d5
f108020d08f806ee
cbf1f7ff1807040c
d20cea0609082902
05e91715f701f606
f4f210fd14ff0a15
25fe090afe120ecf
e8e2f0150109fae5
0ef8fb01ef06f4df
e0fbfa1a0202f8e2
f10efdea15f2fcd8
0ffc0ceb05f8e41f
f3e6ecfaf524fb0b
21f8fc0bf3ef050a
fb06fb06f701fc0f
09f9f5f5f711fd29
f0d814270c02ff0e
0d180d0402100626
fbf0f6e3f3e2060a
0718e61c12fc0d0a
1b05f8020bffeae1
f30600fffc04f4c7
0bfd100efaf0f00e
e4f3fbecfc05ebda
ecf104f8fa0b0cef
180b10ec06081430
f71702f50908f7c4
e910000014070602
eef5f9e90b0a07c7
fa1af4fbf3040cf4
050eefe9f70306e7
ebf804f4f8e2ecfb
f6000100ff0b0425
120bf308030bf8e8
0107f6f908fe16e4
0cee0b17fd0c0b09
04fd38f611fff81e
fd02ddfa13170818
fd0c041112ec1b33
02fbf2f80ffd2317
0d131c20fa07fbf0
e709000df9e6effc
0000fbfedcf8fffc
f5e8e610151ef2e9
121e1504fb15351e
ef02cafbefef0b22
fff7eef31d060614
f3f8f9000cd1fad7
10fb1c1711081620
16f211020323f1de
0df405ec05f303e9
030a03220addec0d
fefc2fddf10000e2
09f21efe20f7f3c7
02fc10eefa0912e9
f607f41f06ff1813
150b0c1a010a0105
def90613070a09f3
03051b120d08f8f3
17071401fbfafb05
11ff0d260ef0fa02
ee020ff2f01dfcdd
faf638f301fbff1e
ecfa19010b00f704
10df2c0ff2030eec
f103f10c070102f1
0703fb0bfe06fa05
ee0ef106161bf10d
1af7f01d2df1f21d
12e217f3eb1c01f4
1b22fa1c08f7f7f8
11ef04e90c0004f5
05faf4fdf0d4fcf0
000beb0afd04f602
0ef709fffef7f40e
1306daf60300fef3
fa0afdf2fdd2fbeb
fded23eb130d041b
1ef2e70b0e06fe16
110111f4fd03f813
12faeffe100af6ee
f9fc0d10d81d182e
f0eef10500f70d32
f506e220fdfb0920
0d1b030f10ec10ff
00f506110708f7f9
ee192c0df8ec0d10
ef0011eb00f126cd
f9ee16ec0b19f9f1
1cff010502070801
20fd26f6ff040108
ef0bd2f9f1fbf4d4
01f8cf01f91206e8
faf7d2f707000a13
010026ec0d0e2911
050be2f8e8f1faee
f806d0f2f708e10d
f1ff04f5f20614fe
0b061e0902f7f51d
04f910f714110ff7
f0f31cfdf2f5e80e
06ee05feef1804f5
0e0bf1fc090d1df6
0216f7f5111201e5
f4f8e6fa100cf023
0ee71203020cf4e3
e1150cf705dc10fa
eb00fb19fc001af1
090829d8fee5130e
e81b1006e30e0cf9
15e8ee1902e6f0d5
100ad5f9f219f2fe
1304f8f00b03f8fd
09f72208f40bf007
08f9d302f2fb0af4
f3feec0b0e0704d4
0e06260df8f2fb04
e300d0100409031e
0208030801fa0310
090c05f2faeafbf5
05fbf70d02fa04f4
14083105f6efe3e8
f20ee0f9e8fee410
fc060f0cfdf217fc
0cf108fe2805fdeb
0509c2fd09f711cd
e804eae00ff10807
021700ff0203fa01
05f8f50d110a0028
0801e3f101f9fd33
fb0b14f903fc0ddb
13ed09eb09011cd4
010612fef40ef635
e8033b0106f60009
e7f6d3f7eef9e3fb
ee192d1fe709ff00
03013009fa07ecd8
02f0f1faff14fd04
fdfbdf0b06e5fefb
f409ec0a0aff0be3
070511e7fe08fc12
fa0c1b07fb000836
ea06e70aefebf8f6
fa2123fffa0f00e1
1304e00b11200400
00f427f607f616f2
f0e7ec0b1e0916f1
070decfa1004132a
f30802f20d0719ec
f4f3dedf060cf5ee
ecedfb0c0bfc1504
01eee709061410f7
ffedfefd0cff010e
f214fe0403f8ec3f
13f8160c13190637
070a1e0b12010232
151a05f1f70dffb0
ede30ffdedee0de9
fbf7daf80803f9bf
1301e501f5142328
040138e50cf80f1e
f7ed0ff1f5fdf513
161208f604050c05
e81604f9e2fceded
e709f6fa0f13f6fe
04f7010805feef10
c7100403f90fefed
fafb0408ff071df8
fd0bf4e8050efafd
f6eaf6ee0316deed
ebec131ffafe19f7
15ecfbfc010ffd07
e9220c02f6010a09
fff4fef61e140705
0b0215fc00ecefea
d70305f3140e0e00
1e04f805ed0cf3fc
06f9f4ef14e911fc
e407180114fb02f3
fcff05ea0717f4ee
13fc0a0a001609ee
f4fb08140ef7f600
1e00f7ec1a0efadf
effffaee120cfe12
00f00c0d0af724f9
fb30fb0710faebfa
02000903f90e01ee
17fa070fedf91403
f80efd09130808f9
f10400fbfb1301fe
fb0ae70f09000b0b
0bebeee3fff61300
130c1c0e06f3180b
fddc01f9fefefa08
0d17231b000d131d
131f03ccf41607fe
2115f313ecfcf701
1afe24f5e3f6fb03
1010f3160c07e90c
01fc05f2fc110715
09f21bf70ee414f7
e7f004f212fa01fa
fe0de9f70cf915ed
edfa0bfb0ff6f4fd
f1fc1b04fb06070c
08f1fef21a05e909
0bfbf4f0010102f4
fbf6f800ee16f4f3
f101f9fceb09fb0c
ec010be611f40119
f0f90c090009f7fa
03f90c18e8e60df7
fe1eefe6f427f3fb
070207fffbf4f607
100d0106f200f905
14f1eeec03effffc
11ec0e01f206f8f3
f30107001712eafc
f8eeff0d0ff6fcea
0afc1011fcfce1f4
13fc03fdf811f7f8
06f6fd0023fd13ed
1d0d0b0e01f70c00
0ffafaf9050bfffb
f000120902f714ff
f0eb110e1301ff17
05f7f91cf2eef6ff
090503ff18f1f204
11fdf5f8fbeb061e
e3faf71a17e706de
0bfffd0f13f4fb12
250212f70eed0e17
f2ff15e7f0fe07f6
0be30215ee1a0f12
ee130111f20bf9e5
0e11fbfdff01fd01
fd03ee0804effcf7
05ea0503fffe1c0e
00ef0e0efa02faff
0008f6fafb1319dc
09f2e406f3efe2ed
f7e5020aef13050f
1a0cfb2711f11316
eaf6f703f0f1f301
dc130419120fd506
fff501efedf807ff
0af908fc03090df0
e709f3f1fd12fe04
0800fb01fe05fefc
0cf10906140b07ee
1710280716def815
ed1f0419fb0a0708
e3f502fbf4ed04fd
ee05040706ea0dfb
fffcf3fb0a01050b
000e0311d9e20617
12ee120cf0e00516
08f8101013ff1101
09f40901f5f50403
0d04efe70dfa0a00
16060106fe28f7f7
04110b0cfd03f6fd
fd020c0305f6f403
fbf710fbde000ff9
0fe508011406f208
f5e40808f5ec00ff
0bfef10f261bfffe
04010903ff0601f9
02f7e908f9f40ff4
f3f300160e06edf8
0b13f817eaf819ff
03fcec03050ef9fe
2a0415ff05f9f80f
0d1c09031b021706
fafc12f8fdfdeb18
0a12fdf8fb0514ef
f3010f19f10405f0
3af8ee01f508eb15
080b02fa05f706f4
f6f5080502fd07e6
1305fc09e810d700
070e02110a10f80e
22fb19fb04071bfe
03fefb1debfb1208
d708f8f4ec1119f9
0dff01f11a0eff07
e8f309f5f817f8fc
040a05f4f9e80405
01fb0e0230eb09ef
faf10402f6e1f809
1b0b02f404cff8fc
1111fa160fe6010c
0001f610e2ffead8
0200e613f501ede4
faf508f8fb0dff10
e90bf01d160d1707
00fb00021412ee43
f3e1f905f6fc0626
1025f7170c0dea13
0e02e702fbfef9d2
1618e8050129f311
eaf803f213ff1403
07021b03efe00115
17f0f810fcf1f3f8
141813f9f11bf4ed
1af314f0fb070103
fb21fe29f30317ff
eee7ee0b1304f812
06db12faf8ee0514
14dce2e1151def08
db0dec07012f08e4
00e30419ed112613
0305fdfe03060123
ec1ff301100700df
02f601fb0c0af8c7
f9ebf11d0003f6f9
10e40604023b0bf9
0e21fff8f9ff06f7
d9cd1a0708f3fdf4
f2ed10fbe90cffe5
f742e401f708fe53
f1f4fcf8fc0f07c1
04fb12f70b03f0fd
ffeb0be90ffc0007
fef307e506180123
00150e1aeaf41906
143910fff2042254
fe0f04fffa190e17
10e915e2f8ebfd1c
fbf4fd020509e810
f9f7f3ef0af31e22
0702fe18e7e21be9
09f1f50b0d081919
011a15fcfef8ffdc
1b01fe0202170cff
e705dfeef7140906
090c1bf5f8000326
f3d20df7f7fff4eb
ed16000bfef00dec
10e406ffe5fce112
052916f8d3e7fc1b
fcf2e20afc0726d6
fb36f80ef5221c2b
ec07fbf110f5f8d1
f00403f31f0802f8
fd04fdfb0203eae0
f1dbfd060110e523
faf406f7fe0cf0eb
02dcfe111016ffce
0e0409f404eefd1a
f7f8f80f0dff16fa
1106f404e006f511
04fd0d01f60001be
f01cfd0d1607f802
fae608fff1f6df0c
e2100dfa0cfefdc9
15f805020103f4fe
0fd4f3f7130819e9
0f0817f10c090611
f1fef8fef71101fb
250afdfa10f228cb
edfbfd0c0d0af900
111b0bfc0fe7f90b
e906f603eb12f907
daf2f905f4f2f93a
04020200f8efe3f4
f6f2f1e92e09f3ff
ee0b12041013002d
f3b8eef70dd302e9
f2000d18f9e802d8
092c0a070306eaf9
11def6eef31b091f
e917070c05e0ff20
dfe0f9050916fee0
06f50ae803eb052a
ede80af701f1e8d0
0607fef610fc0208
10f4fe0e02f202fa
08180b0f0af3e401
ff0314f10b03f3f8
02f408080c080616
17f7ee0804f30cf2
feedfd2509030cee
fd2400edf9fff618
0e0cf8fcf512eef6
02101c05ede0f250
d7da07ffebe50ad3
0309ff08f6ee04fe
ec0b1d0303ecf009
fb05f1eff5f2f7f2
f101fb0ff4f80c24
01d2faf90f1510bb
0bd7f7130216f3c4
f305f609fcfc06f0
f7e9f912ff04fcef
0c16e9fcfe1ffd0d
1d0716fe0bf3eee3
f007110bfcf7f7e7
da110009ed1ceef9
0af500fc01eefd05
f700dffe08040b0a
0c2205e4faf7f1f9
faf907fcef13000b
ff310cff0af60bf0
ed15f6f70d05e7fe
f7161704fbff14de
0bf207fd0808f922
240901eae80227ec
00dfedeffe0af1ea
0511ef080ef8f9f6
230deb07f5f3fdef
f61c18f50ff8e924
f3dafd11f501ffd3
fbfd07f0e1ecfe11
2b1cf8100ac9060b
0af7f90108fc11e8
fa10fffa1f0f041a
e8010310f50107fe
1af000eef9f510f4
ffe4f80e0206f70f
fc15efeb0dfff6f8
e6000af6010ff90e
04000f19f412fb0f
07f0fd0dff1ef603
0bee0cf7011af4e8
03f3030cdbf3210b
0bfbf6d7f405f004
fef5010cf1e1f5e9
04ec0feef9fffdfd
07f2172004fcfde6
05fbf0fb1bec0708
120bf0def3f0fc00
f4fcfdf812ef1205
00f4040309e90aee
0702100e0c05070c
0109fdeb0506e9e5
0103f703ff0b0e03
19f6fa03f2f10b01
fb0e07ff0304def4
f7f608fafeebdb1a
0c04fe0206fdf8f2
0c02f3fb0206fa10
fa03fafcfbebf2e6
e0ef0b04fc10f2de
1e08fdfafbfdf00c
f71e070e0cf5ecf9
ebf219f1fcfa1e10
e00d02e30813edff
fbf90618eb020608
fbe2ff0409eefde8
f6170e04e5ed00e5
11eeffec1b240d11
040307060b050b0d
f805082ff5e712fa
0a100c05fdf6f0f6
fc04f6fafcfe03f8
fd04070cf008f2ea
f7fc05ecf1ebe40d
13f5ff0bf100fb00
04f7f0f4090c0e00
e2fce6fb0afef003
09efed18f1fbea0c
17ffee1103eb06f4
0a03ec10eeffeffd
f80cf1f0ff03f5fb
fa060b210606fbfc
fb0305f900fdfcf9
01f6f7fc16040e00
061be4f8efc90f3a
ff0002fc0af8fb0b
fbfd06e3fdf505fb
fef908ecf0ec020a
ef0affdff71af8ff
0504fdf702ea1001
00f9f5fb06fd00f4
06f52414f7160bfc
10fbfae2ee0b0601
f811e7ddfdfaf81d
0211162216e9ef06
f6f50d2611071207
0d12130afaf10805
01f8e5ed04fb07f9
0007fbf70b03e603
09f51803eb04f5f7
f90af5e5f7d80104
e80afaf0fbf714fc
01fc06030015f7f7
fb14fce8fbeefbfc
e5f516e6f9f414fd
040210f8f519e7ff
220906f200f707ed
ed09fe19120efdf1
15f21e31ec1bf1f2
0f07f5f5110bfff6
050008250923eef0
f60b060e0907f503
f61118f10d08fe0c
03fe07f3fa142011
04f9fb01ec020feb
fafdfe1d03ec1107
21f6fd1cf106ff00
ef12e01e041ffb08
f62301e7e7fbf406
03f106f90e08f3fb
f402f914fbf20112
f5f4160810ecf8f6
0f010c12f6f201f6
0504eff2fa08f4fb
ea16fefde60a1314
f5f6f80bfae7f4f8
0a1ef914fefcf5ff
f4fa05fbfcef0e05
12f5fd0311f50afb
070ee7090016f119
fce60c0d11fd0517
f1e80de600ee0c13
e3030af8f819172a
f716070815ddfbf9
f40403090602fc22
15f6fdf5fa17f705
1401f406f4e5f704
fb0aef0a08fd0c04
0bfa04e305fa06ea
e90302eb04110de6
e901f608f9f51509
06ff05000c1ef10c
06f106eafe07f600
0000060efae6f9fe
e51205ea060c0fed
f9f4f90efd0b0306
fa0a0c040105fbf3
fbf9faf9f00bf3fb
fa1f05fdf41001fa
0c1200f6fe0df8e6
00000b0d00020206
09e6efe4fffd0808
f9080ef9fdf2e401
0610eef5f30e0006
12000afef3f3e1fb
0604f11c00e10af0
13260cfefcfaf6fc
180af6f2f3010bf9
f406e9e9ec09e3f9
e501fc0ffe1302f0
2600020404f3fc0d
ec0906f21208f313
0c2616e6091c0715
08fc03ff05ed0b01
1bfff9ecef1d06fb
f4def5f808040f0d
15eb0800f6d8f7f2
efd3fd08f9ee030b
f810f82006101301
0bfd0cf9e9f9fc02
f909fbddf1e8f5de
ddf1050dfb0b01f7
1013fe270e0e0420
f7ee0d1afde6ec01
06c90616e4efe117
f8e3ed05f923fe03
eeef38f5e6f4e5fb
2401fa0e112a19fa
01fff3feee041a0e
dcf6f410f800e4e4
071e01f8f426e7f8
1af3ee0bf30304f5
f9e8132501e911f6
04ec10eb17ed09f4
ffd911f916101dee
ff18fd09f3f3fafe
1a0ee60201e301f7
f60104fc18f302f3
1dfafef702fa0310
0804fdd906eafcf3
0518050e0e120ef0
08fb0d0c0d21f708
f6fd06f1fb00ec0d
fde602f701eafbfc
edf3eae301eb0bff
f91afeed0af7e4f8
eb1e0e27f2e3f80d
f8020221fcebe914
0ae10204121f0fec
e8f90dfdefd9f809
0c08fdfa030bfaf6
07f10b0207e6f5f8
0202f9fef91ffd07
01fdf804060207fc
f2ebf4fbfb01e8f2
18fd07fc0001fa1b
08f311eb0ee6f716
f3ead9f819fe11f1
fcf20c010002f913
f01be003f504080e
fd1bf5f8f804fb09
e70f050505f5f709
1f1300f3f6fc09f4
fdf3f414f212f804
0c29e51006fd0afb
e91ef303e814fce6
0bf206ecedd7f7f4
24e303f9feee0bff
12f3f3160901fa1f
0be308f50c31de04
dcff0bf30dfd16e3
16faf2140600ee17
232a0c01f21af509
f308e80005e5080e
ece50a10ffe6f2e9
f0170009fd12f1fa
f618f60bfde308d9
edfe03fb10d5fd0f
f1f4ff0507210305
f707f7fbfffb0201
f42103000006f313
e5f40f18f1fd12f1
0b2af3fce335e902
11f5e9f6f800f804
251b010017d8090d
05ef09fafa3205ec
1526dff11d210803
f2200701f0d80bf8
f7e918f0eafee804
e2e8f4fc03ff04f4
05f4110af4e5e810
ff06f8080ae018ee
010bfc05f61700ff
f3f803edecee16f5
ee26fb01fd17eff1
1e01ea0209080d07
08f1e5f9f20507f3
fbf1e304060af40b
f8e81611faf0110b
f1f5f50df210f4ec
0e00fc0d0323fffc
ff07ecfcfcfe0dfa
0dee0bfc1816f802
e7d8f4e1f0060508
f0e5ee15ef0404f8
e81cf200fcf114e8
0218fa050414ec00
f9f70312f7f80dea
fb1be514fde3fbfd
fe130708050dfa16
0e15e90dfd0717f9
0a1ae4f209120b04
e5f8effbf8b52a0a
0f07fef0f6f603ff
04d8fb010f0917fa
0a0517fbfb141111
f2e815fafce6eaf2
03ff070f1e050f06
ff101ef512d71011
0e27eb09f1160505
df11ee0413fb0d05
fa1201f7fb0d04ed
23e802df0001f9fc
e718fb0b0010eb03
010610fff4ff000e
0a0004f001290ef9
f517f7f510d807f9
19fe0a19eb3d1712
d9ea1deffee60708
1bdfe601f623ffec
f5f3fcfa08fbf8e8
070518f7fa0d06e4
0a211a060b370904
052205ff0deb02f6
f5ddf1fff6dae405
f5f5fd07010004f8
f0371ff9fbf1ea18
f0ef0cf21815faf5
fffa0dfb07e2e601
f901faee1a090612
effbf010ee0c1003
0b060a00eaf305fd
0e020e0521f305f0
f6fd0beb130f0017
072519fd0c16fce6
04f8f3080e0d1506
020bf60a0af1fc11
0a16fb08e8fef6fb
09f0fafdfb0ffc05
fae7e2f30700051b
f7000917100cec03
fb0506f50005f3f8
11f40f0cdfe4fdfa
ed17ff08f70debe5
0113eefafe09e5fe
040afc03fa1210f6
10eef700f7f900fa
fbf0f100070806e5
1311f2010315f6f3
e5f1ebf8e803f9f1
f1ff0a0ff9f6ef0c
ebfd020af60cf70a
100213f612f0fb22
e907ff15e8faf5f8
0af5fcfcfc01f800
0d0931f5120b081b
fafc100807fcf5fd
f9e412090108fdf2
e70d0b04f9ed0d03
fa080f04f506f80d
f20e04ff13110701
fc0eef04f9d2fcf3
0b120414120e0810
fb04f00e0df31300
0214ef060b1af7e9
e30c1ef60816ebf7
0900e914e80fe9fc
03f9f9fef6ec12ff
fb1005fb0a02ff23
140210010f00eaed
0defe4fffa0728f6
0a17fc0f00010fe9
fbfd05fa01fbf4ec
f9effefced0403f0
04020105030209fd
020ded050606fe0b
0bf5f8050df60409
f1031a0ced0bf613
fc0800e6f60e0316
041301f7ebeff3ec
1d1ccafae8c4edfa
f4f2f1fadfdff9f3
0902fafafe06f9ff
f1f8fafdfdf8f506
f9e5faf1f3f6e0fe
ecfcf9fe01021406
05fefafc0a1103f5
09fc00f4fd05fb08
f7f30bf6ffeff3e7
ee04090f11f5f8f9
090c1509fb120413
09fb050e05f610ed
fefdd9f2f9040006
1a08f9ed00040a19
11020cf6050e0e11
041400e6f7fb0f1a
0e0b020600f8fbfc
fdfaeffc0a0fe9f6
f808110103f1120d
f308de0fedf90c06
04fb10f2f5081200
fff0f90b09f5fd0c
0301f6130709e9fc
1c0303f9f5000007
03010af7020112f5
f40a12e8020e0007
020001f3ff090013
12010101f5e3f9f0
f3f7fdeaf5f6defe
100b0201fe0bff20
ef1413f701ff0e0f
0f03d8f7f5f800ef
09f20e1614e408fc
0cf61100faf30d19
fa0cef05f1010a08
f815faf0f900dded
11f50f07f8fff40a
fcf6fcfafd0d031d
fbee0a170620ef0b
0af40712040608e2
2a03f5f50bfaf20f
050a080c12f7e8f5
e31510030404f801
01f3161411f8f41f
09e41203f9f9f7ef
311e1402f3fef308
1d0418f517f7e9f0
04f3faeff809270c
fa1203041708f80b
03f31df3fd00fdfb
fee310f41e110ce6
eb0302f5faf401f2
1cf1fbfc09fdfc00
0812fdf20efa07e9
fcfe070a15f2fdfd
17f910040811f3ff
f9f9eb0af406f004
02fa03e60f1403e7
0906fbfef9ede804
18fe030512e50df3
1af20509f2f0f2fc
04efe70b0404f5fd
fdfcf9f409270ad5
02ef0322f905fb01
0313110910f4fe1b
eee60bfb1adfe505
ff14ebed15fe0607
1bf0050104edf101
fb1bfafbf112fafb
fc000617fc00f00a
04fb00fa0cf8f700
2104fd0afffff802
f8f4f0001501e9fc
df05fbfc06eb14f9
ed1ceb0afcee0ef4
190101fe0df1fefa
fafd131df2f701f7
0901eff4f8f808fd
fe0628fa0e0fd9f1
0cf3e817fdeafafb
fb0716e70dea01f2
ea1013faf7d5ecef
08e8fd09f70e0f0b
02f5f6fb20f8f2ff
fdf1fdf60908ff16
05f30313e7280c0b
ef0513f209000104
110fd809f6e7f1ff
13023401f7f40bf7
150cd60cfa250deb
f40f0b0411e5010e
ef041a0ee8eff3f5
f6fff80616defa00
f601f5f803f408f0
f509f006e122040c
17f90c1205e20df8
f1f5e4fcf94201f3
0bfcf40001e8fdf2
ed1503ff06131608
1a0809f50ee5eb12
f40bf6f2fd050006
f706ff08fe06fd03
1b00f5f80713fff0
12100703f5feff06
02effb01f301d210
edf5dfebfee9f8f1
0ce5f41114f3fe00
eb0818fee30ee10f
f709f9f2f73504f6
f302f8f9f613ee00
2507fee41905f513
f9050c18f6e9ec05
08141d0e0845f9f4
e908df0929e9f515
f501f1ebf20efff4
f607fefff5f303ff
fb19fd0700f8f809
e9f2e2fffe05f1f6
081005f8f30aecfe
eef5000006d10cf7
0cfd0311ed26f518
0116fd0ce4100a00
fef0e60a0fe81529
1202d920f8c41d15
01061312f9e91500
1df5f20800f3ec02
fe081906ed2a021e
0a0014fcfc110506
d7c70213f2ec1f0d
e40120f100f40d0e
f50d16fff71703f5
fc08e9fefd04f0f1
0000fcfcf02309fc
f7f20b000cec12f6
0f00f4fc03e006f4
e1fdf0fe08f8fdf0
08f5fe0406f7fef3
0ce723ff00281203
f804ea0f0005f5f9
05e703e7fc07f7fc
d80500f5fa350af6
060c2cff0921e80e
fb0f2900fcfc08fe
0fe2e4fee916ed12
08ee25e7fd0cf3f5
07eb07fd05f005f8
130d14f1090ffe03
0cf80ff914100e17
faf2ffee03f3f006
05fe030beac6f1f5
14172af7ef13ff0e
fcf7d0150429020a
fb15e60cf110eafa
1ffc18fc04fc0400
1bf0eb0111e6eeee
02fad0ec08d80af9
edfc0ae607d713f4
f0fde90915c0fcfb
fd05defb08f2faf6
0002e4fb17e206ff
f909eefc12040918
0619dae80a02edf4
fcfa15f8fa0ff1f6
f8051707070bf301
02f7edf9dd521105
f4f7fa0dec160014
00f4df0210010b09
fb09f4fe00f20c15
19ecf50cfa11ffff
f3f6e30af514fbfd
f504ddc60314eced
fa00f6f0fb2f1914
f4fedd19e9c0150b
e80605f712db1bff
eafee6e404c4f108
0df520f7e30dec01
ea1201f30909edfc
f412e4040113e2f4
eff11814060ef206
01fcd8faf0010904
11fde405f6e21a0e
030701f4f0e9f302
2afc2604f021e7f7
16fe18fd15fd04fd
f5f019f813e605ee
f4021deff121e617
fbe121fee928eb07
f2f1e6db0bf2060d
1606f612f3d81019
ebecdb02021a0fec
0109f6fdfa020ef8
faf1fafdfe0009ff
0517180f07fb0dfa
0efe001ff919f7fc
01fee704fff6f5f4
f702100b01c90303
19f3f9030c02f8e3
0cfc1ce4fe11effc
fdf214250a25fe1a
100beb090107f1e5
f2fdfc10f8d0f6f6
f3eb1503ff120bf4
eff104021ad5ef0b
19f5fd1df1def1fc
fde00502faf70afd
e609f7f916e402f6
f925e301f5f318ff
fb1500ff0910fef2
03feee0a09fefaeb
fa21f4f707e7fdd7
0dfd270efa13fb2a
e9fd05f9fb00fc16
033126f1fbed0404
f9e3eef5fd1d1bed
f8e803d9040b0afb
1a24d9fcf40c0311
fefd331104f0ed07
e4edec1ff9ed11f9
eef6dc0103f80100
00d0f60b09f9eefc
f6e502faf5eaffff
03e202091411f5ea
f915f809f809e80b
0812f20c0814f903
eeeef5ef0df4fd05
18c914f4e12111ff
003df7f6e90be9fa
f622f9f503180b11
ec06fb050205f2fb
0a080806f708fc00
f7000d02ed131a0b
dbd906f106e80c0c
0b032af6011b0ef7
07f9f71011ec120c
011be7f505eff20a
0403e1e81406f40c
f60302ec0afc16f6
f6e0f2f7f7f201f4
f9f9eff30af911f6
f21b021c07f8f3ea
02f6210c0bf80e2b
fbfd041507fefe1d
0ce7eff712ee0214
060821fdf907ea04
f1f9cd07d4f60e0a
16e0eff8f4080901
08f1f1000af50afd
f62a0bfe0701fc00
05d203f1fdf00108
0611131bf2fbff09
0012fcfb1403f503
faf70f150412fff7
013f16fb0208fb0f
0013ff090ce9230a
040802f9fa00f6ee
161ee2110f03fc13
38fd0be9070af3c7
0df91610fb08040f
0741f610fe05fc06
0f05e30af00702e6
0102ec12fdfb00f8
00cfe707190700fc
000b13fb08ef06f6
0c04fdf80ee10ff9
091d0d0c0ffbe409
17420c210e03dce6
041df60a00040402
f2090efc0bee0fff
fd09e8f7f209e5ed
ef1c0df4ef040c08
21020dddd705fff6
01f4f4260f08f504
03f2f00fe8fdea0e
00be1bf811ddfb19
eb0d0d02fd0a1803
fe0edce8fc0c0c11
0305fdf80010ef05
02bfebfdf50c06e9
15f71d13ea0911ee
f5d6f1fd080709f9
f8061de9e8ff0edf
ed161bf400f2fe05
04f8f0f809fafe03
0b040dfdf70e0c11
0714e9fa0c09f1fd
0c050b13f90c0e03
0324f81003f3fcfe
110801edf614ebf9
09282aff020efdf1
02e50bfdedf7fdf4
0efbfdf0fbf1fef7
21ecffecf80e10f4
fff60b020f0d0504
fcefe70814eef3eb
f703fc0d0102fbf5
f0f404e8f2f7fdf1
f5c20bf705fcf6e8
feeffefcf4110214
fcbfeafa03240af5
fd2903f1f7f4100b
0010ed11060e1bd9
040814ed031afaf7
010ed708eff4ee09
faeee916050504eb
f300f60cfef5fd09
1408e8fbf3f40011
f90d1203fced030a
12e7e91afe04f7f0
13f3e9fc10f0feff
0fedf3f80ff9eeea
0b2201fb0cfd0506
feeffd0310ec05e3
fa1a1df7060af3f5
f1170cea01f9f2fd
fa03070e010108dd
040c0de4040b1701
05fffd110511fb0b
010bfaf50012fcef
1af1152fe6f60022
fd06fa0afbf702f4
e8e605f7fef4fff1
f32ed5fceb1af715
04250c10effa01f7
faf2ecfef2fc132a
06c20401110e09ff
12ef0cf4fcf40cfd
f815f00de20ff000
ee1400ef0c0d06ff
02f41212dbff0c1c
02c3e50afb09fd12
f8000f100be50700
fe180bfbf80afc21
f3140115fb0102f5
0be01ffbf5ff0105
f7041702e4051e04
fbf61dfb04131007
b913fa2415f72209
1c22f7071c0c1d16
fb0eee1d04edf8ea
e3f2fdec061ef9fe
ed0709e8ee1ae621
e503fd0200f6f00c
daf502fee502f8fc
fdf4f105df0305e3
0e1806fd02091304
1a01f3e9eafdeae9
1ed2ec06e2f1fff0
da15f80b2bf200ea
28fdf6f913ec3512
19d5090110fb230b
0ffa1418fe2ddb1b
0c21041a00ffecd4
bf110cf8f912dfe3
10de04e6f200fbff
1df9f91100fb3213
26e6f8efff1222f8
edf31402051ffff7
020213f2fcfe000a
cc0001fbfef9ed06
ff09fdfbff10d9d7
132300dd16e9dced
0c03f5f5f20a2416
24faff150df70601
4e06f8ea00070c14
30e4160dfaffe70c
f1fffdf5f20ae4f7
fd0d03fcf40606f1
f0ec0ff907041d08
0e0502191a06c91a
0ad8f514fdfd281c
fb04fc0631ecdbf1
1c05f602fe070806
220e0808111ad90c
f7faef04f6230df6
0cfb0e090af303ff
ff1bfffc03f714df
24db0efae7fcd108
1916f7070102091a
160603060301fcde
c6e5f3ef06eafa1e
12f801f904fe080e
ffef040bfff917d0
f50bfdf502f9f4ec
e2d113080ef414f8
db08c6e1ecf30bff
df19faf105001a0a
e4260705ee05e71f
0d0ce5f9eceafc19
e32d0d18ffe0d913
1cf5f20b130c07fa
e9e2e6f118062fe9
ecfce2f80304e9f7
e5dc14f70a0023dd
2b17081f031be510
cc181306e80d280f
fef0f3031108df00
0ceef016f50bf2f8
e808071df207fe2b
e4160d1d11ef07f2
dd1bd605020e13ff
d92008f8e223ce0f
251f0611e2083ff8
1c07eb0af0fe19f1
f00901f50d0e43da
121e090a23df2b0d
22dcf00706eb0a09
fde60cfffb22f5ed
e7f4dd11110af502
fffb14040410dc34
1925fb0ae6e0f3f4
11ebfbfa15f6f6e4
f3091dfaf6f12910
e7ff01fb12ddf2fb
d10402fa0bfe1305
10f70e1aeb001afa
0ffff516170616dd
fc0e03faffeaf103
d80421fe0fea17fa
f60cf502fd01eeed
e2eb100ced12120d
07d6200b1ef2e0ed
ded9f8111cfbf0ec
fc0016f5ca060ff0
01fdfdfc000203fc
f3cb0d0beae7e2ea
e6fdeef907f6e1f4
23e8fef2f6f2afeb
ff06110913faf502
eff50af6f91121e8
de051408f3f8f1fc
cfe3f703ff171e21
1c2aeff90904f20b
f5340ee606010ffd
f6fbf9f6f3f0d906
cbf206e1fa00ebf0
31eb0709f9f01106
0c0319ee0307d607
fcf8f710f7f30d14
f3f6e1e814f41b1c
effa06fe0a03f0fb
172805ffe7e81b16
00061012100719f6
f50e0a20ed03f50b
11fc0a09fe131e05
0d01f2f80aeb09fa
040af60e0f0bff0a
f9020525fb0a1709
1ae10bfbe7e3f5ee
04200bfceb102a1b
f6fbfc02ebe9feed
1df4fa0335e108f8
1d001a000d0718e8
3ee4ec0bf80625dc
0a1311f00c0913f4
440e06fb0809e717
2700f6f503fa180d
10db00f1001cfe13
1af2f904080f08f7
25d8f4f311051cf4
ece10007fe0b0af8
2612f7f1e703e413
f5f4df04152ef804
0a10f5f91f10f621
f1fc0ffc16fb0801
f8fb000e09f1f0f7
0dedfa001f1905f0
e11500ff0ce8f8fa
000e0300dde5ebec
fc14fdd60519fb01
fbf505f40201fd15
e6fbeffff10510fc
04fc0209fbfdfaec
0810000807f4f403
ef0600f502ed0eff
f5f9f3030d0a0611
08ed0c18111afaf3
05f10610f6f5f310
1b100beefdf80be6
0b00ecf1f6070a08
ffddfad90bf1e917
fff60c13f807131d
13fbeef2ff12f3fe
f1ea150bfa0c07ed
f509130515f70802
fe0006f2131ffb02
18f404f9f8fe08ff
ff0014f1fef30613
e6d6f1ff0014faff
0c02030103e40bfd
f60d021902dbf6fa
faf1e3f10305fcef
0a010908edf3f310
0f0e0d0204db0707
feea01f2fdfaf102
f7eafffe0a1103f1
270ef40af1ffe8ef
fc201014fb1eecfb
0bfd0406091102fa
0408fb0801160410
f028f80cfb17fef0
25f607eefcf6f707
e3fb012f0ffde5fb
10fa00fbe905fef9
1bfe0719f5000fff
e5f503f6fd0ff5fe
0714040bf519f0f3
f70719f0f3070c1c
10ff05e31003f3f7
05090bfe040701fe
f50107f503fc11fd
060bfbf41708fd0b
00f90e0ee50e1003
ed2a120cf0f03014
0cf1fdeae817fbf0
160e0d06ef07f618
031005f4051509fa
0efee800dcec01fd
e8f308f003fc050e
07f4001e04f70309
eef1e91d07fb0e0a
03fcfffc04f3eafe
141702fbeb0ff4df
01f60503ef1dfc20
f8fc0af708061d0e
f4f9f7ebf9ea07ff
fd06ed060de90af9
f300051005fc090d
e9f102f7edfaf4f5
f0f60802f70e1b0e
04e51405f00911f6
001afc131101fb0b
120810f211f812fa
fd060c091be8e60a
ff03fc120f11fbf4
01250af216fd03e9
0404e3f3da18f5f8
19f60a0b04120201
05050701edfdf603
08fbfaecfcf614f4
f60ffb03071807f8
01ed031d0bd01504
17f5fc0803fb19e9
fd0ae102f002100d
050e09dbfce2031c
ef06fd01fbfb08ef
fcedf7fcfa0bf4f1
000704fce9fe0f19
fafdfcfbe6e701f7
f610040b06f6ebf3
0303f02815fe0bf5
0af704fe1029fdee
0701040310f707f8
1707e9ee1613f814
fe07f60501f3fbfc
22f70afcf2f1fef9
090e0afc0cf607ed
f8f8fb00f8f0000c
06fef8fcf5e4ec0b
f7f304e8f9d902f4
f6ffebf8030409fc
1011e007220f07f2
ed0009e7f802f4ff
fdf3010e000706f1
f8f2020804f901fd
fff30a08f0f8eff7
fd0c0706f40af806
11fbf001fcf70415
fdfc0b0d0dfdfc0d
ebfa08f5eb121b0d
f20d0505120e100b
ef0af702050af200
190602f1f4fdfeed
1104f4f80cda1c04
fefcfffc0f0a05fb
05effafa0009f502
e614fd030a190702
0b04fb07f900f0d5
fdf0f1e804effb0f
0efdf0fbdde5ecf9
0005052210fff10a
0aef0c04fcf603f7
f00a06fc0a19f814
fd070200eb11e60f
fc0d15050aef0de3
04e0001201091df8
fbf30cf2182401ec
fafd1b20f9faffe8
03f3d70bfe19080c
e91d050002fc0005
f50006f70013fc0c
fe01f9f306fa1520
f205f80108181609
f6fa0122ff0319e9
12fb07f0ee0aff01
0425fd0416effc14
fafaf1fa06f109f5
0d0afe18060622ea
f2fc0a03ea08f201
1a070eea02121e0b
e7cd0509efffdf1a
04f106010de807ff
edfd0d08fa24d3f9
fdd0f6ff1308f106
f4d40f01f410f70e
09160600fff0ff07
04dc040f0a00f905
182b06f7f7fb1413
f30d040d180007f0
01fff5eff3f51e13
f5e4010103ef00f1
eb1af602000cfc06
09ed04050b11f0e5
1f03f916fbfe2dfc
f21508fc0101f8f2
070eec0cef030bfe
d9f315f61ff0edf8
0a26eb200f0bfcfd
f90004ec01f4fffd
f914f8ff02100117
0408f614f406f9f1
042301f8f7021210
eef100f80408e4f8
cff1f5050af80307
eb13080cfd1119ee
1819fb2203051df0
0dd4f800fe01f9f4
ffddeef1fb0e1019
290ffc04f404eaff
fbfad62bf6f5e7ef
06fdfdf70f06fb0c
13f01802070d06fa
fe1d04f3f10c07fb
f8f2f8270ff7eaf5
14101be5fe0512f6
0de7e8fd0d0ef1f9
08f306ff0c0afb0d
11e9f0fcfdfcffe4
05051d26120109f4
130bfb090d0613f6
f2e7e2f504030a06
11f30602e9231c2a
02ede60b05092cf4
000903f0ebf31001
041f01e427ee01f8
eafa02f9fafbf102
f6e610061c06fa0d
0bfff00c1efcfceb
0ce801f4eb120407
fe04f919edf10609
0506000cf809f9f3
ffeb05010b0207f4
01f606f80ae902fd
ede70eeefb0fd2f2
0203fade10ec15ee
00110102ff0b1aff
eb1ef8f602fb1612
f8d1fd0ee707090a
f9fef2fcf608f4f2
10f4f01608fdf9f0
01e2f6fe030e201c
04f119f3031409ee
121508fdf30aeb0b
010e05051406defc
fcfbf60704ff0dec
02f600e4feee0cff
092208200003e9f7
1dfffd0105f2ebfc
0700291cfcf3fff4
e2fd09fffb0afef1
02fb08fff9fdfdfb
1715020ffeec0bf2
fb0400fc0923e9eb
0812fa0a090922f3
03ec11060efa2414
0aee021211fefc11
f030e3e9fc041205
f3fbfde8e40bfce5
fde506fc14f4f90a
0402f60909040104
bf02e90ffbf3f7f8
02f9f2f4f3f8fb0d
e9fe07000001f702
f60a02def9fad6fd
03060a07f6041d03
1be7fefb0af0030b
fafef3ebfdf10ff7
000137ff0923f8fa
faf309edff11d602
15fdfaf6fd061ef5
faf91112de04fd00
f909fcf10808faf5
fef1e1040212df09
f5e2f901f0020bf5
eff608f90002faea
fbe2ee210e0801ed
16f90cfaeff50bfd
fc0317ffef00fff6
1d11090700f326f3
f4212509dd18051a
080a01061af418f4
f6030227f614fe0f
fe11f9defe0fe6e4
1d03fbfef5f30aff
0cebeefe13fee6fa
15130afb10041603
eb1108ee03fd16cd
03f0f3f50eecf100
08f3021ef70308f4
fbdefa0505f803fb
121cf70306fff905
06fc0ee8fce8010e
0f3107fdfd0dfaeb
f30c14fef8fce50b
0af70df1f4f7fe04
e200fe0f1409e401
00f20b0c020702f7
0334f2fafc06d200
fa100dee10fafb05
0e05f40df80d03fe
fbe3f7021311f4fd
c8ed0af8f301011b
dee9fe03f7e0f1ea
eb01fe0ef5260604
0cec0c0bdd26000b
fcf30bff112d0301
f80efaf9dee707e9
04f9ff15f51eec0f
cc0b150e04c9df02
07f70b12ef10f612
e8edef23da0c12e0
0f0405ffdf00f60a
f9f8f3fed509fd06
24f9f40ff1ee0804
23f40df810d30711
13e7f417f21cf5e6
e800050c18d1fc0d
1ffc0cf8f5f40be6
08eb03f4e9d2d9e1
0cf40ef11ed70be3
1814020af0e3e5e6
08110915feff01f8
fd0c0cfeeb1400f3
eaf7fa08f03212f2
f715091d06eff50a
01fb01f0e80f1f0c
060508f6222bf10d
0505e900dbc8091a
11eb13fc05c11af6
3703f9f717fcf1eb
d6f8fbf2f3f9fce5
0806f40105e0eff6
03ec0f05291d10f2
f309f802f60f07f7
0b061e0e1908060b
c2e9fc07ee0015e7
1919f4f32a1f1203
e5f91c0511d5fef3
c50becfced0dfdde
eaec0c02fa05051f
ec0610081ed3f111
0ff50b0314000afa
2bf00e0302ff06fd
defdfbd8fc011111
ec041706021b05f6
1d20f4fdea0eef0f
12080fef1fea1803
f2070ffff911f6f8
0f081811010ae0ee
eb02fecbfc0f4ede
fd0907f100080220
f70508ef045cdff9
e510f2f9f3ed1117
d900e71517f5f4ec
fb0c0001e5c40815
12fc02f41af20208
0a0d05e8fbe9fa01
11efedf6f205faf3
efff0c0f17e31e01
ebf6000908010616
daf5fe011e13e1e9
d9f512ebd8100c0b
01e21504f113fdf5
ee12021aed251703
dc0009e7ea07f9fc
e4f2f6fc081a08f1
01ef0df8daec16f0
e40c05060df9e7f1
160dfafb12f201f5
ed14011428fe0304
1ef5ef2bedf0f507
31f411fb002c0c09
1601fbfd20f4f3f8
1109f805fcf8ff09
f0f50800f51e0cec
fe11090e09deef1e
f7e8f3e701fefe11
1501fcf613fff000
fff2edf7eef6f103
07ecfef8f2f4ea24
f10704ff2c0f0f0e
ff1800f6e0160105
e80afc0117e8f305
0d09f1f805fe07f5
19ea140008d4effc
30e1f50cea0910c9
de00e9f7f5ebfb07
1814ec001fec00f9
fa02ea0203e80ff9
17f9f202180cfbf6
ddeffdf2fa2413f6
070a1ae70eea04f5
0115f6f40327e108
c8f0fd10e2ea0f06
f2022f02f043fc08
04fe1301d8fa0e1e
ec0413fffcec070b
ebe8f6041ff30105
0ff2f80dde04f107
1413ff002035ff03
04fa01f316defafd
110f09fe0cbdf8fa
09f909ecf8de120c
eff9faf3c71a0bea
22eced081b121dff
e6eefa071d08f1f5
4d140802f7fef605
f50bf0f2d42203f1
3e02f1ebf9f90406
090f08031f0404fa
f8f204ee08fc0101
1bfcf50c1812f711
34e9f6ee2e13ed01
0c0ff1f5261a0802
e31304f000ebfe07
24070c0113f2170d
09f8f8f107d5190b
04ee04060bd21018
1bf4eaf605051ff9
e81b010c1ed4e7f8
f8fcee030d1a06f3
f605f4e6eed90a0d
001d05fc01d6eef0
dd03f1f51001e720
1c061401f60ceffd
1ef01a18161ee810
e3fcff05ec10fd0c
fbfb13eee005f939
fcf9f70b09f61e3b
19d5251606fe001b
10e602eafc0220d4
1afff0fa0300e2e4
1f1713fef4eff4ce
0df209f7e601f32d
05e602fdebf0f2df
1b320702f6f004f8
02faf40ae31a021d
fd0615f6f41c210a
f9f7e81819dd04b5
faf0f8f4060503d1
0a0cfddf08dfe9f2
1a3028fb1b0119e1
06e1f328fd1714a6
03110b080f01f2f3
fc15f7f8ed08ef25
f8260d0400f715da
270fd6f40cf309de
0ef506070ff91dbe
00cf0cf70df4f7cf
e822190513f91c16
edf90dfd140a00f1
e71c0c03ef18fde5
04fd0dfdeef318d9
28202cff0210e1ea
17f4d1eefdec06d0
fc0ad00af20c0e2a
fadf0f07f0ed0028
1237fa07f90ef124
f5e7010a02faee13
f10cfefbf4fef3fe
22291414f9f8f6f5
eefb0811fc040c3e
1208e6fd0a0bf3d3
fdfc08ef05fefece
17f706070dfffb3b
eeedfeea22f4fdda
e71aeff3fe01f1cd
0817ff00fdf106f0
f7230219020af6d4
14ebf2e900ef1707
dcf3030c0beffa18
f40bfff90b01fbdc
07e82605f1f5221f
16f0f1fee6f40f01
0c280e030effec26
fd040f0c0d12fe29
08ea0c0ff2ec0137
12fcebeb1a0ec8f1
ea0ef7f4f806fe2a
0dece819040bfeed
12fa01f606ec06e2
03dfe01afb0bf304
fffefdffeefff612
18ccf004fdffef17
f0cb1dfdf401ff17
0528e80afaeef5d2
f2d7101b0ffa082f
0003f00606f60023
f7fd17eb0206101c
fcd51b17f005f813
f21b1cf802090613
0021fcf1f3f8231a
fb0d090205f401ca
0ff41702f8f3f8c8
01f2eaeffc110a3e
090ceafe05ef08d8
0f0ce718eae70130
12e51eede421fad1
17de1013fbf7e506
f9031cebfb0be925
02e8fef2eeec191a
fcdce7050ffa0e26
e61ceafd090a1a1c
e309f0f5f609e7de
1c49ff000f0f122c
0a080101020c0b18
06f111f0f6fa01bb
11e9edf4f604f541
1c1611f504f8e7d4
eb26f62109fff646
fce0fefe0a101410
fe0df9f90e0d1313
07edfd14111f0809
ef16f9f6f8ffee54
131818e21a05ffb0
21e7021bf61a0a24
f3f6fcee161107f0
032ce119f1f0f1de
ede5effb000b0219
e30efaf4dd0b04cb
f01ff8eff00a1c19
1ef9ce00f8ef08f7
f6e8f9f4050ffc0f
f6eb08060d15f9c2
fbd623f808001a2f
081c2717eaf6fa38
0705f006f3010406
f4dbf8f7fcf7f9c5
f5e42bfe0507f1d7
05dedb05eff6e629
03e4eff90f0a1608
dd04dc03eff90ec7
03fff7e41d0409df
1df1eff7efea02cc
f700f2e604e90b41
f5d5eefef814fbce
06150c07feeff826
0eecf4eb0105e423
e8dff70707ebfe10
f2f70b08060409d5
f04016000b01f5ea
0803fb0803fc0929
fc1602fe090e17b9
f3f4070616f70e0e
0510ee0200fbe9db
070f09e1eaf5ff1a
f819eaf10b0decf5
fe08f6fa0505032d
00fb0905f2f8fe25
12c603131203ee1f
ea02191c0ff913ff
051b0dfb10edf702
032313f3ebfc1a40
fe0610001a0b0b1d
04fce9f40bf801ed
16e608100b1eff09
f8f90d01f500e203
fe1008f1f8d718fe
000e10dc0c0302f8
f2fffa22f805e5fc
e4030d1303f718ec
090dfde20df7ec0e
0203fbfd06f6f5fe
030806eb15fe03f1
dc06e60f01e5e6ff
0bf619080bf6f008
e6f2f810061ee90f
fdf42feffb1c09fa
f90402f9f41af608
0b1118f00d04e711
15fd0816ebd01704
f50d15e80bee0ee8
1afe0efef2ff0401
38f6f8060f0fe6f7
030406fff10b16fe
0204fe0a2903f3f9
d903faf700fef804
1810fcf703dffef6
0902f51f0706fa17
0ef801fefd0d0e04
0dfaf5e5fd0affef
1e09e702cefef300
eeeef4fff4f8ddf9
fef914de17f41719
f615fb00f10bf7fc
170500f0021b17ee
fedde1130b020914
f003f8e607fb05fe
11ed09f5f11d3902
1010190df311f5f7
e603e9ff101604fc
01f7f902ef00c1fc
ecee10fee8faf507
2e1ef9fdf22be60c
09fde2060ef42af2
1e030303f7fa17f4
f0050d05f903070a
0914070112fc0010
1c0b01030df7f610
00f915120c12fa23
eaff00fbea071d02
e90f060ffe12020d
1c0905d7f2170b06
0aff080af8f31101
dceffef6ef02fe15
e703141209f4010c
e804fdf9d2100e0e
000deb0ae1040901
031a10fa06f507fc
f1f619f90f01f9fd
e8e9030ef415ff07
0ffe0c14e1fbf5e4
09050ce7031ddff7
f62903ebe90304f8
fbff0bf7ebf4d908
f3120bf50a0dfffa
f2f3110d10fc180e
dce9e9010a130bf9
fff4f4fd07ea06da
0e020df9edfffb02
e2090603fc27f8ff
1cef2718fd1d04fc
e603e6f407d70c24
0aed03050cfb0e01
fd0902060a0efd07
f3f0fcf6e11408fd
29f7fef90200f3f7
0b1408fc110ee403
f3f0f2101200f805
1b28dc0d050119fe
fbfa01fb0b0408ff
070704f90013f50d
d6f412fffe180809
e7efef1bf0f7e002
c10dfce9dd0c0003
130810001f021407
e6f22cfeeef5d51b
fef318f2fa22fb07
02021b1eed17f0f1
0aede409ff0009f9
faedfa0613ef0af3
fd0eee0603ee17fb
1e05fff2d2142afd
1cfcf308151ff10b
0415e7f6f3ebfafb
f309f7f1f50f190b
ed1dfa0e01fd03f6
fbddfdfe1f17110d
011415f7fffa00f7
fb080808f219d9f3
0c1bfef6f5deeb05
daedf811eafef3fb
ed0206f6ee04f0f1
f9f9fbf3edebfa0b
f9f010fb21f9d7e7
e90502040e021df8
02fcf412ee1c14fa
070ff80aeb10e4f5
fb0d0420ebed08f3
080807f510fcf413
0e1817f804f10101
eb0805f7f905ee07
0ffb101203f51df5
07f1fd0a01dd0e08
f60518fbe813f2ed
00f51519f71a1dfe
19ec170213ee0efd
18e9071800032403
090bedfb00ef03f4
0af4020b23f3ec01
14e721e418fdf9f2
ee19faf9000b1801
07fd000f160711f0
f514dc0700220d12
17fafd0c0104010c
f9f424fee7000d01
221bf9ff03fc0e0c
ee00e6ebf505150c
f9f3fd0b0cffee11
d9e4f30dedea1e06
e80908feedf0f6e7
19f90f152510e808
1502fefbca09180b
06171e1906f7fc06
f20903fe13090005
0203fe031707faf5
1aeaf70fef03fd00
0017f6fe2efd0b15
02eaf81503ff0a06
f7f6f7f43803f308
0406f402f308fbf8
fef719e50ff208f8
fecc1c1114f9fd14
0efdfc1712fefef3
0002f703b6f809e6
0e24f22d2119eeff
f30817fbfafbf9f2
100a1902dffcf5f2
f90900fa12f60bf8
0401fb0b4808f80a
e514eb1513f20b01
1cf1faf1f40de906
f4f2edfef90dfd04
0cd4f206c01918eb
05241fefedf00bfe
12f8f624f3fafb0a
f0e5f6fbfbe7fde6
0708f0160d0713f8
fbe3ef0011f9f510
fd16f10228f41703
f71de9ff10fb1017
f9e301ee31e6010c
1ad905ffaaf402f3
1631f5dc160c121e
06e9f00fdd15f8e8
ee0c04f9eb121a20
0305e6fb1cf6fdf2
0dd8fdf45306fa01
0722d8f0d6f0fe05
f1e212242d1c15fb
0522f002e50bf002
fbe8dce51f06020e
fd10eb0eddc9f706
00fb08040308feed
f71cf213c7f9ea00
f7f41b112bf5f8e4
0f15f3e8e5fefadc
f5fedf0504eefbed
f5eceff831ebfbfd
05f30d014e0001ea
effc17fedb13fe07
f116e807120aff0c
0f17f819b008fde6
e835fa0ecee70e18
f10fe006bb150ef9
002c201712fb0ef7
01f90cf232efecf4
0704e6f2f5f8ef15
fff20303cd05f9f8
fe27f7f6bbff0604
faef0b0322eaf7f5
d915091decf70a07
13f908f2dcfbf6f0
f70f07101401f917
f2e8070f0bf30204
f20300e9eff30601
04112000faea08fc
0cf708fc20efe0f4
f6fd05efa41508fc
0feb25061cf7eb11
07f708e6f90222fa
ebf9f6f0ec11fb09
f6f4ed01e2052002
080b16c8f60d1f01
02f5fbf729e4f60e
fa0c03113f1714fb
fbef230010d3f3fa
f8ef04f535eafcf7
f7110c090affea05
02f40ae802eb01f8
1822ed00fc13f209
f7d0faf10e03e1fa
f0e80b07f005020e
0ff4ed210bf8fb02
0a1fee1f42f301ee
00042918fb030a11
ffea2c02fc04f319
00f90d051a0cfd19
f4df1eead60bf409
0df4e9eae0f9010a
06cb1001f10dfffa
e8ec0ef6e601fc02
17f1ff01ec01ff11
03ee0a02f70effe9
fe09080fd8fcef04
fce0f9ebf70610fa
fde3fefb170b0cff
fe0ef901f5fc030a
f00103e6090602f3
fb03f60dc01f08f8
f9f3fdea140be20c
f2dd0200f71507fb
fbfedadf0efaef02
0105e40905f112f1
f6fd0219b0eb0b0b
13f9f6f62b0bf608
f0fd10f7fe02f5f8
eef7060881070010
fef6fa042c06fd08
fa0af4f2ecee001d
1835ff04e10dfa02
fdde15e4020f0a07
0307180ffc050116
fc0d06de170202f1
f604f72408040b03
f8161befff0d07f7
fc140de6331c0110
04ff060def0d0506
09e12411ef15020f
14ef0214ef15ee0b
01e9030ffcfd1804
e5f6070dd4f40e02
0c12f0fafaec1116
fc1ef6f2410b0c00
0a1ff509e005ff09
e9050bf626eb0515
fdf9ec01b6ee0a0e
f9f3fce3de0e0306
0af721f10514ec0e
f8f711161c0dfdf3
00f41decd60cfb0b
fbf316eb0f061018
1718fb0b0817ec08
0ff4ffebf6f53a07
06f9140f0315d309
fcf508f115ebde09
0706f4010ff5da10
eff50d01f7fcf81e
faf605080710f5f5
000609080b02fefa
0a00e903f4d9220b
06fef71feef509f6
f5f8ef0cffcbfa0a
0a02ff03f9fa2305
fbe0f7eb01022910
effcf117020e03e4
19fa110f15100805
13fc10f702221af1
0800120befeb0102
eafa0804fe0f2ceb
fa0203f5e919410f
05ee0411fbd9f81f
da0d000d04e9e3f1
f621f8f91c1d0af7
ffeaff03f10e08f3
fef10305fffbd501
f718f5fc080f11fe
1e0dfd1ce0f5e8f3
f9f0fbf000f0ea06
fb09f60bf4e20213
12e9ecf906f3f3e9
2215f607ef1ef80a
faf4db03f8cee407
fc2102f2130a0809
01f9f227cc02f800
0721ecf9071d03f2
04e3020104f3ddf7
0f11f9eef80e1efd
fbfef4f6fff7f9fe
1800f4fc030b2cea
03edfdeafa081802
f7f2ff0aff1d1bfd
fe0e05ee001af7f2
f816ebfb0efde804
fafa070818100adf
fd1101ef0ef9200d
e7e2ef0c090f0c19
f80ff8fefc0b010b
e4f3faf5f5100e0c
f90cfc05f81b0e12
f40c0bfffddc09f3
02fdfb02eb23031b
08ea0dea02f810f6
0fe7fa0b1709f1f5
e907fdf60d130707
ef0df120fa10c3f9
1cfe0a040cf90405
faedeef7e60100fb
21ebf90c0cef3af4
06df0afbd8f1db07
eb14e6fee2f120fe
f80c0e0ff00934fd
ef02ff2dfde6eb14
f8f5f505faf2cef9
fef8f812f51a04fb
0102feea0704c00b
060921dd0ce50100
ff000504f5082e07
feebf3f0f9f31302
ef14e9160f0d0800
00120906fe2615ef
ef0de812fc1107f4
f000ede10b201803
021005e7fcf8e104
0303f7100df422f5
f507ff2f0cfb1a08
0d0f0bf811d7fafd
0413030df0e802fb
f7f624041c200d0e
f40e0e0b0be3ccf0
17f807f409ece9ef
11f912110a09ebf8
fbfc060fee0becfd
0b0efeff080df8ed
0df20ff1f3150b01
101e0202e9f2030f
06010a0ef6deef18
030af1ef010adb0f
1ceff206f5dd090c
0c0c0111010d34f3
020b00fd0ef5fcfb
0cef070f1411fafc
f2f90b05f8d6ebfe
d60211f900d1fdfe
ed0007e80116111b
13f006fef20be4e0
f9fb05e70c09d9f0
defa0205fff6f9f5
ff010f03f5cf1405
030203f4f6020cef
04fafb1debfc0efb
02fa0bf6f2f5c7f8
0bfefb1cf8f3e516
f20207fdfdf7fdfc
0feffbf3f5f90902
00dceeec0f010cdd
1118f607130f16e9
f807fae0060dc8f7
0bff0814113625f1
ee1bfff8fbebd90a
1afa09e9071c01de
ff120c120a1dff04
f61bf7fd13e7fe19
f3f81ef8f5ef1cff
1212e4ebf8ff220a
ee08f30fff1ae3fe
eafa130d03051ffc
0c1510da0707cd02
e5ee0d10231015eb
00f40600ff0bfa01
0c1d15ee0b121702
001105010aff23ef
07fc0df4f1e7f7f7
10fff5fef0dcf4fd
0ff0130502e72508
f8f5defafaedce11
06e6f8fb0710fffd
f7ff0fefffe4f809
25e8ed01f206d60d
fa000cf80910f325
04f5030110060824
151903f506fd1310
e7f205011cf1fe0a
07fe0415e405f0f5
08eb1a0a1804ed27
f50104f9f801f9f1
f20404f1f70d042b
0dff16051b0a0813
030f1f0af106ff24
00f4e8f6fdf90b20
f90a11f4110df1e6
02010509f91223dc
03fc1628160c14e8
fcf90bfdfd14ee09
10001702f2eaf408
07f809fd08ffe5dd
0aee0a04010bfbf0
fd0509110205f9f4
f7020712ea0deaff
170702f210f3fe15
e311f1e2fdf90f0a
041100f308fcfe14
fdfa090a071802ff
ebeb0cedf51311f1
060bfef20bfc0ff3
ec170727250fe8fb
f9f8f2071cfb00f7
effa07f341f704fe
fc07010dfc0404e7
03ff0a10fc020f02
f8f7fd0717fef503
06040ce6fa0be6ec
fcfb0c0df7fcfa46
f613f9f2fde5060d
11dbfc06ffed091f
ddff17f4ecf4fc17
071006fefee707f0
fb06f8f7220df8f1
0606050ee8230ce1
1ff916fc00020f00
fce80609121006fa
fcedfa10e9070803
0401f729181afaf3
f0fcfbfefc06eb08
fbdf00fe07ff12fc
f70aec05f906f508
0a030e07effaefee
17f10503ed0b0504
fdf6f5f2eb17fc15
060df8fdfc0a0505
0318e4f6d910dcde
e0de1beaf50dfbe8
1c0cfb132006f2d6
f206f904010afa02
14090005f6f2151c
01eaeffc14f5fce8
00ec07fe020bf4d8
e9fff0ee150615e0
ee0e0204fbddf5f2
f4f90315ee1e0628
fb0cfce70e170bd2
fcfaed0bf1f6ed00
13f2f2fbf2f904e4
f105f50b22ecf420
eef1f20ef5c41612
23fcfcf9fc14edfe
e2050b14f0f81100
0bfb04f90d19fa14
fe13fbeeecf8ea32
f8fa14fefbeff80c
06f61204dbf90cee
f60526ef0c0df921
11f80d05f80600fc
0df6f819cdfbdf0b
f010f9f321ea0ae8
ec0013ebf80718f6
20f602f41b18fa01
f6fff307fbecfb0c
12e3fce3ed0cfe2a
0c040cf5ef0e0d03
e10608fb32f808f1
1a03f8f4fb09fadf
fdf9ecf5f2f8fc17
060902f5ff121407
fefcfa001c0b112a
100304020a06fa15
0b010afbee07f60f
f905031efdf2fa46
f7030efbeef707e9
0e09e8091606f2f5
0dfeea07f415f4e5
eeeefc1ae8efe3f9
fcf808e90d12200b
1200020de0ef02e8
0b04f2f5ea00010b
ee0d0a03f80debfa
eefdf70aecf6f6f7
090e0808e4ddf815
f829f7e6fa051af8
0210001704f9f50f
1505080d09fe0008
fffe0bf7ef140524
090cef0b0bf3ef05
0b1601f6e90401e7
f20a1ff1ee1eec20
09fe01f1e10f0c03
f5ed01fd0520fb0e
11e8050714ebfdf6
02f607faf1ededf1
1b0115ee0deb05fa
e215e90a1813f4ff
f726f8071003f4e3
f706e1fe08f40a00
ecfef80bfdfbf017
03e30cf3ede118f8
faf5ea1af4010e2f
0614f9f8ef1ad6f9
05e7f9010f08e9fd
061b0b0d0b18f712
12fdf800012205f3
fffc02fdf5f6fab6
08ecf9e2f604000f
f5e6080e06f016eb
fdfe0005de00ef05
f017faf708f9180e
f901fbeb1000dbf6
f5fae00ee30d02e5
e80be804e8f7fffd
170df2faf9f409f4
e5f501ef110903ef
f602f6f0081115f9
f404fb010008fff9
06f306ff11ed0107
0bff0301041be30d
ff11f8f4ecf6f3fc
05fc0d1bf2e1f7ed
fb0afb0bfaf50707
191b07030b0514f9
f0f4d614f100fdf3
f2ff0c0f010cfefc
031efbfc07100402
0e05f0f7ee1c1ceb
1bfdef16010401eb
1ff919f5fbfdf5f6
03f9fbe8f4f9ef02
1bf4f008e701f4e4
0706f5dc10e1031e
e608fd0a05f6df04
ff0c0bf000061312
f4f613feed11d9f9
0eff050720fefd0b
000dfe05fe13f1ff
f60b030ceffff20b
f901f0f8e0030d02
0914f010f7ea050a
120800130313dd05
1e150613f9eaf303
010b170700080001
dd090a0ffff204fe
f5f8faf1f5eeff07
fcdff3060e142719
1dff0bf810e9f2fd
f3f31cf4e30e320b
0a1b060414ea1401
03f1111702ea1a09
f9f3f714fd12f400
f10ff10105db09fb
0b0f05f41106fe03
08200b03fe08eb04
13e3f4f5070ef6f1
120bf4161bebf307
00f0f918090e07fc
fbfd210b18f30e01
fe02050cfb010210
f6fc04062fef021a
0e02fbfff30609f5
02130e0505ffe8fa
daeef1dfde001ddc
0606f2d40ff3f600
07010f030c15faff
f0e3ebf709eb0aef
fefbf7f60cf002ec
0f17f8fb03091bff
08fceede0dfe0af0
0915fd1afa060215
03fc07f81512fef0
12fceafa0513f7f8
142af5120900eb0a
e90b01fb01eb160d
f8f910fa01fcf315
f70c00fbf2f7ebfb
fa02ed001120e417
f5e70c18fdfd05e3
1bfbfde9f5de02f8
ddeff710ee0a140c
fff508f406060204
ff19e9f81016dcf6
02e40401f1f4fffb
0fe5faff05e802eb
e0ec010007fb0900
ee0cf4f9f01c0b01
091c0205e8ff0700
f1f4f3f513fb0010
f21300fa0a0cfd01
10f3130a01030ce3
f6f9f8f3fafff000
f8eb08f2f401fc1c
09f9081602f7fef8
f9ebe8fcf108dde8
07e603fefef20efe
0af90206edeeecf9
0e0912fffc1101ef
f8f710fc0d041514
f10c040b0bff07f6
041602f6f807dd0c
1fcf00eef5fd0ce5
0eec0b0d00fa07ea
0bf30bf8eb0df907
07fdfaf21effe8fb
20060ef916fa03ee
070607ebf3f80d11
f7fcf7fedd0ff707
f710fa1ef215e80f
fd0e011012150107
f2ebff1fe6fce41b
ff010e05faf2fef8
13f9f50412fae3ec
fc0e05e8f5070002
fc13eb0b14feef0d
dceefef4fc1b030a
f308ebf2feff110e
04e7f8f209eff0eb
0801edf1f90312fe
dbf208f70dfaebf8
070df605fbfdee04
f308f416ed06fd0a
090619ec0f07e409
e9fd07e2f8290615
fe11ff2103fe1af8
f31208f412eaf5fa
07feec0a1cf8f9f3
091507f208ebf5f1
19020def04fcfbed
f213f715fbfa0620
f3120411f6ef0503
f6000bea0dffedfa
f2eaf71501ec110b
031809fc1814fd00
08e8f518f6f7ff0c
fff211f6ff05f1f5
1103ff10eaf417f3
fcfe03e8100803da
030605fdfa091f07
100afaebf70a24f7
1ff40f02fcf91808
f40df00c0d0b1301
040105121603fb00
eb081d01f0f41702
f10df90a08e00507
1302f0f11c0f18f4
1c1b08ef051a06ec
08f222e801e818de
0107fc0603f20ffd
e9e8fa02f20bf003
0e060d170cf8ddfa
060414e4f6eefd00
110613dff9f6f706
f700e0eb01ff2a18
1001fc14e613eaf4
0901f6111618e5fb
fc0102fb00d3140e
f90a0ad8ff06090f
fee203061cfed8f0
e5fef7fa0cd8f3eb
f40a070f04f9faf2
05f417fdebf2e001
040506f10a140cf3
10fa03f912f3f01c
fbfef5ff04f90aeb
06fc08f20b070e13
f2f806fdfb0efe06
0af017fcf900dae0
100aff1606011008
0af2d80712f6e603
13fd0ff617f40616
0a1415fb0b1aed0c
fffbfef7f7ebebeb
e1e517fbe9fbfc23
ff0003f80407d2fc
fefaecfe24ec0fff
1b17fdf4f5f2f6f7
150e032ae1da0710
171f130cfdf503eb
f5fff1df0dfe0807
f017e9fbf804cfec
040dfd0af812f5f9
fcf2070901fbf111
19080ee6fefd16f4
1a17eef2271408f4
0d1517230107da0e
fce000feedf01713
fffcf60b16060dfa
e1e7e413f414f208
fcfb0cf3011700fe
ff110ef9ffec0d01
2d0aeb1b04feede5
04f70907f8db0207
f903fff80dfa18fa
03f4f9fafff0ffef
1a06e201ef091f03
ee010df30b0df705
f90d11e204030101
fe020ef203fe0d10
0bfe04150efdea04
091ce9fa0d0502ec
04ff07e902f4f609
0c1bf402efe9f90f
04fc00f306e31700
e60404f3f4f8faec
0afff71809ffe6f3
0011f90310f5f103
0cfdf60e03ff10fd
03ecf12302211903
03edf4f104f4ff01
fc0710ff12dce21b
081af3061008f709
e708fa010ff90fec
0907de0bf40ee308
ef0228ee00f10aeb
0a08eef00d0b1912
10ee20fa0df0cc0f
f9080312f904eef6
f4020b1af5f8f4f1
1b0be50415fef1fd
e7e70df1e8fffe07
16fcf60800251205
0a18e9f3f60ecc13
ee01f409f2fddfff
0ff71c11f71613fc
f8ec0205edfcf411
fd0e08f2e5fa0602
fd0d19fd0b09f10d
09fdf700e7e1f6fe
f91b081af7011a0d
08f41305fd00e904
fd0311e805dedf02
050d060803051de8
fc0103110e0efee8
f70e00f0ede9ee15
e30a0afe13fb00fa
f11ffefb140f1e0b
0800ee0af70911fd
12f7faf9ef052208
0cef03eb09fff1f5
f613080be1f50507
17e9ecef0318fdf8
ff06f826f40c19f6
0a09f7ec03f31104
fc1001f407010cf4
edf20a0309053d0f
e5f2061808001fff
d107100d07f512f8
0f070c03fc090302
f0fa050424e014fe
20e717fcdbfb1305
02f30907ef1918e0
0e00eeff0ae81503
df1112ef04f905f9
0604e701fa1ef0f3
eef6f91c07160919
0d08e6eff9f8ff00
270cfd05f3fa00f7
16f207fd1801f307
14f902f8e50ef801
06dd0bf6f806dd07
f0f71000010202f9
fefb0bffef180405
f702e71d07fb0f07
eefff1f5fce600f3
fd0be8e8e0fd00f7
fdfafc0d110be90d
09030019f2f4d6e8
fafcebfd07f7d8fa
02f316fcf3dcfe07
f6ea030cecfaf803
fbc8f41113fa10f0
fa1f0cf0e70ae60b
1e1b06ff26f109f0
faee0319f102ffe8
e80a14f1f6120ef4
ff100908f1060bf6
fe13ffe9fc0bf008
fbeffb05ed0aeff3
fdf9ee0e0302f003
1fd80105f10513f6
080eeb0801ffd9fc
030c1c0cf70d030d
f9f426e80d06f213
f00e0e05f2f805f1
e3f9070fec11010b
0ef502fa160ffe01
08f5f1fafe06000c
01ee08f310fde300
0c0d20fe06f9f4fb
00010a17f70d150a
1e1a170a16e8190e
fc000f11f505ee16
0efe04fa080de0f7
02040df602eb0bf1
0d08fae6fbecf8d7
fb10e0f2e1f20c21
0224ff0fe3f700f6
ebe6ebeb020004f9
0624120a100a022d
090605f60f01ed22
fd0feaf7000406ef
1e23f7fbeeee0100
f5301012fdfd0701
01def4e21afd24ed
0f1af9f404f3f10f
fbfd0204210bf4f2
0eff140cf724f402
f7000604fb01f30a
290d0c0df310fdfc
ebfb010b0c0e0702
01feeb14f6f316ff
191606f4f9edea0f
fee1101201eefa03
e10e00fee9071dfd
f3e20317ed00edfc
07f0fb13000f0107
0701ed0ce9080b04
e005e617f6070909
c20101f120f6e30c
0404fff608ffee06
0936f6f2df080beb
05f7f4fde6f0d8f7
0fe62602fef5002b
f30a14e10d0e081a
1adefff8030a07fd
d5ddedf402fd2302
f5f8edff0005ee0c
f0120e1100f60bf2
f418fbfbef020204
02de180f0800f3ec
0bfc00ef1bf2fd0e
031704f0f60207fb
01f80ce7f417f9fc
0406f30916fdfb03
fc16f603170df514
160b10fffdf6f8fd
0429fef6fceefcf7
04e5fc21f412e500
e70bed03daf31327
0820141af6050d01
0a05f0f1fafcee0d
191bdff9fb03f1fd
fd21e3d4ed022201
0f210cfeeef01306
fc1607071e11ee0c
ee27f6120707fc15
fe04da0001eedef7
f9fe1efce310f105
0dec00f8140c1708
f6f8fa1805f7ee0c
f122f011fb0517f2
040deef8050bf105
e3e812170b0e0af6
0b0110f7ccf600f7
031fcd020a1d1cfe
f5dceff5fcf8f40d
eb2f18f5150315ed
e5f30e05fe0a00fe
edd8fd05e502f9f7
ece510e7fbeefb0c
f0fe1bfbf8f9fb22
03f5000e060cef01
dfe5f01aef07ee07
fef210f20cf2fb0a
f009ee070a100801
eb010c09f5f1f40f
fbe8dd0ef116eeeb
f1e7e907e102f7fa
f8e4d61405ea08fa
0aeee6f6e8fe0a0d
08d610e704f204fa
03f6ed03e407fb0e
180bdff505060920
fbf41906ef0100f7
03f2ee07dbff0fec
f001fc0f05f7f3f8
0bdceef0fd050ef7
05f716f70a110705
ea0018ff1903feeb
06e60ef5120c03fd
ff0bfffef9f2fee2
00fc0aeffa040a14
06f1f8fb08f5f0f8
000efb0fe4fee5f4
eb14fe0ceb160ffe
05112426f303dbfd
080ff8fe09e3df16
ef00f404ff0cf30d
f830e1091cf21a00
102814e9ff08faff
0cff1004f90902f2
23f9fefa0107f1f2
f90101fbed08ebf7
18c90410ff04f8fa
e70c03d40ef20004
f8e0f700e6e4fa1a
fc08000629e808f5
fd0c07eb0bf010f7
f103f804dd0bcb0c
17040507dbeec912
f70a1600f30cd51a
03e80a00f71ab7fe
f201f800efff10eb
ec06e6f1e0fdfdfb
0107f713ebf701fc
ee0c03f8f6fc01d9
09fb000a11fc0b03
0605e721f018fc01
dffbfffa01020015
f6f5010fd21b0a17
fafbfe1bf4e700f8
f9f205fb1cfa2406
0dfb101f1e0b0b02
fafbf204f3fce81c
f507052427ff2605
1ff8f2f9ecf526f4
fff8fa08f30b13e9
e6f9fbfdf2eadf03
03ed14fedb0a12fc
fb03fb15fb09f5fa
0411ff00dd0e0b06
13f3fdf6fff603fd
22e50fe212010df0
0d06f5fd17f61d0f
0109fa140210d91c
f20106f929f905f2
030012100af011f8
080707f1d819fbf3
f32cf3eaea030bf3
f5f6fe040018fef5
fe18faf527d403ea
fc12fedff2fe0409
f3fc1103151015f8
fffcfef61beb030d
fdf81704e605f1eb
1d0ef41e00fb0407
fbecee14f6f0ed00
0ffecf061303201e
f7f7060723f412f4
1af8fa04ff1bf802
130af50c1d050bfe
11fdf0e1e6dcfbf5
0af825020e100ded
e410ff0a12f1f4e3
031a0913fa17d9fb
f116dbf4060bfa02
1de7f70012ffec21
faf3f0e8e3ee12f3
10f0fc14fa12dc13
001b03e712081de9
e2f01cf70801010c
12eefc12df14ed0f
def9e8d4cb10cf1b
f608071bee1b14f7
010efee8db08f407
0f02f1161406f6ff
13f5f4ff14f0ee16
080708f007f61406
030c09f9fafefae3
13e7f90a06fe07f5
fa15f6ee0ae101f2
1beceff2eb0cf905
07080a01f8ffeff9
eef918100e01eb04
fc07fd070e072ffa
e1dffefdde08140c
29f104130dfdedd8
01f6030bfc171cfc
fdfafbef0be7f101
ff05e11206f615fe
06f20d042e06dbfb
0cf000f7fd061611
f60bfbfcfdf20ff3
12fc09f5f4f2fa04
07ee16ef1a14e3f6
240af0fafdf2e1f4
fc040bed100030ef
0500feff30e80bf1
1d070cea1ff81230
16fe0cfdde0ae913
f40618f6fee8f60e
130201f31411fcf8
1802ef061601331b
13dcdffbf40d0fe9
0e16fd0bdbf5f5fc
0a1509fff6ef09e9
f104021706081d08
f4f20320d6f62314
12edf50afcf4d219
ff01fefe11130e06
0ffd02f1bf09f9f5
1beef0021dffe702
fc06ed200d072416
fbe0ff1932132212
3103e8db23e8f100
f2f5ff03ec0dd7ff
fefafff012fee411
e0f106f8defed6ee
e5120cfd04fa2006
f6f1f217f5fefcf3
ea02ebf2e9f40122
fa01f8e7f6fa1714
0c130df7fe03e51a
0501e3011615eb16
eff1f0fe0203fc01
e31bf11ef201f80f
eedef1f310faf2fb
1a01f7f11a11041c
06ef02ee00f01209
19090aea0cf10209
f410f1e90e18f8fb
10f70a1009081204
1d00ffe42c1308f5
e301f7feee07d912
f4fdffe701f706e4
f909f502110b0909
f714fb11010af4f5
17fef801fb01e910
eee309f7ff131f01
2102f514fb0c0ce0
27f801cd03191a07
f80303fbfa17e6ef
2301fd070f18fbfe
09ed00e8dcf3fe01
031ff90be1d8f312
0000f7f4f904070e
03f50916fef30419
ebfeda0affe626eb
12f1e0ee090a02ff
fffe190330fdfef2
ee0bf0060a032306
06fbfe03fadc0b21
fc0f16e0fff10101
de09040adefef2f3
f2ef1a132202eaf2
f6ebeef60cfa08ee
f50907f9fb0ee503
fc12f9fe0b0b0007
03101ef7e7f81712
fb1c0eec1af00eff
04080911f3f40104
080dfcf8f6eeecff
011512001005fd01
efffeb0404060af5
0f07000501f7edd9
f908e60911141aef
080219010a09dc16
f8f50803f6e8ff09
0a000aee00f6170b
e8fc0c17fbe61405
f511140010fe18f1
fbf6f0fc1402f4f7
1beefdfa12130de1
0bf7ff1203fff705
0303f4e9ff0d040d
f1f8eaeaff0dfeff
fbf5fdfdeaf4dd04
faeafff524fc20f8
f511f2faf20017fb
0c070efefe031adf
13100efaf70af0f1
00040f080207e3ea
0017eff70cfe050d
f3f91107f8f4f61c
f1f6f2ff11fefaf0
fbf90cf2130807f3
100e0f16fd1012fc
fff301170b03ff16
05f200fd06fd030e
f6f00c17fd13fb02
050f0806eff803e4
010904090cedfb09
04f304fcf30fee0c
03fff4e4fcf0f60a
5019fb02cc0dda02
f0f20bfffbf216f7
0dfbfbfbfa08e810
160e190efdec04f6
ee0bf4f20d02fbea
240e0d1ef10eeef9
12f1f00ff7ec15ee
090203180cf3032b
0dfdf7f8f0fbf10f
11ef0908fffe1106
e50c0e10061406fc
0113f3fbdd1e060a
fe02090cf7020af1
04fa17dcfcf71a12
0308f6050cfbef04
15f8fcf5030e02ec
fae219fd0402f00a
060aeefaf92311eb
0dfdf4130feedd14
0102f610e8ed08e7
07e918e219fdfbf6
fafb04f303f2ece6
f70f050df70f040c
f108fb0bef19f6f8
0c1411fe0ef30afc
fbf60efb04f2e7fd
f71ce5f5f302ecd6
f5f0031d19230215
0409110b08ff0b04
08faf8f3f909f11e
f6f9f1fcfffefef8
12ecf8010d130810
1ae700000be8e0f2
13180e12eff809fc
fa14f0fde8e4f6ec
0a0702fa0f0e08e1
f7160a0df9fcfe0f
f3ebedf4faddfc08
f1fa02eaece6fa08
ff0908fff904e702
f304f6fce9f307fb
0ff71617ff03f3f8
04050c0a0a1efcd3
eaea020fedf6ff10
0309fc1d0d01f2f3
fa0405fafde90700
f4f30eda07130b03
06eefdfef5fc000d
e9fa2cef060c010a
0601fcf50112f703
121cf1ff0b02ee04
dff9fffcfafbeffb
fb03f9f020e605e7
04040bf303f2f1fe
f202f3fff60900ea
f9e715f5fc0afa19
f10be611ecf601f8
dbfe06ed02010c11
f4e01f0518f208fe
0805eefd0e01f006
171915fef8fc13fb
fe02f008fbec02e5
f906e9f60be6fa20
f01c07feeb1108ff
def10d0b08040e0a
060e0f14ff0304fb
06f704ff1efa13f9
fdf1f104ebf90900
fbfe19e60911f70e
0715070e08f6f9f8
ee19ebfa06f10509
031311fc0503050b
03f102f1090efaf5
0dff0e1df817fefe
fb0c07fb0d09ed0e
f2fff5f21b1bea15
ef13d8fdf91305fb
f90aff0d0b002006
ee0716f60eec0604
021002fdeefc0e04
e9180ff4f4f9031c
05ebeb09f51403f3
0815eff61c07f8f8
080907011bf60010
fafb1413eff304f6
2100ff0808fceeda
0de8fffd09e7f3e6
f6f6fa03f2051801
f9010ffb2519ebfe
09021df41602081d
f1030bfd130a05e4
0811e00900020cf8
120af20418f40f2b
14f0e712dceae5ee
0120f7f708f7fc24
f4fa01f7fd0f1e01
020608f9fa04e923
f8f91affe81feb06
f8ec0a0af814f203
fa13f7f105000e0a
080a1505ed12ff03
090dfb060410fc00
f6fc170403040a03
03f505fcf7e40816
f90709ec06effae5
f80aef09f40efbe8
f808fc03fd0b06fe
06f2fbfbf71d0f0b
fe12fe1008f40ad9
08eefbfb090e01f0
f5e3f006eaf0f801
2406eaef0c0cf119
0900020bfa1909d5
19f8fcfe181cf51a
fa040402ff2b1a02
0112070bf2fa0eec
f600f7e6e5f9fd0b
f223010efc00fae7
fdfe0dfe0308fcf7
01fff51303fdf90a
f8fef5eafd0dfe0c
060af4e81ef7f7fe
1ffbfb08f5ff05ff
fdf8f8f8f80ef4fd
191f0ce91704df06
f81705e801f4e0f2
01280f030104fe25
ea1219f10df7e2e8
030c090307e5f6e8
08ef0efef813e5e1
19180af5fdfbf6f3
01f6040a080d0210
14f10b1de7fcfa04
05ebf4fdffddeeed
15edf0060117f51b
05f8210100e9e628
feee0b06ef01eaf4
0a1105fc07f9fedc
f3f00c020bef05f7
f70ffef6fcfe0315
fbf7f60917ffebdb
0b0e02f9fa07faff
152102010808ef26
17d806f004f006f2
0208f101111501e4
effd020af7ee05f2
fa1c00fa0afc01fa
1ade0ef907ff1807
0606e4f716e71719
e8fe1b0bf905fcfe
16190d12020007f0
fe1cf7040001fadd
fbfff8ecffcd09f7
ff11d8f6120409ec
f00e020bdff0e703
16ff03fe160c0ce6
00d7ffff04f302d8
f1f4fa0be5fe1cd2
0502f7ff0c0a0734
0a07f6ec00ff0318
f51ff51119f1fb04
090a03ff060efdf2
0500f720fbf9f204
fb06eb05f4f3fefa
fd02010ff60223f7
09e9f7080712fe1c
f620011bf81c13ed
f5cc0510eb0505fa
040b160202f4091c
f8f2f011fcd8fe06
fffc0c18ef1ef73a
f30d0b0900050ff0
edf7fa0ff903f825
0a0af1fffefa261e
0fe6ec040c08fee4
fb071a1705fdf105
0ff800f6fff7141b
faf5e7e51df80835
f119e90bf9fe160c
05e31b0e07dffa1e
f1e8e9e6f7fb0b0b
04d30ee7110cfffb
0a0fed0316fa24f4
e70f030afe050c0c
edea030b0707ed19
fe0af60a092108fc
f000faf002fee726
01f2fdf8eb021128
09faed0ef0051c08
0d12f70d0ff8de1f
f2fa07de08f11dee
f11f08e805e5ef16
fa0feae0fffbf80a
f7da0202f000fe02
ed0bed0418fedde4
e4da1102fe010df7
fe0c00fef507ffe5
f91e1528fd0613f4
1b1614fdf01dfef0
00faf2fdf003f9f2
0cff03130a0410fb
150c1cef1d070e16
1d08f9fbecfff8df
01fbf50402f80515
0a0f0dff100506ee
f4f3f8f914fb0939
1a03fb08f1101bfb
0bf4f709f50bd4f3
f604e80fffd414f8
16dbe71aecf603f7
f9020a0e341713e9
fd08eefe0402f107
ec1908fde32bfdef
19e2f6ee00dffbf5
1bf9fe1229f906f3
fc110c05e2b013f9
031b06060bf62008
e8ec08f01b0f0102
001710f50efd14ec
fef5e90df4f002fc
e0f6f30514fdf005
0909060713f40605
0f091300eb2cf3f1
f0d6e807f0f5ffef
0d0ad9edddf716e9
0ff70febede80413
f912f913f704040b
fa03f8f9eae819f5
e70214eaf9f6e909
f800fb000d0beff7
03f4fa03020f0002
0cf20e050cf4f5ef
1b0fec1bfd2318fa
0a1c03fef421f406
06f90a06ec00ef0a
f4f6ea10de03e402
f51207fdfa5619f9
e1e5fef8ffcd0a0e
0a00eafd05e3f509
0a1e11f60df3100f
d31f13050a2c1401
02050413050724fb
f9fb0b040fd6dffd
020711f0062c220b
fe20f70d11e9e006
dfe7f8090bf3f1f3
fb0c12fd07110d08
0deb12f20e170c1b
06f1ec131004e2fc
0de705f6101e0312
f7f204e8120012fc
f8ecf90419f4fd00
140ef405f812030d
f6edf61813df0cef
fe12f6f60212eafa
f6f12408f6ec13e9
e4181e0f022eecde
26eafbed1ef907f8
ecfffd11f53d1400
0d0110fbff1410ea
0609fcfcfcfffb03
000e07f301d006fe
0fe4f603f9e61bea
f5fa14200eee0404
13e9e2e41803fbf0
f6f9ebf2ec0e0003
f5fffcfefbe7140d
25e9fa08f218deff
efe4ea1b000ef9f4
090af6fbea15fc2f
f5f415f7260cecfc
f01118f1d6e9f201
12d5070c20f9f317
01f2f5e71efcf8f4
ef04f917f20002ee
1814f819f8ddf704
e928ebfa22f5f9fd
e2fdf307fc032700
f42ef10425100e1c
0b180aea1503e2eb
0609f2131416f5f0
03faf008151c04f9
ffff0a14f9fff71f
08fbff0212f91a01
dfd8f9ef00f01715
fbfcd91317dd0511
140b0512e50d0e0c
00e9f2fef7362afe
f5fd07f7e726ee00
05f6e706f2dcf5f6
fcf90afcf60aefe5
ed0303f5f1e5f4d6
0616fdfe2ffbfde7
090df6f9f2cfeb05
07f71708f7ed03f7
faef08fbfce00afb
00020504110309e5
fbe506ec09050503
01f6fcf21a03071e
f721dfe1fc2b07f9
00ea2ffb19f8fef7
11f3def0ff292a09
07f1e2f2dddb0400
fe18e20a160efeef
041ae9ebfb09ee0a
f1e8f10cfe07f4e7
02d80c09d6100be6
f6fa210bd5ebf4f8
04ff130204cbfe0b
faf20800f3eaf012
02f300ebe409ec14
f8eb03ec190311e8
f7fdfff206ff01f6
fa0d1802f0071010
0a0f0afee412ed0a
f401fa1b23020105
ed26021705090007
f600f4e816faf902
12f903efff00e8ff
f610df0adc05f910
06f72cf62921fc0f
f7f92106340be803
1213070cf3060a06
151711efc5f3fd07
f4ff0de4fff1fefc
021504fbf31109f5
fc0307f505310700
0406fa03ee29f70c
10e0ef0dfeceff12
f9fce7050af8fbef
fdfee6fc181f0607
12f90aebf5e2011f
04f0ffde0e1cf500
eef9220f161110f9
