1126e2e3030adaf40eebfffddf2feb3b0ee4e5ee19f101fd122911033501f3ec
e8fd080c0a1018fe0801040e0710f5e7e916e9fa27f90af107040cfa2214200c
f121f62619f8f12722e2fc062a2418cd0804eb06f7ddfbdaeb02f91701d3fc02
f20118f91f0001e008f1161ee3f7ebf027e5ded1f2ed131efee31317fa0c1afd
0303ff13f503f1fc1c0d090eec16e7010bea1a04ef0d38f00bf81df4f206fe2f
09defb20e424fff2110409001713dae2f6fe2df7f6df0024ef05e20702042409
0127d8fef6eef30dfeee01f4fd1ded08042e2dfaeb02fbe1f020e6fd09e1fc13
05ed1d21f6051426130af2d5f0fbf30a39bae1e3cdece8c80aca0907e8061601
f8fa0efeeff105161a0e28e9e61c0720131405e515e312dcf4d816fe180f0a10
07150ffa0a04f5f8211cf6fbe52103e7ebf40611130621f00cf9e8ece5b8dde6
fa0bffecf0f714f7f50a1d0edf1e2c14f6ece509ed0e0332fa3d3f08071eefea
fd01e6f4f704050aedff01f607f0252109fc310ef0121ee80ee90307e9e303d9
f1fb08f02718e202f6ed0cdfd706f61409d9fc1a0c05e51efb31fb2f2b05f01d
ff191cfde41ce410f411fdff121c03f40205f9d90f1cd90af7f505fb05fdf926
d6ee04f82634060dd02ffaf1ebd2e51712faf407ed09320b1ff12ef3e9340204
f2f8cdd8d0f8e2cfbb1410160e04f102f5f4e2eef7fd140f17b6fb1cf4e70df0
1b000ce9e91d15d9fbedd91f04ef04ed0e240bcc16fbe5c9e110f0f6f1160ae0
ef21060220de001216dd06f914130bf6fff8fd07fb001b1704fc0b10eff70817
f5141d1ee6f8060cf5fbffeb1b011d22f509dd0bd7faebe61bfee205f8e1f1ec
f3eae7e6cdfff6edfc18e1e4e61618e2f306fd07f71911f80ef0090c05f2f5dc
1bf7e214f7201117e91ffdf61ff90b1defc80111fbdb1014dd21020210fff70a
eaff0cdd1e2b100cfef4fff9f405fd3d18db042c05f40509e4f6fe0e05f40014
ff060a1218ff20edf9f0f8fff0f404f6d000e004d4fce3e108051c07020cdefc
0000cd15eef2ec0017d3f2f4f7e106070e16fb030f0a13fbf2fb160bf92d0fea
ed03fff1f5f11cfb0be9de120609e209ed09090be711ec07ee0dfa0227f0edf7
f3e9eaefe906fffc0107f2ea02e0eafdfdfff6f70dfefe1503f90517ef0aea01
0d1ae90a21f412fef11c07fcd8d2f4e9ff270a0af3f30b141b07def923fd0603
05011209f305ec2309fcef12ed240ef6fe0405da1d1bd6f7e8d71c100407dbd8
09d8ee1e21f7e5dcd9ded91cfee71010e70c2bfef2ead224f40d00f338eeec0d
e417f80519f23200370d1216301f252507e6d3e3effcf5df071ee302de190301
f8f90d0c02eae410f20af9e2eff3da12f90ae2f8e405f6e3031811efdaf4f5f6
04000825eef10532c323ede213e9f43dd5ee191bf3f4071b05e41801fbc4e007
0d0404ed0a04e404e005f1f5091522df0ef31f0b0507040309f1fef3f5f41bf9
deefe40e122b042903ff0c13e029f9f20b180dfcedec170b0c04190611023109
fefe092316fc06f913d8dedb17fb04fbf81af3f81c0e2708e9faeaed0e030a3a
f8100b16dffafa09ffd714f6da1230e0f1ed161ffe07f40011ed13040fdf0bfc
ee070f0dd8db05fef1fdce240918f422290b08ccff15fedcf9f6000fd706f918
c2e0fbf7f509f9ded5f3ff0607d309e1f8f60d0e0bf7fe170313fbf20e0fec1c
e2fc01c9effbf6d003db14f1fce3e9ec11000f2b01f82c1eee00fff818e70016
0df902fd0a0f07fb1cfeedf4f6f606e5bee605cf01feec14d10d02fda600e0ed
faf6f9ca0dffd7f5f8ffb51a10fdf4120b260ff7091717f7ebff0514f1fc20fe
2bf3fdf5fcedee0a0735d6f60611f1fe0bf111f1eefffce81708fd0303fe0ff1
12c8e915f203eaf1f6ef03ec05ead0fafb04f315e3e7013000160918071307fc
03262913ffeafff50e10eceafe2ef904f90100e91bff09ee030b0efadffffc03
0dfaf4ffe5f80dca1f2200fd06f62e13fff6030ceb22fe180819081a08f1f4ed
e1d0e6d4c7faf2e3fdca07fee1d2f2dfd0180515fbf2e6e502fbeff5ffe50ff5
18f1f9ec0320c2f1090c08ffd1ef14061eeefcf61ce70b0a01f5fce51209011e
011220f5e72b30dd2d1f3d18f3d803f4e3e9deff0afee9fd0ef3e0fc04e8f6e1
f6f1f7f0d7fe02f9f8f80e00c7390ee50049ffef18f1111100e52e2e020a1116
040b04ed0ff2fe06f522f1fe0bfc0919100ffa07fcefb711fb01f60c24160d03
051efe17e0f5220a0e061de9040f02f0080e0f0f1111061018020a08fef90bf5
1ff5b6d2d5ededd4080f1005f31c010d2502dbf7fb02c121faf5ecdef123e3fe
f60af41924f02708f80a0cef0efb1003032027241619fd0efacfe9f8241c0ae9
edf61dee0d1a071f0512f0f708fef4e9fc00e4dde0211cf0fafe0ff61418fcf3
00eaffe8ef15cdd9e4f4d80211240bce0aed01eee8dfd210f61509280d02e70a
fc05031614fe26070524ff10f5f8faef08bae4f8d5ffe9ff08e905f2fed00a01
11f304e20c02fbe20ff4d50915fb18110e2947f2fceafffde8fd2df918131b13
00091b0004f40c13fe0306021efa0d11f5eef8fc11def6230b26e0e0fe0af305
1ccde4fd08ebf8ea120ffce9f309fa06fe10cffa10fc0bf12108f304dfe400fa
0e02e7e6170b0f1904f41ddc051f11f116fe2b0a1dfafd1ef5f9d7df03fc102a
03ebf80abcf7f413f521e8e1e91be914f821f81526ffe4e6fbd1ed06e31cf2f1
07170c0e140311130f0c050ef108eff3f7f4e100f4fddd370ce9e60dfd10f227
03f9ec1d27feffe5f20a271c00faf9ff04d503c3f6e5f903f81ce7271ad6fb01
f3ece742e3ecf4e507ff131a0001fa18d054f504eaf8fd0914f71b30d61106ea
0645fefceeec3f10d5fb0df809faff0ffc0a1b1cd5edfd0c12f40c04f4f22023
07ea0816f6ea0afefdfb0c1d160de1e9f2010de6fd01f4211128f30701f90cfa
16fe0be9fceff40802ff00f7e5e7140c020c15e5eb3010f10fe3f70d0f1ceb0a
fd0e0cebdbe5cbe70003f6f9c7e8e1dff1fdfb01d8eddaef0ef0110c0cfedb0d
f424db2202e20b15f7ca15fe05e600fe15ff04f1fe0914012415da0b0d0509f4
e8f71307fcda1df0090cf9f2f400d4f709f70ff1f01bee1425110bdf21101cf3
f5fe263b1ef318fd20f229fd15ef23f1201811f21a290b0bfcf4fb04f7104519
1f090ef60804dde7e6effee40d14fbf410fe0b0d0f28d3f6cf16e3efc816f2e9
f0faf81bf9f210fd050ff80afe07fcdf0103ec38c000e209f412f4eb07f0190a
1a0f06f906f0f4e1e028060ff4f1f1fbede2f6f70d0104e10b01f410e72108f3
07ec0cf01410ebf8fdf9cb09e105f8dfeb180c180b130fef00f410d31af8c1f0
0bd9050ae701e2eefc0a13fde4e7fc1eeef6151016fb1df8f612fe13fa12f8ec
f6f4f6ef16f00ef3f5fbf2f1fb05c90be5fe26f7fce0de05110e0a0fe7fadb1b
0ffade242cff07040a10061218d61be416f4eef716fe03fb0a28f203e8fa04f5
0b01ffe9ef0aec1d03fb0807dc20ed171a08eb00010e35211a0bf30b052312f6
f7fbfcfcd8fedfdf10ed06f6eaee09f8fa011010f610def810f7eedf140515e2
1afff8fcfc032aebf90416fb051dfd031119f50ef2d8f60de3ff18fe19ef04da
0dead4080f0c290c0b06edf6041a1810f5e9e6fce1192af5d61110ff1fefe4f0
142afb092a01ff37ed06e3fe2e182ef7f931fa221b092005d9e5e90edde50ef8
cd00030e0e07f0f0ecebe6ead4160e16fc0b0521f8ea0ef4fb09e721ecd5d9f4
fff901dd04fc07fc0b18ff0fe405050bddf3e9061b04d6e812d9f7b705e2ef1a
13f93332f80727faf6f7280602e20107ecf3221bf903010407fcfce4f0e203f0
1403d21707f8fa01020ef32b1ad504200f29e8111b18e70a1de30e08fa0a0910
0be908de0407f8e807f6f0f6edd6f8fae90e07f4f70af73415fce9f30c0311ef
01f40e00e1fc01e90a14030efa0b0ef3f7ff13fb2209f51ae912f5e8d8f0161b
0507f005f8faf9e8fe02f40bd9f40c0316e11112f700fae828f4f805e8fffbf4
f601cc2f06e323f9dcd303f8e304de2110f41609eff3e30806fe14ec303efa16
11092504131c0a180ffe13f006f11ef70b190408e22eb60124083bf5f80d232e
ddebfff806140200e820f8fe1d0beefe2b37d12ef9fe170ef0fe1319dddcde21
0111ed18fb221905fe0bfdef1807080100ec13e0d6330aec12e6f6fbe806edfa
f615dcdcda1afb07d3d7cafc0d080c0a3af8f2fe17fbd90acf13ffee0ffd0ee8
043c24f124fa2408fff5f8120a0b071fe7dc0ef5f8f0fbdb1afc4403ecdbe5e8
eed4fdedfbf1e4ced8dcf7f814e8eefa02f81307fdfdf4d7ee02090001efe304
f5230bd00df03208e7faf403ec06f903ffeedf0309f4ff0c150dfbe10c061413
fce5e4e7ed01ffe910f5ea29f40603fa1afff4222812ce1301201436aa1d3405
2a04fd0fee1327f5fe07e9ebfe0315ed19fc02fe14ec3fe41af3160811f9e71f
21fdcbf6fbe40c0c0adf0017efef03effd1ae90de40cf6edea25db14eb070ae1
e8f7020005fc14e8eb0f1dec0cfad902f9fc0eff0a000e14180502fd0df1f6f9
fb0807ff030537fee2f2e6fd040af007f8e130f20bf812d4f6f3120ce4ec03fd
e2f72302f2fbfa06fa041a23e4f8ebfff0e5c510e8ec09e92d160105f62803ec
ed0433f4eb1ef4f5f01edf2bedfdf4e5f01ff6ed031c0cf60f0bfa24fa0c191d
2910ee09de02fa0e110ebcff12f90fe214091218e30704f9f9041ff528fded11
19ffd9e8c80f02ecfbf708f9070ce1f4e8eb11e418f5e40e23fae20a1bf519e4
0b0ff70504f1ff29fafdee042b12f8dd1c0e0905ea05e21b01faff1401f7020a
d428fded15ff20fefaf611ffef0923f9f809f8f2040d00330c060b0bdfece3fb
d118f9dce7001cf51a1ce3de071df5f3f8f700f417fad2ef0ccefe07fff80c07
1cdf22f10908011402fe08cc15ffcc0521ef00ff190f0e060202ddfbf815fbf7
17fa30ed2503071f41fc10260e000f06e0edd208faf5f8dee302eedf1508dd04
d91af91f0c0ee80f060d00f810e319f6170ff2ed10fd280b1302e2f5e7001500
1001eeef07020d23fd1324f2170ef117daf5fb01f6f1d904d00104f6dcd3ba16
030d111bf21112f3e4f20e1d00d725ef0e000d12fc05f5250cfa0d0b13081200
da2c04f50011e3fcf600fdf70314e0e9dd0ce6f701f9ecf3120aff0509040be0
e307f5020cf3dded2407f2f4041316140e1d21ffe11506151012151b250232e7
1c00e0dffdf4f2f508f3f2fee514c1effcf90b3a16fc351af90408071e270411
e102f31ff70de7ea11092a0c021ad513ecf302f9d5fc1b05dfe8fcfef52506e8
030f0d0604f00d16fb0508191e0e000dfee4fcfff0fdf2f1fe22fc08f0d6c806
f7de01f419e5eeeeeeee150a0f0fd1f6fe12050c11ee16ec1afc3e0d141d0504
f9f20c052c13e5121ae9fac4e40d0aff080bfa03ef252108fede1d04111f19fb
19cd20071402f7f7fae601e81bcacde3121a0afd0afff807f005ecde0af512f7
f41ffd1eff03260506fd1f25df0ee40708f3100700f71415d31aec1a201520f9
11fcf903060dde06f5ebf1f5f1ea0e0ad90304fa1cfc0ffee3e6ee142b4aef33
ec0eefb841f41af4ffeb13e5ff0edff4f40bfeebf9022c0b0dd51805fef31502
0be4f613f919ee1d18fcf81aea010af5faf7fed9f900f9edf701cdeaeff5e8ef
0b1203fbe1ed1f1a05ee0dd1f81806e8f9fe040a22ee0b08e00c19fd0bf52719
fafd0c0cf40510e91619fbe3b8fa0706ff3309fce922fe1b0e0ce801020e010d
15f9f0ff06f0f91eebf129fc101dec20f7270cf5f714ef0e0400fee50df027ff
00dcb4f501ff08ea100ce80323ddfffde6e50fe91bec070ef8e7eb0ed00ae6fd
fdf7d70b1df315d9062119e1170707f3de15f1eb02f3f123fceefefaf0fec7ec
17f90cfa02fa0821f2f4f41308d4fa1520161b0601e313eb0be002fe10040ce9
f500dfd6ff1004cfff18e30c120fd4160f19fe0af107ffeb0afbdf08f60ffe01
1a0508f8e30b16dbe9f3f2e0ee090611eb2b11f302ef01290103d8121de10f00
102209f2f6e7f11aea01080b020204fff6e104051b16dbf701e706f2d0ead802
f0fd1104f107f9eafc1405fafcea08e9050327271707d9e3fcfe071de3ffddec
03f9e2e5fa13ef032405f808f50efbeff102eef411e6fef1001007f1e403fff8
050df111d2efebf31a07fb1c081826daf2ef000808f1eff418e1e5dd1007cf0c
10fef70815e9ff060e0308ffe6062cf1031611fcf318fefbde130aef05ee0c12
d8ebce13e6d2d80aebe2df0bfef902fd10f0fc020ae81aeddffa07fdf512dada
101a211019eefb2511f3f40e0ce523ec27ed06fe14db0217e3fe06dcf9f2e1fc
1d0c210c191809edf72a10e8dd06d8140719fd2fe80405e9e407fb160002f114
d2f6f80c2ef20add15f81717f213dcf2180d120624eff9ed1e00f00dfdf6ee22
06f9e0f529ec142909ff2313f4fd19f306f3fcf208f2fe22241b20f007001311
02f809041422fa04ffe6ebfb10020eee071010fe07221d01e2f7f615f5def8f9
f8fc1203fe0d19535feaf50b30162de711d2f70901fe3afb04e012fcf8eddf0b
1500d2fdfe0d2c12f6f8fbe205f5e4fa25baf30ef6def408f4f4261417e9ef00
ec0a140af5e0dbece60c0cfa02faeefa15e3e21af205f1f30ec905f9fe0302fa
06fee809f000df02f814e602021916f1fafdf80c3ff4270ee0ec12fcf5e6e9d6
ecfa14ecf8050cd3d9071203e3e9ff03d4f4f7d5f3ef0ee8ebf9f12301f0e307
eaefd416eefa1ef400e80900fb230901fff318e20bffe9fe1901e5181813f61a
01e4eb04fe1603062010fff00efa08fd030d160207f5f5030a0515ffd03203f6
09e9f0fc01f7f7f1f8fff2f8eb07e6f6f8f8f9f4150705ebdef80f01fff6f60e
f9121112f3f8fac6f8e2fff6e60c221403080c11d5f5310bf9fbf6fc07f529f6
0018dbf00916fdf5ea0316eae515fce30d1109dfe4090d02101226f205191e05
0cfffdfd07f3f4f8d813f3def50cec0f100203f7d7051c0bf6f709f5020204f1
f31e16ededd208021901311416032cff2a0ef5d7ff14efe2f00b26150ceef60a
f0eaf60ce71aefdf1f0ee5f401eb03f2fc1502ee07f6cb16091d08071cf70101
1007f3fce5fafcf71ff4e734ece8dd081de6dae6d8e70cf3ec00eff8031cba0e
edf8c8d71307df0a0b04f0d60413f1fd0afb0604f404f8f4ecf10a0904ee08fd
ecfae7e21bfaf808e8f1fbe40dc80afb15090e001239f0fc0cebf7ecf4240f11
06fc0506ff0de6fef622fb0221e41d091110ede8060722f3fcf50bf8ed1e3110
f317f403f8240cf1fd07eef5fdf7da170bf6eced0010f9f704f5fcd6e91c0be0
ffde2a0109f31d1bfc290deee60efef3042dfbffea091802e4f716fd12fc051f
fb0514ffee04e806d8fafd0cf204de02f71d070121f10a0704fff00ffe09fdf4
0100f415f004c0f02413f6fd1f1617fa0100e4f61114eee5f60be4fd0a1efcdb
07fafd04ed0efd070f23f611ff01fa0df0fcf00cd61118e208eafdfef10300e9
f60010f3fb28ebe3f70c1deee80519f80c2b1602090807e220eefdfe00f7352a
10eb28fdfafc1523fffff80d17030a03fde6ed0ad6eaf1331112fbed24f50ff0
04f2f201f2e9fc01ce12080be70dbb011316eff409040de7ecea0bf9050ffa2a
01ed1b2422d41e44ff0d29ff4af6fdef03e70c0d0502f5e90efaf4f0020012f6
1f1407e4fd13e411140ee8f1170f1019f0f5f608f6eb1514e410170fee1ddd08
03ea0013ff24f0f51b01140ee30d060ee7080a0a03f7f5f6f1e61b04d6fa12fc
18fafc0e060ae0edf904ff0cd8081b190412f3ea19f0080b060c0fdf13f821ff
0b091cea1ff9031af6f523fb1efc24dddb050507fefe040af011090dedeaf1ff
190c48f7eb15c3ee231f120aff2ae5e9ff16003d0d1b0f02060515050cdd3503
ff121d1d00f5fd31e50905ed15190218e7e4e1f7f70f06fffceef3e5e700f0fd
efee0206f72804dae5fc26fb0cef2915f4f3fcfffb08040c0a0cf31303010ef6
02e709f51404e4e61debf6f508e109f5fde1ee020e031fecea09fe1feeebeffb
0c14f1e014011406f6030cef0c2d2c05d5efff18eef92a21f10e211f12f0f817
f2ea00fbd303ef2ce8230c0d0302cefe01fdd5f1fdfd0d2f02e01020fad3210c
f51cebf00ce4f304e410f90c2cd6f50707d8eaf6231808241a170b0d07f6080f
fff61f120219fb080c09eefe0712fa13e5f9d701e60a16f41eeaf6feea20e3eb
1e07edee0bf0051906d202e736ef06fc0a14e3ec041702050af8ddfd21fc040a
e430e415ff00f0112618060af20cfd2cfb0de4120ceee3fdf5f10cf61006eafd
e009f3ef0bdc000b0610f10c0d0be10ef4112432f2f90feeeb1206ffddfa21ef
e2fc0803091bc9e215f3222004e0fa35f20309ee211a072c33eb19010ffcfe06
f7f7fff1fb0409eb25f60c00fd020adbe107ff250d1314e515f81603e2fcf605
fc311cea000d0108ee1df90d0a041e0e0c11f6ebf6f70f05e11d04f502fefd03
1c2d0ff8fae5071630efdf02f21915e4071b08e5efe20ef8a7f10429eafdedd2
f8cff313feee03daecdd0400fee7f20a09e90ff12ae3fc27121cff0f07dcfbe6
21e00a141006e7fc24fdf512f3f603eef8ffed1b0e0d0fd1df1d060701013dd9
19eaf0eeec0af3f70714f510281f03051b15fd14f2fc12f7f909fb2d020319fe
f0f709d71efad5eadcdbee110f15d50cee1deb02eefcd4fb2300020238dfd9f4
171d1317eb17d2ed26f1fcf9ff1904f0073be9feccee100f230e21fef5e506fd
0b151813fdfc2af41f0afb0af9ec0f270a05ffe309020a07fef8090eea222919
f11015e1e8ef050c03ef06e9fc2708f801f8000dfbdc01f80f0b02e5ecedf3fe
1f090b3b0722e4052002f2111b0d160303ef16f5da0f0cf7ecd2fd0ce3fd1dcb
b9e7fae503fd15ec0b0d08eff4dd18f8060709010efaf5ed0207f3e3ddc6fbf0
e8f6f40313270e37131e161f1eea0409e91906ff17fdf11ceee2f10e1208000c
ea120de8f01d0e0405f21afc1704eedb1128092013ff0d00f50aedde07fcdce6
14f204090cfd12c7dffa03fee1010eeaebe218f70607e61b23e40510fa0a02fc
4101172c0a01e7020014fb000014ead811fbd2fbf31ff4ff0a05fdfe2b17e918
e1defb1ae50627100b14290efbf5dc22c30405df06f8fd43211cf601142af600
15ed11d80e091e1e0aeee51c210afafc141bfbe3d4d80f1e0620e4eeefd5ed00
db0808e12ce7ef39f40634f4fd0ee90411fcf6280805fff3190c100d0c0c2d10
f100d60ffc170105ebdf01f2ef0fecfcd9110b1617ef07e82412e90517daf913
2ddff8ffef0b22f8ffeb1309373419efe3f1e0fdc2c22116f7d2ee05f5e70e0a
1b0ff51517fb07f4ec04f90d0c070fff03e0f501f4f1f7efe9e2fcfe0ef1fdec
003e16f4fdff0605ec1e0b1cfc093efce10018eff20fdfeb14ece6faf807fe02
3704ee0cda081ce8e6f7ecfa01fcd7f2efd3fddaf119e8e11e07faf61e0b13ec
02e8f4edf600ccf50ef1e3f8dd0b10fa18d90f1bfbe20b07f50d1b0aebe8d2f3
dc28e4f7f2f4d92e09f50bf4fef0f7e6160602e8e800ead809ed2807171e3023
ef19fb0b37d5f3f30305fe1008de2224dadf15fe01e6c5010ae0f9ff000ef0ff
1cef21f5180be6cff8ee2ff5db07cdfff806f2fa0e01f4f025fd20030713220e
1b06100706ff15fdf4f4ef300f03f2fc16dfe81dfef8dffe0128f300f0e401f9
0c04f6f802fdeff5fceef7c40507fcf0f50cfcf80f10d7fa0c05f6ecf4f8eee6
e3020fe3fde70bf218f4fcee0af5ccf0f6fb13e7f312ee2a1ad517032523f51b
ee0217f81204270cf01bf119d5f7e3fe1d0ce0120015f729fcedf100fef81f10
f5e3fdf9121bfae0d0f2f0e2e0e0e61903f1e506f304033c1518e80f04eedefa
05ee1309f6e03d0311e1f30f3100ccfe000aff18e21c250d070909fdd306edee
26fcf5ea23effae300e0fefa1700ce18f9000d03fa001af3ef1b3207f707271b
f3ef050c09180f0b100409fc11fcd6401af0dd02f9f7e51efb140bdcecedead2
0adc0c0bb1fa1a07fa11e7f1fe2ae108fbeff7fcfaeefdf3f7fd040801e103fe
dbf4ebf71714040805342ff3ee04c1351c03f81103061af9f5e71cee21df0302
3e001be2f311f8fbff291ffa06f507ed0af71aef1a10e8fe13fff308071d13ee
f3012112fbfbe9fa0910dff203f8f4f00ff3f7f8f81f071beb0b06f5f61beb3a
e9d80304e31a09e7dcfff900f61604f30eeafae2faf60d0000d6f800edde17d4
f202da05f10af7f32ffbe3f8d5efe3d20d0df3f814f61cf8fdfdeefbfa1931f4
f206e9f2faf507fceee50df11612ede109fb210108cde81ff3eeee0506f80000
062111202309fcf808021bd30004eaf00f2be1cf0413fe04f6e9ebfbfff50e01
07f8dd12e2f80ae4e511f10b12e83104ff092f07defe060312dff502f7fb15ed
ccf7f3fbe615f3df06e7fe1620141b26f6fee3d2fcfe0e09ee0315ff14f825ed
18da060a13ebf9f40306f9f800e41812f715101a1a05f5dbe515f912010f0fed
0af90bf5f91b03001f0b1121e52a32030d14070b08f401000c00f6db03050c02
e7e2f7f0f40f0df92417edfff7f3e62c12f4fd0bfb13fef6efedfcf40307f80f
d1fffa0a2bf7e5e6f106eb13e9ef04f9f1bf061208eecc10f4daf1fc02f30fff
fd0e053313dbf41647f4fe03f3f0ea2bfbf921fef10fe702f6ec0e0e0e01070e
f9fe14ed0e23120b0cf90dfbe3e0fde8ef10070b18f029fcfdff0dde01dbefed
08f3f41143f9fdf2090a070504f9252bfe1909f008f3eb06090bf30906de30f1
011f1e14ec08f41911011a20e7fa182018fbebf5fbfee9fb0deaf6fbe61414f7
0ce60bf71c1d0ce40e16ea0ed92928f9060ee90017fc03fd03100f661cf800ff
fd1bfefd1ff6060436caf9003e00e01903f8fc1dec29f804fe0aea0203eaf110
f706091a09140c09e9da030ed7320dec02fc1af2fbe0f109de04e71306e92119
eb0104f4d32ef202141909fd321edf28fefffdfafefef70601ecffeb130df3f0
f5edf8fdbdfd113509e70b04f20414dcfe060f0900f220cfd210ede2020fe705
171d3210f9f9050f200904350408071bf6ec070bf10407f7f0ec1af217f5f3f3
1c1d0209fae5eff60008f900150ecce7f50cf6fa1e0f121ae8152916f5250b01
2efedd0ce5040ffafd11de180d1b22fff1fb22ec14021de7f41df4fedb13dc12
f2f8cfed01e500dbd5e9fef91804c805ea1be7f8f90cf8ecddf8f7ee0ff81602
ed0efc07f901e23cf32414f60220f5222a0005f9f60c1607f12708ff05f10311
40f5d91810fa13dde8f10bf0fefa10f51b22f905f1ef182610e3e5fd20170426
fedefcecf8e21a0604fdf705f5010cf11105fe07d6df0cfa021b0e0f0df5fee4
c9000be12018f90afefc1d0ff1181d2815efe5fee308eeebf30efaecf0f4e2f4
dee015251eee11f8fe00fd07e8f31017eb14ffd30c12fefad006ee0806130fff
09df1a243ef120f00ffefcf80a12050127eb0711ffe0323de60affff0f1c0904
fc151517ee08fffa10fdf3f104040c1a1fee01070b0ff4f9f7020df2f6fd0404
11f9fb071c152407ded0e61d05cdfdcdfbeb15f1f6d711fddcf9f82d1233fb0a
e61507d9ee09caf4efe91303d6f9340b0616fffff8f9e103f410190016e4ec22
f60c0cebfc0a01042f02fcedcad704100af723010e29e1f5fc05eb2ce2e01f24
24e2d814f708e1cfef1512fa1d122ee5fe0ae9fe02f810d80f0afeecf7f41217
eb09f40334e92bd9f8140718f9fc2222fdea26ec1a021a2ee219fbeff4fb0500
eb031913f0daef0afb000304f1f12ef903ee19ebe0e9fbede2fa0cf611d3fafb
1b000f1f16e93905f6e5f321fc061c0eed1508f2ddfa18e803eb371414cefae1
feeef4210aeb0cf3be0b2d0918c71ee3ebf405eff414bdc911dfd1fc110c10e1
1412fcfae70ae910f1d9120e0fe102ecfd29092205dc1be1ee060926192914e9
1efbea2d0401f910f81504ebf7ce00200bfff41ae5e8fdef02fcfe200317fa0b
de0fe9d902f823bed0f8e10808fe1de7f61dfc0f0002f5dfe62e1c24feddfd0b
f9050ffbe40d0f1dece50cfd13cc38f402fb05f22d0b0ff300e402fdcdde1702
05eef7f4f01ff5ed08fffbfb01f6f2010f2c06f0f5f3fc09170d2df4df23d611
fc16f2d9f7050bf81800effc1dd801eee70608021fbe0aee0ffceff50ecc10e3
f1ffe219f6040bec230019fd3c35211d11230be9ff14f1062cfb01e9de110ff3
030307f0ce08c40626fe0ee5071c2ff61505f8170ccc09e9f3efde082e2d04ff
0df31eeae7ef19394618eef419f0c91605fced1aecf6de180b1202fafc0ffef1
0e030d1713fcf0dd01fbe3f10af2f306ecefecede0de0b1ff204f2f8ec110cf2
1af1ebf912e4d32411f706f4ef200aeb1301010a030af8eb000ee7252202dcfd
ffe006fa241cc6e0e7ff25dcf20906faec03080b250efeeae62ee6f302fe1914
25f4f51413f3f9e9e403071410f5d9140e07e903b70fd50ce511f6fbebfaf8dc
f9fcce1e0addfdf9130adffb050beef0f40505050deb0cfa0f0a0ce51feaf51e
eb02021306060addffefe5ff02fa09fef4fdfffef4e1d839d5f40c07fa06ebeb
0cec031bfa17e804e3f7fd03f302fc08050819f8ecf9e2f5f50411fee2fe17fb
ded4050f0806e1f40702f904292bfae917fc17d5daebfd0ed6e1def2fdcafdf5
f4340ef0e4f10ce00332f9fcf72ff9f909dbee0ffc29fe03f1211412ffea1006
150f101107e9fd01070507201e10d0ee3bdd180df101ea481b150112f2fb1a1e
fa320c0919152dfa30f915280009050dfd0c1af80b24310d020ae313f807110a
e6041fe9e2da09ed03150afffa14ecfcfd18d9e9d41e050b0526ed0d08d2e610
f6ed01e611042726ff29ef0bf221f6fbeeda0cf60d10fcfdf5dff0ee25edddf3
dafd0b0bef08fadfe0f713d1dfddf7f6f70ce5dd07f70d0506faf8f509f4faf2
e90212e424f90bffca02f30dfa070b08ed1108f71311270914dfef14f905020c
ecf2290afa1dea0520c4e8f6100af4ea350e09efd307db0d061a180612e91dfe
ffe6f504201005f51c06ee0b0d27f1e128faf71a100212052df9ee05fa2c1912
f2effdfb0e1520f10feef1dcda1afdecf4e8f407b62ac026e8fa36fed1fc0fe4
f0fc01e3d6f5f0f702daf2e7df0ee4fd0c08fe00091b0f06050c04f00511052d
ed13e80bfcc3031408c7fb09f316f2110d00e1f9ede1f9e4f400f80802021e11
f40af5fb0dff03defa10feedfe0304f3b2ebe4fd0ce5f3f71205f5f91ce90ae0
f2f3020e0104fef504fa04110cfdeaf6fd001efe0b12e80124fb1007e5131313
14d9ffeb0bdbd4ff06fa23fe111ee9d6170010f6fbfa1814fa0afc07f6fbf712
0f11fefce0e80f26101addf1120ded0813f800240f06f308dc050bcafbf6f5fc
23f309e635f222f4102ef6e20aeee007f80907ed170b0d0804fe06fbfaeaf501
0205f6f4e6f828104513fefdf22ef7df130cda19f929fd02051ae615fd0e2135
0fed00f4fef815f90bed2afdfa1b04de21d3cdd31322ed2ce2f1ff121304e6ef
250cfaf229f414ebc7e810ed091114171712f20507261b0206fa12f214002018
c3fb121ffdf539fd08050518fe0fdd0604fbf9e8fb0de9e7f90a02dae50615fa
fb2114fdf3d807f2e2ec080df1e2ec0f291cf5030a1f07fef800fef5011e100f
e60715ffff04fa0513190bf6f11dfc1be1ffeb1b0bfeede6e6fced1812edd7f7
08fdf9dffef7e41c03f62a0f062206ed100a04f50a040d12fd0c0805fe040923
fbdf271fbf05ee141f2bfc21e31ff5f50816f0f8f9e42411f1eefbf4f8dcf1dd
e9f5d7f0f823f5f61000f1fe0eda26f205ee0c00fc11fc281de903e5f6e8f2e8
f2f507ffe7ffebea1eff170407fef210f32102fcf3f80801ff01f9ee1921f1fc
e6ece409cdf215160de4feff090927061309eb06de1608e4fb0be9e9ea20ea05
ef0dfce906eb0ee816f5050b120ff50d02f30e110c32f8eff900f41d0d02ff0b
2307edfcf1e0f01918dee9f4f4fdd0fdcd2ef5140bd9e9e7f409e7ece51d1116
fcfffb13e600f232fb0f26fafcf9fdfc02fbf3f2fa1216e8010101eeff18ed07
221619edecfa07f102d5f406f0fcf8f4141128de15e4ff06f501effa00d605d1
ff1404e8f6f414fb13021a0207321a09fdf4142e1b000e070004f1f727ecee18
0410fbd9f305eb11f127f2f6ec000906feec0707f9f8f1fa07f4fbe2130f21f8
fdda11020d13ce151af500ea100412da2120f916dc13d604f60e0217d921dafe
1c0efd05211ff22e1018f210eeefecf8d8edf90509e6f3f4e9efe2f3e8f6d714
050328060837091a201b0afde23b00faf5fb02f120eb0a1fe2e9230306c2c3e1
0719def0ff0e04eedb04131718f637fd0d011e18060f170b07e2f2f8f60413fa
17d7d6f20608d3ff0a1f06d6e506ff1c012311f914fc03070ae9fafb19fb0eef
fbd4c2e10c0af8f2d3f8fae4fb17f403eeffe011fd0c17f303041deee0d5f000
06f00b14f4f619fe1d08e9faf417efe6fa1de8f30afa21f10f181ecb131f21df
fd08f80a0fff11e30efe09edf62420110e072c070105101c1be12be82f10f30d
f8fdf6efffeff6021e1411ffe6fd0802060f00f20add0c0cecd3e4ec08edf60e
0c2f0fff05f1e9f309f4f118f621ffd80adf110b0d1cfc0df30813fb11f60307
f7fcfae10beafd0c03faef13e0efe9f2f10308d4021a0e23e600e3c9f3fe2110
f40e09ee0cfe18f70a06060bfbfbfd04f6fcf2f1f8e710e2f4dd0910f0041e03
f0e6e0fef40cfce503ff12f1e9090ffb05eb0a01f2fa010d07fbe80cd615fdea
fee9fe29d513f4f4ea11fddafb000be63411efefebf60e15091c0f0becee0f00
03f2f123f605090ceeffed2dfde4cb111125dfdbfdfdf804040c2434fef31305
fd081af5ec07f121dce4fe051cf5d3d20219fee92af3fdf5f9f4fc0d1809ed15
1bf910170d0e2906e9fbfb1bf6efe30505ebe9e8f1dd00d0e7f62ad6ef04cbeb
ffdef6eb030b21fc0e26e5102b09132ff002ffed1d03212612d311f918f0dbf0
f8ececf1f6f30716dbff08000ef804f6e803060a00fa14093929e71ed7160c16
0f2014e111fb271d0bec08fbf504120915fe10ddfe43e0e8d9ff2d04f8e61104
070cfbe9090010070411fdf714f3e60116050c01f2010f11d3e913fff6e2ebc1
322711fc1d21fe04070d241b0e04f628f7d50724010be4f9e80af811dffaf404
f503e2071bd721f12afa13d8032ef4e6ec06e5f8fd00f0e80deb12ffe3efd6f6
12010ddcfb23d60ef10f1fde1837f3edd70821e1f5f50ef83b11f725e80fe1df
0e0c0bfdec07f8182008e1dc1ae216102c0b241006030ffb26e0131908deeff5
240e0dfe0b0dfffc0fea060ee6ed000a1dcdcbe808050ae6140df4fa100deb1a
b007ff07f4e9f2d600f6cc0218ce00d5e70d0fec0a2203172912231f09f419e9
281af214f61e09100bed11ddf1140b0311cf001a1602ed1001eb16f9d7e81c14
ece001f7c9e3060904f7f6e6ecfef1100204eaf7d60703f9030500fafb02ffef
e7fff424011d011a0fd5b10cd2edfa04eb00dbfb0e1509d0d20c08102ff212fa
2623f2fc02ecefd9cef8d524fed4092310f31ce2eff8fd03dfdc22ee122f0c0c
db1b062dfdf7faf8c609ef160ff7f2fa02dd090d07ed14f04418fcf2def90c0a
d71ffafe0d11eb21041303edef00150de5e803fdf61ff801ecf014f005dae307
121616f5fed4fd0f0e0bedf706f00f23cf0e010a013306fef62803f8fd0a2b26
f618e7e7130f2114f200fa1d1fe10131f9eec2fdead32afd0a17d6f6011ef108
f3e6fae7f8fcf30a0001f8fcde21f8f1f30a02f3ccf4f6eaf80deffef9fff7d6
deede70a04fdf6daec01f229300ce2fafafa100a0a02060a060a0ef3d603efe9
fb0c02e11216e205fd04ddee07010716f523fa050c06fd15fd04fd1a2df914e4
021326faea0be928e9060200f7f814dfedee043d1ce80e013001ea19f811f51e
2029fef0df0eeae2f4f20ce1f0db1a061be623fbef15e9dbe4171aea17fc13e6
e4d301f5f7f3f3f9fe0bf9f3ecfd29ff0a150bfe300bebeb0cf4f723120ff907
0af7ed090a0a0b1dd4d3f8f7acf1ed01e912fdf5fe02fcf2ffe50b081a26ddf9
000a051effedf8f5fff504f7f91717fd1ceefafdeb0402d715e727eededefdeb
f2000d2dfadcda140c13e6ecf2ef2911022c2efcf523ed15fa0c090df60907f2
1320da12f91feffbfcf6ff030afd11fa0f1eef1c1825090df31620f3f60de903
0f00fcf1ece80fea1b090313080d0a173801e6120111f4ffe5fc1ffb26050bf5
f820ea0b0533fff215e50bf1f0140705fef80c04171118fffa07ecfd1c0df9fd
e9f020f5edf8f6fb1e00ed280903151c0905060821f6151003eafeea043a1203
00ffdd0912ea0df7d7e5fbff0b1a0d34dfdff71df80dfdf7e6fb05faf3e603df
f6ebf8fb1413180dea0ed6d71315d1f2ff2d03ed1906011e0cfc2006f5fe0eeb
ece71c13fc24faf5e811e60d292301f3fb09e7ecf1e3ebedf1f8f4f6f002f706
0ede1fd4f0faf314e115fafbffe5f404161af201151cf3f819180cfcea3627d6
150b060e150f0503fff2fbeffd310e1e0d15edf8f614db1103110cf9e0d8db10
1fde20e90aff06173a0e071df9ed05ea09f9fb0a250f0cfffb0bff040f0df812
031d220af8f512ead6e414fee9090a1be1fc221af3d7d31e04fddce3e9f1d8e6
f9ef11f702f5fa0b06f3d4382201001301fcf20d040dd0d9fd1914ffe60c1c35
0316e9160aeb11e4e3f8d7b1d90af003edeb10ebf5091afb26f3310ef2e718fa
fecd131201f0c7010a00d8fd0efc05f81f05eef6f3e602ebf7f804efc4e81f0b
ec0805240a120d1209ea0a050212161c02d2feff0aee22200d00fbd6090711f4
dc120c11080f2b0d0e0405f61314e019fb13ee1b01fb050e19161bf41705a7e8
10f3f3e70e110ef61ce7fdf5130f0332fffa140a07f6e814e21dbdf02709d503
e9c9fdf30fdf220f1ef7d7e9f9eee00eca1013fbe5e6f21307ffd9fbf8fef2ce
e4ec1206f0fafe25e920f222f115fb1706160a0921231213ec1b010ff8070bfb
0c15f5170efce9f105eaff0257f9e22726f51134f7f7ed050c080f040bf72ff8
1bebea21f60ee007ecfdf1e5ebfb00fc0d1ce422f0e906fc151306112108eeea
f5ebf3f400070221ec031732500de30cfb0feaf6fae4f4f805e409fa010511f2
12d8f90918f3db00fbf921180f17f116000610f105250df20210121ef20405e8
30e6330bfc1ef60c04f7dd0a0cde2e1a0818242024fb140200eae9040dc30421
e815f81d11042bf216fde5140c26fcf8ef06faf30105f70801fd03f5071b1708
1c2835e01106faf1f507ffe7fdcc2ae8f61de40806e6fe041ff7ff1a03f624f6
e0e502e10ffe12040106fdc713f4f5cae40313dc0ef2f71e0bf30f080cd409f8
030908ebfd070aff0508072a25e2f9f304fa110a140ff0000b0bf7041609fff6
00cbfcf8ef161f141805f4f121f6e000e103ebec0d2801fc0df50e1510000014
080435150eee0ef6ff0cf2e807eaedfc130eeff9fe1a180303db07de15fb11ed
09f7ed0004c31dd819d30df7eae30616f20d03ea0efc0e0e01270afbf735d0fb
0d08fb09fc0f17fcf8e014fdf9f30d08f9e6fdebfb21d3e5e2d6022d17ebfe0c
f721effffcf40bfdf80e1af7fafcf3e11bf2b60416fc0af30d21e5e7e430f117
0219dafaf1fcebe412fb0bf50c13fefe2d1b0de8eefcf6dc030ae10728f50e0a
2502231a1d161707f11007110a1f14ede0c8f6faf908f1f8ec130b061b040b00
dd04240f0000f4ebff18ef13f50a12e805f7ebf201230e000bdcfeeaff10daf4
1ee80215e1fcff16e907ede8fd1d1307fbf1ece50304e113f2fff7f3d7e0da1d
e90704f4fd190c0904010d0b02f9f11b20f510083003e3ebf31e2e2ffa0fff07
f60eee05f50a26d7dd1518ffe5f8130ae905ec1f0ff405ef1103f9e110f6f5ec
08112af609f2fb13261a12e3fd1600ef15f915ec1816fff4ed021c23eef9c6df
feffd300310829f811f017d72f22f6081bf117bfeff6080600f1fcf7efde05f9
06120c1206f1f50137081723e52712f0f20dcdf207f10e0803eb09f5020a23cf
ded6c101efe800f7dce425d9ea3404e9e6f0eb0317fff6f2e509fff9f6faf0d4
090ed116f811edfce9e1fe16efe0dfeee907f319e9f9f80c0bfff1dde4eefa1c
e8fbec03061911f110f0e7dd06fa100aebea15e91f05edf010e3180be920fef3
08f739241809f5f611f70632fc00f20902ed070c100310fa05e8ef1b0702db14
ececdd192e04e203fdfc1afedf0b20de0b0b1400030ffff8e71df33bfbf706fd
1bf40bee0aeff208200b0d01d6101808fe05f5ebeef414f3e9ffebfc1b20f30b
f1feecefef0e05f5040104f80808f0f90500fd0d020af8faf2e3ebe7f8f4dff0
0e1df50303ebf40000fd03deec2211fb24d9f70b191714dff1f2f6fe12e8e3fc
350f162313201b01f6040dca2002f1effd0628081008edfc13072e03f30f00ee
f5d7c118c71607080affdc1f073af503141113f1f00a1b0d0c0ff71a0118c4e1
11e201da0f052202edf2051e1528241b112a0218f0f7091314f5e9db1be6fe10
d2f7fdfe0b0cd80018140c20f81112faf22af320fa10082815051b23f616ebfc
07f1f0f425052809fa090508fa201706eb05f4dcdc11f3f50aff1f1907f1f1f8
040c1c00e71e01c8f6f2ede11312c9f2f6f502f50c0d07f7100202ec00eef4fc
12ed12f0e406d00ae802f4ec16e13018e6ef29fc07f30aea13081809f005f9ea
e904f807ea1037310304ff0220dc1b4ef8fdea2e1712f81300191c19f8e22831
1715090f2104ead90cf6befeedfeddfded0eea0ae5f6f40bf3ff1e0d20ff0500
06f8f8fa0cfb22cada01ee20f3f926f9f2fa0ee60ef4fb0df81207f8d020e90d
e620060abffd00f414f4eeefecf3f61f1f0b07f0150ffa01f0ff05f6eb000719
f20b0de7ecfffbda05ef360c0df506fd16cde605f9eae5ea0e02dcf4db01f5e8
0b33080d0216f62aeee70addeefa0bfcfbf616212e01fdf7d317f807e1ea1cfa
0602d11603e314e222fce8001214fbeffbfa140607f6df031d0ff7ddf5ea04f6
04d024e70df023d00eeae5f403ccc2f5dd180100f916f40900111cfef8b5fdfe
1bdf22ffe1f9e9fff91002001500edd5040f37fad3de1cfa0615f0dd1922e3e2
1a2f0e2005cdfd19f408e31ae4f2f704260709fef8070f0c0a16fa09051ff400
f1020806f8290be1f410eefe1803190e1efb07191b0608f31d12131bf50c06d0
ff14d41904faff0cf50f0a1d0cefeb12fd03d302f40cede109d102d91efcf7fa
03fb0207f61df914210b0726200b1bf9130cfcee1805fd22e9fd060a19e00a05
102a451809c50004f4f1f216ef020812eb11ed02f6000102e8fc02f20413fa1f
11ea22f2da1df8061607f2280b1af9260110fde60d07ec11040412faf3d82f21
fe07010f11e50c031c0cfe3e1b0cef14ebff17063d0705db1eff0009f5d2f0dc
c80008e3e2f5ff16eff416edccf605c4f90b1808e9190d12f5f3030b0413ff00
030cfd0213eef4130af9eb1113f2e0d0e2f419f2e7f6f9ddd8f1db0d040eebe7
cbeb0a02d7d7e9edf9f3e706232d450bf8f81411fa1105fd100404140ad50bfd
03f42af615dff2ed03f821f51002e2001a04f426f20111d01000e713041c05ea
e7fc0ce5d6d4efeaf6150c03f8ebed10df19e107f4010b09e7061ee10ef0eefc
270dfd00f8f40a1a080f072107e7110fdff50e07fd0f0f010af709f6edddf0ff
02ffe4dd04e9e83fe9f4fb132cfaf707c7efd7e9f109faee1025eef5fd2de413
2208eefbeb280c07ff0310ff0e090d1b1c0ec1edf5f8eaedef08f1f5192d0b27
12f6fc22fff3dbefefe7f9f6eb0dcf1bbf10c9e30d16ec06031af4e91ef21916
fcedf6e7f81525180ff30916fcd3fb20f9f13c0bf617f5ef220109f1f6122815
07fa04231506e8feea02f81de5f60d2d1720f711f0d7060f0d180b020a0120d9
f5ecf71e11e0fcf9e9e3e50bea3607eefcefe918f7ffe50cdc1cf61301e31a21
ff001605181ffe0fe5ef2a04f905f00d02d9e2eadcd913f9e802e9f50cfd1710
13f6fffcf7f0c8e41002e809f7f2f0001a0709e5faeee0090308e5efeef72006
15fedb320af7f90df9f80a07011c05290317fef929f112fa10fae6ff0d0c0b06
e90e20071a00ff2e3403fb14fd06ea2a05f01c150dfaf11f26dbf3f90f231703
1c02fbcc04ebfd080adaf90dd60c110df0051ef7f714f90a0ae210faeb0d1807
e8daf0c9fbfaebcc0ce1f2cee7f9ef0edbec050033d7ddef094f11f71d05ee25
f7fc0a28ef08f4f6fbc5f1ee05f41df01a11e103f106150fef15f5eb13f3fd0a
f9f9fbebda001ee6ea1e10f5faf0142a0bf6f902f7fbf0f52b14fcd519100704
0afa0ffa081ee70ad5f41f16fa230e1df41123df00e7ee1708ef0eeb1625f0f5
fdd004100f0bd2f3f9ecefe4f70a0e10fdf40510fbf5d6e2121807fcf3080eca
19ed010e22ff09252ce0daf7fcfc0b050115e427e61f0ceaeff8bc00cd1904e8
050001cf09f612e7f11a0ffc0718280917cf03fa0bf718b1e804e1ec0bff290e
1305f309fb1404e7f10a0d0e08db0cfa150df8220afa0515e9030e0ee306e42a
37091fd50c0ff20af500f513d6210af501150d45123ff7f7fff2fbe30414f811
04f20d1503e3f31c12fcfa072144f6fbebf50b1a22e20315f20b03eff800001d
060dc90a0912f417f3eb0cdd18dc0d0a1e1dc3d427f71009f11b0c06f70eebc9
fffbea3ee1f2f5061f42f923ecf1f6e6e50d171f23fbfc12fb01fb0df8e417fa
c40904e2f40bf6f1fddf0905e8d5f31507d616f5fe1001e6fcf706e4ebe2fd20
0518eaff1ee909190226271313f81cd6fb1013e4f60dee07ed0a081727fadbc0
f12a0a28091b120a00f922d625fc070922f6e6ff170bfbfd05de13f2f40dee23
ff111df6ff07111a0c150cf11bfc0dfce3e50ffb0d1cecf7e81bed2807ede618
e22403ec0cd3e7e70cdf13ff250000fc1afef2dc10f520f014e602f2fcf300fe
d8fceffd1cce01fced000ae8e90014fa10f6ea19d82102d605f516e2f5f300b6
eb0cfb0417fbf9cdff0f0cc6f9e3dc23fa0ef2fef1f5ecfbeff102f204f91cfc
0e12f122df09edfd1115fc070ffe01f9d911c30ef1f31effeb08f8f00a0cfe08
e9c819e6eb0112d7fdcc041a1804f9f02222fcfe0505fd0a00ebe20f07f7ff04
eaf311fcfef827fef918f121ff0efbfeddf4101209fbf628fe23fd04effdfe00
fc04ec090bfbfccce4f50301fae9fbe5faf0eef20f04fbe3f51207f4fb03f602
00d5e52ceb0201dddce5f518061c07faff03fafbf21e0832f6ee2c1b13211df8
fde9dc0afcbf020604dedbcefd07fbf00bf601011532e401030d01fdfaedcfdb
fcff1406dff2effb0d07f009450a09e5e705f300f401ff0e01f805db1704cdc4
181a09f4ce04010f1e09e8232c0c1213f2fc10f8faf8f5f2c7e4e408fa110815
eceae326ed0415eef5f01ae40be71ed8ffebd8221ffe230606e2143a0800e216
f6d120fff8fa0219130e131925070117ec0cdcdf22ddfcce081dda1d02002305
2e0c0b1f03f0d6f0e8ebeae021ea08f1f2ebffeae90cf3ef0808fcf1010612f7
27cf0ffd04fefafb01340d22d71c083805140e0919f307282a100416dcfbf4e8
f9f109c9f12edc150e15d22df5ecfaca0d16fd20fcfefa110dfe02f2e6f4fbd8
0b09e7f30528e4fdf8f1e802eb08eae002f9f814e8de0e14f700f91df315f71e
de0af103d42a09030302fb02ed04f009e5dfe9d41d1102e312e917001cde120b
0ff40d3102070be41b0de7d7d80601e50f091d010809f611e5010fffffe91efa
1c090ddf27042af211e5291bf5ebf223ed02f8e7121204b8ec020f00feedf2f2
f1fd0dedebf9fceb23091bf80701fb020fece7e4e63be0ea071dd6f109f80f01
fa180bf900181d1de11ef411dcf91f06f72114ea19f212f7020314edfbf318f6
eef825f2e7f1eef7fe1208f6f2e211e1292b21d20609f60df0fd22ffd503f4ed
f2f3041a0ff3f608ff06e3ef040c0521fc0aeefc20f0010f21fa17fa1ad90f17
06f90e1501090132f9ee0c0002ecfb19f1eefc030606f818d6f6fb11090a0e06
08fbf9faf8f6e7f40d26f0e9e7ee0a060201e9070b01fa1af711fa023215f40f
e6f5faedfb0105fadc1c0aee060f0ae7f81aec04f7e00afaf02de8fe0203fbd5
e31510ffff0e0a2d120822e2153ddf11f707ec13fb1309f5fdf70e09f20f040a
04e21f111412172dffe7fc2924390b111d15f5fcf4d621d60019020d00ff1300
fae3eb04ffef00feeef6ece734ebef0b142301fce21608182f1ffb0ddb0c01e7
18401c0af810011803110e061701f81d18f308e2f7ea20dff60e1ef4e2edd5e2
f11bfc161dec06df01d8d6d4f90df6060ff513ff0e04072d26131907f90d060c
0c2ef42aeb0e1d00e611f700fcffeefdf1f4e5df08041105fce3f9fdfb050af5
0ef23134ebf32618fbdde0081012dc2611174cf8de08f0051feaff12c4280901
0ffcf2f8021e1104fc07050d08e61c1af9020306000003fff0f9ebe7e9f4fb0a
e204fc1aed0e0805f7e6e8e0c2e500e10cf3e90c00fe1ccc37de0720eb26f7fb
f910051100f4fa13e3fcfc16f611faf4f9fed9eaf8f4f0f1fc1f281ee7f6e8f5
07fbfc08fb0526e4faf10e0ced0a11d2ff2cedf5e8f8e5f2f7f31e080ff9fcc5
ee01f92404ef1a17ea27050c1ced13ecfafbdff6ebf6d101d1fc1cd61f13db33
14e9ece910eff1e70c09f80602f7f718010007dad6f0fdbf0a0efdc90fedef04
f400022d020913121fc62708dbf2f7e71e0206f80d0d021a1d12000710f0f424
0807ff1a0a011f031cc7d9e5fcecebfaf1ee2d123f220a0e14fa1f1f07212416
f60421e309e50001fd13f9d2f315ec05d8cee30b1f03faff14b9ef001306e0f8
fa31fe20eee1fd1e1e201308ed08e11514f1fcfef8c206e9dafafef8ea01f3ed
fb1ce4f406da0119eb4906faf5fbf1e8e912f1e80ad90702e50201fbeeee0b0d
251025fa0a14eef2f5e4fdd201e2fbe72507f8fff7f6e912f90ef4e3e60816ff
0700ec1a282cfafdf32d26ed0e2415160eec24f013f7f4de02f907e01110010a
f1cd1f3205ced712e02bed26482117100424b9020b26f90de6131c080dee14e0
dffe2311deea071be5e00611d40c35d30d111af905f5eef5e2f105df04ed241b
0507f5f9041b0beadf031a0905fc0b13f01cffdf062324e40e35040c061ef40f
eb1ff4f908f424030df3150bd720d2f1efe51bfcfbf51af111df18eb1e16230e
0bfaeae31b1c180ef8f70ce50d3935ef0816f9fb0905db0212f6e6feee0af1d8
e525f906e111f023fee2f60cf8dfd03012efe110f115072100f23025ebe3f5ff
e6010915f4201509052011eb04f307f7fd1ada0f03ec0b131328080505e6f6fa
1706cd002ed4d20d14e0fc24051ef1fcedf8fbfdfff91ce723c00ae9f924cc21
f7fa12ebebf022370906f313edf3080bee0a110118180e0f0e042dfadfffed04
041211f90810e3efdef816f1dff6090adf0ce4f3f31f0bfbfd37f0dd1f0700cd
d2e701f4fd0f1316f2f6f5e915051b05f41e0913011311f5f318fd2ff60cd6d9
16f1fe0de902050e1e32f6fcf304ed0611110ce012f914fa11050d02e8ecf414
e7fee6f0e9e613142c2207f817090d053d02050c110f04fe1119dcf40d0b1820
ffebde121505fef0d0081cf62afef6e8d9e2ef03f804ea04f1c321011d1f002a
2a09e40d1a240c190f0a280ad8f212d60801fdf71be8e6120cf1fc05f31831e0
08ed1a09f71f0301edd6d8f007113bf7f704d9f7130bf21ef8e8f81118f8f60d
210cfd23fb1a0f0d0e0a04030b1d1a10001210fe00fa010f0619ec0017e0fdbd
1af6032622fd1d01fff745e117fde2f4e709051df41303faef0b0d0eefe4f101
ec1519eaf4131202f7fe120c02ffe5310afcdbf403cefe09eaef0e0126d50934
ffe7f3ed3a041c152506fb02ce18e6100f12fbf2070b04f4251ef7ec3f060612
0e0fe6eef2fbe904060203f4fe230d0e06fce2f70e07f5eb00f22005f4fe0cd4
2b190de0fddaebffdecc01f5fdfcfffef30900080405f0fafc021100080e1116
05f7f51304051bfb1018fbfa02fedf0ad8f2fcff0b1ed1f82ff80512e5f9f51a
ed0000fdf9f20bfa09efeef80006f1f5f705e0fffd02eef1f9eeff140405e50d
e902f82a08df10fe0601f422fbfde700fcd50de5dae8070d060def150d182ee5
1609f9e8fb0c04ebcf01dcfff0ed0f1802f8eefcd30a24f50312f61d3205f316
dff80ed90502f70edc2adf060eec09fbf515010c04f6090416eaf1ffd2fbdf26
0bf30d02fb06f5f9003a1618ef0107f9f3050ffe1e10f31ad6fcf0dbcf0feeda
0d2202f7070ad7fa1fdfe60a0ae8f618f1140ffc10e408fd161613f6f30ff7f5
fd161fdd0bffef081a091211fde927edd0f8ebede3ed1614151b03e707ecbe12
e012deedeb1125f9ebe203f6f2ee190e0000ec0907f3ff0fffe6ef06f7101212
09200d1bf8e1f0f12922f61502d02613eef90817000505fdfef5f00d18080e08
10ec1ef00b20d8f5f1f23c1af915f93f3112fdec07e4100d180ef1f9f1f9e311
ff11f61cf20f28e6de0c2a103601e60d2c1813db120e1e12f6212506160cd6fe
12f127d4c6f3e5060b13efd71729e5e81403e5fae627e80ff40dfb03f2180ccc
fdf6c2120106f4e008d3e9f7172adbd2f5f4f603f7ff18f70bfffe0209091b09
0ef4ed02e91f02efefe60fefbaf1e6e3ea0607ec17d9f918dedcf90618e60e13
01ef092c08e5f5ee1204f5fb0201f7070a01eff5f2edd8f20502f1fde11918dc
1bf307e3de03090f25f50eef2321e7e7ce14fe0f17061be707e4061009e9081d
1c11d2fcf1eb09dc0ad706fbf2f115101ee9f1f4fc1dee07f113eff316f1f413
f7f3e100fd280712dc2b01f0e7f80d050eeaf5f7130603080520d4e3e60deb2d
152a1cddf0e60123012f09010309f609fe0eedf709fc060408f1f9f9f40d14fb
f5ce2dec20f1320cfd090a1323f212caf2110c0ff00003eb0205f10b0d09eb0f
eadf0f06f605d3f9190ee006edf1f1f6fbee090b00f9d816fb0ee1ec0ef3d6df
11e811dde21002e4eeef0b01c0eb09ef25e9fe1113f819edf3ee1c1bf3170ee7
0c321d0ee50e0918f5060f02f7d9fcfdfff2d406f4f8cad513e9ecfdedebf016
050ce2d10e1eeb22f61dedfa2dfefc0000fd1f19f4fd13051607e8e9e6021f15
f5101bff0cff0905ff1405122b17ff0209e42dee18f9eefa15ebdef7e4fc1d23
ea02f9d8f8142903f2e50107ee1af5ed02ff0207f90904061212050e05fe1609
19ebdf102713ea171631f40416f8f1da0f1007f4f8e6dadee4f707fdf0e6f215
06fa1afc0b01ec0bf9daeada0d011beee505effc0923ef090302f9faf017fd0f
27f2fa0c22d7e5f10320e1110304edf70afb0b0ef3f61ee21622f0e30d19e5f5
f602c6f7ed030a1ef714f300eaf0cbe5e8f322fbf5ebf100f0fefff7fced0f29
ec070eeefaf90004fb0a130509030f0605171afcf9fe06f720d61ef1ee1feed8
3615e40ff8f1f9fd0931e413f9da1ce9fc0afee202051adf27e41605e4df0708
1218fe04ff02f4ff1a13db21250d0cfa02eb110112f5fef90ae5e70ce9fe0608
03d9f7f9f40620f6061b0bedf810edd9fde720fd17effb0cfeb6df020b0cfae8
f9db1b0b1b000102eaf716143128ee1213dde528f5fde4f31303031dfa070b2b
ffd210f9fa090801bd0fe30d3af335d80fedfc0703f5f8ebfa3c1411fb0127d9
fee20cfae0cfe71d070ef20ed2eded2d15f105ec0004f61dff040b13fe12f5fc
e5172233f3e1e515181d1bf9f3eb04e81afe12ecf4eaff16f5020e0709defa1f
020311ffd8d5fe08042ceaf2de02ebf60a04111013f10af913261ceef1eb18ed
defefceff51915f1111905020d151a0b320d1119e0090f0cf81a2800fe0a1903
f7e42cd429f8123b2bcefe15fbfcfc4df616ff1ce3fbf22404ec1917eb02012b
04e8f5fbfcd82ce4e7ed1131f6d12ffeff110cfd17101816fcdcefee08fa1ff0
0fdbfe16e9f7f30bd409fe08f30be6b70f1c2ef00320de110e0528ffd8121ffa
c316110c052007052a010c092dfdedd8f61bf71117f0e408fd160605ec27fc17
05d708e6fee900f8e6efeeffd0edfdc718160ef214f6da57ef13180709f6f81b
0611031821102bf813fed8da0006eefd07d5df16e3f21af2f5071202efe5f205
f407cdfafbfe04cb00d0d3eb14edf3e9df1608f00eeddfeb1ee5ddd9f31407ee
160a1a040c09f648f71b0a1110030025e808f90f30fd1e0af1e519ddfbf0eed5
fffafa080de220f2fde0e108feff0405d6edd3f3e8f9d6cff9c0e9f800dd04dc
1905f2eefe0606ecf111eff30be8c3e2fb0c1d031b1bef15e4efff0c1bd016cf
2308f7f40b1819db04dc181117081cf7d6e7fd0207eeeef605d6eb080c03e10a
f1fdfb0307fa05fd16e8c61601f311eeff110d09e8f7ef0f06040e05ed2413f6
e51026e60ff8041fd7391d04ed030e0f041c19e6f7c2f5f40fef07e9071ad5f6
100a0700e307013a102ad300f0ef0628ea071f0e05030714421b05e21820fb10
220a2006f9d21202f2021be0fbedf0e614f30200f60af4fc18f60618eb041cde
0af82102ebf4ff0005fadc2a07281a35f5fafaeb083a0ff3121c1a1c0409e2d2
e41411d9fb1114fe1c2dfc2c0115f61af4e3dbe1f8deeaeefa14cf1efb1ee5f7
f3f40ed909fb1f360e0a2a29f5fcdc5ff8e410feed0811d917fb03161003f4e2
fde6dfe3faeff9fffdfae81103f902d00be1ed1cecdfe81109faf9f2fcf7ee04
09fbead8faf618e4fd080adde20fcce8070bfc00f1f4e9d606d53623f4f309d9
db0ee6f61300040e0edffefe0bffede101f009f910e8eef75206fe00110d01ef
ed1bd0070038f710131402f8fcff0a21ef150413f3e9e6cd0009fee7122627ce
dbdae1050bedf7e81c0dff02f9080eef01ec04d309f805180c1efb060ef1fb0c
fbfcf60916f2eced2018f013ecf004fdecfbfd10e3fa1b12f2d9fad407fff214
fcfb010b08fdeccd06f3e7f3fdf703d4fb01df00fe15f5e5ff07dc04f606f0e1
ff16f2f0ede5f7ef10fcd605160807f5f714f1f1eff7f2f4302ff5f60a0300ff
cd08fcfb0c0c0f0e1f000f0c00160ff3142bf60a01061d0f2b0407ff07f507fd
01fcfaef1fe70eccf5f41d1af8fbe01b0e3c0ff6f6f92df3daee05ec0edbe7da
f81317f6e1ee0f2ff1052eff0a0f1367ef09f3e4e81a1eb0f6090d031a0bf7c6
db0f0007fef5f6f61df8142102fe12f7e714ff13f8f341f7080a4cfb0f0df1e9
22f135f5fc02e826f9d6230afe140d04ef27efe605ef06dcf3fddb04e7e2f1cf
f0f3f9ebfbeb14ed15f1f6f9ead5e2d8eefeed01f9fff506f8e9f5e205fbfef8
e3fa1e13001be50c38e6ec01191d0d0c190bfa181bec073ff609e2fdfc06042b
f2fcf6e8e51ccfde02f42103de100b250cf1f713200bf924211ed5ed0b200619
371d06fc08151b0b0513f9f8eeee03f1fa0e211be00c33e6fe0a1e13e5f50ae8
e60cfe0015dc0af002ed0535001ae009e5c2c1e8fb0be113fa0ad0d3e52322fa
02f3cd21ef2cfdeaeefa10eef5db050e050405fe201310ea04060614031001ff
0604e7ffe815070cf213e51302d2160dd223ce1d1d06f8dbf4eef0f828080edb
03f8f3e60ceff7e707f8ee101afa13fff1dc08f306f907fbf518031a0422f314
1de8fa0ef5e8f8dff8db01fe06e407df1113e6fefa00ffd2f7fbe01a01f50f05
e4e004120fe10020e611d1da0f0ff5f802fc20e3120c1a2121f90cf1fe1ef11e
f7f52216ec2d13de0bf02af50509e5e014edf7f8f71b2a05140c0a11f4190a06
11fe3702250d1913280e1625f2f2f11cf514fb11f10807e20418f9f5d9f317ee
1a0aeafe1e03f00cdfeb31f1e0da01230002220c0c05fa061debe0100a1a12e4
31060e04eff705e8f91721faf1ea17bd0f01e3e1e30b10e9e6deeaf709c907f8
ef530700fdf23230040b06fdf8092e0e20ddf50104160718ed1629f0fa20f608
051f091b1509120dfb12ecf5fefb161ff108fee9000d0fdafbe1edfafae506e0
e20808f9f8f717f60c22f8f436eaf8f614e80700011de32503ed070f1c20fd17
081af4e11107070fe5e90a0803000af60ee8ff27e7ffe70ce8ee040606fbe853
df0cfc06bdfff918cd001fd5ee0ef81c0012240105ff12411306fcf1f5fc0e3e
0f0f160bfdf2ccde10ec010c0009f18c0af82405f1d8fa05060204e90b11f3ea
e4eaf21c051a1b1026f4131302e11a00f515fd01f9e32c4b05eb1afdfaf7213d
19f51ce623f6e306ef0b160dfdf00dd501fbef01152d04e4e7e8e1e80e0ded0b
17f2ecfdeaed0008d41ff11e08fcfed1ea140dec20ef1f24ecf7fc1717f8eef5
060cfd01f6edfadb03020d160c1803f90afd0b07f10e10e9d9e2c7f802f736ca
0510f3e6f001f0e4240c2b1700eee3ff2d12cbf218c20205fb0eea03f4e20715
29dffe07010438fde4112308ef14fc09f207e90dfafeccd7d907feeeea04e9d7
f7ec17ee1415030cfe0fefe408cfe3dbf308f70712e8e311e7e7f6d0e3fe0a0d
ddf71e0ff9e5f117f3df192a141b0efc12f4ed1bf42ae91c1a2129ea0a04ee11
dd06eeff2ae9063301032404111e3c200de918f612fd19090d1c0511002302fd
24efe0dfffea0128e7030a030520f6f9dbbd200ef4fa08220cdb190cdc0cda08
1d1b15ea0c124d201e4bfe14faf8ea3cf7fdf1f1fe23bec1f6ddf8ea01f2f1df
fdf40016f9d5ee37f6113b2114e7114311e8fbfbd6ff05e8df0e14da14f4d5f7
00faef2bf50cfae503f8f220f8e72ef7121cf8d602fcddf90c35f1e01307e8ff
39101b0c3ff50ce809201c0ff71d2b170009ec250a23160f123deefb13160be3
ef08f30ae4ed2608f7d3fec4cfd7e40b16f704271ceef8f510ac310203090203
f414eaef13efdae71100fa1ae724e4e1e00209200bf404f5290fd707f9f006e0
eb0f0f15024bfcfbf83130102c0411fdf11229072306061dea541af20af50ff4
ff07fbe0f9fcfbfde51ce921eefe142af9e6dc0a2b112127e11014fc1cff1018
0a1710ffe7de101316ea2c2604e20f08131bf2ecf8200105fc2dda30f1f02deb
ce0419e6eef0f016f908f619e81211021efde2082416e5da07e2f8f601d721db
05ea0b0a1c06090bddf519e5f509070803f5f302fce6e70de6331df7e81112d8
d508180310e0e1fa03b9eae7fb17fd0bdef1d9fdc7e9fc2204ea0108ebf6f404
f8031ae6e5facd0efeef0cef07f3f80ae8f3e815c4fb0c0df10b0efc1f0c211d
03fdf6fc00070cf1fd21fff1fdf138fe20e7def20af30425f4fce9f0f5fa1c02
e3f604f104ebf002e41ffe1e0002db3415fc25240403030d120622e0f5d80926
eb04e115f21cf8070cc3eb0e03270fe4e10ad0f7fff7f4c5dced08f7eafce81b
3b0010f82d15eb130be1fa0dfe07192510e2e6dd0e0b1528f2ede526f8ddfbdd
08f90a0711fa020debe8de11dd08e1ebeaff10fe12f81e140dff01ffdfe60d0b
1e0227e40509dd0b2cf7fc16f807e004ef0a151ad4d1f4e416d504e92efbfa05
02e3d4e0e6182aee06fef8f4f9efe0faffd3f2fec4e91c0fcea7dccfcc061cf7
02f6fa211620f6171a28fcf220fc11f7ea1be9f906171af40b03f3071c080aff
dc08f80f2a2a0d0514c22a1700060b3b0219fb0b2109def4f00bd3fffef5f7ef
1b10f3f3e2f0fa19d409c900c7f2f309e904dff0e0f0fe0c0bfd202a0b0afc0f
db0709cf1bf40ff9fbef1e0dfefb03fa38040f1d03072df104d327202204180c
10011e0220e3f7070ce908e62119fef8f009221ff6f6fb0aef14fbeee6fc06f2
0308ef0a0af710fb22bbd10612e7f4fb05e61500ffeffe0d0400fb14fcfefef9
fe2012fff804e1e80f17f90821fffb07f7fd090dee1cfa12eb591ae6010607d5
f8f8f6f3f9ef0501f40212fffbf7f4fd08fdeff9fffb09f9eedbf903f0ec05fd
cb080108f7e80d09140af922ceffe718f2e1f5ede41816e917ebf4ef27d6d600
13ffe214e71dd60afcf8ebfa00f80f06f3f00af0f50e08bd153223042e0f0ae6
1207ff1117fa0fe8eafbf8c1180be3cd0bf5fcfcff0a061a000d16061007ebef
02f7e8f10200f5ef1965f508030def141c0400f0c6fd001af315ff02e60a200d
ddfb0d0d0c04e4fb071a16ee1701f603041e040d0eedd72cf371dc07ed2d08f9
f00cf43e101e0e02f8590a01e309e7f50eedf6de03f6fde7ec011110d6ce2016
f6ea0bf9ede7eafae0b10013dee9f50df8f7f1edfffe02eefddfec02fbf80a00
00fb00f30efd06d10825fef4ed07ea0019ef050c220afd0ef4de092516fe0008
320e030016370dff11f1120df30908ed01f1fbde173afe02ed1cf216edfd0320
05fd03e5f6f62be0fcbffdfdecee13e6151010f024280cf8230ef23ae82c09e4
f7ef23fbe9332cf02e2deada260600dec30cf8fa220dff1bd4cce2e4de2617d9
19f304f709ea1d09020af529020e02dc2a0214f9d81ef0090a1afbf10e0ffe06
03f2fcd506d8c7ef08bad8fef60f15dbf523ea06c1fb01060600e10dfaf00103
f50e060915ddf3f202e9f404fbfbf50ff8d21802eec2ed0ec7ae23001dea15fd
241ffe14f41bf7f5242b03240bfa0ee9f91aebeef2d911ee0e09f1fed620ee08
0de10613e9063327e998db0df9f9e60b0a0910ec1e042f1f13f2e8001af313fc
e10d08fdf0ec1906f13408f706f80ce1261012f60c0fe3ed221aefee15ff1a05
22fb2e32ecf922f001f20be027fd08fff411090ce9eb0df7080307f903000a02
0415dffafb261c110636f8f5e7e612020802ff090d1c01f90e490cfd1a0e0af7
15121de5ff17f3090bcadc1132fee802e301eb06ef0f06fae4dbffed15ecfcc7
14fff4e51f19e71929e2f9f7fd0513f4131cf8e8f1eafa051614f0f5f7e4eee7
060e1d2b180ae71afb1cf4fd06fd0a03010af50b05e0f719fdd2040be5fcfb14
0ae0ef14dc2808e2f8e026effef8f8ec221aeb070003f7fb20eb20fe243b000a
0929200702ee38fbf2312dfe0b2412ff0206070416f0c6ca05eb02f5f4fe12e0
fef1f803171adff1e825e73ddde7fc0505fbff1d36f0090ae4031e0dfbf2fe1e
f4f10ff4cf000de3dff026f629faf6f305d801f2effde3f608e6e0f6f805f8ec
01dd111dfdff07021024fd03ed09f9eddb0a17fc2c1528ecd14812de0bfa1e02
06fc0a27f5f81df4d5f3f5fc0b0d00efe5e514f6e91f0c0327cb18fb37edd3f1
23ed190bfa0df1e9fbe7e407060d01e8dbd9e0e4280cebf70f0f01fceb230504
fe2ff90ae2181216212dfa011d29fcfa0a23d8dc18dfe10801fdfcf6fef0e901
1a0b11fbd5f31806e7cdf31425df06fff5fff7020ee2f2efedf9efece6fc331f
ff07260eca0205eb354a2d1d06f1ed28d70fff0fc6fdec14fcedf0f806eefc03
07cffbefe9d2e40f1ae8f3c9041b1219b407e7e71efc0803d91bc634df25f40d
0a01e317280107d3f80310f3e116101bf50811ef0ce4ffeff4e0fd0cf60a14ef
0502e70e090404090e2809042703d3f4fe061130fcd6f3d907c5070a211dd3f3
1ee2132b1fe9f414f1d5ca18e7180216f8fee00a05130310363fe20cda0ae8f9
2a05fcee1e071a10f61e110e1aed04fcf1fde40bdb1c0501fe3a13ffe11fd404
eed6e5dff4cdec0e0011e1e507e7d9100f11e006fd05edfee6dd13f212db000a
fff20a12fb2427fa040d08172202e6e82607ea073931fd2f1715092b1a1c0dfa
090d17050a19f50cd71ef3f4fa2afbfff605ef1505060d1a132c0608fb0f0809
fd192d2beb0ce53219100c0cee080a02e604f9f4231d260ff9fb130bf102f602
16c3ef0ee61115f615ebf9dbf6f8dd1bd7d4fee9f7ddee0decfe010bf1f80a04
1b060806f71b0200e51301f40cfb1b04fc2a080912fb01f8f2e4eaf114f4e50c
041d1800e1180d05ea17fd1e07e00503fe07dd0aecf7180f1c20e5020ffdfd20
1a2236d405ff131ffd15f015120e17f50225f6000e15d5f9e90dfdfdf8ef06f2
000d07f4e0e5f6fb00e7e1eb06030a1007f6eee432f8e81a0a0828d2ede8e501
180d1510eee3fc0e21e507221e29fd0b1029230d2b28ec0c1ef710f124fdf014
1002220a02fb06e104f90bde07f207ff01e3f5dbd7f1f6f1f9ee18f2fddf1201
06ea1501030bfbdf0df9f7b603f7fd11e30b16ea27000a0fc90e0f3b041ce610
07f10aebf9fd0ad409fd05faecdaea1607ee20d7e81be2f6eff9f2040c0b0604
ee011e05faf2dcfff02f10f5e50bf402d603010dea0e0c2621e0f314e2fb0e1a
0718f4f4e1d6fa09f8e9f3fa080e270fe7e9d1fcf203e8ff14e7ffff3d230ee2
0301fe02ef2f01fe0cf8fef4f71b2c0d101535f92af7ea05fd16f7efef0c1916
e900f20007f9ef121ffdfcf9e90802f912f8f0ffd3c717e80001fd02f8f1f113
17fd0efa27fdf613f6e81517ecf809e7ff1f0cfc0b0ff2d92af21eebe6cc050c
1605edfdfb38ea06ddedfb1ae3050af8d4dff215130cfc1c081420f7fd0ff70c
e40b1a190fedfe1813030e05f01518fcf1dd110af5dbd30900050e101cf1f7cf
fe22000d27e7eb05f10508fcffe1f5f2ffd903f6f206d802f1040ad3c7110000
e3dde904fa05e602fa08dff7e8f30c20f104f71016f909f0fdfafed21de91a0c
141bdafae4361b050117ff1cecf9f3fdda1eee11efe812150f0207ebf9170200
25ff04f7070a16f4142808d02b20e017f801d00d02e4fd01e919f50b0324010d
fecf0eeef4f9ff07f1160705cbf8dfe1070b0f0e0f1ce8ff1be6fed80bfa0315
e112f8edfd06f7de1b201719ffd7f9fef305fb02e5c2fa07e90405fb14fbef02
09f3f5f20505f00a000affe816ecf90504020a0dd7020deee600edf20215f7ff
e1f70df6ec0b08e1fff516f7eef7030afb0f4af6fff020f2eb1e06eb0ffd05e7
ff162213e4c0e302f90bde1e01e8f0050e1613f02019e7001c0c1602def2c8d0
ec1ef9d60836041df3f203df0fcfe208e20c010dbce90ef80c000cfceaed0208
0809e9f8030d0016fb2505fae9200038f5f7ef20eee2fa16fe001231f8f0e7de
0a00e4eb0e010205efed1805e102fbcf1ce222e7e9e8e7fc18fafbeceae00e02
120cd6f909e111f0f7dbdf292018001504f405ef030dffe303f0cce9eff4f90c
e8090805ef27f6f41904f5cbfc28f60e11ecf6fbf5fa0303f604ef07f3ef0cfd
06e5f90fdccffde3fdf9042217e9dce5f2fb07f11eea110a0f0a06ef0e2aebe3
030fcdf50efe1b0cf9fa03000811e60513e9fa0afcf702ff14fffad52df80ce2
13e3020706d107ef070a062ce708ed0cf9f204ff080cd3eafae10bf8fd0a0712
1513f309f4efeeeb1c21051cf7e6dae6052a180df4f9d5faf5d903ea1efd1d04
f11305f6f4e21a07f3faff0008ebea340dfcf80af906dd05270b1204fbe0ef03
e8f009170e0518d8f80104fc03ed010e0de913ffe6e2e2e30d17fb09f4d91d1a
f9e317e4e6f6fef0ffed120ef9f824f2fe2cfae11afc0ed70ae6121820f2eef7
0afcf303264222ecfae917e4f305f5e502f024e6e7f6fbe1ff12e9f6f9e11e01
1b11f5091b201bf2de0b03cb110c16eb1f0509f52fe6f5e80001100ceefb4404
d115f5070e0408f6ff01192209ffea14de080b00ffeb0709e639b5000112e326
0424f4fb170005e2031101ecd3ead5f717030213000316fe0403051502f70308
c722f40310decad70c091b0efd02f21514f1fc191c080826f30f0f03070fed14
17cff91d00d2d60b11e30e1414f0e0f2f0f403ee000af817eaf2e3d7ffeb0d08
fbfdf5fd17160403ffd0f9220bf52620fa031c1e0c0e0c02ea090804fa1e1af9
0f060ff6f0defa00ddedf420000a1f0cfbde1301080e22f4def607e1ebfcffdd
2207f2150fd90419f50124f22021f6e9f0ebe5171704f00d212eecf61ff1e015
0d1eff141019f51fff0aee06fd0e2afbfbc6f9f6edb2fff12b20fc1ce409dfee
14e9d50df4dd00f7f5eb0b26fde134fef40007e90c0b120206fe0904fa291011
15ebfb0f1cf9fef9c0c7f5ede511f81202f8eb120813d6193bfafbf3fa10f1c6
fff7f6edf71d1c112e03fae31f11ece7120925fb0a0d091a1113001af7f8e1d8
010cebeef843fc0b07c502db14f405f60c0b050af7e704f7f4f9fcfc1ae0fe09
07fb14eb04f0e21e0ce0fd0802fd00f119ef04ebccfd1201e2f3e607e80419f2
0bf711f605f7201bee001c1607f4e9fde01cd213f8ddf5fbda1112f112f11c15
ee18f213de1c1809dde1e0fa03e80dfd0f08e909ecf30de810180c1d050518f3
22fceaed0b0323fc04d0f507301a06eb101cdf21fd2601ffe4dc130706f913e2
0b27df16010aebe9082e04d6fd12f923dbd9f2d6cffef3f7d7e1d4fd0b03fde0
04140ef11a0001180c0c02030a00021b081905ef0e1c0d080a00e20704ef20f1
240502f4ecfdf3f50cf3efd20311d5fc01ef342027f61be8120b0f1cd617f71f
f7f7ffedfbf2050cf1ef1aef04e20bc80704db08e8fff936f8fc1c2d14051d12
e20efc1bf233f30119fafe050407fdda12c5d0f2dc0c0ee4f800fa0705f0e5e9
0eeb10ff130ae2ec280dd608211b05fadd1cf7f9ed18d90901d501fdf0da0708
1a0c04e8e90517f4032eed100ffc101f210e0ee91b25f4eb041cfcfd03210d0d
05ff0ed6fde21e2df60a120100fe281b02fdfbf501d8f7070dfa261cec0bfb08
e2f619fb06240f1b0cfff0faf8260f160ff2f20807210dd8ebfe0503e81311d8
e0e500fb00ead7c7eebe0efd01de04d9033e1c0c1cf107d2d8091c040cf6f7f0
f21ced0f04f60bffe705e5061306faf71b33fdf322142d1ae4f3221d030fe6e2
f0fbfa090ce10003f9f1feeb32120f1211190f00ee1a0bfaf70a23f6e102e304
f10c0004f8f3e7f803e4ef143e2401e506ff020ff31d02541ceef6ff200e0a0b
0f0de7f3f8fa22dccbe8e9e606f500d2d9e50b08f018ec080228f9dafdf701ff
190df808fd040c0f22fb2d23f2e404031f2b21e8d0fb1d11110fe6f8f7eb1814
efd407f8f723ec05fb0402f60a120ff6e89e03f2f3f1f4c3e4f3d2e6e8d9eb18
14f5e00819f0e3fae401e7fa18d70ae1f71afcef1e120838fddb0411fa0a1f07
f6edf7ff21eb1efdf9e6f80afbd6052405eaf003080b26f4fe022b07ef04f123
091124fbf0d308fae08600f224e0d1e5fe101311fe30e733f1e7ec0cdaf4eb06
f2f807eee518fd2047070f06dbf8092cf5e6cb0702c9e60edbd0e5f8e8fd19fc
e209f8fdea0f2df2f5ef2605f9ebf0fe1d2bf9d00c1800d8f60f170b0e1c0405
160addf002f5f9df2cfdf5f1f1e50106f6e7daf502fa0febdc0bdaeffb2015f0
0f1eece3f43f00d9ff1c1b120df3130005f306e90efffc18fa1bd610e823f819
d917ff08fffaf50d1f050dfaf62606e8e5fcf2f3edebeeee05f6f901dc02f7c4
f31f160bf3ea180a0c26281dff351205e904e7fefa1d0d362d1ee3fdf70df305
ecf0e6f3ee25d9c215f30ce7050ffcf5bdeb011400fe07f2ed040de4fff6f60b
22e6f82ddceeffeae40bdce804ff032019f814130508dbc2efede5f40efff8ea
28130ff40f0709e6000622f00b08f00b113901d8111efefc1001f902f0f6fee4
000502f41100f9f9180e2811e305fadff6f8fbf7e6f8eb12de0ce5efe001df12
e5b608fafd03f2061b01d0f71300eb0513ea0bec1307f7f30a170afbf6fde903
23eaedf9092402e00c1df12c1a221af9fa090218ecf31213f7f9150afefdffec
f9eee2fefa01f0eb00fdd5f5fdec0202e4dbec100af7fd08e5ec00fd05f5fbf3
efecf91a120a03de0218e2e60beb17f9c1f509f7020f01301be1eb02ecff2617
f5fd2c0cf11bf017f214f7190cfffffb042d290635fdfafa04fa0e1604e91c14
241b0feceaee0319e91beae90ef8f50bed3c0732e8070302db03fa0f01eeff2a
f606e717dbf01f0f2012250c08092a2b251dfb26e91bd61d15dbdff00e07f5ea
f7fdf4ea04fb0904e221fbfc07ef0ce4191efe05ff13f005fc370403283122f9
171808fafee80c2f26dffd050bf710e310d703d108e909e8e3e3f0e703e0e529
ecf8152906110fc7fffe1b0bf3bdfbf4d8e717f207f30ff9f10c1c320f0d12fb
e0ddf5fd180f232e00e1ecfed5fd0cfefbfdeb06ecf8f9ec0ff835ee0c0bfc07
e60bf2f2feeae411ec13f301070321f5ddd6e4e4120e03fe0a350a0d0ae1e91c
1221f6e5fbf7e20df915f80923f6e8f50f0cee1528f001dc2a01120118fc0c11
ff04f6d50803dd1e2513ecf9f30d040ce91ed10d12f20202f80600ef27f100ed
daf514e3e6f50fddf5f3fcf901f6fbf2040ef7f0281311fb0a0be1f106001217
21c5fa0bef0ddae1ffe717f3cdf72cfd06e30ff31203eff610f7cbf9ecfb050d
f5e009f8fe081ae8f3101de90504f9feefe6c310122af0de0a2b08f4dd26e0e1
120f33de1fdcf6edeacaf004f3e7dcfa10f1e72cfeee01e4f5f6e6fd3006030c
f8ecef2118f8f40d0612f4020a1e0dd00d3131f6fc020d020f150efc27fc0632
f4350e15f00305d3e5e8f3f5171227ef0624f5f6d906f42ce4f2fb08162116ff
1b0222010d2b032b263e01231f33ed06fcec0f0211f7f7ff0e0cebcc090108f9
18070711c00e1629f5e70e06fb05010af82011eb12f6edebe0f61801f70cfe0b
07fef8e0ff1001e2d9f4f8f5ef0203f6fbc6f400ef0df7f8f80e06dcf3cde303
1ffb21140d1f042205fb1201f2e7da2bfee8d80bfc1ef6ecfd1ef50c000707e9
1a111cf61220ee22f81101fc30ff0935e8dfecf30de724f3e70f07ea030301f9
1d0c201cfd0711fa0b2e0807d924180c08f3e0fff809f1fff3132105fbf8f1f4
260e1617ebebf72bf408f5271623f81f01e8eb1d2822fcf6f4e8ffefe7f605fd
05c913e4f8fde3c309ed26150c1b0ff8080c0b1409ffff0cfd00430d0bfef5f8
01e4f8f5ccd82329edf5cef2d6ffefecd1f7eae8f8ded80802f6040214ef0ed7
e3e6f4e01e190df10fd41b0ff7ecef08f81d0710e5141b3f05ff100f1f1f0205
d0fbdd1edb0c1e1716fd1bf5001c25dff9dd13f2f4faf905fc0018ff020b0f33
05fffada0006fae1f2e8100212dedf28fdfb0502e1fb1f0ef00e08fbf21ae2ea
f1261603070512fd03f7cb1403f10803c90dda0b0fe5f3d40ffcf4ec14b1ebea
d8b5012c1bffe6effc12f1f8e3f10bfa26f3e7e007d4feed10e00efc071d1626
060ae4090ff8160c0d070b1efefdfef806ed0bebf9fe002507facf0de00ff009
f3f40aec001a02e305d900f0efe3f5f017c4f60cefd4070405dd0f061cebf719
161bf50310f7ed09150d0afde6fe150003160ef20bfb35261cff13ee1a1625da
0d0f042c24fb08f822f52104fde8e1ef0e0cfe37193008f72cf7fc00f00edf03
fd14cc26f20eee08f2f91813dcdf0a14ca1ff5eef004e4221ef11305f3000118
1a010f0fe5ca0136fefc221b090abd00e8f0d3f21205fee2e9f3daf3cedd0be6
1b1bf3faf1fd012bf3fc17fe180a25ee2de40f23fa07ee3c10f9e513011009ed
f10ff615e6f216f1000b22fe06d2001512f305211c1706080320d8ef0b01e9f6
ff053407f3f7ed161bfaff18030cf5e9ee0b1806f10dfdfe1eff0504f70000f8
fbf7e302f7dafff910c904f6e5061aec26eb04d8fd00e805062bf8fd05fe0109
e7e7fd0e02da0a0316fefc22fbfdf6f305240e1f0227ea160405f70ef8fafb03
01000414091513eb2a0401fcfa211a1ef1e8fd1e24ec112afe1b1709fdf00de8
13fc0cf7f612080f0412f8f203e604050be8fd13ee0ce0f303efe10801f7fa0e
080415d62ce91011030220211b070305231e030107012608330014f5062df1e5
050cf20a241dfce5071df0fbfdfbe8e0f6e9ff13d7110901e6faeeefebfa0a0b
15ef0b02e316dffef7fe1cfb00f60c10db0eeb16f2dfea2229f51cf8e8df2333
dbeffdc9dffbf60bea1e01e605f107f4effa0ff9daebfed7cfff04f7fdf51408
ed1105eb0af6ebfcd5f4e7e0fdffe0ebf90518d6fd2be321e8f7f10f27ebf3f7
08da0b173407f3f6cb03e90cff0ee307f0f8fcf613f6f800ef070eecdff02bec
f3efd4fd0de3dadefc07f9ebd115180434f819271f3123001811030616e81b0d
f1efeeeb0afafa320e0ee934f4ecd5dbcc07ecf2130505f00b091cf3f6f1e9d4
f1152e0ec1f3f103f7091f181202f40bfbf918081914f1cd0cf32af9050413f6
0522f0fde800120bedfcf5faee0bf20b2af4fe1717f0f3e80cfae217f20d1a1a
160a0a252311f20fee1017c31acbed111e08e0ef1aff06f615e6d4ecdff4fcf1
ed02f72c1307f6001b0ff912033204defc02dfe603240312e70bf10ceeee04f0
14f4fc2721ff1502320e0711150612060ded06fcf8052d090ffff9fbe9021807
15f50bdced11ef041ddf1700fa190b07e2f2edf400dff20afe221afefbdf09ea
fff1e5ea22fe190ffc02fb17e4df06fcff11f904fb14d701fbdafd0cfd0703fa
0bf90002dc070bf3f602080df6fac91b0110000a17edfe1403f329fa161258d9
e60e0ef0d1ee1cecef1022e2f70022ed1c0decf5fd3103041cfd1ff00fda08ed
21fb0e05c21bf5fedff705e6edf51507ee0c150c0107040803e82007240c043d
130bfff7fefb1e0709f4e9030c1af0091bf8fd23f70201000dfe2421e8faeafd
f701fe01fb060f07f40406fc200cfa000be7dbf4e2f3f0f3e8e905000bf90306
00050a1c0509f7e002d6ef13f506fbfc21e7fef309081110ef1f1bf10912fa04
0d241406ed0d0f0417edcee11409ecfcfa16f7050ef5e9110a0310f2151c19f0
0ffc0109e0db1be7dbf5f1e50c121e15091b0de60de5072c00d9f100151ec817
020812fc15100ff41f1801f110fdea0907041a131702f8f7e4efdf100bffdc28
000df821fd0301101dbd0807f6fefd13fd17f12f0df2fb03010afdee080be303
f717fef122e5f9071900f5171913050cecfd0debc102e41bdcfdeed2f4ebebd1
e6ddf1fbea02effcd001ff0ceadbf6ac0306fdf005f3f7ebf100f50715f8f508
01e01ffa00f505c703fde8f81ce70bf70f0e1ae0f70ce31e130205fefe070916
16e0031511070f1be8f7f716f9f8da0febed08e1ec0c2bf0faf816ec021f1d10
f3fcf5d4e506fb0df10df9240009ef07eded13cf28d909f1db0f01ea0a360e12
07ebe303df18e9eb10fdf0fdecff300deee4eff1ba2afef711f135070a1cea08
fd0aeb0aef22e4e1e307edf3e4cffc0100f70c0e2afd18f3ed160808eb09fd0a
1203fddcd7c10d03cf1de4f5ee25c103e40d120d0ff425ffede2080103111b04
0608e61ae0fe0804fd00060bf3f5f9f719fcfabdf8e3f40ce826f910eeecf626
f2ec000e251206ef1209ecf807f5eef60217153135fe08e41611f9f80e0d0cec
1b2bf2c2d7d6f9f9f61f11faec240315fe1cfc1112f1eb040df7f6f114053b08
ebf4ee2807e304f1f1e7e902fc02f2ed030c13e6f422081e01101b100afaf012
2606eff3131a050b38d6e6fe0ae20eeeed1df40015f324faf0f40a0ee00bf8fe
dddaf00104f8f0f1f706fc09f6fa2afff5e9180a1adf141b110bfbfbf9f30108
0a0decf2f702e90201fdedd7f31f0406f6e611e7140003f4f511ef01f90af418
fc0909e10108ec0f0f11ebf118e9e805e6f22ee8e61c08ef0a11110c16ffebfb
2be20207e7fffc1c0c100cf808e801ff14e7eef50500f1e6f8f4050b00dcfa09
eb0217e9dcdffe19fdea0a01201539303303f5f9fc2dffdd2719db12e5fef2f5
0a1d14f3f4f11efffcf403110a0314e908e6f11301fcfa09f3e10a10ebfec8fa
d4fbebeafdeeda0a10e5f422f8f60ef902f939051402f3080dfd07f504f70903
0df005efff0906f4fef71f0902ff2a41d3f2ddde0d0ce5f80de8efe003fde8f3
210f070f292b06e8e90be9d910031b0102f6012bf718fdfc2717080e0315160b
1b021d0fe904f70efd0d112506121ff9f9f91bd1fde808fcf0f1090df711ffed
f300f2d90604f0e7f113110ffff313fc051f000f9ffb02f5e6ecd8eef809ffe4
ecfb100518f9300f0815f70e18161dfa02171005fc1bf2fcd4e2f9f609f4d2e5
0e06fddc03ece3f50ffff8eafcf9f6001a0904032000f40f12f2cffef8f604ec
1704f413212ae509090d052200020714ebeef60b0ef815f303fbf834f1c8feea
d3fafed6ecdff4e3c713f9c3f504fef700ece2341115ecf5070bd6f6e6fff0f5
e0f60f14fbfbff0819050be8190e01061d160df4dbe50af900022517f8040d36
fe0cf41af0eb0a17f5fae0f9f50536fedc0cf8ea05fefffa1d2afe0717f2fe09
cb11f1f5f5faf5041b0a20120719f1ef0024fb00f737f9f918030ae30feee2fe
030afb2cdb1d2708f8f804e1081116f0e7f401e322e212ecdafaeb04eae0edee
f9f213f8391b0d0817e10bf5fee9faeee2f0e20309002e2a22fb03fffa03f6fd
dbf50902fbfafc16f6011300fa011409073800eafadf07ff16f1f00a2d1f0905
0d1e07de03f717f625102217340a340cfdfb0e1217f714350aeefc08f61bef12
22fb0cffd117e002ecdb0ef901183117e026f802dd1cd4d4ffdd0cf1fe09eb16
01ff0ce310e81c13fb08f106e903baf2140718101ae1030bf1f7eef9d8dafaf3
ffe309021401133e1a153d12f831421813f61afcfceb2ff20bef3d00fdf0fa10
dbfd08fc00f30cf42a0b0b06fedbe6e5200213fa2317120715fc16130af508de
ea002ee00d0508fb160f1c0c0ef60deefa09f625c6ebf532eef10a000e08e907
e8f2e109f205fafd0130020802061ed700f3061e06f6eed70fe3d7f80111d101
ededfaf61df10cfcff05f501fd231214f7c1281dfc0be20a1c230112110eddeb
d9f629f4cef317eceeece9fe01f41e08edcdf4140a0c05d9faeef4eaa4cecd03
0216042404faefeee21017f0f006d9f822eb12e4f515e3f1241a0df81c392105
fe1dfce60af50925dd070e04ec03dd2903e916012619f707000c1409eff836e3
f514fd0df1ef10d6ef15fafcdcf613fdfc19eafdfaff0efc21e9d50bf7f0effa
05d813dcf202edf0ecfa1107201eebc6eefdeefb1319f0defc26efe52bd4bf00
f12a0520ea1a04f02afc0d0ddbecf7f61113fc10e40c09fd0f030c191ce9f208
2225dff0ed14dffcdf15fef7f8fcb4e21cf425f702220609f7f9cdf3fcf901f7
ebce24ec130a23e7fb41de180000c30b0210051a1d040d39f5ebe4faea081811
09eee730e915fd09edec1c0cf607e818e60a1508e000f6ebf5cf02f010f1e5ee
f532d41b33f60f3f07131e19200cfc27290ff7e4f9e51316fa05f9deebfaeb23
26e7f611e6ff05da10ed3cf5e2dbf70eff0bf6d1100cef15fb0e19ecff1c28f3
0b05fcede1d9f521f4fd2713f30ddaef10151109dff61eedfb0002f8ddf9cad5
e6d5dbeee616f9fde820e9fbef05f80d3a27d7edfde8ed0d2020f20e1004ef13
06e9f2f90d0a140b0519a7f615ee0d26e7f0fe0ef7f508ff12f308faf0f8fc1c
fa03e1030f000d14f7f4e9faccf5fd1c0716f7f101f50d12e91905ea001e0123
f1ee0a06f60e07170017fff806ec2ff4f30ffb0de60e01e2fb101a0e0301182d
15f9010603ea07f6fe000b0901f2d6faeef5eb09f700f00ef9f7edfdf3eaf6f3
17dc0e0f090e1ff5e7fbe2fcda02dd00fafe04051c0e0b0f0d042909f1fd2306
ecfb0f1e310915161f12e5fef92bfaea37fcf70317e2f416f5ee01f3070b19f5
1f0612e3cb0ce8dc09dafbe9d704ea1bcf0307fd14eefcf107f4f5042b02120b
e9fc0adfe9f61102140e051011071909c140151ef5fb0228f1fce302d12fc7f6
ff200bdc1dfcfcff0605e8f9d00b160c08290ff8ee102716fbf2fc0a153f0df7
060310fa200e090d17f50d03fd022e270df6e9da0be90bdc071c13e8f6d2e9e9
191cd520fdf4fef8140a06f00903c807f9e107e6fc21feefed02f6c7eaf715f3
0503f10df0082cf700140b12d9d41f101d12fe0bf00500c70004270e1d13f501
d9d01906fe3f070309fb2610e70b2bfef0f0f502150a182fe810fa0bc0d9f411
122cf1ef0e11f4f5fefaee04070bf128261b0419f6f61efc0610042c3efa2200
0d0c00f3dfd71beef1dfc2030cefe705f8d0e8230cefe619ece402f9ca07f104
fb14e2fff4ffe5e4e4c103fbbb0231effb1201fefcf73621fb0305060c09e6fd
cf0016f1f70cecf7d1fdc2fa2a16020a25f8e8f2d4ebfed4d2e70bece606d1ed
f806f8f60214f1fc14f5f31408e2f5e310d70eff1506e414eb09e5f5dfebfaee
e7e40aeb1b0603f31800130426dc07fa24ec1707f7e6ff0de00815ecf3d2fee5
20f9fafcd9fcdf020df1d1f641f00fe215efeefee80d0008effc1efbf5fefafc
e90fe00df30df8e30bf5faf7eaf812e2f70af7e9cfe405161c0cfc062df01b0a
ef4c0bfafb2ffc3e0103eefc16372613f0f612fc0e0e0825f0fee817fc09030e
2507e5f70cf7ecf3eb1608030bf4f7f222f0f9f705f2060026fb2d191be6f515
e5f208f0f7f501f40ddbffef0ff62a02fef3ecf5eaece0f900e702e2e6dc3507
fefa3d0214dd1fef10ffdd0bf40ee20fe907e80b15e81b13131cf5f5feef32fd
08180d0e040806eb09de170b050f07ec080e21eef61e06cc03f7050ceae801f1
2ee8f91b07def5f311dee2f04c1206ff02fd0a0005e31afc02f70b16e7fc162e
1dffef0af10816f2120f080326fe16fddd04de1edfe1fff7dd27fc01e5121b00
06df0bd3c214f316c4cc1af81804f0ed090cfd08091efafa0e022df1150401ef
4c02fde0e804fcd011100c01e3e80a38f5ee03f41a0b29f30003c3fb0f03d5f3
0e0af2e322fef616f7fef908dae0ed01250beb0504e8ed22fbf11a02f804380b
2b13f602feeedf01210fdcf02dd7eecbeaef041a1c390cecec1a1314ef0df909
030820f31b0bce0c06f4fd020006c8070b12090ae60a1f0ff00e09f5ed05cee9
04111e050710f8271cf0f5050f1915ffe3e70500e9f7eccf0b16effee6c5ff10
fe01ec18f8f2e503f50403fbcceb1515e420f11707f8de03fa08d6031305e1db
f03fe30d06f30efc01fc2a190ae535f801cd15da2e08f3fd03e6f6eff501e42c
e4e8daf421f11bd10619fbe713ebecf303ecf404e5ed13edddf0e7fdedf6fad2
05fa0b541915ed060300d1041d37f41206fd15d9050ce515ec12f416f5f40002
00010c3b2616e9fbee3821fedf03270a022d143f050d010528fbe509ea27201a
dd09cd0ed9e8f004fce1ffeb0bf3c6fff8e6c5ec14f2252e0b21f8faddee1a15
fe560a26f6f4014d090d140d12e7fe1febed0cfe0bdadbdeedf50206fdfb0ce5
e01404e0f104f5d4020624ff13f3040ef5dbdcfefd092105fd0d0dfa142b0307
24fd1aea0f000b12071405ffef0901e1f7de191724f0dee5330e1cf0f91c29ea
1e0509140af2190ce41f331210fee6f319eeee0702fcfdea08ee1c05fb001613
0813e3edf0e0f3040315eafbddff00010ce9fe1004ce2d3ff7290fedf0e1fccf
0bd81eec260f0cf70609180908fff21e0d0dfcf4123ce30b341c050604f6ecfc
f2fc1107eafd0032fa0f0330110d00f2f2fcef14e2f105fa07093be1e6f311f0
db2a00f018c1eff1f9090112edf9ea0f060110f00208d51be9021a051615e40f
1e130c2902fc031118050c06f21feb0c04fcd7f3faea2af1f9dfea09e5eef92a
f7f80201000efaf2e4eaf80e0bd800ee02f9e7f80ff9e1f63421ee1afcfaf2f8
1806eb1e1b1a2eef1e17dd0900f5040cf319f7fd04f209e70301dbfe0ee10a1f
08eb171006fef2da24fae5ee01fd01f111010bbfdd170e070cea2614120d0b2c
fce303ddff160710fc25f6f1fdd5fa01e416fa073aedecdcf223fffc030b0313
1f06dd04e30f050704f80a270ef4ed03db1a05f4ddfce7f6f6f1f5e21aeb1c0b
e6e6faf4fd1304d7f1fdd8ec0ef2f1eed607f913010dd315e00500ffd7f3e2fd
1a082015eeff1d260e010beae3ea1ff230e6f41403b4fbee100df4f121fa20f9
e118030016faeaf5101a0f08f515ddf210061d2b0c2607eae5f7e5e413f10609
e8ffe7f407f5fffaf2ecf9c1fcff0bcff8101bce2312450904fc010532e9d90c
e7f50e2f28f8f32626e0efe516f8f8d4f202e718ebf8dff81a34071efd071acf
1af8e3dcfe0cf5e3ffd71604eee40a2936e61dd20403cdfc1dff0d04e401e701
10fad71ff3e213090decdf0426ea0b001df60a03ffeef500f706e5eee9fe05ec
02e720f5e2e807edf9fad2f4ebe616fb02011a000afd0514f1f9ffe3291304f6
f622fcf21ce6f91a12fef5002bf409f4f1163df1f80ae2f816e1e81609ed03fa
0b31ebe404f2f00a16ea2b19fa0a04e9f40b0c1a2c06e5ee100c1ce1d2110edd
f80c0be007141a0df02f1ff0e33f19e2e831f300fcede0fbea042e27c6191e10
efe7f9f604dafd16f812e4e1fe1a0304f7f016080a1c07f5e009f8121609f80c
040605f813f9feecdae7e0fdfdffdbfd16cc0ef1ede73d18fb24f4f10cf2f904
fc02efe8f7fdfd05f707070301fe06f2000bff05f107f2f80df901fbfbf8ee07
ff1cf1f6f4f113271305faf2eef2f3071a16f22e1905f2d907e9f51b1c2d15eb
d00115e4170de61013fa0a020012400e142d0d380df3e1e4dfee07070a01fdf8
cdf5d7d2e32fed0afeff10eeebe50fdbe02f050214ffd4fbebfb08e5f3dcfbd4
f50a10ef01185a09fe0bf8000c051af2fbfb0a0de2e5ef08f4ff170cee11ee03
d4dc0ff210e51dfc1308def311f30ae10e08f5f42008f5260639130710070f0b
eaf7fc3b1bd406110d09ce241fe9ed0bde0b04e6f3d1f20ef90bded20de908f2
d6010bec00ffed0df1fa0af30606f80df80908f0faf0ed0806ea020b0116f313
2e071f0ae00107dc0004df11e8fc251f12effe0615011216d5f2df01140ee807
f5ef051ef62505e5eee32108f4f604190515f7f1ff120e07f4fb2913191022eb
e5f7f6f6e40317d70f02f6fb2cf1050c050814fd2bf70e0820e00bdfee090f1d
120ce2ed15e314f2e5f5f303ef17f1dc2924fb08000307c1150e2de22505fde7
fbf209c9f11cebe0100306ddeaed03e302010fef09fdfe09090e0912f81e0d0e
fbeee5bd0f20fafafcf8dd01f4ed03e514fd06d2efff0fecf5e5eff6da1fdd07
f2020311fdfee4ed190af7fbe915d7030ceff606faf2fa26180afa13ff19dd1f
10ca2619ead2090d12ed18e625000b0810e0e9e9e9f2261301f6f6f42309e600
e1e6f9e214e5f1f113cce516d610f50ff519e012e20b05160600ffdbdf16d8db
f3f60cdf12ef000910f2f00ddb0df6f7e602ea040313ff33030ceeebddf50eff
f4f9e82f04e001f329190add1032e620080911fd010f05ee0a01130e0d07120d
f8f0edf6f10a2208f802cd1e17f62a16fbf0e71c050c1f1b140b040800f6f604
cde813040ff412e507f8fdb4fdeb280406ddd401deee0c0efee311091ef1e8fc
010bf709f220da32fd18080b0b0f1cfe04011506040ff1f5050b0d0e04110620
e61ff206f50413f6fcfdd320f4231923ecd42200f3f0ff130108fe01ee05050e
fa0ff519f6f10a1a120df8eab4e5fd0929eb0412f5140a17fa181eec1b191307
022606f6fd1f130d20f80e2f0509f314fb181ef4061ae8f10dffea020007ddf5
21fb34f70e190ef00ef6f001daeb01f40d1a0c2e0113f305020a1cfb12fd06fb
d7cf0310bfecedf212f5f1ea06fb0a0202f7fd02dad105fe0c0110e5f618f9ed
26f1220f1c080e14fff906e0e8fa09fa2016f5310edb0be0f8192e1f1f00f2f2
ed0ae324e115eeed132401fcff0501021626f211180a09fd05eeb60d06faf5e8
dff2e8131d251006f1d81703f026feefd80be4c114c6edd20cf3fbf8edf7f61d
1af30e0a1d05fff6fe15f6100112f402dafcf3cf2229ff03f70106fbf70d16ee
ef0005e0dc25e507f406e914f423fceabb0e0b09fc0df0f91ef5f52825f4100f
f1e0132ceb0d17151319120112f41307ec06ff05f10801d218e2fb0b0fe10be9
b70d04d80304f910e81f01db0cdd0afae6f300d2f3e6f7fdffe61c261a0101e4
13df26150519eddd0ceff718fcf8fbf716070514ef1306f314cb0a0906f40207
1c09ebfe0b2dfc17f3edfc05f7eb0a0749070a112ee00ff127292affe90e091b
080e1306def3f40503f109faf706fe110403d50dd4e8f4140413fdfa09040f1a
f7ece701da10f1e406070a3205e11af10ce2fda90300181dddb91ee3f4f6110f
f6d2dc2005cedc2be225f9f7ed06030a2bd5ef22021ce21617fa22e90c0108e8
f30d1b00de19e8e4f1fc1c0b11f02af9f901fad718060f101404ec2e2ce60fde
0cea2114e10cf616220e2500de0e1523f9f9ff200b0e1519ff150bfc06f500d8
e304e4ffd7e2e5010723f710f42302fb14f70d060c0fcf1729170aeefefae3f4
06f11fdbf923de09f6e20c0015f40f0a07fc19eb2af3eee2f815ffe7f712d3fb
f0070e060b19fcf93404ff1cf34816d5f712e2252df72d112409f90afce3113a
e2f0edd8f700ff2c1005fc0d27dc1b212106310b1e311a05ef29000df4f20e06
f001e540ef27f60ffe281ef80ceb37050cf5e02ef30b2f0eecf8f5f8f3ebec0d
e70e0ddbf9192623eedb090cfaded7f22d0aead7e4fcfd1d0ef30ae51129ee10
3df712f5fef4fffc0601040af405e90405fd08df18fef0e407cf01feeb04f5ef
f9f6e905f6f4f4e2f5f6dae1e306ed2ce1ff0800edba1c0bd1c1d4e4ecee0be3
d41226d50224faf80be2b4e00d0f12fddc0e0ad0fee3081a3d14ef2ffdf60212
fee935f61707f30fe4f428daf4ebf10500ed0ffb04f7131812fc0300fbf1f314
f9f9e835def8160eff020a01e104f303f20ff4e5160c07040b2a0a1ae6eef30d
f00ae80cf20909190f1c0c1adeeef821f4e91bf1f2f10b1801f5fe14df05e2fe
1f11ed2a01180d24f112f905fcfbe2011706100408042206e8022304081edb06
fceef9eef81ae3fff5f109e4d4ef10ecd41c07eff1f4c300c1fce9eff9e301e6
2b021fdc0e1ccc07031f0a0bea14f91cec0efe2004dde7dffdf1e6160c1432ea
ebeec40421e81d02f6fcf81b08311604fc26e02418fd1312e3e6f3f5e7e8f7de
1700213104f33f161b0304010d00f5ef12050c1b0e00fffaf9fe0e011401fbe6
0fe8fce1f9e4f805fd01211aee162a0903f211f1e211daf4170500f1f10f03e0
c1180fe4f51fd80122e91206dedb152aed0abfed0f1b01fcf407f3eafbf933d9
170de3e5edfac7e4fa0828da0d19f91d0911100e021a0c25e7e3ec0412d807f3
13ff13f100f6f7f504e0ebf6f5f7ebf2d911150217ff0b1e0f0cef051200e906
02f112efdb0d3e0ae3fc14e921f4f8e8f92c10e612fb04160f0206f508002213
f7e8f703ea1204e5fcfa0903140e00160a15dbfcf5fe1a2013fbeaf7fb16f704
f6e4fbf3fc06f10d14f2f7faf901f2f208050e01f30c0deae101edfcfd09f302
000ad9e9acd217fde01126090628f9fef5ff161907212601000efee6e3f6fa06
fefc1611ccf30ce01908d90d1006f5191ef9ee0403f4d3e917fc04f9ee2af2f1
1ae6d4d41603f0e9e6fb14f7f7040be7fe090eed0134dce412f4002004130702
0300fafd07ecf3fc022608fe03f70912f60be61edc07c81813f2e6f5f5df17f5
0dfd1afceaf6ece209f9fb2a16e5dcea0d09f8e804d02bed06d9061707f6c402
f922432e04ec04ef1a20021b1cfa0f15f102f2cff6ecf9e20fe8031101e80a0e
e5fe16e3fedbdeeb0e040dd6e1f50f1ef6fceb02eafe0d07e2ec15f5000408fd
17d3dc3bfae12f200630eeff0105ef120d17ef051500eb110321f1f2fe0903f7
18f2f8f5ecf20f0e030206f7f2f8fb00380024f7ec072130c1f20aee24ecfb10
18e4340c1be3d0e0ecedfdf207fffff2f8f7f1ed11e621f1e2191f0f00fe2120
f5f2efefecd53419d619f208e9ecfae82a0aec1306fe0cf733dd170c0ff0ef15
0d0dce130cea0e17e9bff9ede7fde7f8ea16e90004fc1ef2eff4f4ff1209f3fc
28ff00dbdc07f20cfbc2e7d30800e6d8effee2eaecdb182acceb05e5171cdf07
08defd11e2ee0dfe080121f51df704f4f5f2ffe1e800ced0d7fadbcd0709f50b
f9f918e810030bf4faf9f71cf0d4f3fae6100c10f30efcdc02d90d0304f4e4f7
fcf0d5df26010ad61c43efff130c00262227ddf0f405f4f9f2280effe0fa17ed
eb16d720f7f2bfd50501fe0c0ae2f5230111d31710e7edef21220c27f1c5d21f
fb191005dafd18000cf007f7d4fe2d0aebf50e14ebff07e3f4f80e03001af8f5
1bf00e05263becf705f5fd0b15fbfffaf8f4f30d1a24020b3a11e83519fffb20
fdfe3503f9ecfcd408ecf30afbf600f6fdf60c25def50a21e10fef1bd8f5feef
080310eee5150225031df41f07231204faff1d160405141bff07f8040efe0af2
e5f3dd450d1402d92705faf313ff0a1ff5fcdcf805d71307e3fafb1508d609f6
0821d7f72f041b1e04f1cc13fe17da000f041d29f323fe34e8fceef91cee0af3
fb00fafd2af70bfa1f0aeb2d122b0814210824e8e60ad4de0013ffede60a1bfa
ff14ecf7faeaf7db04ffe5f019fc0ce51fe8060e0a0007f9123d0d12fa0b12fc
ebf615200f10effc11e8fd04e614dfd504f9ed17de00d3f8fc040a08d0f1fd1c
0306f018ff13fb0401ff0ceb0bd8db0419d1ea22e20106ea09130907091208f0
00f50ff418eef7fc05f3fe10f80b1aea07d6140dfce307f1efd7f9ef0d0eec0e
0115f8f90011f0fef4f909fecccd21f81000fb05fbe30be8fdecfcf10f0900e4
fe0e0b0ef30c1314f709fe0a1608fe06f2d810e9fde8fa0ff3d90204131128fe
e9ec0e1602d2100acaf5000a1b0b0adbf31609f7f7ecf3fbe81bf803fbe309f3
f207d9ff1b080804ef1409f6ee29f60df3eb1500edf4ee0518ede2230cfcdc06
e0ef1bf5fafa16f10dfecc141802f6160afafed2e603ff13d7fe060d00ea2301
2afcfee3f30d0525ff09de2c0b131cef0ef1f20718fc00eef9ef2f0cf8071514
0c05ea1d152521fa17fcfe16f91004e5e008130cf0ebebeee001e2f8fd08f03f
0a0ffadefbd7f8150e05251cd608fb06fc0cf4fdd3fe3e1cfbff0639f4ea1806
25f30622200800effd00121e091b0ac9e1f324b71cec1eeeece6ebeee7ef07f5
160df51ff6030ffc190d05d9ec110df615f821e1faf923fa17f70e27f7fc2012
fd0af9efe2fe20190efdeef706f8f5faf6e4fbe7f009f71cfe022206f50e1dfe
f5f8f7080415f51ff2feeb1c1506f6f12af91209fa080aff1c140b0b10ff1115
f923ef151cf81be6da1418f6030f07ffe2f81d0bee01f5ed12f7e8e4030ed501
ed0800001000fd320e15f2dff3102603fc141b0afdece90109fffef9c2f5d5ee
1d39f50d07000af71b2bf813fd0321e8f1f1f3fd19fa32e80e0412121b0c1d0c
e3e1f60f0f0911021311edff050aff07041209fbff021824fd1b0bfe1015e4fd
0f18ff0325fc4df718d7f5fe11f832feee03110ee204d7eee1260bdd180b0c24
ea0324de05de0d17eefa00020fe501fdcdd6ee09f7e3f1e8fa01d90de81ee802
190f2c0301100c21140b1f13edf3edf0fddd120404d417ebff1cc8d813dcee15
0e180900f3f106f503fcd9eb06e60cf3db01e9dd04070b0b0c05e7e8041f04f6
f4e00ed6ef00181d02ffe02506e9fe18e8090a27f1272dfe0bf73217e11204f0
ee11f2eef7c704371bfc14f4f014ecf3e3cde91b3b0df31606f9d6f62afcf71d
0ef5d810f7eff9d011de000f12f41404f90e041bd61542f2fcf71907f7e6ec1c
0808fe171cf0c2dbf716f9f2f0eb0817183debeb0633e50df8ead2040a101bef
081e17eee20701f803f8f0fa1b2a101c01d813ea090600f9f9f8f715f8e9f100
15fa0afbfbf619f8f9e51010ea0eb4f71103fefc110114060e001727dffedde1
c6f0e6eeeae90a101d02f6f92cf8fcf10124e70609f7e9f6ffe5ec0e0f1b09ea
e7f6f021f72308df1f10fafce9fdedd2c90508d720f3f5f2dff90af9f614fafa
1a213613ee55f622f5341e062a22e8f200ef01f6fc01f303e30312eeeff30be8
05f8dcd821f4ffe418090b03d7defc20ede91cf3fe02d727eded04f01cfe0feb
fc142bf61bead3ec1707022208f0fdf0f902b60814fcecd104010ff5d5fd120c
1ceb16c40d0bdee617f1f41608fadc0fedde10080700da01ed16f10c0b05e90d
e7110f0df50c06fa10fdf0fd14f50edbea09ea19e1e92a08fdecf505e71300e0
d2e2f90220e10c190bf4170df4fffbf307ef15111fecf42f05fc0f01191a0713
27fde8fa1ae506fe090e04fc0cf311050c1af933f21dfb01e81617f2d625e9fd
ebf5f5050bf40600e014f8fdea1214f8eefaf3fcf5fd17f0fffef1f9f4f6fb0b
0ef7e9fd09f714eae701faf9e9fe1e00ea10100408dc052df70d0afe02031ef4
d3f9ece8001129140502d411dff1fc1e030e101214eef3f00de403ed121007ef
fee7ea11e526f2cde50200ed12f2f5e11619f0e3f212f926f216f702d1e7e3f2
6509f301fb1904eef1e4f6f5ebeef9f4eaeee3efc5d400d2f5ff26f6fc02ee09
ebdbf6fbf1ed13fbfd061500f5f1dfe6f9de19fdf1c3a9f5172a0a1802041205
19eb0114dc01e537dde51c23f705fe13ebf4f0defed301fd17f9171bf305f5e2
f4f5bd170b15d7220bf1e50af0d9f713ea0915fef101f70a01edefee07f3ecf0
fd05e8ebef0d02e70ef3fb0c0df7311ede0a09ee05ee05fffdf830dcf2f0f1df
fcfdebdcfaf70adb0a01170aeafe10ef1df1f00f1cc8de1bfe2edede26edf601
0ef93205010aef2ef1fefe07fbee0705d2e1de0b0a18f9eb1d13fbf2e1df0ff1
22fd08fddce9efdefa272b041600ee0ef3fcf4fe1404100bfff2d900e105180e
f30207fdce0dd0cdf8edd0f6e535eee7fcf50820f71309f6f50a05f703060503
eaf401ed07ef020102de1cfdfaeff908f0d0e60503dc0c06fff610dd12f2220e
110cff09090a020604e9ef070b031421e6f9fdf3f9ed1f070dfafa02f6fef503
22e42417fee7df0bf820f6190e130e2b241b0d19190c06eafe03e7fd24f019e1
ecefee16fa1808d1110117f6dd14fc04fbf3ed0c1ee501f0f9f837fe10f500ef
f4fb0ef6f619dff0c8fce303cdf0dbfd0a08040afa160fe3efdc1df5ec0b0224
f100f10c060219ffef0e281e30f9050709010ffeee080a0d040dfa1602fefd04
07fb090a2f1ee72cfff7f6fe01140809daf312ee10fbfe150d0e1213e10c04fe
f4f6f509fdf60a0fe6efdc15aee4fdf1150dea19f023050df0f2e2ef0cd5f0f3
ffd8fe00f0ca05fc19000a2b0d1a10000002f20900fe0305e8ffed1117e41017
f91118d2f9081ce4fbf2fbe8f6fb02f2f4e8f1fff4f5fddaf70aedd607f4020e
fb180e0dfa09f1cbf12204f0e71ceb170611f3e521010b29e9f8fcf41f1327f5
07fbfc0312fcee06241914321cedf50a2c273afcecec0e2ce7e6f804ef16d300
1ae616fd03f204010b0a16f5d909fef4fc0404ff030f06f7f3fc070710131510
f809df12fcfd052019f7d317e5edf5f5ffedfaf2f6f9eafde3f5fd0ef7eae4d8
01000118ea310fe6110821250321ffb719220502ffff07e703051e0510ed1e0d
e1e610e806f6e917e014160b0a180d0d08ed0f100107e8ec101d13ed0002ebfc
e52210e0c705fe1c09f6e10bdc03fb01e406d608f60102e5000007d1c9ca1115
00f907f70d120604f32515f1fdfd01f3fc09f92508e92012ff1ae90ab7ecfc10
df05f306f627de0bfecef80420f40703fccffaf3060d0bfbffcefb09fefef200
f01e32fa1b2cfdf7e5fc1516f130030d190809cfdc32e604fc0f1208270d0d03
e1f1e1efe601e7feee0afb1511fffe050e0609f010f30ded05f023e0f105ed11
fef3d8050af70801def608e1eaebf8080a0f22080d04f104f815fbf120060601
f0f7f5f2f3f100edfef233fc0df7faf2e1ecf40603f8eef30ae4f3050d05f5f1
0cde100df819e9e21be9cd18e5fff7fe19f3f7eaeb0fd2f40117e812f711e6f5
060602ed0a00ff08f202311c4400e620d9ed0f04f6e3fd3f020cfaecf809ec07
09e0e4e3e828f0f31ec3e1e628f82aeb15fffeecf609f5f7f0f601e925d11df3
28df13f5081408fbfe21160418f4f30f100cff1c020ae6f91406110dfdf60516
04e51b0c14110e0918f6e9f51ef20222f60bef1dfc151000081bfcf123100203
cd0ff7121ae3c6f30400fc0d25e414f8d7fefae917fa082a130f1415e3f8c803
fdf7d4fadc080325000ee5ede5232af02d1211e500f7ea16efe8d615231a05ec
f8e2f10fe9ef0ff603edec18fe1a0d17fd2715effdde220709160310dffd0400
f724e4fee4de03f412f601d00626edfdff09e4070bfdfb13fa210a1f0df51000
0a2416f5ed0be4e610131120000016f4fb0a0602fdebffefeb070c0015e91b00
f502e9ed15f5e9faee170c0eeaf825f2f7e9f513dad2f7faeff0e1f313f6e205
0cedfbf918250f120511f7124d06fc05f426edccfdecfde5f80af0d3030ef918
f4e1eae9f6170410ec00f8e7f7edfee604fec4d2ebc0fb1fe4d602ece9091009
1cebfd0ded07f0ee13d5ee0de4ed0324173a18fff4091a030c26ee231edceefa
15fc0225fafbe60b0bf8082123e103f80d070c07e91c0c2d060d27ecfefe0bf3
e406c9e21fff09e0f9d911dfee1e19e7f800f303f9cd1101f2fb21e5060d05d7
e332fe27150b0406f415e21328db0221d9f928ec1df3fef91404eced25030ee2
1618d720e616e70de4eb08d1160ced05f9ff2f1914380d0101151ef70e1c2ee6
0df90e1c1d05f2d205f3cdecfef7d91ed6fef8000115060bebe8e2010a162408
0df611e307ef1e0711e82314f8d319031df409f3fce1eb01eacf2f06f805eaf2
edf1fd1109f1f9190ff1fdcffc0f2401dd0408bdf1f01205072c05ecf506e905
e70b0c000f262213020823fe160326efdef40d0ce80cfbe80ef9050ff613030a
fb0019020dfc05132dcdebf9fb05d120e8ec0edd06fa0203fcf8031106fd16f9
1afb1d17fcfdfdcbd4f71d05e4defa0ff803f6fefefdf71f141de2d6e0f5f6d2
fcc3de1d162d16070ee5de0cd6fc0500f1ef20f7030a1e00f41f1bcdf3e928f5
080c080bf920db011a37f61beefe2220e721f8e5f5d1dcf3df0ff5ee0402c9ff
fe1ff0e103c3e41a07ff131917edfdf5361af7fe061105032211f716e2fe1ffd
ecf6fdea0deffd011401e507050e0e17ecffedfa11232efbeb2af930e71ce3f0
f6fef80cf6f1f202e5fbf9fae907f5f7080504ed00e2fff90c091af50ff9020e
c7e7e6fceaf61b18f8fc260bee00fc14f312e8dbd6e5fd1c0017eee904f0f617
ebe9f1020721cdf3eb091bf91fe6f80fede0fe00f601d0f7f3fff0cb1909d2df
07e4f9cb03e41106f7f103f7daf6e60efbffff05edfc1d020a0734240de5f500
fff203250e3fe30105ef01241b1a1c140504e21915edf802f2ea1a04e410f9e8
24ef16020cf709f60a14f30cf902dbe414f50b0001f8171cfb16dcfdf30dfae1
fce105d328fe00fe07f50cfc1610efee0afef8f006de1ae303e7f8d4f1f3d40a
0bf0c118fcfd02fb0ce1f0ecff061802faf5e900f1e4f60cff040100f2f20b04
090615141eff040eedf30dddddf02220fa050cf92f2ff4f01bf012fa04110e09
2cf0171efaf50701fd162dfe12de01161af10417e330eae7f607ddf504e7eb10
fefe080b0627e61402101613e3e50f21fd16f52e1d04010719f1241b1917fff2
e2f8fbf511feef0beae31c1403fbf3fffafdfdf8fff70df6fd29f1f0fe04e413
f5f7f80afbf2290b0e0d29fed0e9f50818ea131beb0ffcfdee0f22e60b01040a
e7dff7f7221318ea011206ddeeedf61604ee05050fd5f50deef207e2cf01110a
f5e1f7020edf02e8f5f1f3fbf5f0f30404d4e9def2fdf8f6e2eaf913fc0313ea
f6f8eefbfce1f5ef05e7f3fdf701e8effeffeffbeb0409f9ef061503fa111008
f9f420c0e2eed3e2fbf405eaec1cee0b07f335f704f4ea0c000acceb060cfe06
ffdb0b0bf81b1ce8e1e61cfa200aed130f1031e11310f1e51810e7ff0305fe23
19fe2b10e61208f212f1c8f923e1230b0109e6fff1e5fa07fe02fdfa0100e904
1fd22334001f07ee12f9140b21081df400f11af503110935f4070818feebf527
230cfcf0f6cdf1eae3f813ff17f3ece2091bc10006fbf408f1ecd60f02fdf207
fe0eeb011bf627e904eddf37f0fe0dec17ffeb0fee1df304f915050a0c21410d
e61f15f8e1e8dffcfa192413fefcfc38ea1407e5f104db26030cfde6efd3e402
0734fdc316e7f7130818e1fcef18ffe1fa080f09143201ff162cf92cf7251515
1d1303fe1febfd08fcf012fcf3f4fc280edb13e306f81e081ade0a250808f201
09f6041df13c11070c0f00e20a0005ebf6011804251a1000faf80df700fbfff4
0ff208fcdee9f6ed15f0ebf5def711e5fcfeff27fcf5f1fc050ff81e0b09f8e6
09191a01f62b2b081307f9112ae9fb20dcfc00fff7171ff5fee6ff01242401f5
f30ef1070be903f7cde72c1ff502fdf704081c180213240413e4e90d1de01809
1afe1411020cf90b0ce2f1000bfef3e8d708e907d1f3cd0d1ee316ac1b13de29
f5140b04f3eaf7fefa0902fc1002e612080ef40bf7e1f9f012df030ef2f1d51e
fc060b19f3e600030800d2e9f5ff0fccd4e908d3261ce7fe0bf606ef1a140de0
1eea19111f40f6f5f3e3f8f6040e03d6ff01d9d0fbe8fe1ef00bfbf7d9edee0d
f50ef6030320010afaed060200d8f81cee0af6fef008d1f4fa0bcf1ae6060fd9
f23b0fea25f014011a0911ee0a16ff102004f20a1cff1d19ef27f60505f53814
1be22e291212e50a0607e0edfff21bf11912ee2816f616dfecf916f22107324c
26fc0a291613f60121061518ec061aeb1c100011112a01171f221e0ff91600c7
07ee0cfffff8f90cf8e501f6f7fae0f8250110daeedcf3e1fb0a08021ff7fb17
28ee3307faf509fafff92b01dbdffad70627e91a1b2c4a12e401e7daf50724fb
f8060fdce83dfc0b19eceae4110f0dec300e13f3fe03f0ef1229e7f422081c26
030100ec061c25f41f090b16fbf9fcfc0907060f10040917f2e5f5170f14f407
14edfdf90d0203fa1ade04f5d31116fe060817e8f4fb08f120eefcee03e5e5f8
15f0d70505f70bfe1ff1091126e4f90becf9f02117effb04f21319da07f70417
0cf6e9ec053c2ef0f6f5eafcd51eeaf8d7f4f911fb34200613220d0c06fbfce5
dcf7fde9e31224fcf6f8c9f6dcf7fbf6e5f1dd04ebed21fc1bf5f90a01f111f2
f8010ef7f02813051813fa0c180ffb1e020b21f0f80a00190afdf607f702f239
f8f31203e1fdcb280000fefaf321e8fb35f7eee50b1323e30801030dec160f0d
1dde1511161904001e021101fd1415ef07e706eb1648f8eb09f01610fa290619
1c0a04e9e8e4dffbd2edf527fafe05df00e9beedebeb07efdefbd6eae5d9f7e0
0b02fee018fff40ae7fa1ef7dd03fc0831f714ede60e071611fcf5e0f6f0fdf2
e2dce714161705fae513f20036ef06f1d7cf03ffcf420be72ffeea00c3f0020a
cf15f5f80409e210eaec1708dbfedd1034fd0af6062cf909fa1ff7f1f9e82254
eaef0ddfbb161ddc33fdfb1b19e7ffe5ebddebe9d924f6fcea02fae70717f2e8
ef0ffc21f1e104f6031825f80608051b010708211303ee232dee14091e1ffefa
e3e308ece6d20de015f0eff9f2fa100e1103f60deafc030acbdc052015ebc60e
e4000611f2193139f20e090e0a03ff031504f3e3fd13feeddbd3103c1eee32ec
24f3dc2cfb1b11ea4402def4ebff1204e402f70a0602f4100ef70203d91ee6cb
223617f40f050028f8022017f22f1b2712f9f1cdf9eaf80e1b00ea1b160a11d3
e603f501e1f001f8f305f9fff407e8fafbfbe6efcff5eee405de0fe10305f2f8
ec0ffc0fecefeaf9faff01ed17f80af302daf01c0bdc0ee1f207c312effefee2
d81906f2d3ec150ceb13eeea0ce1f430d9ebfef5e5eaeef70c1216fbdf081806
0007f5f628051cf5def8120302f12ff705d0270a1cf50801fcc900ed0bf7f2e5
d2001ce604f7e00fe30901fc1509fbfa151a04ebf90200f6ea08010cf81b0616
fc1d120913dff006df0e10f00aef10081afd0bcae4ff100ce8f8edd30306f8d3
f2030310e2f20efe0402f1f4efe4f9f1f00400ff0cfe06fb00f112fde7f2f5f9
e504eb07d6fbee020508fd0004ee04eae507def20aeeee07f5f4332a06f5f9e0
2c17070f14201d060e39f501ef0c0112360911d5010d080af2d91af4fff02228
ecfaf6ff0b01f4c7f4f3e820f7fa2a1318131626e7051bccf7faf4d324f11be9
0e0106311818fecff6fc042c1df713df0d05f305eee50707e909fedede25d618
f40f13e6f41001e1d30ce6e4eae822ef261feeee390f19f1f9fa0e2108041207
1cfcf6fa1806e2f3fc16270f24190e0bec041de60ffcf3fa2a25dee9ebea04fa
dbe3d10df600fbebd604e9d7d7f914380806e6fe02f6eef7f5fef5f90a0f06fa
e0f30e2b0ae8f6390df7020f0626dc0eff120bfaeedb03030d051b0ffbfff7e7
15e40bd6f50bf7df11fffff4fe050de40134012307f2e1d80a18131014fe0bff
0ef8e90a0c17fbf01e02fceb10f707e4f110ff150aeaed20062eeef32bef090c
1f1702d620f7eefdfd17ed2bfd0a15faf01f10fc0423f703e2e9fced001f14ff
09f7fe11e308ed1bd3ee1afafe05ecec020e0e0924000f0ff40813fff1051700
ee031a0ad2de0c0be10cfae4effff839ef07f418f8e110fbea16fa07fafcfff1
f3ff0ce50bfafff7edf1f1020ffcfa0fec17f5040dcaf60abbdf0ca901e91705
1afff1f9c402e120f81b16ec12ea0240f3fa0e020a07ff07f8f9fc10030d0700
df3314f20004e9012400051c2508fd04c8fef20202170de40a13f6ff20fd09d7
13ecf6031622110101fd06f800f8141415092302ff16f8111fe414140be3eafd
d50f05f4090127f21fe50715e205f62f1a1b0c0715fe0407f70a15ef0cf90d1c
25de26030721072e250fee2309f4080ced1ff819ebe6110504fe07130c020400
0e050dfbf707f7f8e3021bbbf4e916f2fd130602eaf0ff09f4e8fcf604e6e3fc
fafd071fd4e71d0d0eea09070303de291dfdf82d35f1e3f81907fe1a0e191c1a
e43204fa1b230c4842fc1e03f0f904091102f4e40314eef9e6140514110fe8df
1ce500d3f320eff4eaf8fbe6fd19f7e814dbebf4130afa0607e0fd09fb0e16ea
0bec141d1915f809f4de0028000303fdfaf82e19ef000101df0530ea07ff17f8
33051d0d33e7001126fbf4240ed914d3f8000df3f5080f0631001d0af2e3f813
f211cbef092ecdee03e4f10702f319e5001801eafe01060ae802f72add0bdb06
12f7f338fae5fb240510201504f4ef1c32d6f6041d030c0a1702080102defb18
e110e81b05f30ff90eec1907fae9e6f2260e0c2a0b01e510ecf4e9f10305d7f6
f30c1205f20112110cec40f7f60fdefe2bf7e4ec11e00f0df40fcafbc7f00715
030a0c07040b1efefbfaf70403f00105e10cca23e7e00215e42025edfcfef1db
1408f92336e61ef724e80600ede3db08f5f525e4f6f6d81522e70ae223edd2ff
40082016fddce50318120af221f52435070013f2f7ed12f00d0efdf6fb10f50d
f3fe0828d7f61bf211120ee1121dee2016f704f4de0bf8d8f1dacbf915f2baea
e4ea0002032c03f4111adaf1fa0216f8fb0d0c0911fa07faf812fd000a081a1b
fc002cfc2d12f8fe2eeff7d7e413fef5e60afdd3f813f105f11128f50d16ea3a
e2f614eae2fa02f416f907061225f8eaf80201e91b1fdbe003e6dd0bf5201314
0debf7eb2210041c07f60ff31605e91ae904eb03f414f601ec11150312f3fbf5
0403f60ce8041bf7fffe0be709eb20d3e1ebf9f41313db041df9eaf4f6f5e2f2
001e1d0426f51711fb0111dae61f1716f9ff08200b01f2090ef41b1808fd17d3
0f15fe112f0d03021019cbfa0606ef131723160f420022fcf11002faecf0ff1a
050e1d09f1d40f2f14102cfdc905f6f10cf50200fb06f802fa0ae8e2e3f904df
c0f4f1de0b00faedf314e608e30df2fe181cd0ec22fcfddefe0e20e72017f6cf
d4eef6031f06fe09081a04f6fe0e00110c162318e60216f9fd17ef110dfb060a
eae00f04edf0f701ee0f1e19ffeaec04f614ea0616dafc020408ecfbfffc0bed
fc25ffee0318330e010d201a040f07e511ef0a24f7231d0f0c0d14e8e41df409
fbeddcf2e4fb021009cde1fbd731ef2ed1f6f4fbc104f100eb00f9e30fc6f3f9
2cf5fcfdec0310eb02d001eef60afaf1fd151e0ef0ef1d040e0025e2f1fc081c
01e00dd9f60d14d807daf8051dfffb06f0de0101e2ffefdad112bafa18c60602
d6e9ebfc08edfbdefe0af81effd4f7ffce17230d01120a200a1443ff1efd1613
02ebfe1c0f1926fb021dfb071d08f605fc04f8e4ca04ec03120c0cfb001d1216
00fffad823df1ef704d6d8062013100bea231ad5bd04edf705d117f7dd16fcfd
2525f0e4eff121ec0a31de000a1900fe0fecdb18fd0812fefffaebc329050102
121bddf3e90defdd06c7102d290aece5fe1c26faeef0093108fb15ec011b0b11
1202e9ebd8f6eeeef405fcf7d9eeffde0cf3fbde181df024f9b1f814fdf9f6fa
16f8f7ecb6f8e70c0a0ed31116fe0a1afff61e0818ff1c211cf107051b1f06bc
22f9120ae4140031040ff3f60dfb01140a0e17fcd7f003edef1cee0cebe2050b
16fcfd1c08050123240106301146180508e22301cef5be25ffefe3171300f4dc
27faf1f7d70ffdfbed3dd5e9e1cafc18e1dbf800e41700fef702c5f9fb16ef0b
e510edff0d051301fefc111a08fdf5f303e4030fd80c02c8f402f40af1f8f00e
0debd71f0bf6e6ece9d80315d5f80d04fe14f7fded0e111a04fcf606daff0ee3
ece2f518db15c33010b7f80420fd1007e0edfd001fec06191af010dc05f4fada
edf90805e4ebf9fa0bfbe3f8c8d1ecfefc0a2e0621e11cef04fff309fafe07f5
f62003f0fdfffb25f6150006fa01ebe9fdee05f40d0ce314090d0005331701eb
fad21801e616f7e0d604f803feda0303fb03f4f3fc08010308ebfaea08f2fafd
04e4fe1cd30afaf302dbf0f8ea02f20a230b38f9e5eff2080d18ec0cf4e322ff
f30fd9f71211f62001f000e7e62403151c1be7f4380e0e2508111aea103907ed
cf11ef33d023c801eefcfeea02d9f2fb4bfdfd04def2efee09f70fe2e0410705
29e42603fe01ea2615f00d2f11060a1400e3031d19170ce4f7f1240ce5fd0ef4
e517e210151101d9e548f507dc1efbebdef1fbd9edf9eed114d2ecf5f0ff0b27
09f9041e0f0406e9131cf7040e290b07d60cdff5c10be9ffed2205d919cfd80a
dfd4ec09d0fbd9b6e9eac00dfdf305e5e508f0effe070411f705fa0d09fec7f9
00e014e503faf526f504f61e13e3f3031d0d01f31512f3f8f01bff070ef9fdf1
0cf72b0327e514f8063a1c18ffe10bcd0911d4eae0fdf3211021e84ef6e3fb06
18f1171f0523070505dbddfbf4ebfe3852050247e20c09f7f10422f227000d18
ff10250808dcee1c03e301fff9e6f4faf3eaebfe00effb00023912dfe7e7fdef
dede1813fceaf5fcdf05e6f6e9cdeaed00090af4f809f2f60807f916f90ce900
18cc11fa0c0f1f05e4faf6dae4cae913eff312ffbbf806f8f512f922f9d3ef18
0c111af608edffdc06e1e7040dfc02e3eadceb25000ceae50d3919fc0bf6ecd6
e81ada0e1fea25e5050528e4141903120af906fdfaf00f11fb03e037142007fc
f9efdbdf03f31b1c21d7200cfd1b0cf910fafd06c025f0f1eafd072f2e380e19
fc17e1e8e6fef509062006e3130f070ffaf414ee3b040e1809f0230ffaed01ef
0227f90e21ddea062ddd0c04df1e171bfff907ee151a200d05eef8fce4fb25f7
0801efff21f722f401f0040528320b04f026100d2dfe04f4081417fa09081814
08f10500f013e3220bed030c1d2906eb08061b03f1fa020cfbe6f2f6fffafd18
d920ec2b2b16fcf0fa072aeffceffe08030cf006ff1207fc04f50f251601faf5
fc14f9e8440e0001061051f2060919f4f6f509f6fffee9e9eaee03081ee7fcfd
ed0718e42c07e11202fbfbe832e9ffff131f0df92b121e0c3214f22b1a0d02f5
0808ec23221510f516e60b01fd01f9ffda0b13ece8e8bbfa00f6041110e10303
fa100506faed12dc1df4241506180a0b0df10ff615010508ef0e10062320e600
0cece3081a0605fa0403e6e8ecece5fcfc0dfff3fdf508fc17fa1ff6030d0b17
071702081e0af52014001d1ce80301f72701fc13e1edfb55124c2010fb500b1a
e5ffeb0219ff2506f6ed21d601560704fdee14e10de9f5f40234fd14f7ebecff
110309e802e8ef1d01e30008f4fae8e103e9e7002b0de9d50509e4ef0c06da17
1d0e0913f3f60df0fbfb1809db03f92400e4000ae228f506d4f420eaf5d6e81a
e7f3fbe510fd183c084104d4e1f3120a130cfde9ed03fa02fbdefcf9e600f8e4
f3ec07da2e1418082d1908090c110e19effaeffdf1f70ae705ffdc06e700f6fb
09b8d7f2f2e2eac4e9dd0deffacc020501f40d21ebf4dff1e1d12b0a0422f006
19f208192d1216fdf3f31215d608090f1501fe08020430ef0818fb1612fdf813
def4f5110e16e409f94910ee071dfa000b11d8ec35f1fc0c0217d2def1161000
1f0600072d090cf912e617eebff4f3faf90f0df007fff32af4240d04e70afb0a
efed45071ee90d10f0d206e702070c06e812eafece0effe0def4f6e4eacde009
20eeffe6ceeeed01fe0a0211292104ecee0ae9eefa172d121d1ddff10f12140c
edf31c0310fc01faf31203ff1c13031d051916f115022cf7ebfafb0613f709fc
edf7f1f2ecf817f901102204050a130c0bffe8f60506ec04f9160f2110231513
330d14f914f1f8f822d5d515361314f6fcdeeefbfbf400f5e5e7010efde20d03
f8dd1cf8f110f4caffe11e09eed80fe2fce41108e324f0eb0026fcfb0ce81128
070522ef160715ebec15f002f4061b130c090d13ebfdf3431418f8fe1f0e27e9
0fedfb0206fc22e90801f100ec0edfe9e3180607c3f3e71dfdf7fe180cf9040d
0011f5ff1829f3452803fc07102ed319100c11120afb1b0df609fdffe8f311fe
0febe7ee25dc030a00f1fff0e8f31b1feef7f814ecf1f3f5050d0301fc0515f4
12f411ffdef90715ff08f0093a1dfa0de80fff030de4e611f51f0727f0140f17
080be010e2ff26f90009f1e1f5faf4d9e411e613e3e0fbd6140efcf5e905f6fb
f4f4e81e1611c002f814effaf113fde9130bf4f0e5061cfaf9ddf124e8f7e916
fefe013609de1b0a00fafcfafafdfbfc0dfadd18eb21020b05ed17140e291e15
0e26e1f400ebf6f90904f0f80c1f0ee8030ced0a0aebee150deff2e611e23cf5
dfe4020905f9eeed0efd1e24e0f9fefde4f4fa0613fb0a0e0de3e7fcf907f91b
14ec1e0be80417f0ee25ff32fbfe01f5f61e0303f81f1e1708f407ee1e2ceeee
e306f7fbe707e601f1fe1329ebfc0be1ef13edf308dceffdfffaffce01dfd3ee
2f07d428f1d627fdfb181d05f01b12d1340407ebff0c0fe4070bfefdf1d2f4ed
112afdeb0b14e6fff5fb05ec15fbfcffef231609f0d6ef1e07040cdbf813fefa
11171514130108271514fafb10e9072403ea0cf41eff20ea03e6f5fcece3f9f1
efe7ecebfff02418112118012218fa040df9f4dffb002e120616f808e3eeff06
1cf524db18d0fadce0cff4f3e5ffe0e8f21a0208f6da0ef102030e03de01f801
e51a0900ed0402d805fcf4f314f715e1fd2f09f7020fd74ae9ff21051af30ee1
f7e30deaf70d091015e40d0dfac81629090911f71be3190117f6ff02cfe4eb17
f0eae1ebe6dcf20406e3ecf2f4f512dd060b0ae7f80408f2151610f614f60524
090ff1032fe9f5f90b2026ff04f4fff00bf1f2fbf8f018e7c618eaf5f8062307
e9f6ec03ecfe03f0f3fbff05f0fcf90d0b0c06f9eadb0602faf7f5f501fc06f8
f1f2def9feddfdf41ced03e91a1d16e3fce6f6e31b14e5f6f807252b0c15fe1f
eaf2ece5f3fe15def2ebe82b0313e51b26ffff09eee7f6e20d1d08ef1c0ce9ea
d5f8edf50f10e130e10a13effd0a0509f5e73411fafd0522121f0efe13f238fd
f0fbf20af701fc131ffc070a1c10e9edf8efeacf140d06f6fc1309f81318fe13
f2f710dfff02fa02e9ecf7da25e607f21c1713f71132ef16f4d8ffe9f1f91507
00fbeaeb040c0c130312232d06f3030e0404f9eee9ceeef0f006e2fd11ecfb07
f7ebeafecb1a2bdb25eefd10d916e0fbf3fffbf9e1fef2faf9fd06eee0fa08ee
22f516fbf5022202fb0910e713eb04f0050fe9fddbff0021f912f520041e00f7
1be5210220fef7010305000a01060efbf30b201b070618c0e515f6f7fd050d18
f107f2f8f41e201dc7e1e30cef1b1407edd7f409130df41af8fa181f14faf9d7
dd15200302fb0d0107051c0623dcd700f5e5ffffedfde5eed003d817d4051300
05fd0c0be9fcceed19f0f1fed6fbfb10031c29072f0cf706f3fc06e5fb0dff0f
f10edce7f1fc09d912cf07f80a000ef1e4f70eec1004f3eb1200efe9d311fdec
efeee90a05f109e9070aedf01bf1110806cfe309f1ed1b03e50513e619e3dbf8
e7fde8090b07d219de14f4ff101ffafb1dff120f24f5e7fcf5f425d3f11de9df
0ffd1c2af20a1e12f3eb0701f6dbdd080b0efb0506e83b050f0c0100e7f22af9
1fee0401f510efe6ed23ff182322faeb08f6e6030d1d272de1f5fbfb0dea2eee
ef172ce11f380df411f71f021917e8e4050cf9052404f4f5010a17fcf5faf4f2
1109161ce916e00427cce80cf303fa0aed0205fe31010122f9ffe5fe25070ce7
d116f43ff80ff008e70cf0e7000b14e200edd91cfb2507fae8011600ed0bf906
f915e602fe06e1f10debf4cffcf6f5d812000a1ffcfdfffeef13010b0704f201
4aef03f90b1307152de0ed02f70a320bd2fcfa17f7f6cef3fc0f0dfd03271af0
e81fde1afdd5f0ecd6f0ee09090ce813e506150f0fe9ddf3f21c011703050201
12fe0b011d1c2a1b1affec1015031a240c01f502fc14ea04eaebfdfc01fe04ec
1e200fe6ed0dede7e9dffaf5e913e7d6f507fc0e0efe03160a03f11611fc10ff
1619e63505f322f2ff17f2d2fb08fcda090302e9ec30eff513f615c9e1fcf1d0
23f5290000e20318c907f7fc0b0befef11f73ce5fff7040b26e4e5eb03f31e31
d8df09f8fbebfa13f402f6fe16d00228e9f105fbfe231ef517fff5f9fd1fe123
0109eb00f5efe4271804f704f0eff0e7f3fd0ed4db04d2efeb01f218f5f91008
260bfffa370de1f202f7fc020410fbf7e016f50c0f28060e0d101a12e9f7d5e8
24eb0614f103ef0030f70ae00607ec09ffdef4e2fdfd052108cc08fc02e8fefb
f0121b2cfbeb1f04ee2d29ea16e0df091602d3c51b201917fad911ff0607f400
fdfbe2e5e60e1b1df6f8f2211ef1d1200812d412d90703c8d9c8eee3f5180d08
ebf8fee813021cf4f8f40cfe1104110204f204f209ff0e1500061f0705f91708
0e14fee1f518f018dc190119111906ea02e4d3f1f705d4020dfc0800fb10f706
05e10dfed0fb190801f10ee6100cf3eff6fee9c8e50b0ffc2aefe8f5fa04fe1c
e9f0283b060f17f4dc08f616f906fb2806f4e704f9fef306e9d902f518e11708
0d041422f403e8000b2f0fefef09fd210efc05da1830ffff0beaeced13f70b10
20073407e5fef617e7ff1c23fd1afa274905ed0e012609f6f70c1734fa1201f6
0c11f5e7001402200812f2fd22ee34f81905060efefa2ee9ed190703f4001d00
00bd0fe2fe040d10f5fd1ff0d4ec16151cf402f3fdfa0bff1f00f4d212f8020b
fe2a13f0e5f9f0e4e5fcd2ecedec0f0ef518100e09d7f70cf1fccbf1fde3f615
00f71307e9fd0504f614ff1eff0df0d804fd090fe5180b340a10ed0efc12e9f6
fb0a1c0d28210409f90aebf3f3190a13f700fef50fdd0a270502f4e20afc040e
0522d412190807ee091cec130aff12fe16ea3b080f02f825fe0b4d02fffe0009
0000f8f02107f9e5f1f315e8e7f720ff10f2f921ebfc1af109e8cf020fe7ed1b
e10b05f504ff00ecf60b11fd04fcf8f02af5f304f6f1f713050002f7f9d4ec07
0bf607e4fe16e4fee2010c07e6fd110ee3ff130ce8ee2410f4daebe5e3cefde7
f1e6fbfc04021b1a0af2ec140319fde911f91ddf1322180a0010e308e9060a2e
0f24011113ff070c07f9032710350909ff3208f7180a10f409f41a1b36dedc27
e210e2f5faf50b00ebed10f00d1bf3f1f604f20eeafb01d3f500daed131df0fd
c6150011f8f6dff9d610fbe301deec25050df60bedf2150af808fad2f7e90d05
362004051c1af2fa151b0ff402f9fefbe6eaee020ce1ebf2ed0c260117f907ed
f0f1ee0e08f7dff8f7dfdec3f5e8f8efce131df6f110110c120f01f2ebe107d8
140a0b040bfe01f50a092355131dd61beee1edfbf91c0df1fbf1fffdfafcf6f4
35fcf1e8fcf3f311f00b1320fdece7f90208fafcfa0c26e5faef00f810fafe15
ef2a0a361a0b1009001810294004fff1ee23000df5fcf4e1f7ff103e04f3eafd
e5de1706ebce0c23130104cb0fe1ce050b080b09fd090eeefcf4f52df0edfddf
05ef1616001600e4aef71404dc1c0be6f1f1d4ef1d020cffe2ffeed3e6dd1305
2107d7f201d511ddfa050721f406e1e7e4fd0af4030d01e8f70bdffa2eec100e
291b1cf0170afbda0709061e1ff1fb08f9e40f0bfdfdf5f3f6fbf2e109f8f807
e9eeea1b10dff1f7fae2f3f8fced0fe906f3ef02110d160004211efb050604ed
ed0c05070a10e9050efe17280ef1f5fddd0cf8fb1cf4d02313f5f4e3dd150dfc
fc0ee708effafd0909bef9f8fef2f50605fd02fdfde808f503caf6e908f4fff3
18f000070edafcdef2f524fcf0d50bcf0b21f7e7d7ec07f327170618f9e605f7
d9f5deeaeaeedb03fb00f2fe0fde04f91af2eef021f11af10d0d001cd81f07e8
1df4fefef1d7021207f6061301e42507daee1bf5f2fdebeffdfbbccb054334e7
07f915fa00f8f920280a03feeb1d03ff0615dcfa0d1afd11fc08e003e42906ef
0bfc08ec1709fa0019f1ff01ddec0408ff0cea0de520efe315140f180f0c01ee
e2ecec170503130be91110f3061600fafdedeef907fa000deeecd0000601f0ea
01ebdb05041105e9f6ede4de0704ecdcfdf708ec1b0306f1f1b0fc01f61009fb
e2ffe601eefd28f3d2fa0c0cec071efef305f1f40404f0121d1b0cf70107fffb
fdfcf4f1fa13df0801fc02f0db122b2d1b100c19290913fceb031d1b0216f61d
f405e8ea0d08010807fc150cd9141b180506f01517f61412030bfc0212e73332
ecfaf3f30cefff0528ec2320d204ef1ae8fde5faef04d8cad5fb2710efcab630
0308f6f7f0fe18051bf2ecbef7eff3e0fa25150af30fe1fbf9350d1126130809
12e105100afafc0a0edfedfe090d2c18f81a2714fce2f8f10eeaf8f011fcf20c
f7d6ee191e1403eff1ee1001fefe0c11060013052bfc0c03f1f50ef21609fd09
340f08f0ee18000f09f8e71ad4f9d3ec1307f346f907f8061e1321120202e3ef
0f0814fb181b1bfff1002412daec0ce2e2fa0107d43ff4e71af80e19160ffceb
f005ff09e3df03fcf506d6f1fceff8eaec000af0eef908031d14f30edf122837
fa06f6dd1732da23db200e273d1403ebfe04f50ef30006060913fc02fd1500ec
d4d3080b260ae3f8f7f6fd0fdfe4efe600ebf808160009ee081bf63b0bf6f514
ade60afa01f7031711f0de03b0121211f4e8fcdce1f0310810f42ff8e90e091c
0ff723e80dd9fffe0f03e915120bf8e500ebef0a0f0901f115391f02e60f0bf8
c8280a27fa171f37161232ea181b03d515f3f704140d120cfdeaf0eff7fafd04
cff105f3061af5e711fefbf21df4e2080903f8f61205feff051b201b14100323
1108ff14f80dfbf016042ff10df4f1f6e6272bfd1b030fe2edfdfa2b19060df4
d61907ee0602fbefff0717e4e00d01fd01fbfe07fd020a0af52ef9050d14120a
02ded0eeee0803df16fcd523e5eadbec07f618ddf3f4f8f425020717fc0af3ef
35e4fc051bd405ecdb0cf8150cfb11e30402fde2eff7ec020002173315f51bfe
371c0a070df3dff22703dccbe9defbd4bcfb03131507f200e824070314190201
e1f8dcee15c8f3f2f20cd21bfee81d04f1feffd0fe14f01afffcfcf724ed33fa
fceaed1b100b1e1d27171d1803f00307de22f20f28f80d3003fcc5d0e5f9e6e9
19090910eaf8ea1b1afbdbfdfc161802f62edfe4fdee1219f2090de61d061c28
0e24120bf31a0c0d0b030a04d80c1330190905d5e5f21a00fcf7ed0aefe1e121
12e9f1e6ee04e304f5dbb4dffaf7f7daf6f2faf9eee402f9cef8fdd0e1e3d8eb
1af80a16faf9ff0ef50c07ee05d00f4221f6eb1405fd0f080303181407f9dc02
041a11f8ff08f6f5fffbe727fa14d0151bf6e8f404f403f00d10261621e913fe
f6feff05eaebf20417f307fbf7ef1afefc190c1513e9fee5e0f7f8fd1015f6f5
16f80f15d505ed211afe3003f84128eb10f905142cf6f1f0ffe7e2fcf6d6e91a
f40adce2f8fec607e50b24140520fe0507e3f0e32611f3ff0b0bfbecfc2ee7f0
d229e0141be70efb1f33f5181500dbda1c0df5edf02b0510f0062e120fed1bdd
1c1a0309fe13f908f1ecf701fb0efe143813eb0f050f0ffb02ef09f0041907ff
ecf7f92e1a0c02f5faf513020b0c0ef5abebf9e117051a06ff02f51af6fcf515
bfe900032207f7f9dff708fff92028f4fc2804e8f815e00e081bf21adae014fc
f6fe10e2f9281ae6db0afb07020c051e32171f0612fe100ce8f9f825f0faf9f6
03effe02fa2ddedef32421ea010a030fee0c0a1a01e30df4060cfe26ef09eefd
cd0501331502e716181a012aeb2521020cdafe17f50dff072702f915162411fc
10ec10ebe0f7fdfcfced07cffdf6fd0314170ef4fa06e306d71808ab0ef7c5f9
0c141aedf4fef01b02f7f840f51ae51304ea17ec0915d8e2ef0833100de7e0fe
1204f1130aefc906131c0b230707e901ddf6f3e004e30cf0fed206fae1eb04f9
fe2be51bfaecea0e01f4ef04ea01e81f09170b2607f9ef02d3f905161705daf6
211bcc281ee9e5df1f24f706fafbe3eb0121200020e310090ce7e00712ee03fa
31f1f8e411f41b09eefb1be60010dd19e8ec2607f4f9f41e0df905000d1a08e9
ebeaf921f713f4280c213116230dfd1d08cbeff2f4f7e71305d7f6e1eb122011
3912fcf9fe13eeee1afff12502eef0054220280ce81501140413e80aef230df9
060206e906f7e90adfea00e5ecf5f70edb0015e21bf3eef9fd15d90f03fa11fe
f2ecf6fb04150bffe806e41c1ef427040afb1904fb04f12c16fc02120bf128fd
1a440725fafc15ed1518114122f210fbf8feef0409db02fae40105060d1ccd21
0a0123e0215202f4130c1f1a15f738fccb090e18fa0605dde1050cd6041ff1fe
f8de0eeeec07210fdffd1315ed0311eddec3f903030634efcdf0ecde13141a19
d2ee05fc0a05f0f910fb11d9ece8370801d2dbfb050512f3e9f70409041616f9
fc2cfa00f2fafee138fc111014e904ff2adfffe7fe04190ff6f6ed3ce9dbfe04
08ed03f0f6f1f311f6080fe71b16eb181ef119f00315040fdc2826dce7edf9f2
bb03f4f106dcf803f4e0edee0fca090b1de316ebe920ed0be7fa2217f10611ea
4f0a03f2ef1601e1fc0fedf4f7fee908dff122021b0df7eef80407d6f503f701
e3eaf5fbfaf00607e5e7ecd80a0a02fd06f8f10110d5f6f70809f5fdea0efbfe
c91201f206060d0418e2fefe0b16130e1a100a0f1cfdcb00dbf1030e19e8c90d
e3dd0bf7f6f01606feef06f5e9eff9e13f0bfde2e208f4f41cf5f50ef8dfd000
d4150816dce3fdf9ebedfdb90afc1a05edd7f005f71a09e0f71ef808fd19e217
0f1bf11be7f719220602070210fb160c172cd4f3fa0c08e902fce0fbfaf1eb0a
fb0c03f2121512fbd6f2070f1002ebee1b2f3d2c0a11f2fdef03f9e708fc0fcf
1c2306d4070b14e4ebf80e09fcf5021db2eff8f20bede90905e7f2c405fe17fc
02f801f4f0fadd12eff6ebee150e0a12ed030308e6f9ecf90c0e03f31aecfcfe
16fa28ef31ffe635f80a0aefe7010df005ebf9100ae2eaffe9fef80501d9fde9
45e2e30f05110a05e22d0beef50610f20f1bffff2616f6011909f3ef1605d4f2
2e0800e8ecee1e0b080e15fcd9f502f1cf11da16130513001cdef012310ef70a
f32aee01d5ed28ef18fef8fde5c5b40a2a0b220ce6f416fceff3fddee02b1a28
f5d6ffe1f1effe1b07e5f9e9f3f4de11040df61d0b0bdcf8fafe02fb1a01081d
01f1fde4fbe30a0308eaffee16e4fc03fd0df70d06f50cff28d909f7e9f90d08
fe0317eee81312fe0a0dfc08fc0c040cdedbecfb02fc01d3e9daf514de071005
0eeaf5040102f3cf081af3bfff1be510e8ecfbf816ea17251d01feedf20c26e4
eae01d391ae609e4cf11050934e9eb09f819ffea000d09fe0f110018eafff9fd
1208fdfd040704e2e90b0edfe8eae7d0e8fcec191a14feece9f0ee05f70cfd07
e70f0d0dfc0adef9f9f4121b04f61cf615fef4f5f11c04110609fdf51f160008
12f8f3fc0af60f0b32da15f3d30613de0f02000af40e17ecf3fdf00b11ee0808
160bf0291bf71d17ed0c021e06edf01ff1f6f60ff2d808010e0cf1d8ecdaf51c
e61100fa29160a0e2122f912fdeeea121be914feedfc160df411eb2b0208fef1
ffe9f907d8ef19e139fd12dde00b16f1c2071c0123e7edf5f51002e7fefc0616
da0c16f7c717d82d0707fe1ef30fe6edf816eb121817031f191bedfc00fb08ed
110317fef41c0412f6fcfc04deea12061d1a180ef3dddfcff7f307e7f8fbf8e5
2af9f8f3e62226d21701132ff8f90cee050009f6121a150b11030313ff08261f
ee15f10501fbf1fada07e50df7feeef71816fa06edf0eae3ef1601ff0816f0f9
ecf5f2eafcebef2507e008290a1008210af80700dd14e70b04f0e0e02a15fde7
eadcf2260513091df500eeff120cf0f616150cf8f306ff0e1cf4f211e6e5fcdb
f9e9f0400cf6d70e06ed220e0511f8dcfffb09fed5ecffc5d801e9f10cdefcf7
2008030afd28fd07feffe9fe2009e4ffe20cf2060bec00fdfef8f3e1041be7fd
f2f4030110f1c416fd091836fef41012ea0b04d2f800deed123108fa0f1f1b0b
0f17fb1a041dfb1815f5192cfd070409000af2e700060c02e3e716e625131e03
e7f3f91df4e0fe0fdcedd8f2effcf111c716fa0315ebdf1e0af8f0e2050511e4
e9fbf2180f0ef8160dd4fb07e6ebee054a0600f6fffbde1afc07000f26fbf912
1118fee8ff07d525ebfce3d8f800fcdf1e1df70df70cef15051406fe0f0ff409
dcfa050d01ef16ec1503070414042e0cc11a25e20207072eed0ff4020ce6f902
281208f003ed0e0518f502022aec222605e9d8e1f1cbf511cffa08c921e7eff6
e7eb15f4e1291725ebf7f6dafb1909e703f90af32202da310fdf02e4f8eceb0d
0a10f01efcebfd0c240ffd210209f600fd240e13eaeb06edef01fcf5f616ee03
4126e6240325effe070d19ff20e8200d17eef704f6f4f4f2ea0813f20a011a08
0018dc1ae7e7040fd102f2031704e9f00041c70021121d04e3fb22e7f20400e2
ec1b0405eefd1e060def2af2dceec0ff00e1effa0b16060ae7fcf8fce4f7f123
f3e60b1d28f8e2090be2251afcf7101c1cfd2c1bfc130506160ee61f00010ed6
04ece707eb17e6f80ffe1ad70a0b1e0a08f40bfa0000053fe40532f61318070c
fb26022203faff020ae2fb1ab50f1c0aeff71bfa09fe00e6f707f02d0e10f915
ee0edbedee1f032a04d41c03fef80a01e408000111efefcb2014f0eb040ff903
100c19ee130906f5120f0100030e1e06eaedeb00f229fa1111e7e2012f1805ff
baf819f9f00ae9f8f0171001ec10e6ef01f2f5e7f9f500f4e90a05ed0219e9fb
192a0e17e817efe6daf91edfd306dbfb01fb0de1e8fcf802defc0fe9001c3320
e612f5ff12fc1de6070914ee17080b12f3d9e723f436d826f81404f7ebe8020d
17ff2515d10700fcf0fedcdafe260edff0de10092bf8fa1912fada040afc3224
eac4ed0e0c070328f81b0e06100f2218d10be71b270119dbe7f21b04ede7f8c8
182323f106fdfe16ed22fae8220717ee0a311b0104f21007f9112611fcf908e4
0724e3e3f5050ceffbedf3fff20dec11f227fd261efa0a0206ef040ac216e226
00c418ef12112a09ec080bff15f8f60013f9fd2d0fdd1c0d0433070bfdf1eff3
e91110fc0b07f9fe15fdd8160614ecf7e0fdf30b0608dcdd09f7030afa1d04f1
2d1900013f2b012cfb0b2b170ef21f03011c18fa141d1122f91cf72be1fcf7d7
d5c4f2f7e505f3caeae60616eff81812d704ee1306161d1d0d0411e9021e071f
1900121d08fe03fce90207e718fbe9efe5f812eae61102f80700c6e1e8e8df1f
20d90bd212f7141cf0f2d2ee19e00afd26f508051c05d900122a08040307fad6
f9000c0822faf72e2817fbfd11e0ea05fdf0d3151c0a00f4e6060ac906130321
3a2bf1ed01ede6e812f32520ebedebe80f200c030ef60cfe0aee0901fd01eef6
f1e6ebf8f718f400e20e011e020c021df226f30cfe04f42afbf3080109de0d12
f507ecf5fafbfd0622fcff0edffd0d0de3040200fff5fbf7f1fcfaff0605e2f6
f815fb0b05edfe15d622da03010e10f941f6effae41a07f61b15412a02101cf6
fdfaf5080b27f8da01ee1716ee0023e31cfed906f0d32e05d8ffedfa23f80311
f9ed2107021aecfa0f02def2fd0fe7efd137cd0c080430fff9fd11ed08fb30f8
0108f00f2ffc222a09fef805f7fd1e21ec16d3f51202fbc6162fe21efd03f8e9
f5fbf9d3e7fa13f003040a19f1d905eb2124ee0a05e5d404011902ff06f7c1f5
29d70ffd13fb22f62efd0b110e172dec0e0203fec8eee6fbf4dbfad12ce9fff2
f21dedf2f80c12210ad211e0080ef0fff2f709ff02eb0e01f9f508ed0d00edf3
180ae90e1c2b19233815ce140ad818cff40a250fd30022f6fd0512eae00af31f
f2d91204eae3ffea09ece8ea04f1002de9fe13e11d0013f915ff092d2301ea08
ef390f0c1b08feef24e434ecf403080847441a290deaec12f80dde24191508f0
26d1e6f5f7e9f2ebf206d70df810010c24f8d51c0cfe02efec0b0be8e2eefb0d
fc2af532ec04f6eb03fde8dafce603fc07020bf801fb17f512110b09fd1bf8f5
e31104dfe8000d1a16e2fe030405f316f1ee05f4e8dbf7f90203be04f61ad1e7
03fff6dd0be612f921fffb07200614e3f0ea2a0814cb0ebe05ef0425d0d70525
12d1efe11ddff3dbf6e8150a17fdfcfafaf911fae30a00331101fcfef40ed91c
1feff811fae204e8e6f20220ed04ce0c06d80ff6e2fc0a060f03d70c18e20120
26fef1fefbf7f2eae9f3d7f8f8f818fdda08f304e51b190a25dfde12e8fa210f
0618201f19fae3eedc1b1b0ae4f9f6020011f2f0070505f3fe0309130d03eb00
3dd41807effee520fb142ff915e5221a1beefef11412080d02f00e01db1c1ffa
0708e8fde104c2e8dff407ec02010007e100e3f309ff021d03f5f1dd12e60cf5
0cf717dd1922f9f601101323ff09feddfcfbf10419000ef215f21301032ef101
0734dd21fd01320030f2fe022b1a0520d5fed904ebf9081a04f2fa0bc9d4e4f3
ede10cf2ea1aee341500d62bf713fc0cfcf31df7ffd7122e041d18ede8170402
38f71fdffef00c0d1232f2ee0e1bf217eaf2e7dd02eff9f718f01affd913e2e7
f6f718edeaf0fce3f309db0ef4fb08f5160702fe0b0a0a2310e90b0a0eeb0c09
f2e9ec02edf2e6f70309f008f8f41b13ff16082a1021eccddc0800f6f5ddfef7
50001906d8f32b091712fded001dfcef1d1af9100f1620010cd9050d0edef50b
210c26fd11f0e7fce70b09fef0f513260f0afee2f3dff417ff11f11ade14280b
0cede9ee0a0e1be5f71900cdf4f01422070cde110cfe08edffe9e9f502f2dcff
0dfaf20d12120a03f2290009112503f9fc0fec07fde9fcf21bf328f8ec02f6db
ed060d041f0cf3feefd4df120412e71bdf26fb060d05f8effee905f318f70eed
fa2601ff021af506180ef9ddf4ff0b0be6c8feef0eff00f0f1130205f41014f2
0afc090a08f905100a0d1403dd130ef5fedb07edf701e60dfe05030f24000a08
f5e3070403f3d5ff0d1d06ea25f2010bfbe11de72fdb0c0522000c21f2fbf001
34f4df0beadbe60617fbeaf1f505fae234f6d8f01e2906df01edfb34f2f9e10d
ecc717e7ef26f4c2faf1f80604e90cf8f5e2e2f600f205da09e5eddef2f62ef7
0736feeaf309021d441d030d1ee70ef511bef708ddde03efe700270af1f7e4f5
f80629eecce80007e617e0ec20fa14e9f0e4160ee9f5ec43d7f0e30f2000faef
26fcdc07f1f0eb00eb160c0a00f8fe3035f70e35f1152605e7ebea020609182e
061b010e01f8eaeceaeb0928e9f804e91805f9e90ef712fefaf80d18ff1122fb
f1f81a191d1f19dfd8ebdbeb110ddcf60809f4f005ff2b17c6f3f8dae218bfdc
07f5f3091cdf0beffd06310018dafff4d01306dcf7fa103715f6e30beb02d030
1e13fcf31021e420181c06e8d7fa251bf0f707012ef209e502eef6020b24fc14
0de4ec080ef80bf50a0aee0b15d90004fd05fa0f080fecf919fe01080616ffeb
06f2e801fa1236f7fb12fa20013509fe20060708f0e92b12ecf6cceaeaf52b19
e5fa01ff02da20f2ffebfc03cd0a00e5fdeb07fefe051ff3f70a010dd9e3f6f5
0a0d200f0d0f0f05ff150af2090ffff222effd0cfb0acd0bf3232bf01711e3f8
23090a09faeffd00f515e900f80110ea0bd9e6ef0606ece8f5140d050600f716
0ee30ec906161afe0c07f017f5fc180836df2a2ff910e7ee191d270a1124fb0a
fef6e9fa1ccaefde1df100391eebe9091cd8082903f6e2fb010dd7e4f403f7ed
05d60f20fe10f7070acae6ece0f808f7e7f3df0a110f2ffd210617041a06ed08
dcde08c6f017ef17f3190b04042fe8d9e3f80b2a0801d2f4e9131928fe0be404
2e190ff1f21bd3361631f5de1ad31bf1fef50d1801f20203fe13ff14ee061010
f8082f0f00f2f908ece21ff21109fe0af9f3f70cfad60efc05e80adf0f0fdee7
00e408f81f151ef2ffd03d06e716ec05f7e4f6fed111180a1b170ff5130e0030
3c0211f6c707d40e26f51a15edf3010be4ebea04f1f9c2f2fde2d426d20604eb
e50c0214fcfbf405f3f41610181bfa15df1905fd1ffef2f7cf011600f1cc0c23
fc1a0508450828f0e30d2a0ada2507300808e5fc14fc020de712ee17f50104de
eeeb0bedf0eaea0fe5f1f810f3ef2223d7bde6e807121aeee80a21f91ae806ff
0b262a130efd17fcf61cf801f8001b04def4d314ea11372202f4f30313fef400
121c1de3e9fc17fa1eeb1af706fa0e07d2e6f6eff807f1f4ca031df1ed08cfea
ea0312fc0efce4eadadbe6f7faed01ed08e8f71530ef1a30ff17f5000d190715
ffff170cfb150201ff0afa05f5fef011d90619f207f20404effcec132007f117
08fefb19e6fffaf8f2010eef08f5fcfb0112f9f00ae2f4effcf808fcf2fcf8f3
27f5f906f505cb18da01fdee06e20ff4ec20fdeae9f8fc2512d3e6e7190204ea
d8eff4eff51c12eb0bfa0502e30fdde8fbdf1cfd0c080515e3fbfc050a25ed0d
1e0119fe11e6f90426f5edf6fffae009d2f1f9f919ffe50df4db0816270bf816
2e1836e71206d4f91bf0031a1ef71204d502ef0604e6f200130b1d02f0ff12ef
06e60106f507fa04feeefce7ffd708260013eb1af6dae03a06f70b13000f170c
08170bf01a211e20fa05cee110bc17d910fdf912e409bedde1ede7010621d501
1dc92b05170d2903f6ee07e6ebe117dfec0af6f8fa07f6fb0af2f001f7000ae7
ba2116e90a042a012df50ddbf4e33007ee01f0f20307ed080bf40f22fe120f02
190d0a001307f3f31a040d10221de8fef7fd09e0f1ea0527f424cbf6fe0928f7
e3ee04f6fae406e22002f830e9f8d6fbe9ee100e0fee05f701eaf8f01ffcfd1d
cf02d1f5f9f70006fa0d2afc0b21f623020affe0ecf2f0f7030b050dc50411db
fcfcf2f411e919ee1e18fbd1090ffde81bfc07f7f203e8f50fff01f8180611f9
111fe40beb0216010ed0f106160ef513e0d705fc09e424f6f1e707ed09080fea
080beef805000ae901f9f2100dfa02faf2fb0109dce0dc01dc0eedf3fedde6e7
31f6d3ea0dd74be1f321fe02f315de220aecfee31cf1f1ece8171000ea110008
14da2def09031624d812ececde050a16d50911102fecfcfcf8fbe2ffee140019
270921c60df41d2100fdf62100eff2f2e117160e1d07fffc37160810050216f5
09fa0706f507fb12fd12e61efb24fe0d12100e03f802f4f6f3f90bfb02f20304
0705f320f91e1115281c15e60bfb1a15e9fa0d0aeffc021e120e03f7fffbf510
f0ec151ff81a08d1304dc80af710e328eee30206191df8ddc41bea080b0ed6d6
e31204f5010b27f012f8f7f923e5c7e61701ecfd050f1826000df00f0d00f002
d90c0eff00ee05e0daf50ef2ea14f70810eccee1e0ecd8f30deefb010a101106
e4f3fb1df407050416ef0ef41c3509fa25fff71eff1404e30ef4023100190510
28fff32004f9f4151119ed0afcfe130ee920f2ec201802220cdc0b0bfbfa01d2
f734f001f6f61500e8f320fee31d1ae709110b0bf50ff9f510f010130c080bf8
09faf6fcf801dbdc01fcf8e5f3f31216fcff14ecee110904c00612f3ecf8f206
1b142ef70bf7e3f212f90fe60bf836f1061418f9fff216fffb0cfdf90517ef02
3017e7020ae4f6fd1206f0f613e1d9fbd4faef17e50b142721f90bf304100e0d
c2e619f9dc07f0eb28f113edf3effa00fd02e9f6f1d71ec1fff31ef6ffe2e808
070414f4f1f5f803fdf0fceb03050409f11b0422010409f2300de9e639f9e110
f81b0de80a3919fd29e3e2e615faf1041002eef724fc0517d4dffbf3121cdedf
03f202f321080426030616161b0de4ef29e4000de4f90c0b01f8f7f8e2d4ed07
1827e715f11e03fe1cf20a00f2e307f90604f5ec07d2ffefeffaf0d6f409f6f8
fff50622f4f1ecfc0fe81be022e82809f51c0200ee0c0b0c21000d07f10002d7
f91100fae61fec0317f3d5d80ae719061a0407fae4f01500ccec0d0806fff128
edf31b0df807c9edfd25da19e911f9dfdf06d5e2e3fbf11bf206da082009093c
1206fcfa3c00d5fd1013ef282fd31f10ee1331fbef07fd1d29f9e6edd407fa0d
e8f100fe0213030afa2af30e33f50a0bfa0f0330eb3a0023fa05fc071224f90e
05060d09313e1121dceaf303e30eed1d160b05f0d7091b1ff71ffe1004041e20
28e8e5200efdfbf60e0012141c02ef052127ff1bee16041a1909e8f3020e0812
1b02ee04000a07d91bd80502e5f7d4eadaedf01306f013c50310f40ad7f035fe
02ef0dddf52cf615f7edeb08d104fcff2dedd00b280a25e8eeecf303b203d80c
071ce5fa1100ee30dd1e17f1fc0efb27f707f0e2fd2540230016f8051afb22fd
0ddaf02b1909edd9ec06ff262b160821071be60000eb061b0117d7f2ef080607
d713f012fdf43a1208efe3121203020af11e1710030c3528f90b09dc250525f9
f1f009f71def0ef8f81224fcfeef20eff8f6e1fbd6e4b2f4f4f6c0061709eb05
051f10e322010c0a000c131e130afd11fa32d6e1e5ef26e834c503dbffdffdeb
0809e91f29f2dde21b2d12f1f519d0f008f903e6e9fbf0cf04080201130ffaf6
091009e10109da10fb15e91a0ef6f5f15ae404171beb17dff605fb1a04070521
041ff11a0d21e326020419ea04f2000ceec33401f905dff308edfbe603f22e0b
f027f7dbf1e4fb0ff51e17fdf2ebfddc05efdcf82c20c9d2f6150df626d41903
f82401dd1be509f70720e814f7f8eff2e72ee8f814d12fed1ad118f1ec0700cf
0201e914eaf9f6fa1a16fcfbdd0cebf1f6f00d1f1407152f0dce0710ee08ef1d
e104c31e28e8fd150322ee03fdfffbf0340eee0d18daddf6cac704200914f5d3
00fc00e3d131f7e911e71619131849f2fb140001c51c0113e20e0af2d20505e9
020d2ae61af1d60805e8d32ceefa1a23fedee4d91e03f9f4fb0bd9f317de2e00
2a091c0604f50b02f0f51df909040012f0f7021612cbc1e705e209fbd9fe03fd
e70a2bc3fbd503dc1d1a0ee125f602e001cf10f804fee7f519d8edf2e513fcf3
fdc61e0cfe18ea2af2fcdaf620121224f6f0fce6c5ed14171019ff2feb0403ee
0ceb00032f16f1fafde70005080f1202e2eb13f2dae401f5faf2ddfd02f71e1e
061f0adfe61ed233f3c2d6cbe7010904dee8f712e90df1d8fdf0ff0107e7f11a
ec030701eb05e6d4d5daf8030502dc0106030b030011153ff81cf90ff8f9f621
0df10800000b090204ebf416f6f6f3001b0f301ff5ddf4dff0ea19e61d1aff12
e4faf904fef3fe0dfffd0af9fb11fcf9e4fef6e0f503ffe90afddd0800eaf30a
13152707f5fef212f70b130ffe0a1ee004ef10ffd5ec05e9f40504ed1beefffb
131022d2c314f9faf5e9ebfb170433e7e511130cc4fafa07eaf84deef918e210
2aeb03e7e110db1ff3e5efdde8fe2300cb190604e9d72f2e0b0400f1f811f2fc
f40e1424221217331a07f811010b15080bfff3fa282e182f233b22f1d7080fdb
f8fe17dfe71437b4e822fae81ae2120005f7fa042a08d03213160bfd0a1adbe3
f3f340e31707fb11132d13dfe8edf822f6e7d30213abefecedd2e0fe03f71af0
e6f21affcdfdd11af61df101ecf4eb1d00ecfc080005eee606f3eb00fdff0cf3
222512102cfb28f4e4e1250501e7e4f5f4fdfaf0e2fe09fefe06e2f80c10fb05
1d01fb1bedf82fd42dea0820e4faef13eef3fa14da17ea31e2f3f90a07ecf519
e21a170ced04f2f41ad0e5e7000f1c25e1152c130c0f191f15cdef14dfe82be1
f702c5fb1d1510b1eb0bfeff240300fedebb00110f09f0d30f0f040df31101f8
1f0a00e8d3ff08d8da10f4faffd60a0f080f14f6f40f1117fef6fafffef911ff
fefd0ff018be01f8d1eeccf509e7fd0ad8effdf2ecfb0b02f7fa0112eefcf111
040407f3051300e0021b21131feb0af5cae9dbde1605f6f4fde4deede1f8f0fc
f828ecf606e3dde5e4f31beafc0ee6d3e3f2030f0b0ef604f91227fa0c0c021a
e0030f0ddf1500b4f725e5fd0cfe08ef0cffe501f7fcfc18f13f22f00c211a0a
fb000106271fefedf5dcea0de40a1ee7171e0a00effe00e3eee811ee24080121
180e08080a0e0d36ec1dec0a31f1fffbdf0b000c080d011713020409f409e7fa
f30211f803f4d321020d0a03f617fefb13fe02ff06050cfe0c0508f8f8080af8
1ff82019e501fda3eec216ff141102d9e8f4190cf7edd9ff22e8dfe702f0f40a
1e0700f31b04ee35ff11eee6ebd5f7fdf7f031fb010e061903ebfc2813ed0d0c
020807f1f80527fe0029071ee20ff8f5190de5edf0fa07b11805080105f1e6e7
1af1eafe04e004da1bf503ebd5e6e41215041feee33c0b211a11fd03edea2109
0b0b0df90e0ef726172425fff4fff329efcd38f60319ce07ec23e61dfff80017
fcf80fdf3703db19fb03d70d102a1919f400fff802071c200b0d0f130501f1fd
06f3c92afd12e5ecff11130c33ee2519f909ce1e3a1800f8000aeae7e5f6ddf9
2022f90cfaedf61bdeeb0a2a2d11faea0ce0e60011ff184604cb15d913fff1da
e8fbbffa2306f0effb1513e41fe6d10a12f20e0a06fc0c08f7f71fe4070b15fc
05edd8d7d20bff070fec11f414070ee9f00be8f1fdf9f2f01cfcd305ed2e1bc9
02180c0512f6f202090a0de5e90c161a0222e7fb15f8e9d2fde2e93609f1fde3
fd02f4e5de1bfef415c20e212a1b00fdd9cd3802ca0d36051cf40f1524f310e4
18fc231125dddb0e2fe5481418ff10f517f6f3d301ea05ef0c23fdccdc1208f8
ee16f9e1f9e9210a160ee7f400defecf0d0cdfe90ff6c6030430f91dfa01e6f9
fc180fded71b25f9e9201cf8fc19fbe0080d0d0824e711020cf2f70fde080c38
08f8d416f01d1413e80d29e122f6eae82bfd11f626fbf8fb18d217ef04d4efd5
dc124312f9ffffdf06061b1009fb2613161716dc0f13fae21cdefc0f1fe508eb
f606f720f414153b21fd06f913ef0703111339ca0a0a08eb1c1e0c0cd8f6e3f2
08dcf919e6170f1ef40d29fff506f4d9230eeff220cf01310bf2f0e7090ad514
d7fc07f51d0fecf807f6fa02f0f6ecede7f024191e1ce4081c1930ec17f8fffd
eee5fe273a03170419030d0d09f31934f300100a0ceb09f516ebecf006f80f08
20ffd9ffebf8081517d20308f1df04f015022920102b0005e2cffde2ff06e113
1b001401f500f9120f02f754161018f0da0216f301331d00f5d704daf4e6dfff
16e811ef20f0e6eef0090902141d0a150814e5dd18dc00fef704e623faee460a
f7fbedf1280bfa210024ff1c1715f1f20bf5fff32907070bfbe40d2bf21304f5
02f91102151a27161c0df40a071000e30cf1011dd406070d14ea00fdefd9e609
0d13eeef00f80626ff1afaf61b082f1ed6e4f6de04f5fc03d9f9f3dbf9e0eee0
ec11050b2dfc0bdee3070406060304090404ea010c17ff10201501e1edf9edfa
f2fbe606db0ff3f9020f03e5f418fdecf8f70314d3df12d7f611020f12feda02
1822ffeac60120081de7f9010a040d1b40fd0c0060ee2ddcfdf606e013f11ff2
0efd09ffdcfcf9fc2025dbf6fbfbda14f80afff20505ee12f3eb3d10eceef0ea
0b02eaf5dfe8e2f41efb000703e9290dfee5fa0d52f4dffbe9fe1a02f405d9f5
0507ef20fd461100fceffa24f7f5e714fff8ec03fc1332170c1be81218edf1f4
fc17f0081a090cfaf302fc1e0afddefaedf4e8ea28040b063403ffdecd13280a
f1f4fb0bdcfdfff901e0e8030704f7dbfe0a1bfbfbf7eaf7f816fdf7fdf334e2
f92119f80bed02021e5ff610f704200305df0702ccece3080100f30adb1af80b
fe0215060cfb042bf42b0cfdea0a150d07fb01ecfc0dfae5d9ed1de80afef417
fe1204172515fe1b0f2afef600fe2ffbfadee61102151312f930da06f51ff7d0
c901eefdfc0d0effe4f6faed19f6061915e800ed00d80a0dec232f09f5fb0b0a
fa03280010f6f4e805eab9f106db083212d501f1e4f609c6fd0a160b02eef302
02270210df0f1007fc0af403f50f0018cdf0e9dd45f905f0f0da00581c0038e5
03fe13cef234e1e6f13504090b0a15fbdbc2dcd4240c030edb0dfd09f9f2d9eb
fbf90707e4001309f5f4fbc3fef4f5dc052e0f04f8f5fa260804f1f0f9e11809
fee3ef16e021f007e5fc3afd1b1e17f227fa17ee0410de04fe1efa03e5f10f0d
0efa1700fdf60314faf8fc12f6f906eef409ecfeeb0cfdfbe902ebfaecf3def4
351f19edd90d12f9040204f40ae5dd09221bdf0410f2de1200230efacfe2080e
daf703f3302afa0aed0f1702ede901dce100ef13ece6e4fe1520c506fc25f816
25ff0908f8edeb19f7d605d00bfafae319f309081c39000beed6fe0d14ff09f7
07221119e82311e93420edfffcf716fbf1f4f00fd5edf209ffee1f1900fce9e4
0401f7221307e5ebe1c7f9def008f7ef36e40ecbf7d4fb0ddee12a2715fb18f2
f2cee6fb39fc06e8fffd14e20f0c13ede8ecedd4150de90a0718fee3131ed1e2
1bf4eaf1eaf2ece1fa2f1ef5dc03f015f612fff9f2ef0119180e05eaf913ee02
f3f3fef0f4fafd192a2f03dc0d180812161211ff0712dffb1309f8dcd10e2330
0c24f90cfeef0c271111f80d1ff310ffdd07310bc1fbfb0bfdec0c20f5f8d8fc
1008e8eae1e4fa0616fef90bf41b21e40ce7e60b212e1af0fa21032116f9e40c
dde522faf6ebeb01f70716f1d9fe00d7e401f5f8f4dafaf3d8e6fe04f2dc13ef
f724fbf1bd20f9ef03b11303e4fddee4ff080510fa14f3ea08ed180604eff9f7
09ef1e02c7efdc09ed10dae20201e10bffedf4f7c1e6f7f20b081f000400fceb
f0f1eb0cf9f90306e2011dfd0c0ad4081af323e3f30801f3c0220700e9270a19
de0de51d1de70515fc06f609fff506f1ebff2016d2fdd4032405ec0405e802ff
1a1c35142210f801e328f7d0dbed0220f1f911efdf11f01a0b3edff9f4f7dde4
e5d60be83b0700f0d4e90cdff7f40efe252636f8feff0be81522f9f7fd0b1b40
1d2b07f4fc11f0fb07d1f806fffb2408f722000af8fff60706fefd082710f8f9
f7fee906f00ff903f6f0ffdb28f5e6e8eee80a002910052af1ff08f13501151c
e712e1ebe8f80602de0efd19f8f920e2f104eb03ddee02fd2cf6e312c5060300
14f82aeb0d38f6f1e2f6d80704f60723f81210f8f508fd04fd1c100df1092519
fa0cfdfff420fd141efeeceffa01e7fa06d9e200e9f9fdf3f6fa1002e30b04cd
0703180b1a240befe50df4ebf015fff8fe022503f2fd1aff0ee8ff0afd042af0
fcf80eec18180c0e0007f20d3108ee310ef504180808ed0e23f93e1cf101f8e8
09f9f20703fa0e1df8fb1103fb031ac51f10f7fb2dfc0d0501070b1116ff0701
db16fa15f70ef6f004f8e2fc06ef110aec0603fcfbf4101d22f5f00cd1e30b02
0017f92cf2f3f7f316fb05efe7f7fb29f50aebfd0a1305f4fce202fd010106f4
f90d302b19ef1013dfe9dd2502021819160b1cecf70df73a160df5ddf126c502
e70ee5e3052309e71114fd2beaf1edfcdce3f1e20105010001141418f209facb
18fafb170711f90b04f821111f0bf901fc18fd17f70a15f2d2faf70cf8f5f7e0
f704200be51dfaf900dbe9da0624f22419efe2f9f203f00d04dffef602e4ebfb
ee060efa22f60909ff0d37eff41c0cede2ede9092002faec07faf4f92803ff0a
cd0108e006f9ffd3f822e51cfdf9140f0d0cf30bdbe3f5fa0e19f50d04f2fdf5
280bfb1b19150b0813100c130b1de41c010bf222feff1a01151b07fc1b101fff
fbed15f219cff1f7051c12e819001b051216fc042800cfff08e70413190b0733
000deb2614180301f2d7db34f223f739f6f31ee02303f005d611f70c03fedb09
28ff19f9f7061bff161301efed0a0c0a19dc0b14f6ee19e7f4d809091b23f810
0ce8ddecfeda02ee21f2f5fae8071a020307ea10ecd809192f18fa0103f21df4
1c06e6012ced1b1105040f0fe502f8e409f7f01300f517f2023c1c0912040df2
0e03f90804eef003f522102114001314fdfff4f9ebfcf9ebf0031a1103fd0e27
10f1fcfbd4ebf4f9dafff0fcee240fff09ebfbfaceefe8f2070c10fdfb21ed06
1bf427f5f4d1060c14fe02110919e9e3de08e8d7f6e3f2fde1e81af2f9e8e9ee
060cfc311d0a03dfe1f92e25fd0f0f23131938111c340dfaf3ff071100e0ef0d
0ce3f215090f10c024fb2cf4f9df1f0209001b16090d2217f7e92c00faf700f2
0908030b08fe261a33ec28e9050906fe0702041624fef9f7e500d7faf0e5fd21
fee2143222e525f4eaf1d623f0e4e1e311ededf3f5f10f15eef1d6f310dd0bcc
f8fcfffb1af102ff10f3040b1216e7daeff7dceee204ff0c0cee0703e104ec34
2be90bd0f7f4f811050efddb00f8fc08fbfd04100d1100ebf5eec532fc0cec01
f5fb1912020912f3f1efcb0108f1ec0a0b0f050c26f20f1044333306f4fe0ff3
dd01f3f92d0601edf4e2ed26f3ea2af005d308f80d05f1d6ecd7ed1404f6ed04
fece13f2f2eaee0f16e8ebd3c5f6f8e7f90315f30f16eefcdcf146d5151302dc
070efafd172e1cd9e4ef27def728e70ef709f90601ffe805fedf070efeece807
eee11cdee81515f0f831f50417f104e50b0cf5fe030f11ea01fef83e1c2246fe
e4f724f5f9f60a060afbdaf4f3d7f0f0eef107150af50d03f9eae81100ea1bec
040e0907f4241714080f0007fb0623fc0a1cf7ffd612e104ea23f5f9fd03e8f5
090cf70701081c0b0606e5ef04fa0700e5dff5efe2f1fa1a0a0df6efe1fdf807
091505101e39f914102118351107122602eef2040c01f40e1b0ff4fd0f06fc21
1bfc02f0e918fb171eca060901e9f3e512020bfcfcf014081ee309f7072e02e4
f9070afed608f607f30cd516e7e61ded08e6ef0dcf220105ff040cdc02e91b01
fbf9fde31503e90f1c1ffdf1f3d803f308ecfffc03fdfa140ae331f2e62d0ace
1d0104f906f8e8fef3161adffce60cfb14f6fe0ae31207101b1000efd623ee04
e0fff2fef7f9111407f0f0fe17fc13dbeaf3fb1309fb0508032000142e01fc15
10f0e8012b160aef2302f7fff9f6f6f514daee0100f5fce8e7f2edf0150f002d
070af6fb03f2030704fde4f725e2faedfef1f3fcfefd14f1fbe0e4f00dfdf7f9
06faf11aeddf040cfd27d70ffc1dffe80100e6e3c1fa0a1302f24641030c24eb
20dcdfece50bf2e9f603223cf714f0092526100cd5030fd31c0a1fecfcf90eda
ef15ff0ce5f0e8dce0ee1dfd16eaf61e130ffde403110f0519d628e90226f4d6
11dd00f30f0af500121017f9f6fa1021f616e9f622f20afd0b0613d306ea0f17
06e0e7f9e4f10900e52af4f9fdf1bb050b070117fdc600f402170114ee0206ec
ff171102ebfbebfdedde3809fe05f9fc0b10031b0bf8f40502e4fbfc09e0f5e6
d4f8ddddf2e3ed141a0200f3ef07d9fb000b0c0cedf3f304f1f1f006f4120707
f820f2140bfbfd04000b0f0a1a013218edfc00fee7eef5fb190800f304f90928
d5eb0937280af5fef20b13fff9f61b1905060318f933f9f2ec08ec2b131b00e2
08f9e5ec060cfae822e2e825f100220f0f09122306ed13f4e8ec4205041f2206
08f7e8fa2df4f80112140cfa03ea05ff0ef6130723fae81302fcbe1dfdcbd2fd
2407f21cf0fd12fae80ff9f6f40c05fd1005fcfd091210fff92cff101af013f8
faf507fc23dd0cf2fb0eafc505eee5d51a10fd01d40d220520f5d601fb0af3e4
0bff02f715f319fefb0ee10005f4fafaeee314ec2205f60710e7f0f3e8fdc212
fcff0e1224ece31acde71715f5cff4f705f4011d15142f07ee08c8fc1dedf506
e0f3ffe9e025fe0823151202e000ec1700fff402f410f4ef021f08ee08ee1e06
ef04f0e8f30f0710030600fdecfc0d101f1df305fce200ee12f434db05ddf6fa
f6e902f60103e118f41d0f08f4f405ff0b0dffe500eef507f9edf009fafdf5f9
e419f6081bf10b0f00f3102f00f5f411e4de0d1003f307140b0918f90001f7fd
02fa2be7f11efa10e3f7eaf8f2ff15e71b0a0c10f011eee700dfcff2fc2a1a19
100d15f601dcf90cf51024e417ec20f3fc26ff0bfc0521170d09f9fb1e23190b
fefc01222bd2eb1b09e4e2240916de181506f8f0f8f6120beb0aeef0f3e1e905
1b12ea1b0be8df0df8d2e306fa0fdbfb1604f11bd813e5fafd1308fbe901f90d
09080f0cf40cfb05120529ed1d06013e01e4e7e3fde80c0911e4e202fbfce2c2
f003112a06ebfbe10e1cdbe1e708220b04f71ffb0afa150c11f5150336ff0118
fa1003f8eb15ebed01ebe60109f5e715f30908f80cf8f4ebd3fce0fce80d11fd
f5fc1ef40217f4e60b241103040115e5250339051b0afd1509e10f16080f1031
2df6f308ffe71afcedfb0fe10e14deed15e40703040905fd0af212fc151c3523
02f606c9d3ede4ec00e33809f433220b030503ddf3fdf7eeedf2e2050602d90a
2107f40906e9e9fdf5fb21260df32ce0ddf0001afa0909f53decd5f30af5fbe5
f0fff8de001fd808cf170bea011be326f70afffcd6e70032faf60beff0f1d4fb
fdf9e1001efc0f04f00100d7f802cd1802f9f404fe0bf4cbf500faf304dc07fb
f70ee908fffff911feeeefe7fa04efffe0fc28f6f4fa1afde203f3fbe8def3f6
df120df5dbea0512e91a1b270004f3f0db03eb094008df161fee0eff0b01f629
1d0215e8ece705063425e41304fe040ae9f1f1edf5f20ed61cf80506161ef219
f9152c01ea0df200c6dbf705f3d611f733f5170cfef2e900bb092eeefc13eb00
f2081201f01004f20618f50302f90517f608ece90ae404ecf9f70a420d0aedf6
e11007030621fc14ff31f6e111f40f0803170e00f203e5040bf1ebede7201c15
04f4050e181ae51b0aff18e3db1df234dbe703fb19151ef6f121ebeef301f711
0720f3de0521281ff31e0df2fe1a0afcfff916ed0e031104f3f3fef3f8fa17f3
2f10d813e9f2f81817e40edfe3f2e403f8e7ff021b0806fa0e0bfafec71700f9
ef21ebf7290232040608052002f60b0908ebff0df9fb000108fcd40c27120af0
09ee0e0dfafc0e09040913130eede2e7220f0efee70bf8f2011f37dff91e22f5
0304ff190cfd1401f4f6e832e9ff04131bf30409de2af01d10090c0af61ceedf
13f721100c16061c3be90910ecf4240ce8f510fb12d8f9e7f018ff1beb1300e5
00f0fce3ded4fa12e303fceeec0401ed02f300fade08d30aeaf0f1f80e290d1f
ef01ea03ef31011513ec05211318f606fcf7eefb0ae7d5ed1b001606f3cdfa0c
0c1607f2eaeff8def008fbfacade010d24fed2fdf0d9f3ebd0f8ec01f7ee1304
f4f9fb08fdfe0208edf920e916eeee1d2dee121912242e1dfee50c2510e31bfb
f6f30df909de0b0200161be707fe03f60bf6e10524f226e14bfde1d6050d1bf9
24f90717d6e3dd0808f3fb09f9f51104faf60503fa3bfd0b12fc1ffe0ffef6f7
f2050af82608f20cd2eb13020519ff13faee1a06def7d318ed2dfcfebf04ffef
474301010b0ef6f5fe03e524fc23000614daf407e61811dc1400f7190107f3ed
ccfbe7ca02eee80901ed10051610f2f3240e0208140be11aff09f41afd0903e9
fc3303f420031be10707db3df0301ef4083d0af60ce7e708f1ff040711ddfbd0
fb05f80305fd1c11f1eee91910fdf00e0a00e703d4f7f8e5c7cbcbfc13e0e60e
23f4f8191e0f0416f5140500dc11e918d7faf9da01f004e5fd2afd05c5e8281d
08f107f3f6fc08eb050edd1bec15e31212ed2f0d03e710f7f90cee04f817cbe3
0ae2e3040fcf2bd30ee1f50cf4dd01f810ee0a12e5e7cbf2e3e4fc0aecdf00e7
cee6070bdaf3f7f004f6dee1e8170302131e081bd4f8ea122df41a070df5f7ea
fe1020fd04f4f3eb0c262ffb1b1a29f9e9f3f31120f21ec91407e701f6b8fc11
ffda02f8d1efd5f71206c8e20918f1ef1bdd1109031ffdf40df22011f5defee8
ff131b05e22006081500e10df706eb1bfff0090607ff2706f8e51a10b8011ce6
f9ffeefdf40df5011100f0fef9f90b110dec06fef4fa040fedfeecf516f8eae9
ed132602f6e6f2e4e5f6eb0ef1f5f51e08fddaef0bee1efbdcf9160b0deb1adc
fef4f225110215082701f8f2e3e9db04fbfcf706f310d9f31212d9ffddfc01fd
040400eb21fdeefb0a0afbff20fdfff1e40405effa20cc07f8f618fe0711df04
ebe4fbe81405e7100efb12fd36f000e81123fa0afef1101102f10e0821dde4f1
f4f7f00e1b09fd0b22f4e9ecd914dbfdf21909fffcee24020b25f7ea132efe03
1219fc1d25241af014eff1f1e803250fffe203f2ecf304ea12fa0804f10809ee
fcd2f01a26f3d505e9e6fa02e90109e30a0c1102fa0a10f3f2f104f8faf4e5ef
1c23e329f401fd1b0a0ce3ee1c0513f5f40112ff011b05ea01f0fdf10c0a0603
071d1a1118f9030ce81c2ecc1914310a0b0fe81608f6050cfcd6f91f130805f5
ef0a0304f1faf81406fb15f63405f002050fe1ccff0de701fa0f0307fd1209fe
cd09ff13def6d9f918d50ff7dcf0ffe20f01ee0f09f226e5f80bc6d3ea0209f7
f8f72606fcdce9efc5fd1dfc332415ec18fffc081cfa0813fb04ef0917eb03ff
f0e705eafbd8f3e6f0140219361d05130fff1204d1f6e6eafb0ce52608f1f40e
ec05290904f2cf0fed280af5f60fec0a1d021231f1ebdd0b090be4e3e5050003
0cfbf1e2f4fb14fa21d4240beaee1a0f18f7000901e8e5f3fa2809f8fd141110
00ddd9dc15eb03091fd3e8f70ade08f0e807f500eb050df7090a0ce41d1a19f8
f1fa1deff60c07ff04efddef0805ce0cf50ceb1e100b16032c090f003b08ebfe
f8f80654f903ed28ec0234fa03fafcf002fefd01f8fe0e0a11f60801feeded1b
faf1110812fd0de4f709ef1ff00aff111323feff090a32051d0fe1fc1809020b
1110fa121c03fe1cf8f2e214150f2402e91c0cea0cfbeff0d9f5efe6c1f324e5
140ce801101202f70407e6fe100ef6f1fbf8071500110cfd08edfb1e0ae80df7
eef70cea2e0e1726101d06e7f607f21a160607f0faf0f41508fe090afeee1bfe
fa0420f505ff06070ce1e1d5efea01190f1602ff09fa12e1fdeb0701f5fd0221
e60b01f0ff1c051109260ceb0b0b0e23f30bee1509ea08e1fdf6ea13fcea170c
1ef4050206dc25ed0eed00f804fef1001203ff100a11081708060de90b06f2ff
e10bf4120ffc021f0ae2d2f3ece2f4e7fe1af8e60e050522f2d0031ed2cff4f4
161afceee0222a09f6fa31272df017ec01180afee70c20f7f60c321be104fcee
f0251ce8cd01f1122101f21908f0e0e5e6fcfbf5f7f0190bf6defd1a10f1e7f9
1b1f14d8feec13170ad110fb23f7eae9f201101505fd09f8de19f6f2010af108
0a0c05fa0418f8fc0d13093313041a25e202f2e3fb07fe13ef09d1fe3619e423
db27fe3610e7c5fcdbe1ecf12fe8cc01b4c6f823eaf5dcfeebf719f8f4fcff11
e1eefae31e1904f0ee08fd0306daf6060beee20a05f7140209f8df14e3e3e3f5
e3fe13eaef0d06f2dedae4fb15d3ebedf7e8f9fdfae8182603240610daf0f4f7
fedbfa0f151808190b0116e2030cfe3923171a1c0101e507eeef26f7140a09ef
dbb6fbfd130a10e73818ed1d0c24e6faed20fb0f10131e0105f005dfd0ff1e15
f9fb17fb180908f8ee00d816ff03fae601f0fbe11620390522cd0ffbe1e02511
f8f342060321ff0407f712d90524edead2ffdfe926fe0e0bf2fce7f012ed08e0
1cfbe716e1f3efd8010df600e5ddf130eb0ce91118e4edffe10807e106f514e5
1bf707d6ebf71712f01bee00d4fc1c25fb23eff60f10160e12e80228d9191720
10f4110dd12cf11909f70b26dff6e6f20dffe9fd140e0d0efcee05131023e919
1ce4c00aee07200e0afcfcffecfc080001db14e3d4140e001b1f00fdede7130c
e300f9f10104e5f8f513d434de1cedecf0deece204beee250acdf0f4041a102e
0d1ffdfd121e1603fdfbf5f820fdfa3609e6140bed121ef203ff0515e806f6fd
d1031f0220c9e0f3f00f13db17e4f6d127c908f5051406dcdc06f510f61bea14
2e221133e61eff021e0b0df5f426280c0be40b04f5ebe2ec15030a03471efe1f
eb161c04ebf008e0d2f501160ff2ffeb0403eafceb201f100409fbc523ee10fd
07fff01d0a16ff220e021a00090d092bdf22faeadcdbfb161ddbf907fe0a0536
0a14e410fcdfeefcf406e4f0ed06f2d2f2fb051d06cbeff2ee0aebe90dee09c9
efe3fd2fe3fd0418f1d30dac1fe9c814150602f512e724d700e3100bfbefe81a
fe190c05ee4b03fe1bfdebf0f1030a220614220a0d210af510d6f8ff031112fb
e518f909050d170401d507d3f6eae1e9f80e0de31e26f30e1af3f5e111f7f707
1c0add08d40ef613ec0d0721d021120efe05f010e61cebf41bfefa09f60713e1
02e90e1907f016fc0001f9f10dea260803f71815022815f3faee01f800ed0936
03f3edebe4e0f20b1ff71918cfbb18d3ff1bfadc0cde0bf30915042ce91cf01f
f436022313e723eff010e402d523f9de100edd0406ede7f21b04223ae2edbdfe
10fff3e81d2f1ced18f0ede9341c100efdfa18f3ff1c1811fd17e6ee0cf7f705
223a14100806040011fffb0cf12a0526de2501f6c1f224db1e04ebfdd9e7f7f7
e7f9d401e2e9f41308ecfce51f07fa1bf12505fd01e424e6f8f4080cd709ef0c
05f5f00cd4caefdeee03fbf7ebead100e701fb02f5e40af4e4fef012deedf7fa
f8e218061ede0228fc052dfcf3f4d1db04faf50002202105e008052ad4f8f5eb
fe260b082301fa0f0bf5f72df8ff23d8f70efa13e6f313d8100ef6ef06d315df
090debf413fa03fe05fceeea08ca160f1110fe09f5e708150702fc10f1edfbff
0aed0f2408021d000ee80dd61216f5fac91530f0f9d0fff3f4feeb041aed12eb
e40104fbe6f9f30af8fc0ff90ae909f4f8f0ffed0807fdf0fcf0ffe2fbecfdef
0f00f1e9ece704df1cfedfcb03f6f3eb12f3fdfb071a092302e6feeffff8f809
121c01e6283319100606f0e828f41921fe1a0fe2e10bfeed0cf1e12225ebf3c1
fae611eef00ffc13e0ed1027f4fb130f0be4f00d05ee1216faf804f90af41104
0903f40df715fef2f7030614ea16180ce11215f80e170e0402f520db13e114e2
f1f110ead5f7f7e61704e003dafdc91d0c0eff0c04f10c0c0f00fc3719150bea
2af1070305fb020617f7f40a0ef21912ecedf009e6f00bece8e50c2acfe2f106
f13cfc0df4e72beaeff802ea25d6fed40debedfafb01fae7000aea15eafef9fb
0a1e1611360bfeea0100072ff9d616f605efe60d0724150a170f0be01e03fd22
031b25fc161cec0ef1191018f303f0d4e5f1f2df03f900fe061df21bf20d0df5
1101d903010bf50aeaeaeef6e401e2ff22f5f5f4cb13fd22080a1ad233f3f7f0
34e9f1ceec12021ae7e2ed11e9ff04ddca1afd0e15cad3ea1deaf7041af5fee9
0bd1fdf812d6f801ff14e6dbe9e9f204120314f62104eff6fdf6f5330aff0708
f61702020a18e511f80106b8fae308eb14fb06faeb02e8e1f3fd0201f5f91304
0eebdc00e7f002fffe04fd12f4e70c041bf8031113f7de0e0213f3fb0f0417ce
090df9f713ef0506ee2e01f3f917eb0804f1071c08ee04f1fc11f2ecff1b0710
f800dbf30af9e1f1e500f3eb1a20d4190e21f4fcf904171f021f0922d7fbff2f
13f1f8eff7d8f2141308dc1b13e6f713fd07d7e00d0bd81f05080915002dea30
35e6ee04fb290df6f2ff2024f722000d1f090d0af709fb1c170b070805041209
200ff7061becf611eaf90b0e0b190e1afee806fff81507f701fd172bf2fd0916
0d0808161bee1df1070a07f0f002ebe610ebde08d3ddf8f4f5f61dbf051a07da
230d03d11a2b0ddf0f0926e81afeedf9ef17fefd01ee0f16fde503f4eb0d09f9
f6ed0323091aee06ecfff4e400fe010c03e3f7f100f415082305f1f4fbe7210d
c72710fffbf0e0e5d7f607fd1b0ffd0008f0051af224fd17f3fce62ee6360df8
0f11010a08ebeff8fae407061c17fc07e9f4f3cfff03e504f50ef7da38e808f1
2008fdc3280fdcf4e3ebd2fafa1e0c2e110ff9000324fdfb0612180c02060a0c
f704d61cd6140bf01efc22fdf7fd00e1d920e7fcd21000e8e31216f5e0ead8ec
fcf3030f1ff6180d1af3131a061ffd0dec02e2291e32e80218ebf403fe0aeeee
09d7172e1216150107fe05f003dee3eeed1729fd26ff05011dfc0af602ebcb0c
f70405ef33f80402ef16170a0d24fbfeea0507f4f016e7fce9efd6dcf3edf4f3
26eb2102fe0a0435f924f90210fb0b02eafedefff100360c121a0cdd14de07f5
12d5d603f63111042b0702db1815fbf923c50be60218f3f2f7e1170f170c0202
d10c0cff1ef90c12f0f2071215ef511f121df31204f4f11304e9fffee80e111d
ef13152e0c00e52314e91912f3d203f7de15ebcb07f803f2e21903e7020108e6
f7000500ffeb1703261e28051ffffc02e9e0d50900e6fde8200cd822d6170cec
1219fdf91e22021d080804e1140222e5fd102623ed15fd181c13f3dd34fee5fa
f7e6ec22e9d4eafa13fc0fe3380612e5cc0adbd8fd1202d6f3daf61ef6152af8
f60cffff10010ee9e7f3112723ec0a23f2e210da020f1b1bf207e8f518010bd8
25fafd20c9e1dcf5eb06020007f5f6ec16faf509ebee04fd130f0c19eb1cf8fd
07031e2f1e400e110de823f40b31ff0a040f30d8ef1401ed1ae22afe26002800
fee80212ecf901f00de1e01012231a16e91b07fefbf8ed00ff021ef808231b0d
ea190ef205e4f90becffe80119f2f801f8eaede7e9ce0804fcf80413fb02ea06
1f03ee2614edf4fae9130ae70cfce4ecfbe607bbefed04f5e1f1e5faedfa1cf6
08f01227fb43fdeafc33facf120cd41304060f232612ec05ff052bff1909dc13
f6da0b29dc06dbdd23dfdbd70b05020104ff09051510f904fff3240cedf3140c
f8260217f300f22322e5eff505f4de17201807091b28071f162a371c0a0b0112
e9ff09abf8e6fe0ff2df220829f1d5fbe4f108b7f1fef0fed4f7c1250714f8e5
f2ff1cfbf00a09e7e31f0700e400f4f82c0004d004e7df1107fb181c0f28f5fb
04f516e8f3eb070dfceb09dee2071ff5ecf30dc4f0ead70516fedef4e4e2f8d3
fdf40924f6f5fdf3db1701f702150207f8f105ef000628f4fededdea04131c17
28dd101b0f1d08f3f9f816fde41a0e03f1cefbf6e808e32f3b080fd4f7f9f602
e0120805e8b6f5e30ffcf5da07fafcf9d805272300e51c00d302fa20f9090e0b
fe12d90e151c2f17e61224160c1502091401f0e01af618fa0ef7de1902ebe7fc
f5d3fbeaf5112613e7fd10effd13e00f0818fbd21bec06eb2fce02fa083e0f05
02fdf8ec0af31d0adbb2f6f9fa160fdc18fd0f10d901130ce601f212fd15f3fc
e70cfa02e7fbeaf401f7f0280d13f5060fee2423131c10fc0afef2f7f1fa070a
e712f8ede22903e92c0a0efdf105f1051311e9ce10ff0a03fbe9ecebf6dc0fe5
edfe04000d270e0804431c07dac6ff1fff00f80211ed15ecebe9f326070f18f1
0d28effb10eafdffea07e50803f107ef07fb120d160ef4f501fdecfafcf108f9
fdf90d27080fe8fcfed6e3f4201202f1010affe216e7e6fe1ddc2809fa050aeb
efe8d527bef80733c8f6fbe4fe11f6f901162b15e0f504d819c6ed1ff1ef1004
fd0c17e70f0908f5f1ebf0e8e1e80f0d1d0715d81703dcc4ccd7f3f808f7110b
2205f9ab1207f2d8fedbb10ae8e517df15f50202300f021fedef040fe9ff0711
07240f03ee0505f1defb000f1feefafd08fa170ff615fef5f834fef417ec07ff
03feeff602030003f9f0fb0d05f1fed00108f6e60bf5f1fb04f3f7f6070ce1ca
e8f5040c13080019f8200bc81802ebf1e300fef0f00ffde6fe100af70cf9f811
dff0fa1ce016090c421f0d01eff0fc06f812ff290f03f013dae724f8f609fb11
ebff0319fb220d0040ffed0b1aed18f5292a0e1a04e7fc080311e6f111fa0b0c
f118f50101ed131f231ef4ed1c0cf21312f504f03e1a1aeb2ec715fe101305f8
f0f4ec1aec0524ffebf8efe51afb04f1f8ee0c0650120ffe03e8f80be004f507
15f823fb1d01dddd012807ec090cf4100af8eee30513d8fbd1ccd2e6e5e414e3
efcf0308f8ee010602f0e809ef10ffe9f2edf2e3f5fde7f5f2fefffcf4f0fbb2
04f7ebcb0ef70efd1617e8ee0bdcfcffef35f209faf0dcf3f10c0f2c00010e21
27fdfcd8132fe5dc07cfd8021ee201fa0ef9fcea1731031401fd20f0111e13f3
fc190e20e7fe022a12fa11160709ffff2ed0f00afefd04e43b0f0cf913f519f5
ed0afd020234f6070eec2311031af7ee020aeae4e9d91705dde9ebde11f20be7
e2e710d7e010fbf40cece8fc0e1008ee1ef6050001220efa10073916f2021c0a
fcf5ce03f6c6fbe3fbe6f8e5f0f3ecdfff07d901f808fef007060411fd0802e9
18e1080008f4fe1303ede503edfb020bf21e01fe03f8eff7f800e8fcdcbb1def
e5253834e70be4e0eb2302ea2b2afff2e9151126ee09fe2512121b052e0cd4fa
1f1efe5603f30afdf02421dd0104d705f7f6cb32eb131f0713d337f71d170017
e0d60b13f40a0603f7dbdbffed0de9fff9390a31e3ff02000908e31e17f3d003
100ffa7f05060bfe001417e7eae4132d030701fb06fe12fee70d0e05fefefb3c
0812fdf6fb0bdc0c2e04ca0d05fdecf3111aef02ffd60ffc0f02f8f41f060f25
04f7e308db1e14f816e9e5ef03ee01f3f30af9dc12e8d0f5fc1315f809f3eef4
e402020b080e02eb130e0d0d08fd2ef8fd051af60dfafc2e0ffcf8eefa10f513
1402083a23f1fd00250cfcfbec03ef07eff60be7ef0400d818141c090a01f5e2
f909d2d0d61c0204ebeae82dc5d5ff0fe73fe5f50406f102170c2708f82b242b
1304ef0cf7fcf8071919030b2919fa02d0dc3b1c04f8fae4c107f8ee27f706f3
d2f4fc152721dc27eeea120ff3f202200503f60b15f8fc01100ffef614eb06f3
fae7fe08fbe0330704fff8f4f211f2f0f30bd91224d6f404d900f309110413fe
fe200cff0cef0fedbd1ef6ee0f0418fc1b04182907130321fc260a070efdf906
0b1bf40eefff24dffbffd80a07f5d4eff9f0f01befeefa17fb21f3f900ec1504
fcc107f5f7def5f5f4ead110f7f2e10be900031e0bf5fa01340d2b15ecf8d2f2
03fb1110fe0a08f51bfe1615ff070c08fbe9dbc8f3d30d08f80ddf081cdff2f6
f9ff1704e3db0228e4efe121f8f60d002e11231e1919f30bf4150df102faf801
41e309dcfe37160f160905eff50a100fec210cedf907fffa29f1fc04f80a14f1
ecece9defdb3defde7ded6f70f0807f4d2d1d9ebf90d04ebef140ee218f6ccf0
3617dcef07f60ef6201011170501120cf90c0df8091004f9fae82028ecfdf91e
e4f2eded162e1ffdf2d4051de91b1006e1e21b1401e519f91419eaecfc020d09
1b1608eaf3cb0cee440febf7eaf4d5fff535fce8d90ee0091015f1dff4e70e00
2c0ffc001b0e29140f1b291c0016050dfef6fccff90d1201ef1010f900fedfe0
f5fa09070b18e8ff2d1afc0f04f2fc05f604dc240301f7ffc302120419130f07
