3601f424172106fc
11f11c02dd0b0cf0
1810e4eef1d3eef9
0e1acc050d25fc27
0c0c14ed26f2070a
f3080efbf701f510
1ff803f80212d6ec
d3da0212f706e7f7
1e00dfeefc1b0fe5
00011adc2dedf004
180e051b00e50221
0613210031f5ef0b
fd34c0fa01e0fae6
e505282aecf200ed
d3da29121311e8fa
bddf0bf4efd00026
0bfed709e4073dfb
070b3529f117df00
ccf2050ffaff1df2
00ed01e3cdebcb13
3cc2e712faded92a
f6ec0cfa11011005
e5fe1cfa14ebdf10
2f1f02ff12f7fc34
fd1607fcfcea3413
0103fe15e804e8fb
0f03fa0bf42e2f0e
2905e2db1e1e2350
daf3dd2d0c17f421
0a11ee09f81dfbe8
f8ed0be6170d0af4
e910d5e7042f0610
f600f1faecfee009
075d040e07250205
1bfd0deb2d26f905
ff19e901213121fb
ad191e20190404e3
0ed4d320fff5f0e7
1ef3fb06f9cdd6df
08fdcff22ef50713
e101e502e9dadede
07f70300f8190817
e5fb1afaf72a0e1c
0b00ffe7f8011719
e90b141e120102f6
090b461303fae4ea
07ec212202f3de09
dcea040a1bea0eef
23130a3906fdd319
3021ea240fedcf1b
0c1808100d1a050a
bbee190fea22e4c3
2c24fb0402380cee
ee09e600f92526ed
f517d61aeeef08bc
d9fa1e1503fd390b
1ec902360bef06fe
f9e12cefd80fc7f1
f3dd03ff10d9d00f
1f37f6e00c090309
26f1f4dc122126e7
0bd537d21606d3d1
1529060bfbdad700
1b3cf1d7f7c7dc27
1a0bea07f5d714f8
eecefce5f6060f11
0a0fee1b13472a15
1d05f5bbdedad7d8
08fefdf7d9ee0901
0710edf4f91dd7fa
ff2423ed16f81a06
f722140df9e2f4f5
f935f41bfc020e2a
1ae70cee19070ffd
10f5ef0bf131fdeb
0032ed13f61ae91d
fdec160802dbd1d9
e50005df034af9fa
1dda11fcdd00170c
eae3eecceb080a02
fd2af930041aff0a
12db0a13fddbf8e8
d7220f131cf536f8
c5011c27df2629df
eadbee0105eaea3b
36d3de03ed02342c
ee110500fbf61e12
e2d70cfef606fb03
2317f6f23b0b08f2
f4e009100af0f90f
f0cbf501faea32ff
f9ed25ea160903da
0ce3de19f8f2dbfc
f8fbf702e3ec0df1
25f5d3ef1dee10f5
23e3310b2bf70b19
0af6eadbdfe00d08
effb0ff2f2e5ebdf
15fce8fbf412fe1c
dae61502f7e81601
0f0be607f8c1fc22
0ae5f4e2daf21ff5
183eff0ee5ca0b00
00f0f708fffef6fd
0032e5031c2b2505
ece4d8f9260a05e3
0afad8f61a1a0cf9
10ff0bf92005fd04
f627152808f21efd
d21bff1411f10e17
120a17f8df0d0004
dd061be31836efd2
0a47f6ec0adafe37
181507e7e1090138
f505071c0de6f00b
e4ec0214fd05e7d8
430a1bdfdee60f1a
01e8f2e32afcea0d
f91503f0cff914fc
120e0af80dfe15fe
fce8382404ef27ee
090d151af7201ff7
c2c701f8fd0f10e6
30f6dae924dff4ee
f1d6f1decd1ff425
c9161932fa18fbe6
17fef4e5fcfe2b19
27fff2fefc05e0fd
0e082713d907f21c
10da1005effa02f3
ed0005ead5f93c0f
0e1b0508fc040b0e
f3fffbf1fff80af6
fdf302e90608d7db
15120103230ee400
e9f9cce4faf0fd1f
c80df11000fa170b
e8e411dfe710e4f7
0af1fd230f0658ee
010921e20bf909fe
0510e6e815060003
0605dc1e07e4f328
d9ff031a10eb251e
fb00f3fddf1618fa
f60b0310feeac8e0
fafffeeac918e2e4
0ee1f10b1ef8ebfe
11f82ddfffe3e405
030decb9e9e80bec
f41704f90405e90c
0306ade80aeae610
e1012000ebedfbf4
073ad6f017200115
19fc02f1f9f7f4fa
0b181ff01d0dff03
efc5fed9e127ec07
3cd10308121fcbe0
1e0710e7f9f5fbfa
2b0903263dec10fb
e0eeeb0919fb08d8
f9feff05020c12f2
db0c0202ec13f5ff
130111092b2004e0
3104ef04e52101ea
01d709092200f720
14e6040bebdb01f6
f206eef20108f8f2
ecef011c0ef6ede0
170cbeeb1800030c
d1e12bfc28ea0df0
ffffd3f8ea13f606
201ee61ef902f801
fa0e0b1b13f7efda
071afcf309c5070f
da03fc0e14dcbb21
f2f4f10be50c1506
eb0521f8300b0917
09d720f7eaecdd06
001804240713fbf8
0a10f823f41716f7
11d1e9ee18e71ddf
221c04e7281cf5f3
cffd04450a0603e9
c310f506170de922
ec23ffddda142b02
200509e4e5f7e22b
19e2dee0fafd1c0e
1b0e042ffc204e18
2ce7c6f500f2e6ef
d00412fc050e2e03
03e415ef0b20eb1e
da0d13edf2010ceb
eb0a2c173d2a56ea
fcf3fbfcf9ed3101
07d8260420131ce9
e7eafaf9ff06e001
ed0beb22000a0ce6
dcdbebf8cd2d05f2
f1fef02911f73511
fc0624010b10281e
f3131f22fb011209
fb01fa0be1e1fa0e
f6122323def5022d
1ff70a0010d91305
0008e2f2faffea24
3a34ef0b165610f8
1433dc230820daf9
010dfddce6fff6f1
0814f9d0ec20f52c
d1e00415f4d62d21
04180c290ce40711
0b06031213ea0412
28dfe9c5d9fa07d9
16f33ceeefefffea
180c1dbfff11170b
12d10cfa07e6e908
05192308d312040c
f208f60410e1e2f1
ffd1020319000cf3
f214d817fe07ff01
fd0219fffa15fa4b
1d0c19e724133019
09ff07d90804ecf8
0012210d40190815
c4d804aacf04f309
fb15cf171713270b
2cf217f7100aebfc
0bf815faded1f0d5
e1c8270323c7f0fc
000d03c7dbdf0b0c
000606f31af0e11a
d605020bf1ed0d09
cad71c2af910eefa
f9a5f3f5da12e4ec
d512ff180fcafcfc
04004a0dea0cf820
17ef2f00f9f5d6f7
e71b09fbc909fbf1
00160cf520ecfde8
4a04f21d141f43fc
0a251d06091f0212
13eb0de308e60311
fffc160e40f9eff7
01f900e3e7dc10ff
0826e7dd29060715
1cebe211c01827ef
0df7dac7e1e7f616
2704fff2f9170708
f2f6fe38faff0506
fb13fb4524fd0f1b
ce04f6f8e5eaddef
fb0cf6bde919f306
0a1a13192f110eee
1eddecf6b4e4060e
11f5ca17f7dae70c
140d081700f6dcdc
fdfd3106faedfa26
13fdf0fe0bfcf625
26ebf2dc2b100606
db1004181cfbf402
f21f0824f9153125
f718f80ed4fb0ffa
0cf0eb151a0cd6de
d2020301fdf7eaef
d90a0ecb34e5040c
de0cf309eab6f120
f40befe8190ef131
100d00dd34183000
0205d7f41df5f4ea
d2ea2f15ed181c14
19eaf620010bf912
dfed05e703dbbfd0
08d609eaf90ff70e
f50bff3506bc04cc
f1e9f9eb10d5fecc
d2da1afefee9d510
f115f304fcebf4f6
00120a24dfd7ef03
07c7f9052a11e305
e8112fdd02fa0807
1005fa271de902f2
04fd04150313ffdb
d71800f0e902e9f1
cffbfa31ef271932
1c081a24e8fef6fd
27c80615f9e1db04
33f2e0d106fffbfe
e016e016d6020d12
e7ebdf06f3f605d8
3325260dff1c26f6
09f40d2af1160b01
27e7fd26ec23043a
f20bf3c218f618d0
04f7f11be9f9fce4
ef24270e0d0dfde6
f6faec0ee5f40116
f803f00715f215e6
e91422fffbdf1218
22e0d423022d0b27
010709f513e7f8e9
ea16170fe4f21301
f0fc0ff2eef012fb
1bfae9050c0eee14
ecfeed200ff52c0f
f5091c3a2a0e0f05
e1ef040aee16e6ff
fb130412fc161806
ecff04f4e806cc04
ee3218fb14fbfced
0626d4e8e201fbc7
cafc0dc8d7d3fe01
19f908f9fe140d07
f6fff908090418f0
11ee0fe2e0e3e73c
d9f520f6e6090de5
01141c19310720f8
d4ffeb0805cf17fb
02ecf307eb12e62e
10df09de310ef023
0023f418fb2af025
de1425051e1201f3
fe0315fecf18e21e
0825daf60be6f325
e440f923cf041000
1214f9ff0a16f6c9
110ef5fe16f015e1
1e2024ec3b1a16e6
e9ddf6c3ee0c0eda
030a11f31beaf5f1
d9060707d1def2e2
e908cefae0142de7
01da27f0f8fe1deb
0c09daffe1f1f7f8
eb34d9f3f4041612
29e6f3eb0ac5f7ee
f1f019e7fffde609
0df905dfff1dea2f
eef22ee6e406dc10
01ff10f916e2f1f7
2511ffe8ec03041a
1ac5f728fd2afc01
feeb0707e107fef4
fbd0fc2816fb10e1
1cf51d06f0d6cbce
160a19fdeadb0233
fe1e14fbf0fdeffb
170de2de05d2eee7
32f8d90dee38df0d
e900e1e3ca11180e
0be1fb1f05f41a1b
f53cd80be2fb0209
fd22230c310d2122
1ef0fcf1ff3f21f2
e9c7cc3feff7fb12
ebf5f3ffe10fe835
3cecf73302ecdbf3
f2e4fd08ebdcddf6
36f9ea0b02e4f5ed
ddfa00c0e6e209d8
27ebd7f0dae415f2
e3e809b6efff19b4
2bc50fe512223708
06ea01fe18d70007
f20e091ddf1d1001
31f724eaf6e5eff7
ea0df0fee9e92317
d60ad9fcf70c1af5
fd06d8eb2e0cfe01
d917cdb71ef60afc
f00122e7fd16fb06
2d11faf210e4f1f0
f2180225f6e2fefd
06f6cbe0faed08ef
fff5fcf9d3fde311
2c15fdf52a25f8fc
fb29110701eff5f2
0622d829e015d8e0
d609311548ec1728
10f10dc7c425f5eb
f726150acb24040c
ff0b2203f10cda14
27fef50a381b0ee0
38fae4082aedfdfd
0920080d16fe021d
1815f93dfb08002b
03fa10d60b0d32e7
0dd7d927fee5f216
eb170b000156e313
ef0810fd1d12f42a
fadcf1c9e2fa2bfb
faf909062ff02fe6
f7c909e0d101ecf4
0f080913f612dde3
04ea0f08eedc17ec
eafd001dd5ff1528
371af8d8ecf8f017
f22cf2f7f300dd25
240c18f9e705fd26
e4fbd136f01a0802
f914f7f922d1dfef
04fc0613ff1c02d3
f5dadae92cced1de
eb290cfd0323e4ea
2705de2f17ecd7d9
0befdc13002d2704
fdddffea1f03d914
de160f190011f8e1
30dcf2051cf11cf9
e70603f4e904fa01
0af7020dfee7fa01
1503fc15e317f0dc
03eb0d15022e0621
11131707ff0d2607
bdfadfdc2d1e47cd
d40d3308f006061e
04fcd501e8171703
fc16f4e3e2f1fefd
12060c0423e23207
29e63324072bfe10
fe18ed142b262732
cf02d80cc30ce2d4
e606e920e20b0b2c
e8fe01f4efe5f1f0
fbf2092c1110d8c7
1a0e0d050cecf9f4
14e9ff2a2113e81b
06fa00d625e5e82e
fb071a10ebed24ee
fff60ce50f12ff00
3fef1a093bdeec1b
18ea0e17ff1805d0
eafb16f7cc08e805
2cda1af300f1f8fe
22fe03e91009db10
fb0b0c0e02fd141f
e923140229ef12ea
f74e1f1a4428e300
0123e7eb1a17e1f1
ebd6f2ec00f71b2e
ffeef300d71315e1
04f4fa04e0d11ff5
f8041bf0f00424fe
f7f704d100f6022b
0f3128311005fa26
ea05141f0e07e9ce
07e90ecced0afabe
31ef200e00dfda09
11ed0fe8f7f41223
f7e017fef1141221
fb01dc0d07fc0932
fe0ce6031cfc43e5
10c106da02da3cbf
07cae4f80014030c
e8fef5d8c8200be7
f3f6e1f72609fb33
d923fa02edfa0417
0e46060c11fe2f2d
fef818d3ce000515
0320000823fb1c00
2de6171f150e09f6
fde0fc94fcd104e8
0c210eccd10920f8
133a274b0b0ff0ee
ecf7e0ef110425dd
1344fe1c2f3bf200
06d7f716c3fe0d30
231cf624fffbf829
e60605daf707e6e3
f6f7ed29cc15e91f
ea291a0200f21cef
c511f13823f4ae1d
f310eef7fd09d9dd
330d0d19f10addf7
fae8e8ff01100402
f8faf3ecf5dfe90b
fcd4d8e9e4fd201f
ebd9dcf8d7fad934
e2012cf6ee1604eb
f0f0e204de11e9e9
1efb06020c10290e
04e4192306d4c932
1e3c19081b1e21fe
fd26fd3a171c00c8
dafae9dd16f0fff4
00174008212dd4e6
d005e5edfddeffeb
edf3100ec6e7f6d3
11fc02cb07f50304
eedd0f0d22e3eb10
05f3121f0ae3cfcc
0c2b0217ead8e1e6
fa10f7fd04ee0925
1f1007de38f7fdf6
0bf5fcfd06e2230f
d512060deb151306
111af31d0f102c1b
0a150fec12f1dc0f
05142b0610e3eeee
1f08e304e51202fa
2acad5d3e113f517
0d2917ef411c031a
31070811e900b5f5
0933e7142b1203fd
22f50b0814ff1108
e0021005f5f6050b
0d2b153d0a01f8c7
d00be8d603190330
06e9f3f1d40d1326
def3f91607fef217
e4fc041cf8d209dd
fdf03f0524092ae6
e907cc13f81323eb
0e15e2e9ff2c150c
0514f7020e002cfa
d117f8fc092ae1c4
f7c9fcfb12fcc600
0effed05fd162b23
030c09faecf506e9
100610c106e7070e
0ff5d8f2e6fa27fd
e7e7d61415fcce08
eaef1200f01308ea
e911da0c253c0f0a
0f13e3f410fad506
f027261b100ee3da
141c100ae806f34d
0b0205f70fe71c17
e0fae5f7180b17dd
01fc0af3fd13decf
2228e92b030f09e9
cce4f3d5ddd7e40d
0e03f003f5fbee00
f00c1720cc060fdb
ff0c07fd0beff411
f7d0c69d0cf7e8ef
0ceae8f7051ce0e5
152825e91620e5cc
f5daf015dbf304f1
1bf2f3fb29083c2b
35f5e7e2eeee2d18
ee192105d733f6e6
0415f83fd4f215e2
23edfafc3df40bfa
1c05200a2d23e620
03f80cef08141119
1e25f306fcfc150b
2ffa0bf7fbe4090a
001eff2af9262ff3
210f01d9c6f7ca09
e71811e9d3050601
34fcffee25ea1503
fd0be2ecef01ffc7
0bcd1af1f7dcd217
0fffff16e7da140f
02064f1502362610
0e0013f805f109f9
e0e222040e0dec18
effa07f40ef811f9
37ede11021051b0a
01f0f8e6e20dfffe
06132727df001909
030807150d05e520
040d17ea11070ffa
dadeee33eef00d20
f5fbf90a261e1921
16ee0bf10b0125f7
e6d620240cf3fbf9
fa19fc0c021de003
300f12f70bed1f18
ef34ec21ddc6170e
f8e800e2060736ed
12fcf42f3d070b1c
1017f6ea1cf9e80c
35d8021038e8f100
f70cdcf9f1f5dff1
16112af9e11ae324
14bdf61834e804f4
ff25041707210717
def8d114fb1918df
40ca07fb34eed920
eec41a0ed8f907e1
1112e910081338ed
06101f1319fdfdf3
f0e9d4082548fc42
fa14120e1717f918
f9f6fbe109fa15ec
09fb1300e20a0c17
1bf20605030e06fa
e0fd02fd01c81616
16ff2df51a03f91f
d3ff26f7ceeed603
fafefd04d90bdfeb
e001ecf72e05130d
451ef6f2f10fe3fb
135430f7ff390429
e9110ce014f3e035
200cfec807fdf50b
06f423ce28e23104
f9f9e815be0f110a
03e9f3f3b0f608e7
2504de1610f50501
ffec12e3f2fbf2f4
e10efeedea11f0df
dc2b1307fde7ed41
d9231412dbfc1ded
17131f0e05f426f6
f1fbfeec0728ff1a
fc0e0f1318fc1c02
13e8e70cf1fef7fb
f9fdfe1c2403080d
0d22f51c02f34f01
0df0d92e05061bfd
eae40e1d1afd2cec
d8ebe8cef4f8ddf1
ec2f1e0af610d5f8
fb0d18fa390aeb03
f1e7e2f623c7fff0
f0fbe6e1ffd614e6
01dff5db27d60714
1a2c0d26eb31fa15
f406fd0dd6d91be8
b63d07fbd11bfbf6
19f40807d80bec07
d8ee05e3101b090b
04e8f0bec2fef202
3911fa31141141dd
eaf2ed0401fdfced
e8c716d5e306c5f8
f50211f6f116f1e6
f3ef1a03d409dec8
0609fe06efdbe8d4
e6080d2d19f70a00
101235ce08ccdb1d
062e0d0413f4ff09
b6130618d6f8be18
0f0ff513f1240ceb
14d2cbd1dbdae20f
f8750b020b07eb01
0415eaf8f4ef34ef
dc24030bfb2c01e8
0bf5171f22d5f0f4
2dfd0bf5080cf6f2
071201f2e013f0f4
d0fcfd1ed40e1646
f60318e8fef6ffee
040f0811fdf1e3e9
0712dbeaf7cb1720
0c0ffdfaf72fd6ec
faf10ce7040a1ded
11dfe3ebf9ca0ef9
050a1ad9e8f1f307
eafa311206edf30d
d80d3ff702262aef
d5d8d7df1ceeed09
f4f7f5f60dfef342
0ff813cec71606c8
01090ff61cf224ef
0c0a072403130324
02f3dd13e9e6df0c
e2edefe2f1f107dd
2210f1edfbe3cad0
e90afbcdef04e0f6
1ddff7fbe4fd02fc
04090fdefcfa0c13
1de4d4f8d7f9d7e6
dbf0f807f702fed2
2ce6f31a123711f7
fa0405df2ef00c01
0d0cdc1cd3d6d7ea
fdf90ef12cf439fc
18160a1e0606f214
fcf8dbf213def206
f6fe0106faf1f2f4
1911ff2404190807
0f16df13f501de0a
c90af8f6050cf8ec
f21f0b0cf400ef15
ebe603f20ed517f5
1f24e1c417faeff4
0cfe140339c6eeed
fb06060fd9d0090c
23c723011729241a
101211e11d0600ba
080ef6ff1ade1103
130005dd0620fdec
e3fbec0feadaaaef
0a1c1e4108fb25ef
0715f409ec1b0c02
f30a01191af8fafe
e6bfd9fe2728e8fe
fef4f7000cf60aee
0703ce23e402dbf5
17f1e802e3fb1a0f
fb1914e3db011a1d
d4eb23f518f4fde7
d6f105fb052928fb
e2c7dc0112aeecdc
ee1b12171e03f123
03ddb6f5c2dde1e8
23063800fc083745
0f0fe022db1c0d1a
f4e9061842fcdf1e
ef0efd0bd4f6f4e4
ce03f6cb06f00cfe
10f11a0416f80440
1efb01d8201e1a2b
d900e905fe0af8c1
de1fd1e01bf323d1
07e5fc30202415e6
0433f313e0fdee19
fd13071c09e6f502
ef0bf5f3eb09b5f2
fde003fde828e7ee
fa0bd016f1f7ccf7
38fe1511fd0f0bf8
09f1f21dfefe07fb
f4ebfffd2800fdf7
ecf7b9fac61503e7
f23203182b2a1ef6
ed0610d9e70c0b0b
2023090a2006f4fd
0dd32e263b1c1c2b
06073a24fd2109fb
03f80112bd0ff207
0fdcd8020307c42b
0520faf8fcee1013
26e9fd1333f8f3f0
0f09fe0dfb07cb16
ff0e092607061a29
0f01e1e5fbd5f6f2
1107fd14e303dbf8
d2fb2efb0101edf4
02d424ec05050bcf
2e0005f7100d1f2b
3510fb040aebfb0e
22f0fffe27241448
020c55ea051a0df5
f2ece1e234f51516
1ce90d101c060e10
d9ea1af0fb160309
f8dae9fafadcf809
d52506d8f003f5ea
f1f5ebf8fdcc0e25
caff28fff0f4f807
fbdb0c23f108fdd3
e50002f0c8fc19e4
0d1ef1ffdbfd2317
150c2500281c2111
11020af9e0081c0a
b7fb08e7e20c2314
120ff5f10d08e1f4
0bfcd71509f2d609
3ae9eb38d0f320f3
11e11cfe0f11130f
df1fdee0c9f4e40d
161b09eae608c32c
2f3debeb05ef051a
dfe0f0fa1ef300c1
080cf6f2150f0400
fd0cff04f119fa03
f809f12125f91911
1ef5f2e031ea280b
c4e00d050efe02dd
07ffe4dc00ee002e
36d4161f510b07f7
effb080434ee002e
2820f40c54ff10e1
3415f4271707e00f
e61aea2415ff1d01
1522bfeb28f6f508
0ddbfa0eeff82b0f
22faf4333300e310
0e0cf63111f42fff
253100d90933eeeb
d8ed12f8feb314cd
fed9d306020aeff7
02fa241e18eadee3
fb26e9e5e3ef0212
0b06ee0b19ee0b14
f7f6e8100002101a
2ff7021032ed27ec
cde9efebdff5ed02
1917dd16f7e714f6
28e4eef71afbe90b
00e213fafd070423
f1022c14070115f3
f30003f1041d1f22
05030bfef21c1001
02cdf215140e07d2
08e8f804ff15f9ee
21e820edf7d715ec
3c22130e21f811fd
f7ecf9faf0e20827
0bebeffcf3f3ecf4
170523ceed00d4dc
26fc181efd1c1af4
05d516f1e603ef0b
cc1a0112dd1f1800
f756231cf8e7f01c
f2ea06e3fce8fdd5
f115eef4f90eeffb
181ecd03faec3fd7
d9f70be4f02be110
23f416fce9f81302
ecfaf809c60deef8
091707030c15dd0c
d4fd08fcf4e203e1
bd03eebcd30509c6
030305efd5eef1c3
0a1bd51404d403e9
090104f02b0517da
f109fefef7faff23
09fa023a1f120410
1b03ead0d9d321f4
210cf8f602f2e9fb
edfbdc0902fcf40c
f5f403e32a14f31a
10f2f314fa18d912
0df3031001011416
dafd1bf7e31ce32b
40c700240a071bd9
f9f00c120a12ee0f
d701e32308e5c606
c4ea25c9d4f1da03
fc14220803e305fd
c81eeffde8281902
f704e8d6e6f7fade
0e16112b13fe0e09
fecdde12d7ffff01
e71c00e637dec8f0
0d22140001e20228
e6f018f20d17ff1a
18eedc3908130916
fe1ef50dd5e7f212
1d1907182830ffcd
0833fcfc132eea18
2829ffe9e9e0f9e4
0d25271deee7ebfd
0efc10eefa122004
2c0bf7151f10ecef
ec07e7f7fefcf107
ae05fdf3f813f503
ddf11018eefee0f0
13200e00e5f9fc0f
e01f02f4f0fafdea
abebf008fefa100c
e91112400c25dc24
f70818eb00df0109
0fd21836110de613
f50703061516ee20
f82c0b1603250e1c
d2ece908e5f527e6
260115eacd0de704
ecfa050ceb2003f1
f4cd16e71230011b
0104fcc92c20e7ea
d5dc0df8f1f7ecf3
1cf20bf40dfe0f03
e8ebf114feedaa04
dcedfad7ddffd7ca
1afc1a2016130f0d
e7f610051612f52e
f0da042508311124
02180afdfad928ff
fd11ca181af0bcfc
c5df15fb240407da
f6e501021b181e15
0af4f3ec0d10f50f
0f0fe3d7f31050fe
0fd303e328fb0104
e8060d1b0fef151b
f3f8f20a1901cefe
f809cce8e8f031ee
080506f4e7e9fd04
220d0b1c00061e22
0526020921ee130e
fb20ebbae41306fc
eecdeff60d03d81c
ff0e0ef2f4f30c09
ef060d0bf3eb20fa
e441eed618e73ff2
301b08f9fbf21218
0f0df906fb2320ff
10d409eff3eabd06
36fef0024d5617df
280614ed001b0d0f
3ae11cf0f71602e6
14070b210b181209
140918e6100e12cb
f3fbefdc2e0d2e17
df121703e9d5f014
fd0ee0030ff50ce1
f7e3e7dcd503fdef
0ff10242e417e8f4
1b3a0fe837281a0a
ed122939d2feeecc
f81c0e1c2c1f0611
391f0d371c0e2afa
e10f0be829300bfd
0124f40005f30945
fd05ed16e719ff08
24fb1c311bf6e223
13e91be6f20a24b7
f2f406f32d140cf5
dc270104dcc2e3ed
f9ece605dfea0509
f9e7d0fafdfff1ed
f4020707e0ee0b1f
f91014fbfa2b3508
00260d121be60ad7
da0ce8eae708083a
03f5d81011d7f315
f208f33dfaf902d0
11fc0d19fe51311d
cd0de1fc08db0bec
0ef705eee0eafec4
1cdde0220005f4d4
20104d223335cffd
26e725ee050c1ee6
1016fce900e009e8
07e4d90e27df27d7
13f903180d0813e7
1c0b264e20f40af9
f10d1a0202f1f9e6
0df2f00715fa2be1
1afef5ee040df02e
19e92ad019e0fa14
c917eff2fdfdeedb
0121fafb08000c0f
21eaec0d190e1a39
ff080ffc28f1f11e
e307550701fdf03c
dfe4cd1c1411160e
13f737ed311920fe
32130301fef107e1
f5e5e8ee11d3eadf
08daeee2f3d9e7e0
0218d71bea4ce42c
1ee9fe12ee23001e
ecffe9060ef310eb
270aeb180110fb0a
0902d5f313ed19f7
06f809e12a10ec00
fbd8dcfdfe18e00e
eb21e026f12dfff6
02f61fff0833f728
17ff18080cfd1106
0009f902e4050704
190d050a1b0524f8
fefcde182ae60d01
e113ec1a2e1afccf
de09d81cdcf5fc2d
25ca231405e9f8e3
e4d8ebe8fbebe3fa
01d4d4e9ebebe11a
0efcf6ee0702dbe2
f6f40aed12c62df1
160e1707f90d02f6
fcf33ad1f0f6f000
dff30df6fe02d636
f82d05065b0fd421
eef322080727e324
f4302107bd21121a
f1092a1f0be126d1
42220200f80b2af7
ea111605d90308fb
03290e22182b0003
1dfbdbd308e2f829
0f1c0c170e10fd1f
05eafeeded22e101
ee22cfeee2bd0125
f5f2da1f26f71203
2525c7dcd2f104e5
28e92d1606f90303
0f110d09101101e6
e7e8f5000ee3b302
0ff908f6031e000e
e7e2061a10631500
080b0fe94c0a1118
e3f3f903f512fee8
fcca06c2d4e9c70e
032cebf9340303da
d00cdcf6f2fdfd04
fdef17eaefe4042e
f102ec09e325f403
f2d1f9f9f6fe09ed
1216de0ddafd23f0
36011b0ae4f6d210
cef71e2bc7edfe21
0effec1b0f0ade14
e6fbfc212acefce3
46ff48ee41def525
1b0b1f00e9d802ea
3824cbcde3d0d3f3
070507ee05f903e9
defc01f119f5fe48
e60101e30f31f3e6
f304eaffc3e7fee4
ef0ad2e2101018e7
fe202bd5fb07eef9
c717ccfcf900e0fb
e8e1e9e6e9faea01
0608fff61de40be1
f0176419010f0711
e8fe09eff61af0f8
a6f4c5eef42608ec
f6050c09fb0822f1
0e12e7d72b0c28fb
fdec10bdee1a05e1
f0f11f00fe20021e
f6fdf6f90612fe1b
ee27ed04fa01d30b
29e8fbebf3dd1908
a5cf08ebf5280306
01e205f4eee7d520
100f160a0708fa06
f536430a08083acf
053318f505ece1e0
e8ecd0f4e7f7f22a
2cf02bfae0e90cef
f3d42b2013ed0b04
0dd21feee9f614eb
0e270de901fd13fc
13f420d23afbe600
1b2302c016fef3f8
0529f2f9030f1346
03c816b7e603f905
0ef7f7ec090f350f
f91a080f23001c0b
eb1b2c1fef05fb06
d1ece209e6231efc
ebd8ffe1e503eef5
f8f6f5082110eb02
132c23f7b1d9fcdd
030c03ecd12f2713
201efaf01b09100b
3204f7fe1af708fa
cafff0f80ae4dc23
0bfef00a29090a0e
2be305f31eedf8df
f30717f6c7f311f9
1fe91be1cfd8fcf4
b918faf8d51417c9
ef000010e9faf6e6
fbe8ed0536bec2d6
32ee323d1ffffc09
02f804f5e6d4f8eb
fc151d2b0c0ffe36
fef7e4fad1fdfe14
f6e3fc06020d0bf8
ea07f5f8fdf927f4
011edc39172ff21d
f0cbc9072ef6d3f1
f7e320e7fdf3f0d7
f321eb0d0fd711d9
ed3bf219d50538e7
fafe05f2fd1d0604
05f3f810f3e8f317
ea11e7fe07ff2e02
1ae9201e3afbea11
1af3cceeef041709
120ff2fbfaf603fb
1d10070a1ce623dd
d4cd0d0d24091c0b
f701fdfafded1ff2
ec16ebefe9f1e116
00ed1b064ff7032c
0bf4ed20291ce6e9
3b0a0c19f7fa1601
d10f251be6ffd906
17010b12ed0603fc
e9fd0de4e5e50ce8
0f3f1500f4f62a06
27f2060511d7faf3
0d01091414fbfc20
f5d6e8eeef07041d
372d0cd1f7091517
fffdf5e7fefcf7f2
f4f8f1f1f810ea10
e6e6dfeefbe1e6f3
d31e0f0af7fdaa04
0e21e52db6e6dfcf
bffcfc1512fad6fd
26fe0120161d1af2
280e0de3f5121f25
1627f8f6ecf50ef9
261ad6ecf0ff23f7
d92bf602e855df01
07063f160c0b1c08
3606f7f7f422d90d
0a1b1416f6ffef20
fc110908fc25f2f6
fde6da07f72d17f2
f61517ddde11fd0e
032415165c2915f3
390900f0301ffcd5
3300efe605110e10
d9f50317e61804cc
cf25ee180e0613fa
cbecf60f0902f7ed
14231d07ffce02fe
03fac8f000f6001d
eaf812dc09130f1a
eedef9061ce9d2e6
1615fb1efae43109
0cf50eddeb280001
1407f4f7f3090a12
1213b813faed1607
d4eefd07ef03e2f2
e604e41805fafefd
f1081bef0afe05f9
0bfcfb1518dbeebd
12e7e32a0912ee05
f006f9faf6e4d7e0
dbf3eadf1901e0f0
1901f91a24040803
fbf61d0910d5dae2
f10614350df2ed2c
030d17fff50a03f2
04050d0e281ad91e
d5d7151edc27f517
28f9fbfc18f92dfb
25f4feeb121421f5
cae21a0000ebf101
1508040e0301ea0b
f0e9f5cad8ef39dc
0ad4fa04dfdfcbec
f0100d12e61812e2
00ffa80e1aec1c11
c8eed9fb1feed90f
44d30c05ee2f3228
05011a06cc0e0e01
d802f71ad4e90c02
fdfc11fff2d2f0e0
1ee0060e2fdeee0b
fd183c0424e71620
11150a14f112fbfd
0f1d17fe1202f8ed
0d19e6fae9fce524
da2e01e2c30df6ff
2a10fdf7e80b3618
fddc01ddda0bff01
270a1ff91eb32717
1c110feaef1703eb
f4e9f9f5f8eaede8
e6c9fa1b26e4fffc
1ae6b2fb04d2cafb
0b0e1a03f816d1f5
feebdce60cefefef
fcef062021131c20
02f21d1328fa1e08
f10c02e428dcf016
002711ff1b0cf619
03220feaecfb0f2f
f5e136f607e540f4
d40ad401000bf7f6
fdfdf6190518f2db
0319002a09f104f2
f230f6fecbe4e607
f6eafee01eeefdd4
22e724f3190512e4
06f4d30efdef0a0c
0f28e1d61c2a1d15
2a0e490df70e0de3
22e304fd0d04def4
f117fcfdf9fefef6
3fcc1a1ad9260efd
0c0aec35d31c13de
bdf9f2eee9d9060b
b418f2f522f427dc
e3eb0327fbc7f70c
0fd00f10faf9f70e
f23000f3ffe60ed4
f7f4013c06150512
eef320fb380701ee
3e28f4f40413e002
070c1ff81dd5e011
f6e207121003fbf6
0efe0ae3dfeeeb25
321108f30e3309ee
17ee200419161900
f01706f602fb06f9
29feeafefb34f323
08eae9fa0d26f1d6
f3f80506f8ee18ef
1c0bf2ee200d1514
18f7fa08f7f91416
fb0bf9f3e512ed19
0cdc0ac6ebe0dad3
d9df1002f5050f07
e506c819c9fa0317
f5ef0a07edcbcc05
f5eec70febf6e1de
14f5f20d14dff7f5
00f101ff42fe231b
f20824fdfa1a110d
14052c260707e700
35ec1506f7c0d60e
04f6eaf0fd15f7e8
e104e2c30428d504
0713ed211613ec0d
25e40303e202cbfb
fd0603061f071a00
07f302fae3f006fd
fff3fe1003e716bd
e4041cecdfcf2e18
ea22d2ffe3051502
fdfc08e91ddb0e31
1115faee1238040a
fe16e80bffeaffeb
f9d3c819f822ecda
c62b08f60bea23c7
0c1d14f8d80de216
dd1f0bb8290e1f33
fcf803e2bb32f3f8
1a20ecfaefc91a1d
26ff120113231d17
00fd00f71a350817
28fbcb09fed50aee
08eb231cf61ffbfb
f3d9040b152b11ef
f4dbf0dafc1cd6d9
18e133e51d1c1800
f2f81806e20d02da
e72c02f6050d0903
0cd7e7d9e2fcfb0d
14e0ece7effaffe7
0de70f170aef20e0
1005f5e8141aebe6
cf0b060203d118dc
09f6ed1c18fee71a
f516eef1fce9e9f3
08e830fadcecff2a
1112f7f81013eeeb
1e04ed1121071e17
e6ebf5d3f0e8daf7
06dcec05e70affff
de0de7e80ee81fd0
efeb0a0f3a21e322
fdfef30dc8d0c034
e81b01e2d50cfdf1
fcf5f01405ea0302
1015b5fbeacdd32e
f1022808fd1e1504
2dfbd910f7fdd1f7
d322fae51502fa13
d9f8f3fad615d11a
113f0fef08f60be9
1f1812c50e250807
d02adc0d09ed13e7
f40afa120ad1f80b
1fe00a11fffd540f
eb15ec2602e7f31a
f6ecfae525011406
0e01f4dad6c904e6
ef0dd801fc0909e5
e7f012f9fa082cf1
fdf211e1e311e4fc
061e1319dc13edfc
431a110217250832
2418f115ecfe130d
eeecf50ee8e704ff
e51d121d02de1211
00d33241f4090ff4
0fecd12915f8dc1e
28f321152745f3f7
1713dd22ffff1a19
3112e3fd06f402fd
eb260fef09dcfa1d
ddd0d901dcf7fdf0
25d30ffc17f3fad5
162313210a150517
d60226012c0807f9
141aec09e218c511
e6f410f705f80208
1d43d7cbf534eef5
ccf42becf3f0e618
cddc0af2d310e2ea
16e20aeb34eaff03
e8f3d90b06faf1fb
ecf303011d180ff6
2f0309fd06d0fde1
fef906e6f8121d06
e209ecf4e40b0eef
1bf60325e519dbf5
ffe021fd26e2e6ee
0914eef2fd0a10e7
29eef70401fc31fa
110626f3efff08f7
27ff06fbeb13d4ea
f0f747e70bfa40df
150706fb310b070b
ebfff9430e130221
dbd812f5fccaf1e0
0608f207d4dcff01
00fa0f0115f6cc06
e6f6ff19f6150919
1f20eeeb24dbdf07
dd0e03e2c7d3f4cb
da14c70cfef1e9d1
1bf2302b061d1b05
cfdc00f8caf7160f
f8eee9050819fcda
0111e21aff23030d
f314ee041515f400
e905f2e7f4fcec13
ff11e4c2f10228e9
06f4e1e2161de507
fdedec0f032818e1
e303da1208c8cef1
210ce01f0aff001b
0d02dac0ffe1e1c5
f503f4dce7dff8fb
efe617e7220adc13
2a172012e7fc19eb
fee712fd20ef19f6
ed0dcfe4fbe0e705
ebf2041dce04ee24
dc040b15e312f0f1
f2130a0f0df1acd1
e3ff10130312d028
e913e422d2f6ebfe
2310d2df1df50801
0307fd0216fdf213
1932ff2ffe140c0f
da15f812fdf3f5d5
bdedeffb0516ebf2
fae70c09f60c03ed
01f5171de1051cfb
0e0ad922f72c26e8
0ff80bf8181afa26
ff1bf50d19f619ef
ef0616e3e4eb0cf9
09eb0919cb0310e4
01052d27f7f5ef14
241d16edfbfb1a01
1bbaf805041603fc
e1ee270c2ed9031e
2be3ee02eebff7bb
07fc12ee272ef520
193c0ef2f9f2dff7
f501fee614e5f002
f5dda23eeeff2f22
ecf0fdf208f7101b
182013ef360d09f3
14081d170cf3fd2a
0d1814f9f5161304
00dae3f7ebeafa21
fa0ffc0c11f32806
2bf200faf4ede4b5
1330fad90d070925
fafdd0e3fbe0f60c
0b28f3242aeb242a
f1e40cf6f325ede6
100702f2f6eb1307
f6fcfa030ee801cd
10e2e515171de0e9
e914e90220f62a2b
f92310fafb15290e
04dafeeffaf60ef8
33171ffef504e61b
08fb31d817fe1a20
f6011c0ef317101a
0cf21517ecfd2cf6
1ff9e50000c60e01
fef402f218e8ee07
e61201e402112213
0a15e9ea19fedcd6
0fcc19f51210d418
e8f6f616ff07f701
bc113909ec181918
1a13191609f7da3d
f2e2f3e20826f802
03eb1af10623f6f9
15dafffb122b1226
33e3ef1a0f223cd2
e802f3e40ad5f834
1af112f8bffa0922
09f7f4fa1e010810
e9c70cdaf3c4dbde
fbcc1127e232eebd
edd90924aaee0904
1405e8f71017e8f7
111301f3db0feb19
fbfce90218eddefb
0be21c12b6dd1921
edee11e71ed7fc5c
f8ed2b1b0b190930
12ff2e22fce7d7f6
1af82be2d210e8a8
251411f126091909
0d05ea2cf4dce02d
d82dd4eaf73a2701
180be01907222af8
f51d10eeb501fe32
f71602fe14060c09
1525e70110352e24
f0fee0d3f2200309
e60dbd1af8f816ed
021a28fbfb091cf8
fef00bc92330041d
e8fe0329e51a0dd0
cfe807e9f20de8fe
030d240224ff4108
0cfae6030e05082b
2c36dc1d3e411609
11e7292f0aecf7e0
e4e824e8161be805
0d2deb091e17db00
19fe02131f0411ee
f5f9f0ebfddbea07
1917ea101eff24ff
05dfe8eae503f931
ca050de918011602
f5ef0fed1924db08
28eeec100ce503dc
fc07f421bffce813
e521f5fcfb0d23d7
104512ee03012618
1307f11609f72423
1c14e7043821fa22
e5ca25e60bf8f6cf
25fe050cf5e51ff9
db0510fb3300e8df
fd04f716060d17fd
f7facff112fef4eb
d20b0610e629e9ff
0219f8d8f43104f2
f4172ee40a08d6f6
1ce9e8e705fc28e3
e811ffffdc0bd902
013c180d35fb1f13
031606ce0b1a1014
c7ddfaf011f10522
f8ed03f31a0028f3
12300f0bfe52180f
ccdb23ed052d1908
ec27e9150c0f0603
f9fd221dc3ff2909
0a20f6f9e7e514c9
f50cfaf4f9fa18f0
1e02eb0022fd201b
fd1442fe04d917ec
e1f8f1f2e303fdf6
1c0ff9133cfc14d1
05eeffe6f80aebf5
df01f4fa0d1d0715
f1121de6fbf0c5fb
03f5ea0c00e1f1fe
f21c010df6dd17fb
22f7de1ffde60e2c
d80e0d03fb17fdee
38f4f21dfdf3101f
c1de0609f713210d
ee13fdf9e3121c0a
f5e115ec06fbe61b
242b0bf425e91af8
16f5050a1cf00507
feff1c000a12fe1a
05e30606e2dfdc10
37271f0b2b0908e6
340207e205fd17db
00e4031930ed9b17
f0cd33f418f3e823
e1e6060df4eff101
de10e7f3fe07cc1f
cd13160df415f308
f2fc08eb0912ee18
251cd40cda27f9de
0912edc6c0faefc9
e6ecf70f190308fa
d2ff03e6ff00172f
0c0f10ff00ee07dc
10120f0ce0fa140d
2ef2221d0a063108
240fe7d5f9dbfe1a
34ef143aeb01fff0
2f2802f3f3280b29
1725ea0e24eaec02
1202ebbdd3f9f3e5
e803f51317e10e23
e8f91208caf0e9e9
56f62307fad7f3f3
ed1c101035db13ef
080cd7e0cee11901
e0b2070dbdfd0120
c10f0512fb31c639
dee604e6feecf4f6
2b31ee1217fef62e
09eff8e4faf7ebf4
09e51810001b18e4
1adaf31cf8e3fe08
0cff2bd5e61300e6
e40f1a06ef24e301
ed0a0b0eed0d1df7
18edf9ea0bfc28c2
fa1207e3fc02f604
fef20ff4fe0f04e9
d7dbfe0af9f5d3f2
2bfe15f903dbd2ff
1cf7d4f728e218e2
f804f7e6020b0800
1c071ff0ea02e8e2
09ed29dc1ff4fd0d
fdef201bd9e2f02b
eee6f4dfd5eb0b1b
20211dd40d0009e7
d0eaf6dbf1f519ee
e7dffee204f9f6e2
f8e1e40bfa081d16
0822c7f4fc1ffad1
0106f018fde1f32d
0ffcea0c1b10cad4
f8c80500fe08ab2d
0e0be00cf8f502fe
15f313f20cfd0a13
ec06fb051ee8ecf8
f0f102fa1ff0f909
070bed0dca1feae3
ed13f24829fe0f2d
e603d216efec43f4
0eebf51603030f26
f6eef9211f03ec00
fff7cf4e1904ec1b
000efaf1d70517f5
d3d506fd0adbe3e5
1e2bc8ea3105361a
fe1be60611fd1708
11e6061c120bf621
18f81b11032d0ce4
e5e8f0fee5e2f2e1
52fefaefe006f625
f9004523021cfade
30c71d120c17eb06
35f2d020fd2bfc02
1b0cccf5f218fde7
c230ef04272e1405
eaceec09ea12fd22
06cc30c70320fde8
fdf80129182f1804
31f237ffe2e91ff3
0a00de0219fd043d
e70cfdf408f4f92c
d62cfc12cfefd316
0029eb350c12e81e
f5dadc16e4bcf3f1
06f7f62bf90d2c18
2639281c05f6f9f3
f416e8e80d200ad9
fef6ea49fa0aea3c
0fee1734fd4ced18
ebdd13e702fefbe7
070a360ae6ed01fe
f40900e4c90adfcc
f3f9040703e8f8f4
cefc05f115f81a13
18fcc20ee2e5edd6
fcfd08ef0c55f7ef
f404e0d425f3fafb
09dd06ec4dff1b09
0c1c07f306ae2fe8
1af906ed09e4f608
1a2608152f06ed36
080a232e2b480f0e
fbe5f2fe2b0d12fb
fc1ee1edd5d516fc
38181bf2f6fe3e05
0b00eb10fa10eff5
fb08ea18f50ef8f2
480707f600f7f201
09fb1828e5060a18
11e01502f732d6e3
e9f535f4effbf8fd
ff2a1dfef60212fe
07250af71109d3ed
13e2cdfbe0c7dee5
f11605f6e9faea0e
1b110c31180516d0
f81de1fbdaf029ee
09f7eee9281b00fa
16fc0010da24fd06
e70e080df3d3030a
caee1d17e6fc0313
02f435fce2f304f0
1703fb220ce4f007
fb22e5eeef05370d
07fa1af204041001
e8fbda10e4f80b16
dcfafb0cf01efbd2
ddda0f0a05f1fce5
0e09df1b17fffbe4
1ed0dc07faf7e60b
f5f9dad71f0a1924
031bd9eee817201b
f7daf304ebd5e901
0a3c211d2efeff18
fdd81adfb92be4f6
0df1251eedebe2ca
ffde0f000e231926
fb1aed0a04eaefe4
fe280a272044ee1b
0f0919042328eb20
0ce80d2a24f5efd2
05e20004dc11d216
ff001beeed20ee12
11f2e60bd2f9e9fc
37f2151502131de4
0922fd0c0ae4192e
11060df444071205
15e2fff9f8c9fd06
fff415e6f4e74837
e13ad0f407050e2b
ebfb1ad5c8c8f3ea
1a19cc0cfdf2e401
1d151ce518f50ae9
11ebfcdf19e010ff
ec1df831f403ec3d
ed002e232426f6ef
ff150ef308fbdc3b
eddd001431dafbf9
fdfb01ecf81e17fc
d7f6c900f202f8e5
faedfb13002f2d11
e0e6e5dffd04dd01
10feed0c24e20303
150505f802effd02
060801f6fcf3ebe8
e61bfaf8f810c422
0a15f72b1126f0f6
ebebf8dbe8f2f3eb
fcfb08cae901162a
15122ddefe130b17
06f513fd0ff71f17
f4fd1bffb4d50eea
0ee7d401e90817eb
e6e5f9ec24f3faf9
2905c8ffd8f1d7c7
24ebe3e70fa0f2c6
d5db09190a0112fc
d6f31201f5e40f0e
ed0714f308f90628
f4f9f6fde4fa18c9
fbf93708f543e308
2119ee0f24250ae4
ec04f80818f6ff3b
dbf7dccd160f03fe
ea02eb09ea07dc18
19e711fc13ec17e1
2902f9d617f703f3
1d17ea1e18e9f8ef
2011ff0207fb46f0
e70533f1fdf10c08
d1fa02f0f5e8f6f5
220e04e00003e705
0b01d408ee0d071b
081d13040f0eec06
f4f60f0a2d110b1e
f821f30c120605f1
14f9e90bdffe0b23
1ff4031a0f4a100f
08c6110f1c03fa02
f7da07fad036eae2
ee3bef04ebe3fc02
cf1ffb10e509edea
e53efe11230a34f6
1517ef11eb1dfe11
cd0010e1f31c0f03
18f33c26caede60d
ff26f9fcf9e6fefa
2104112c0e2d1806
15f4020f21ebf0dc
15fc32f6c11df90b
facfcde4ebffedeb
1306d408c7f80b0f
fdea170a12041822
0a07e7e7e5fa13f5
0cea09e615e8ecbe
defade10291419d1
fff15038fa032906
2ecfb0f90109f9fb
de3109f4cef81121
080ff20de1ed08d3
e10b1ad61f0ae400
12fdcd03f5001ce3
0ff7fcdc19f91edf
ecfe1c1e05f000fa
2615010ac513daf4
060f07e1e8031011
18f6f603de29e2ea
ffd7dadc0308e71c
eaecf8f0fae30af2
0f181f0eebf3cd19
1e09e616342a0217
210d23f9e30e19e0
25ce12de0aee0510
12e9d512faf2fb24
05050413f31911e0
f5f50410eb14fe0b
07e32dfe1a0e26fd
f9f724ec28d014eb
d40ef30b0df00ded
e42920f8daf80de9
eff1e511f6afffe8
fdf2e2e8e81b14e7
d6fad0122cf7f90d
05e50c13fd1d1326
0101cd1f02eddf27
fc0bf410fb03fff8
12392d13ec110532
da21eef20004dfda
40e0deef24faf321
fcf3f7d0dbf0d708
04280ae2010903f4
0aef23d9d7e4f9ed
f50dfb10011100f3
d9c41702e42521fd
33fd27bd11072902
ff260df8120a3133
021cfdea1cc9fcf6
08a1f5030a15f022
fd1acc15f902290c
09f7f836d4e80609
fb3109f9e1f1f3c8
0bebe612f7f1ff06
ce0403ef09d7ec03
04f3ebf7f0e929e1
fb001bfce719e9eb
011dee151121f0d0
f3e020f8110e31fd
301714fd15052906
1ccef2e805f5fd21
dcfbdcf221021be1
fe3308e7071f1deb
3acf201716ec0002
06fefeee471fea1d
f5f7fc0af8f4fe07
e302100c00fe02f9
fdeef8fefce4e8f4
f6fdea0bfef418ef
21fdf8d709ebedf9
ff06ce21f3edfdfe
e6f5e0ec1de71829
fef418190a1707fe
e5c4e616e9f3f200
eafee00d07fc13f7
f70814c736cdf21c
f6450922021406dd
121329dfe9cef41c
101219082e0c3420
1008f10c2ee309fa
ccdae8f20410d71a
0d1c04f3f90ae0fa
f1f20410f4fff213
051beb12f6fafce4
def5130525141d14
d40b17f821faf6f0
dd1000f9e9020001
11f60f0f3400ef17
d1eefef4def61a11
15023318fcd91eec
f8d5e2e60decdc13
0813d9f41c160502
0d1bf802d83d0a21
06ceede40efbfe09
10062fd11dfef312
edeee017d10c4205
ffffca1013cfcbea
10f2180e02fcf116
f90a15d8e906deef
0dfc1bd2f6e1d8e4
03ff09efec0b0e16
0ee0262c4b110fee
0317032c1a030a0d
fe02fbdfffbb10d1
1bff13352cfb01e5
e33bee290c3f21fc
daf9d829dffdc9dc
281125e7fb012a33
0c150b09f6190bed
24e7c20317f0f1e8
d516d224ee17d7da
1bff12df092210f8
e500c51efae427e2
1d20230f11133008
f52ee41c1504c844
2d0a05f3fafa0609
ee0f0408ea21e20e
08d111f106e812f0
0508f4d813030ffa
16e750e2def23231
fb0a04f0f411ee1f
12fa160e13dae4f2
e8fb27ef0dce0eec
03f929fb0d1011f5
e32400e6f1a24e06
010d140ee643061b
1407f1251b492631
18134508e9ff1f10
190df6eefa1723e9
d40311eae5e8e812
061a0bdfffdef413
f506e5f4dbe0f9f6
f60403e6e5122400
0b2c19f70b062a03
18d0ff27e3f4103f
e1d1ba04ebc8effa
09f0d8efe4e4e828
ffc70210db062d07
d3da14fef1f60ed8
faff27fae1d90313
04e9dbfedc0bf4f6
f0ec08f0d9de09f7
d404ef2ed6c806e5
eaf7df23f3de0a1e
e30df8f7e8def6db
0cf52df60b1226f3
052101faf6df102e
01fbff1a05d400d2
f10bfd05f026e7d0
e81ae0391640eff3
e0f6fe0607ebf417
0dfdff02d0141223
32e90bc25111efc0
2318ecd329fb0ee8
02f2fae6f90e0810
1d17f9200bf61d07
01e40bfd0836f2f7
4301e80ef717f827
e4f3f911d0dbedf2
00f911f00b44e9fc
c515dd10ff1eece0
06f5e111fdf7cc16
00faf402efea04ec
f502040e240bf6f4
3e18f10e23f9fb2a
0de3e5f208080b04
f918f72409e21013
f81de019030205ce
1bfef31704faefe7
0af3fff717d8cf0e
ecfa0f260fb8ee18
fd0df40e0a2cdef9
1623f90a2103140d
dbe519d9fee3d60c
0516f213fe3324f0
003308ef201d09f9
1af3f80e1708e5e4
39f0eaf51bcacd04
10eb12c906aa24e0
e9d83dbcefe90bfc
f101f2ff0bf2d0df
0cf32127e03d2027
fe0ae6edea0606ed
2eedebe705faf3e4
06e8f3ec0833d30a
310ada15f92df601
01ed0e061d30fb0e
e7213120f2010417
09ec2ef03ae8100d
f9e4e20607fe18f1
0e120927ede8e117
ec0b15cf14d3010d
000207ee2ce0110e
2701f701e3e1d318
12e21ef8ed04fd22
f5d6f5ef0df8c6e7
0a0d1f04f1f7c137
f5ecef0ecd3ffff3
ce0cd009ffc9eb01
1413f4f00016f226
f6d51900d20f020d
f10204d7ecfa1ae2
dc3223251206fb0a
2201e2e8e61003f5
20fb03ef000c07fa
0110f41c03e9dc03
d30106f530ddf815
f11308ec130903c4
f4e2feeaf1d6d2f5
eec6f40e0fe7cdfe
19331406f9051deb
ee05e20911eaf90a
cce11fea18cdd5b6
3400ed1314ecd722
d1f123fef5f62eea
08ea17f0053eeef0
e82612f315db0eda
f2101bd0ef19273c
c9150cdbcf0eeff9
2801d70adf3cd53d
ff1e2607e60f0c11
1d0ad5f7f3eb39f4
09f1c709110d14e9
d90903e6c9e8061e
0c10efe7faec31d7
02fa04e60a2b2c07
0bf814fe12f71a09
111f1b0820dcc50a
f214fd1507f82723
1c011ff21dfefbfc
221438031f191213
120e073dea02060c
f1f7e9fe112707f4
1028dcce28fe010e
072bf8e9144004e2
fe1609fd0802f8e2
f9fde3fbf82cf9f6
e3f30131fd04f1fc
f9fb2811ee261f03
1310f5e803f40df6
d2eafe2ed7efcb08
ddf70bffed0a081c
f208f21945f80ffa
00f90af2e90ce606
0ef5fd030efdfd16
e6e7f50816f3efeb
e4f9fce30c14e7ec
df051103e3161014
1d16ec0b07f5eb15
f2dd0a33000af603
e3d1ff03d9281b13
fa22fc2809470cf8
f9eee505f61fcfea
03eed3e80418c3e0
14fd2aee08030215
241aeedd012502de
ecf31cf1d7f5e1f4
ec06f5cee71b0604
d9ddeeeaeede0b21
16fd0b19e9cefcf5
02fff6ff1008f0db
2a08140a16ecf41e
18270de5001008c1
2d1df0e11710003c
221f0a161231ee14
e71706e9e8ea0a08
fde014faee0a2a12
ca00ec07c12ddde3
e3f705e109edfcfc
f3db09d8f6ffdb07
ced61704d2201c0c
f327dce8f3092cf6
d4fe0edd1705f7b0
ddd41521e8dd2137
1a2308120025dcfe
e4351300f909e40a
d9e91d30f5f2ff1a
eb0130fb020c1841
e502eff321421505
21fbe40f082613c3
fbfe2feefeee151d
f101f4d8e6e1e4e8
0700f0e90501feef
eff8ef0ed60d0e29
f7070a0d23f534da
20c830e937faf9d5
fd102202f20d0eeb
fcd613f625de09fd
03fc0510e5cbfe06
09f2fe031bd6fdfc
23fffdf6dfe0ef1e
e90c1115e611f101
d63cc71f1a180715
27ff251208dc0bf8
fc12daf41f30e000
0c00f006fc19defb
ee3010e1001223f5
ca0109020aeae4ec
f223f8fff710e7ff
fdfcf51ffcfe1fd8
011f020b0001f315
100e090132e5bae5
e11010ebf4eb2107
12e712f5bb1003e7
23f10702fbf0f807
0cfcfbde3eebdcbf
14e9f60fecd9f112
26e9fafd10e8deef
09fb13fc251ce1d7
02241eee06011d42
03e7f22de6d70905
f70af4f713ddeded
cb12e703fdead822
2011dbf30ad7e009
21edf71d46f9f9e8
33fb1cd411fc00ed
fd0913e2171401f3
36d9ee1d33f204f8
2a1210f60f0a090f
031b0eda0329f7d2
311635ce27d3fafc
0e2ffa1fe9042008
141b02f6111bf3e2
fef1f6fdf0e101f2
31efee1439e90513
e7fb180f18ef26fd
0812d91f050808df
24111efb00f5dff6
12f9f91312eb1f05
14ee02f8e1daefe0
f5f81539f2e9051e
3b0ce7fa03fdeeff
eb06f30dd7060232
2de015e2eddde225
fa1603f7033ddb0b
dcf0fd0903030afd
d40209121acb3ae5
b902050bf20000fa
13022a05fcf3ff08
0013fef3dc00f916
b3ff10ebcbf3eb0f
2825c81a221fd705
fbc5f6f6f9131600
080718071eed17e1
f0111111ddd0eb0b
0cf4da11fd121605
efe11fefedc8060c
053dd5f00b12fdee
05fdee07ef17131e
d3fcd60dd03515f3
bf15e1150607220b
0fe8dfecb9fffbde
d5ae0f18f8cf0a07
f026f6e80ffbf90e
dddacfebf7e12510
dddfee09f505f80b
fd00eefe0cfaf807
191019150f08f0e9
27f927f808240cde
c4c414030c1202ea
fde5eee92c160fed
46030b15f016f0e5
120c0404c5ea0314
49000902e2e309f8
1c2102faf5f9e8fc
093405fbbaf8fed2
030902150aff1efe
f11b07f3eaf3ea15
09fa0934fe0120f7
16050f0a070900f6
09f2e2f5070ad00f
23e317f111181622
fccbc5e6e6fa12fa
08f70cf1faf81af2
1903031cffee1cd1
2238fb1c0120fb12
f4ffe6181442f512
fc003ef5ccfe0315
173100160c10f930
ff0e0e05ff191d0a
e1162d05bbe6fd21
2411f91801b21ad2
fa04e1fde51df7fe
d109e6110b19281c
d423f315dce0ef03
f9dbfaf8f2d1fd0b
0d030ff6efc5cef1
ef06f7f1f300c314
27051304eaed0c08
1fee260af00cd431
09001002331102ea
18b9ea240fe010e0
3d09dfff04ff01d1
e0f0ddbf01f4f209
ee130f2b0bec27ef
c9f0e4dcc308feee
c4e11910e8f602ff
f3f2f1f9e1eadf00
acfdf2f11bd7f5ca
d1220434f60b37f9
cafd36ea0d0318ff
f32c0ff50af014ef
01f112e9f0313cf3
d5e4f9e91204dff8
d9d5041a11070902
0f37232f14dafc09
e6230b22ff404cca
2b0ac7ed330c10f6
11f1df11e22125e1
f202e7eed2f009da
f7dcf312e6e7ee0c
1007fee4e1222304
d2c7f41522df02fd
1827ef1e110f3acc
05bf0d17daf3c3cd
fbed0113f2fd10f1
04cdd3f8effe23b7
eef5d1ecf40be2e3
fce1faeccc1a2418
0b00e50b360002d0
e117f2fdfae3e4f9
0af315f6f912fd18
2b2808111d110003
0f040102ef18e3ca
f7f7e51016cde9eb
e605f814ebf70812
36f3fb2711150fff
47baf0030cdf17f3
f20a20f4132af41d
07edc4e90effebe1
15fa1a0dd2fe09c0
fdc932f5f3f6ff09
0af714f404f81527
020af8e9f6011822
fbdeeefa1de81e17
0afafa13ef10e40a
f2f3e0b1100ffaf3
dfe41ef0e9ea171d
1de8fd070a00042b
00e6df2c0fe1eff2
1dedf1fc1815f134
34250b1ee300fa29
33c908f51fd2e80c
2539053deef61126
f715231df6edff07
0507ce071912f4f7
fbfe0fe814200b15
120619e71b08e9d8
09321afb081808fc
19f012b4cc2004e9
0e0524ccfa242cf1
fcfd01c2e4f608fa
3808cee0f9e119e1
fdddfbfa11ee0df9
14f1db0fe72d18d4
c3084ddef5180714
0737fb101bee1007
04fce4e8160710e8
f81d29eb19dbbc03
221fe12efaffef36
f92afae101fc2c15
162402d8fd05dd16
22fc010bf8df1ad9
0cd7cdf9142b04df
13ec221a0c0b20eb
cf0df20b16e7f9d7
0ce1e6110efbeff5
f60318e4da1d0dfe
cff4130a1cdede10
071c25fa0cf0d229
e0f30e35dce903f0
daf7004101edf8e6
fafc0409f6feea05
22ec19053f290e1b
f10bed3111cbf903
f0ea141403160bec
091ff8433635eb11
1cf7f719e31006ee
f807e12fe7fb0a05
d70b23f1bce3eefd
fde4ecefd8f90ee0
e601f10016ebe81a
f20100e012f7fc0e
d31315c21fd4fb06
04cc1af2da1ae319
1cf5dd2d2afafa04
f8dd2cc31403da23
1823160717cbede6
27f8e72d3ddbec28
e22348f704f50c2b
eb1510f902f707fa
3e3e0d03231e230c
0ef128b9ee37f5e2
1fca07ee09f7fee3
cc051b09f9ebe504
f51bc8e5de0bedfc
090621edee01f6d4
041700f2110f180f
09fa0234ffebfb2f
fa0af90b10e22828
0c0fd1060be40c10
3a20f81d4e021c05
05ef18f6280ce713
300f1a241116eaf9
0b09f90a0c0606e3
15f0f8e90a23f81f
12fdf320e5fcf703
1af20b192f0f142c
f91e05f0f50518e5
1707240ee9ebd5fd
ee1d17f9f1f2181e
1efe28cffff31207
13d20532ec0ef80f
e2c51903ede9fc0c
e9090612d816d634
eeeae807f70b09e7
1c21c82bf10a15f5
0230ff00e22de50e
c8061215fc051904
0ede291a2618e7ec
c3e4fdd817f20116
ef08efdfdb0ee3c7
ef012722e3d5e0d0
1d1fe4edfcecfc2a
0729eef82bff03f3
26e30808ddfae5cc
0cbc20d8e0f516a8
230f25ececec1afa
ef121b183bd705f2
fae1fd09f321ec14
00e904e631ee0acf
e7dc2be906220f02
35f4ec04061112f3
eed73b16020ae4ed
320818211bf700f6
0d2a221c0edc331a
cf17dd04efd701f6
ead4e71de80005f1
fef709fffff2f112
0afe080a03ffeff6
26032bdf131e2bfd
383f3a12fb2a15f3
f2fb0935f4da0f03
f8ff26f608fd081c
dbbf1fe0c305f4ed
e40512f127d5efd3
e70209dbe1ebd7f9
d9f7f4f7d7dd0402
dc14fd28fbdd0e02
f9fd1411172e1509
031b26050f091303
0dfff0d1333d0bfa
e5e80202e802f2f9
00ede50bf0e30502
0fec1b0eff033207
1eee12f70afcfaf1
17000f080621fdf8
ed0fec06f3fbbee2
0c040f1b14f1083b
0efc16eae8fcf21a
fbffe213fb02f7f8
0b1bfcfbe8e300d8
f001eee9fd3cfb22
01faf4f429161408
fdf4d50fefdf2605
1127e8120f2ddf02
120c1e0b0e1a0308
e007fbed09e9fc06
f9fb03cd1428fa3d
0beae80603f31e35
df19cf15fd3c08ff
07faeb050b010ded
0efc1ceee5eaccea
c9cd1cf7e7ea0425
eb07010220f222f3
fffa000d0bcf0afc
ff012824f53bea02
cf0effd7f1fb0d02
080f24f9f8200c18
ffe30be00ef113f0
05f611fadee9deff
eede0c2208133310
e2ef1bf6e80801f5
f930e408b1f917df
01e62beffd1337fe
c6fbf5e3d9f5eaf8
211ee007f505fbf5
d2021ee7fc121b23
29fd1938440ad9e5
04050f012ee504ec
07f1000f0ce2e602
12c5fdfdfceb070a
d20b07e709f01132
40eb0c041627f1ee
300f100914f703e8
f1ef05fc06040eed
e8e2cef7ee030711
e8fd39040a0b0402
01ffe207e618f22c
0050d51206e6f612
16fbdede14e4c40a
5330f90618fe04e5
dceddd0af7fe0ecc
0e1507c010d82212
1020d92219fedf05
fa17e8ff18ffe6e1
ee2ae8e618de0c07
031ff5d7e5e82606
1009c303f61dc2fd
0df402fdf005ff03
03e0e832fa16e7f9
1ef0080cc3dcec22
0032f7f0e4f7d505
07f41af621fb01fc
2cec0de02320f320
521fd61b0ec9dce8
e81cfb16f410fce8
2e1ceb2408fc2909
e8ceeed224fee714
0214fe24e10410f7
e3fa11f52c231208
fff200e811f008fa
09060af5151ffefd
0501ea08fd08f80e
06ff24fce70d06e6
290d0503f70a1c1b
0e212df214381c20
00fa0502ee0adaf9
1a04d913e2fb0dfb
00c7cdd7c91b0308
d9f81fe617f30d0c
10f8001f0b08ed00
f01329e912ebfd0d
fad0df19f0e1fb12
0203f503f219080b
fe01520c1916e7ee
2c041303f23d0afd
0c0fd012edf4ecc5
00fe0df41511e604
e2e82b2c0d0c04f5
f4fc390dbcec09eb
0b0810ece2f9d2eb
e7050315130a0d14
eed2141df2fd07c5
fff60d19f7362012
bf150618ed060c0d
02fae80024f5e3ee
f0fee4f02ef914fc
011d270d00fac016
160c1e142347ea17
030bf319fbd80914
33f11e08eff3f6f8
faec0f00f30600f5
e508ecf6f5e82105
0300f09bfefdf721
f400f9d7dc02e637
f10ee4eae115c524
e0140d0ddd09fbfe
f515fb0c10271102
e7e70cc8ef0413f8
0404f61ad2e5230a
18fc1304f8041345
fa0cf73209131b3d
04fc3bee0bf415da
d80913073fea29f9
d0fdfb120defeb04
febee8fc07fd03ec
170a1b0702100708
151a013010f0f2fb
362cf13215011105
fff104ffdbfc00fc
1911eb29e80a02e7
e90207dcd50be9f6
0e0002d6f8092c06
f5f5faf208fcf5f2
d7050de6e3ee0527
310c2208214b02d6
02300ef41bfd0d03
ea05070202e8f5ec
ec06da05dd0504e5
0604e2fa0df3e41c
f9fb0604dfedf6f8
fd1e061504fd1ef4
0ffdbcf7fe0510f8
132911f4fb092314
fc07fef139e8f0de
36fde1fce11b3f12
15f7cae9f1ffd716
0ee91eec2ac60110
08fed7f8feeef60b
ea072000ef1ff304
e3000ed6db1113e7
cafce81ee5fff713
300919d3092d11fa
09f91725efeb15dd
d9eb000b1b05f1e8
f5e8f11cc6def0d3
fb0cdcf0d4cd0500
fb130b2a0aeb01f4
040a0e16462dd913
00fedcf9fc046613
ebfef7ec2ff022f6
f902f62725f40b01
0a0dfbefebdfd4fd
05fd0b030c1a4106
f805ff153f1103e3
e8feeffe03f91afb
21effee717fa0bed
13f3f32113f0f5c4
0af0e606e42c150c
b316f7de38ecf71a
05fcf0fc250d0f07
2b07fbf5f8d219f7
e8f6f1ede1fccdfe
0a160a090b14e325
dd0b29f4f323f02a
3327fd25132a2af8
fe0bf4fa05eaeaf7
e5f50e0e0cf9dffb
e9f4f505ff06f521
f2f4e0feef110e09
36e2e8ffe0071cfe
0cfcecc9120be317
f3cd12010510f216
f6fdf9f70e133138
2aed2c211fe412ef
14ea180ec6f3f511
1c0304e51001f038
2b0a0df8ebe8f9fb
df0904f61aecf10a
14f70ce13e011b1c
07fde5dc17fffcfc
190b0aea1d310341
ecf6f21322f7e315
ddef22db0620fc28
d5fed10c0a0ce1ea
0eeee70cf90efdc8
1206e5f50a0c02e7
db093efb21eff3cf
ee031104fbf0baed
20ede202000af3dc
0514040a19fafb10
fd0a2e1206f5c3df
3bfbc82af6f3d40a
080dee19f30f13f9
240f28fb0d0a18f5
12eedac6f6f5e61c
d2100c29fdf1f312
e70eded4f8eaef1b
fb05e5f8002ee0fd
3306f209ed1e1de3
f2fb0f04fafffcef
04fa0afddaf91bfb
02141b2d16f21805
12060a06191b13f0
19051cf0360de6e7
e801f5f5d9d310bf
da02fc13cfc8f42a
22ebfec1fed5071c
12f1241c05130fed
14fe02131ef02100
02030228f9fcfcce
1737161c0f030b1f
012bf1e207f11cef
e1190c08fb0e00f7
05fd2532ddf60102
fbdf2105012c2efe
2701f402ed3422fc
1be1220a17d7f81e
dbdc200aeae1fd1b
eee205faa9d8fadc
e10df7d8baf4efd5
170a0f02e60303f9
f3ebeb0b0cf5f1f4
d4d92411e7ebe527
f9edfb29f032fff9
10ed100a1fd1fb17
daf7ecd414fad1dd
ebc4171617ea1e15
eefb25f8fbe339d7
1101e9f3f209edfc
fcf4f321fdeff1f7
efddbd16fd30f820
03dff72d0ff50616
1ceef32009dfdf03
0a1ded03f3efeef5
ecf601cb07b0db17
e5ccffd30d1409fc
180118fbd3e110f7
10ff2b491215431b
f41d0d05140e3cf5
1234003922fe26fd
200cea292f3df2d6
18eff5d1fadcfdc9
fcfd0cef01070705
12111adb36eb000e
12e3ed0cef1926d4
c91cfe2e280afc07
07e61b0506e6e20c
f72303ef1b5efe08
dfdff4d7ddee00ff
33032abce617d4d7
04daf8c3eefffa07
09b3e829190b0ad3
1edc05e8261203f1
012207f309ef11f5
3317fb0c221f32ea
e6f6f1dce0071008
03dae403ec130027
e3240b001fff0ae1
1ae9fff7e61a11e7
e4f40204f91f13ec
090702051f130c0e
e80902ea0c11fdef
08fdefefd4050a0b
d703e6f8c4eae12f
e2ffd5fa0320fe17
eaf82308f7e8d4f1
ddf90d0f29071614
241cf6f8e0baf0fc
dfe90cddfb011321
3d02fae8f907010e
da11f90105ddcc02
06faf20efa0bc407
17131beae1ea26dd
00e91f0ae1e81612
03150609e909df08
1115202e100ee905
b2f6f912ece90de8
00f0d0fee9e00d0d
08e931eafe1d0901
e7ea0beb0112d8ef
200b02ee27f7cb16
0dfa11e2100fe80e
f7fb09d904ff1bfc
f41411b40ae7f5e2
fb2015f40b1d1114
0319f3f615091eb0
fe0df3e616030306
140706e9d20311d3
0120fe4f07e90303
fd1af829f5dee7f1
4625ec2aedf7e516
0cf0f613240b20d9
0f342eecfb140d0d
20eff2fdc2f5f9eb
12ef092a17d3e6dc
fbdd11f907ece336
ea013404cbbffdf3
e829f00603dcf8fc
1de60bf7d6f8e90b
14f0deff000bef01
e31606fa1114f8f7
ef18f3d10c11f71f
e2ecd50e1afe0902
e90a05210a0512f3
1b031003edc9f2f9
fa2dee2d361fe40b
e0ffed1b24f307f5
09fa10cf1d120e0c
2812cdf5eefcfc11
f0c7e22312ed1008
27f1e8e90b39ec28
e81bb2e50603dd04
1115d2edd9e10d0f
01f3eb09ee27ece3
251616daeed6cf1c
e80cfdd8250f1af2
f60400f8e1f1ea09
da0df4281a1d160d
fc150cf5dfe5172f
f40e0becfbcaf904
0902040cfcd9121c
17390df5522a0ef7
28eaeefce1e6f8fe
dbf002080f1d0ddd
f91005f6efd6eb0d
d7f00b10f30b1ee2
ee14dbe7e7f106da
fcef00fef701fbda
0ff2f80cd9ead1d8
fd1e080a071523f7
17071502ceeb2d17
e626e72c06eed60d
08eec10312060d06
eee5f230291ac8f7
16f1ed29000a01e6
0421260f17030bb3
06ef0b2a1c200af2
02f611091e24eb0a
1204ea1804dc1827
e4f9f91408e21708
e348fa250ee2fe21
151fe62fc9f90707
15f5fa241223e30f
e20af3fded350a09
bf2cde0f14efe5da
f3ffeb1f1ee2d4fb
feca010eeff0f41a
12e114ea050705b4
0df90bf91613091a
0d041e04ff140a1b
0b2712fe14e01365
031ab5efd5e0e0f9
2e130d10f618e36c
0ee9072d1f05ed2c
13082e2d0e0027a8
fbf6d419e9fd0df2
eaf2fb09dc3de3d2
f6fe02f1f0eaf415
12f10d01f1c6e8cf
e23d0431f7ff0868
f81224e4f00b0f38
2d09041ce33e29f4
e00be4cf0cfaf006
ec08e7f8fc12f2f1
d04103e10bf3d5f7
1129ed03f71f1140
f824efc7f6e4023b
01def7f22de7fde9
ccd60d0efb151cfc
dfeaf20c13f90105
f6faf9f0f2ecdff3
e5d3053d122a27f9
38131b1e141528d4
05faeaeb16ef1438
08d4e7ffe7dde0ee
f9f6f5dceb04f7f0
310b1e37eff7c7e1
f9fc02e2fc110edb
0500020bf514f5c0
2232231401e7fbd5
dce211ef1c2cf23d
011b0c0b00040f08
fe09f71efb001f4a
110903e811ede8dc
0e2033050cdbfaf5
e4f7ebfdfddc09db
3bf410f71c0222d8
0c02e8bbe0fe280d
e90be7fbf90af014
1fdcdfe42df0ccf3
f20b0cf328fcfcf3
e81f0ce108f3e1b3
fff1f7ef0de3d2a6
edf1f9b405ed13fd
062d28fb32001515
0f1309fe0aeef819
14f6cfe7fb0e0ce9
0d151f032813c617
1ff40f2c01f11b06
10d705e9dee7e8fd
0cf7e3edcd1aff21
0a17f7e10009ecd1
1c05fd1cf103e70d
05170df50ffb0005
e5c5f3cd2bf116f5
1908ff05e8e5eee6
d515d408dfddec2d
dfd30c06e3f30d2b
f30d192bf5f50b1c
edc9e5e8c5e9c6f8
000ef80901dc2643
d6d7eff4040dfaae
0cbc112816fc039c
ee011aebea2ff2c8
ede6e1f8e5e60ec8
da1703d605d9cbef
2600fc0e1e103313
f024140a07e1f1df
2debebf444fbea3a
e70fe0491d15fe20
0ae30cde043c054f
06fe1cbaf6e4c5f3
0129ee0722000b20
faf5e5fd0bee21e2
1bf61309f20d0c40
ebe8f1ee01090e1c
091107000bf035fe
eeffeffaf4ff01f8
f5d7d3f408130ca6
03fb21d614e7fa4c
170ced330efe010c
06eff80ce20003cc
f716e70d08e1ebec
082211f9e6eff031
d913170efec7f4b8
0122f2c5eff800ef
f4faf700061f0bf7
0827ffedfdf507f2
f6f6f6dee52d2709
250032f601c7209a
06f1d3e0e8f8ffc1
09eb17f102e203e7
f8bfea190205f90b
f6f1d6fdef1ef6ed
f61b1728eb09ff45
181b090613d12914
d7141a1be4120900
0ef113c1f3f4fedb
1206f4e6f0e1dcfc
e72618060bf8e8e2
efecf822d4f5fa26
0e0f261f36341628
080e0b09f8090cfb
0011f20733ea05e8
f7fbe7f808d5090f
0dfde0e70144180e
3efc21fb1602f629
0f02fe26fe193610
1819d8fef9f3cffb
343306f6023ded0b
dec5f2e217f6e20c
0c29011215fd1e24
dd50d1fdeef4e322
21e711e01ffee12d
0b160126192b10f3
edc613fb06f0fe27
cfcd48fcf71e23f0
f2f60bf409f91923
33f20205dfe9f729
ff190821fc0f0306
0a0f1efc00f700fb
e807f10a1920db1b
e8ebe8ef12def3eb
ec2232efd30af5f2
060dd6e1dfd0100b
0115dc1d09ee0126
0bea114236c3e101
110605eff2f2162f
fd1d30af01fd1116
e9e2300209251eab
240d1aeefa31f80d
000104f8c61cea0f
f419ed06f012df02
01173cfabd13f732
f2f8d930ef07f6ff
10e9f8fd11e5deed
1fdcefdffde0e9f4
06f909ed0f160420
06f515ecece02228
fd121b4906e7091d
f01c0f063a06f206
f4130cddeaffea12
d7fbd636e5c82cf1
09220e490d2a0cdc
cc24fe121a0ad4fc
05ec0401fc2cd9d6
2210061e2518311a
f9d708151d28f2d3
0feaeffaf803fbef
fff4f40ff40325c9
1be203f7e7fd1d03
1aef16170b2cf305
2f3710edcc1703ef
1dec0602f1df0f15
c8f8eff808e6fe0d
e5ffc608e00420ea
f31a09f2ea1408e0
11f701d0c00af21b
13fd15dc1f39e3ef
080bedf5ef090aee
03140708210ee02f
f4e7e8f2f7f6fbe4
f80e2812ef0bfb20
f9e91eed1d1be5f0
e11b1d30151129fb
ca2d0d1001e120d0
1506fafe1a10fefe
ebfae2bdff15d8d0
1532da11f8dce5f2
01fdd90b02f7ed11
100df90ce915050a
02ccde0b0b0102e2
e90e0eed02ffccee
22e6e7ff01cae6fe
f7fe04d1fbe7e1e0
f7da060b19f05705
f829cd0ac9fd0af9
1ddff80e1cf80122
0bef12f414dbf1fd
fb0ef30a57d61de3
1afd4e03024f11f5
29f61e220315ffe1
2b02cb1f1feee513
f009d9130d10c01c
0602f8e513fee914
07f52fd30e1cbdfe
02fd12fdfa0901f5
371617ddc8faf4fd
ee0d0dea0afafd22
f6dce503e00706c3
380ce4ecdb0c0cea
f31df90d03f0fdf1
03e9dc06d6461dee
12d8e1da3defcd01
12fbf7ff1ff3192e
fcceecf003e8d0e2
07fd1304f21adbe2
1300fa081d1bf417
1f08161605003ae7
f02ba2e2e7cce810
060212f90c0803f2
e7e6eed0f1ddc3ea
02fd1ffbdc0d1111
e6020200fad8fff7
e615e8f5001020e4
0afafc0bf9f805ec
e802e7ebf4f5eff7
08fbe4f5eb2f0a2a
392406051607252d
06fe1ef3ec1c150b
0303fb161dc8f603
080203f601f82f0b
240e0ed7d2d218e9
0dd0e3ee10f03602
08eaf31937e436f9
e2ff0b261025ddf8
fad4f7edeb1920e7
f7a1f21010c91506
de13141ae2fddedc
20e91d003408d305
f90dfa04cf0a1120
14f20acacee80401
02f3f5fc28ef1916
d90c191ce123f10f
d8ee0df3261609f2
d407f932f113b6f2
fa12fd1b10ecf203
1d0be61c0625fef6
43fd0f171bf30805
fd1627f10dfd060d
01fde9e922f1fc0f
f44310d6c3fc21f5
24f8dd2706d41414
080201e3ea221afc
040ff8b313f7db1b
10fffce4240804fe
daf0f60c21fe0337
effd02eafa17330d
11f3f1f6ce0d0bd5
f736e8170fc2eb00
14fae134fdf12016
0f2731d5f3eae701
03ed11f419130e21
05f83227f4f914d3
23e5173a032d3302
04c522fe3e1c0402
06080c1b16e3cafb
f1e703e1f3fefb0d
16030d03d8f8e417
e90a02f61009e302
c7cd010a01f72234
0d15fb03f4e7bb0f
0110f6fcf0defa36
f0e217ff00f8d31f
03dd120f1710df20
fcf4e3fc17fe1b17
261603f001e5edf4
f8120de11bfc02ed
23031ce5eaf9f111
0f0f30f30613e0ed
f303fff30cceebeb
0c12dd02f506fd0e
c5fd0f1b0ac803ff
fbe0f4fafeee0c1a
bf2816f7f3addee8
090ae00d010dcbe3
31fcef041bf1db08
f6fe0efcf6f2d529
f2eb14020bcccd17
d5100ded131b10e8
eb3d2eef181115fa
2012ebecf20d16e5
f7eb1c2227101105
1ed1d115e81eef00
2123d9262e0716f6
ed030defd70ce811
f403e0f210fef5f8
15f1e01004f9091e
d92112fa1711fc02
190f0b080f023706
07d9d7fa20e116fa
e908e1ef1ced1816
d2f7f5e9f8d919f9
e505c90100f7f711
d721f8ffdecb18f2
fe1b2604d20101ef
2e0bfd13fb1628fc
0bf60d0f0c0a0a04
0b24e8e6eb1d1b08
d316fe011407effa
e40c0502d51d1cdc
fcee07f304e5ee04
e216f40506fde7ef
0fde090beb340e08
011018030e260010
0405f6d5e40be8f1
bc162a09e626ef1f
ecc8d00ad829dffc
f4fa1718edeefc00
0eebc7d2f4eb0305
15f71400f016b01f
05e50aebeff5fa1f
d6c90a0de734cbc8
e60101d427e920f7
fe171be8190f0034
0417f4edd90b0a0a
ecd622df1d1d21f6
fffd01e7111f0009
1e331423e31e1f01
373324fa081d10f3
1618ff0b20f714ee
e2050a18e6071b04
042903dffd0cd7d0
30b72a0f1d0bd50e
210c28fc1b19edff
f0f3ff07fc03ff0a
2803ee160ae515fd
d416eaea1a1802db
ea131d040805030b
e2e901271714f8f6
0b15eb14fb041cda
cf1da9dbf608e4e4
04eaef0d25e80d04
f3cf0716ccede207
0ef6f2c0e1f1300b
1d061609071232fb
132306f341df0354
d7e7fbe713f40b0c
200f1c04ff0f0ce3
081d0bed0230f8d8
31200bdf17f8f7f9
ebe60ce9000434cd
16eafbe0f034150a
0bf3ff04faf9edff
fada08df13ee2eed
283de2f0070a1402
11ff0b2210dcebf7
06f8261aea0e13f3
fdef1306ce0be2de
1816fc18f803ffeb
0ce80b0f34e811f7
0825f4bcf40908dc
02ed18ebe826f9e9
0ae8fb08e808150b
000ee913e5e50eda
d9eacbfb170b180f
fff01903c8f31108
11020ae00d0af7ea
f701291e1707c91f
b5f5ec120fee18fc
03f5f1f8e4ff1c17
26fafa3a02404127
e2f2e138d41dfe3e
07aff9f5e3feedc9
312a05e9da2efbeb
1be9052801013602
21fad2e10ce4eb0e
11121820081cf9fe
f4ce0af4f4061432
f52ddde6c80c16c1
031515df11134be3
f90d0123d82508da
191afce30de30207
060b26fb0cf20713
0619120b1431f610
f0f5290cf103131a
0af30b0adff3fb21
0eeaf5f1f9fedb03
e22ce1fcdd15ffee
27ee030437ee1e00
f00ff0071af0190a
48fbeb1912d50a25
14e61bdc1c1cf212
fb1afa0d07190506
f71dcaf90ada1be2
f31fff14170c0c19
fb1b0d1de60816f4
052b0c0c0d0beae5
1103fb1be406ede6
0cdffee508e5f304
ecdefdc8f9fc0518
f7f51c10f108f5fb
3014e3e0f1fa09f1
f1100c010aff12f2
0df000360c452326
fdd62a2beea318e1
1403fd0a04fcfaf6
0c23de250f21e605
f4ed06f9121306d7
c2eed2fb2f16def4
fb2409101df0f2cd
dfedf4e3131bfaf8
fb16fbdaf6eef5f5
dd1ddf2809f9f9ec
011a00efece403f6
2418f9f2fa1eff05
1d03292400e40fd7
f030f503eceff3ce
f42912ddcac63507
f50bfaf7f8f7ef40
d405e114e7f118fc
f1d6f8e92b1cf81c
0af1fdc306e5fd32
f30e08cde2ecf4dd
06f5f2ff01fae4f9
0d0005162bfa253e
090e09f4f10406dd
d90bfc1a1e160130
0ad3e30a16010af5
2ee4e5f80e0bdd16
f400250ab9fb28e9
f3e50515d6d5fffb
1e040d0d111af3a1
c2f805e402f22009
27f8e8fafed92202
18e9dc0eff10ee03
0f3f020629df261c
061d0fefc2c82ede
311f351de321d8d4
f502faefedf115d7
0837fef2f8f51edc
f9d0f9f5fce6f121
1e1802f8f5f5f605
fcffecda0ce2dc05
3127080c09df00e6
ffd2f82aef04e71b
09ffdef10fce05f0
f2eb160cbef41bff
dddeffffe6e0dbc9
15f3d0fef602db05
e2f325bdd01717c7
180c0615f8060109
0cfced2c18f52ff2
f002eb0ae4f30aef
c436e30fff2c0c1d
feff13fb9e131a1a
0ae5fef30d1243f1
e301fcff21e6040a
0d2ffbf2e315cd2e
1d180b1bf01a20fb
0914d1e9300e112c
00e10709fbf5e811
320a0d3a10000c17
f0fe082024e5e5e4
f2f40d121b15e50a
d1cdfefdcff5e1f5
04e001f1e2f40605
00f0ccff12032af2
ea101201f504ece8
f403f6f9e9cc0618
0e4b39f71813f2f7
eecbeb11fe060704
fcfe372035fee324
07ebfe17e3043700
16e305261301f119
09e815fcc7db190e
ca040a12390700d5
efeeeff4d520f7db
e60821ef052e220a
18f2dc16fc0ee7fe
ee0a1215f0fa0326
1c0bfbecefdc03f2
f1f5c703fc0100d1
1edb0bf122da0df8
15fc0ed8f7fdec13
02f6e3fdfd4142e9
fe12dcfef30ce910
e1131c39e8fb0c2d
01efe31112e33fec
07361d20fbfbecf9
0c3116feffecee2e
f90fdc01230923c6
0e0deded0518ff0a
3f0bfbebe8f3d7c7
e7d6f714e20af225
1dee0ff6eefcdef1
e517fb0d1c28d70d
d60c0c00fcfa00d6
070ffa101ff70016
eaefe3012916e91a
2ad358090c24fb21
f4d1170907dff720
e5cfd5ebe619e71c
23f2eff033f9d407
d70a2cdef302fc55
e70f10f1080c0323
e4f8e22af923ff24
fa03152329c3f6c8
1b28fa071924ed1a
d6301208c618c807
ffce08fd31f8ec0c
f5e2f9e62c10193f
04312cf3e500f5f1
20f85103dc0f01e6
26fdf9e2e8f1fc06
f8f4e1f511e31524
0f11f4e91df51030
0ab9cd1302fafe10
1c213d07122af6c8
34e624e90409f5f3
03f622221cf3ff1c
0508e127f1030bf9
faeceddcfd03ff0a
0cf4c4e225fdfb18
24fa06fe0fd70013
02ecff09fd071ced
39f7184a00f9cadb
dddcc5ea09ebee02
f7e1c1f10ae204e1
1cea13fb090f22f0
0717e90026fbe5fd
0e0c28f514f9160f
f6eb020d1bc00600
eefcece9090bf8c3
1d1af20bef1f0527
21eeeeb4f5131a1b
ea12ff2ef80cfbfb
f8022fe0040cfee6
ed0de619f200fee1
f7e1ebc9ec0c0cd6
f9e80cd9d0e91af0
e3ef271c1b05ea03
b8de0016d4bded20
f7171610e4ec0d19
fafd02e90be40e00
fff6defae9faf0ff
d8f8e71f0f2e19f7
210801d206ebf404
e7f11c14fadf18e4
f10ffb1fe0e619f3
23f6f124db31e32e
14ed08f6362b0ce5
df070be608fe01fd
17ec0112e8f5de12
e0f7ec22f12d140b
183308fef60dff0b
f9161af7f2daeb15
fb0408faf929f30b
fdf403f001f214ef
d9f0090c1be1c1f4
f50d1ddd0914e505
e5ef1df2ebf71e30
14ff330236e3e41a
f30bda0602e72a18
211ef2211428cafe
e10b25fce1000514
faeb07e4000ffd01
ed14edefe2000bf2
f9092d17011fe7e3
e1f4220903e8ee0e
06ffeafafcfd120a
ffe9d01807fdf6f6
0d2313231af10904
ec0f0f1f191504ef
25fbe322fc0ff4f5
f70e00d4f2030310
070104f8f74737cd
25cbf0391bfa07e1
f4f01bd718e6fdf4
2313c2ef0d0508f7
0811d9f5f91821c6
d50e121fff210de3
fb181731f618f2e0
0b3614ee09fd26f4
e92df5bcf74018f5
fafeff1105fd1125
140defdc20e804eb
06ebf7f7e42ffe04
f5e5f3e9ddf00def
00f01ee8f10a18e3
220523da0b15fb2c
1819140b24e8f428
19ff23fb1ffc030f
0f10f51215fd0b22
08c7e51405fee428
fc28de09fb1029ea
f70ef806dd0511f8
ffe9ec0427e309dc
ea05041306e93608
11fbeefd02fd1115
e8f222010cf6ff01
fa2d03fbe91fdddb
06150722032307fc
1deaef1c1a02d0c4
06f30beff81c100e
f73eff02ffcc14fc
dcfc1313ecfafb06
b2fffbdfdf0cfc2e
03ea09fb27eb22fd
0c0205fd06e7fd07
ea02f3effdfafb10
040d1f17f507daf8
03e6f7c5eb03e0dc
e32c070dcd1f17f2
00ffd4f605e2ff07
c904e90b0c3430e0
c9ff01e6cff7160e
0813ef1d130bf8e1
f8d82a2f15f4f4d9
f4220b2be542f3f8
071d441d2917d4ff
fc10dbedc2edeb06
ffe80bee2708d0ff
0de605d1271408f9
29fce4e504d6dae8
1513f600dee6eb27
27fee6c7e6fbfdf0
f20f2810141c162e
16030a101104e61e
ece5efd227fdfbec
e506e1fb00f107fa
fdfc11180226f13e
180d1506f8e0f5e5
20f4020506e4fcf6
1b1c18edf5ece012
0d1ff1f7d606ff0e
0a2dd909e3e504e7
fffff41dfee6edf4
1a07160bfbd804f8
0ff4fe0f12000f1a
022e0af9ff1a44f5
1a070613f73c0ee5
1afaeb2efffc03f3
00e0fb0f06e004e9
f4ce153ef324eb13
e5132c0af80305e3
ee06e123fb210419
f8f621e0fcda05fe
1bffd5f9f40df3e0
1bf0f0d5030d1606
f40dead81015f90a
dc05f214052f0f02
d022f636f8f61bef
dff01df61332e317
0202cff605eb1e16
efcef1f105e345ed
d9d10ef3f0c529e3
03f009d612e1f001
39151fe0f8071ee5
fcfde828141927e2
0af51a05e9f5d517
ea04e90bfff3f4f4
1b02dd1a43f511eb
bf07cd04190fea0f
23dc0203ee0ffdf9
19c8d1e30fe61714
fdfeed1d09d6d3f3
1d0d0e1ed731de04
d80914bafb0bdafc
f0f204e2fa15ecdb
31e51bf0f3f004d7
160a1f311a121dd4
320afcf20cdde0ed
d5efdee1f314fe0b
e7d902f1e91009fc
2e09080d2ffb3af9
f920fd0b292bfcfb
29f10ff90edbf700
f8f6004e100b18e9
f90d0215f60bf9e5
d8e902eafb07010b
24f301312ef511ed
ebf222c1fc1d1906
0a15f9f6020fde26
f6fcee0bee0f25f0
f7eff2e2edf301ea
b6f9fccffaf8e7e3
e3f425040cf6c120
cef1f10b24340012
dcefee111a2718f0
e3db11012c042817
021df6f6f40f0c1a
f5191cfe3ae601fc
fef432ccf20614f6
01e6fddf25222524
ebe100f4d7edf4e3
00060b0b1f0fd7e3
01f7222bf4d00023
0212f1fef602020e
0504e5c8d7fbce22
361305df12c5f008
111900f8eeebeffb
ee25f3e3ebab0ee2
e4202404defbfd0e
e2e7befe0716f10a
14dfdafad111160c
d5eceff51de409fa
d0ef1814fe142316
1bef01e431fa150f
feeaf8f1f2f9ffed
1f0718fa1a010a16
0d34e1370d0bf2f9
0711e0e5d903f1f2
41401cf413e7e90b
031321f501e7ca0c
0f3ff925170005d9
1a0ce82036052652
120e051eebc2f6f5
f00d0a2bf9031d07
01e7002c1a072e30
ffd907350d24061b
0215fe1ee5e304e8
e7df01df0804ff01
08ff190cdb1800f4
f4fe001405b5e4d2
db18c4e3faf6f0eb
0f14210f0609ffef
0405f10e05ed01fd
393e0410f7192ae6
e5e4e610f0f03010
34f33b3329fc003b
0810d5f8c8e9fb2a
0312e5012c3118db
eed0d7f80409020c
04f90317c336f9f3
fdea09ead717dd12
0c140c1307e80afa
ff10ef060af70a02
0af7070001ebdbda
f5e42df2251a1424
eae9ddf4e119eeca
03fbff4cc105fa0d
0c22e2cce30d05e7
08d7311df124f331
012f0d2ef9111b08
fc0b08f0f2e6f83b
27052ab9d2ed1206
0aefd4dce5310b1b
fe071f120abdf8f6
f6fc0fe202fce308
17fbfeea10e8e3e7
d0edfaf8e3e602e5
04f51501d8f6f1fb
c409fbf4000319f0
1afff4fd04fcedfc
e8240024f3ecebef
ff0a140e25020d04
2c1510d8f1f602ef
0a2703e01a19ef17
f726fdf9f60be90f
17e5ce0a10d0000a
03160c32fef3390a
38110bf80606fd13
e9e403fb0bf43d01
352912fce93c0812
f4e6fcef0d0df10b
351319edf906f2e9
110507e010f6e409
e23f00d40f1ffc03
10f10af9f513e30d
d511e8e40a0f18ed
222006f21ff430e8
ce0deaf6110fed15
10fc1e0ff3e8fcf5
151409fe110efa0d
160d2535e3e9e9e3
e2041d06170a42dc
04fb010808f2dafd
0c024b1b01f9f8e8
011ff802eb07ff07
09031507fd12f40c
40da4bd10bf8f8f6
eafdd500d3f11d0d
cd11efc7e203cf00
0fccd7140b0aeff0
24f6da1f0000ef26
0013261dd1ddf5e8
f1020a1416f6f709
ea0bcfeeee11fded
eb0106feecde0309
d722e715df01fcfa
09031311f902f10b
04cb2520e91d0701
161114010216dee4
15cd01c2170ffd2e
ca02e6e90efa09f5
f4282accead4eed1
0cf44d0111eeef1d
ddca3d06f4fb09e9
f914eeefd20a2204
e21bfdc5f2fe09f1
f4fa1a04f8f4dbf0
2e02f11bf22801e5
39e703320b170ff3
051336f6f3f416f4
00fc1fefe3f5edfe
e0fbdf2c1008e4ff
e2c8e603f5d407f3
00f8f40600edefec
19ef14ccfb14f500
23020b08fd3100e2
0108032306fe0c3e
f5f9effdfaf31904
1703111016e71efe
f9ffda06fdfdeffb
15d8fac211e315f9
1ee8f1ea04fde028
fa05c62a042d09e6
1beafac7def61706
f9f81326e60a01f9
e9020be20311ea13
f0eec70cea14d20a
ec08f1013c38f7f9
ec0ce5e91209ebfc
240e14e51bf2e6ec
cc35dbc5f20f0acb
0f0132180af80608
e112e112fae2f404
2a480b350af1e910
1505ffda22fff719
1bfcedfcecf71d21
eefef112f1232ed1
06cffa2319fef3d2
12d509dfde182221
07fabdf00df903cc
30f40ee9191df706
f0fc1c26f6fcd708
fde6f90e0efcf9fb
0b1ff0c4fbf51bfa
05e9ede4321c02e8
0bee0b33f0f4c928
18f2f02afe191201
212a170e23000bfc
1a03e01fed2709e7
f4e8fbf91f5108e0
c4e3e8f137f705d4
2b0ef5f824e50125
daf1cee0e0e1ffe0
eafc20eee2182719
db00bed602f40ff2
d622d6f50cf33af8
1306041ad613fafb
01deeaf2f7031205
d7ccf4d5f3130eff
0af2281801fc2609
0f0306f0e11e1205
fc0f09194b04124a
e5c6f708d72e0e1b
3a04f1dffae53b38
e2e8e903f513f721
dc20081feae6fb03
d7eeed0eda100cda
2d04083718e706ee
f72b06d310e4f21d
ee12f704181d1811
fbe50ce3ef0307f2
0b15f91801042c0a
0ff0f610f1faf92b
1319f1fdffffec26
0a03e0201d4bda2a
0d15301620ecfc03
1020350e2df8150d
ddfceb35fd14f811
0a000f01101606e4
05224a1f040c0615
29ff122af738f10f
1ff5edc604f4ecfe
e6232cd3f82e14cd
ee17a8bddffb111b
03eef60000f0ff19
03dac0d3b6abf428
e9fedcdbf7eb13de
e52de51109140922
0ef51d27edd82f05
24fef5d110f51d1a
140f14f121ef0310
d108332ae6d1d101
4af7190d0302de0c
fce0f2ba070e0b12
0ee4060b04ed04d5
ed43daefef230d37
e4de170b25efe725
260a28f802081c1c
12fb04f5eae70901
ee17f0e3f51006f8
06210a04031ceb02
1a1325fb1b222504
fb14eed2f61212f5
edd0d4e8cc06080a
af0f261dfaf31c12
07f5291115ff2612
c52d090cdeeafae1
17f4fe020a18070b
18fde10d34dcf9f3
ebcef9d112d2d61f
dfff03eb1eef0824
23df13d819ecfff7
3b04e91203ebc6b7
f7190d1b03eb070c
eef41600270e09ee
3f09d0fbd4d903fd
0b06e20aecec0e10
0bde11ddf3c504ed
d0eb00f8e70ae2e2
f61109fbf33217cc
160c1bfa27e8dcdd
da11252e17ffd7f4
fa16f6dcf6f7e800
feeecd1913f61117
fc1c021ed2f206ef
f4cb0ffbca33071c
272cd5e658c8b029
ef0304d9ece8f8cc
07f6e806e10116f4
d925ba1320280206
bc0d01e9fc0901e5
000025c729f9e335
0ffdfcfbe91b0222
fa2ce316e8e619fa
f32102f7ea08e5eb
23193fd3dfeef300
0a076f10f418fbfe
ee2721f5f20df907
2d00f40322dcea15
11e9240b101304cc
efdbf5dad0e7fef2
e8f7ebeff11401e8
0b0c150b05f0000f
3ce7f31c04fe0f16
3323081e1bfdf90c
04eae71d06d2fbe0
fbf8ff2f0b2affcd
0717f906010ff7bc
f502c7fe39fa110d
dc0e2106defa02d9
e5e0f4d7ede800f5
fb11d5170a1314d5
e5ff0efbf50b1e0e
0af401e211090209
050c01e6eef50e0e
fb24060c1aeafc22
17150a16fbf023e6
fe011e0917072905
4bf6271c0327dd0c
e91a0b14f90cf8f7
e80dd101fb100aea
e2ffecf5d2f3042c
10eedb22f211f705
c303f2eaee0409e3
1c07071c4a030711
14d627ebfc05efce
fc0becf317fd0512
fedd03e0050bfb9c
1617e525f6fd0d0c
f913d9dd08dd120d
2e05fce61914fdff
2d130f0e1f06f107
06fc0efcffec07e7
2601f3f316fb30f8
09ebfbeee523150c
0df0e2181d21f722
1ffa3bfceefa34f7
e81a0c0ef9241f1d
dbeff8ed30f00bf6
070afcfb01f914ff
0403f017de25e8ef
ec210b1b032be3f7
e5d8c9e9f9f80fef
04f9c826f20334fe
eaf8fc0614f906f9
dc0eebe6fa1d0126
cde3230411eff8ad
350d0d0bd6f02117
24f4efe7e9f6f4f0
15d513bfee10ddf9
02f20a1427fe3004
f1f007331334fc40
eb13e3f7ed2c0032
e62cd7eefa330de3
05f301dc12e5c1fa
13260b2a02e1ad17
fcf2c00918fa1012
1508010cfd2306f7
fbf80306eef4f80c
f4f6e52ee90cf6e8
e2e200fd3012fcf1
030d063ff4daf9df
2511351902f10515
da0d00d3de0bef0c
fc0f060c2b070b0e
f5e80d22d31ddcdc
db1ddb0dea1b0def
12fee21af61ae92d
fe0308f1fd0bf7e3
01d60dcff123f716
fbda24fef0d60ded
f0f3f22004fc0422
ec06f9060119f8ed
fb09d9e7f8eff600
1502f3eb01f0fc03
131205e7eae6e8ee
1715010e04271602
f30b16f308ebf804
c1e501110d150beb
1f050207fcf5f7ec
f607f3eef425f5f3
f3f106e6e9edeb32
1adb28010a02f2f0
f9220d1712ffdef1
071d23cdeff2fdeb
15ee0309e2fd011a
1712010acc0af5f0
f6dd08f1f903141b
020d10f00bf41e2b
ff210818e90b1737
1ef6f2fe17e42221
04f0e308c6f8cb05
fceffc130923f715
090cf70effed131f
182ef33638f410e5
160bfe1329042c2b
1af5fd0af2e80c08
f31a2508fa1b2606
e50af70d1cf30d2d
e622180ff2091fe6
df290ff3ef1c0528
371d03e20efc13ed
f30d16e91021f42a
1ef7fbe3130613fc
ebffe80903dcee01
e803da0e13ecefef
00f7e40edae0c20c
e307ec05f9050f36
f4e6f7f408e8f417
e511e8fce6e6d6e6
0c02fc20141838eb
10ef03001fdeea24
0321e71d060be706
efdf05fc03cf0af9
d9080a3919262003
10dfe4fb18f904f9
0e19de2903fcf303
f3d3e70cfac7fd25
ef010d43251b201e
d805cfe81811f724
ffee0be4190bde0d
2323b813c0d5e026
f508fdfe08f9050e
1bec04213f16d3ef
e315fb0e0bef13e6
fde90d17cede162e
dad9faeaeb200d0a
07f5190d2c0d01d7
f1dee7e60df1e119
e4e600f1f6010503
041ce91703f91cfc
01f11b1024081b0e
fe3af900fee419eb
04fd291edcf42c10
eae343ea0e29310c
35e5f41734bdc512
09e7cbdf1714e7fc
12e528ddf3e60ffa
001e06111bd002fa
dd0aebffde07f2ec
0ceff106d71108f3
eb04171ef10d2610
ec2abafa1fddface
f713d403e2eafafe
d1fc1f14ed0412e9
f8022f18e5d922fa
ef032528cbd2f7f2
1910fc1d080dfc12
080f1e0619f8fe0b
33f7190ef90b3014
2be8e5fbc8e1f314
0ef72aecdf12f3cd
f313c803f62df7d2
f4131307cefbe8f6
c9d50029131af9ff
e0f4bfdaf9e5ed0d
29f61cf90c271ffb
f9060ff7e5fcfdf5
c115f0f1090feff8
151d260ff80406df
0f12e1e7210cd7d3
020f09d90f06edf5
e62d06f3212d12e9
dd0a0b3118f3f8eb
faecf4fceafe0de6
eef0ea12f33504fe
09fcf4cdd3e6f10c
18270907f7ec060b
01f22ceee20a3720
1bfe0530ea291201
1cdee4d1ec08ff0e
15fd1b18fbf0ed10
310eee02e9dae704
05e717ddd6efe30f
1b04dd2bf40fedfe
21f30c011a2c2920
f91101edf911ea05
134b0ee50901dfeb
082405eb191324e2
0afb0416e8e12a13
ce28dcfd210ffa9a
f6e51fdd12180f3c
0ddacc192306e30d
f2fd12ff1209f90d
cde01b2bf8fee30f
0c08eefeff0ae8f2
20d5c215fbf51302
e9e3161c09db110a
e8fa17f9c91416f2
cf0506fc19f0c9ec
f6090ef100100f06
10f70afc05f8d8f1
141ee9f81d16f310
f30d13eaebf008b3
2ece1d06fed1060b
1f0af01b1efced3c
0e0edee9e0faf2e6
ff17d80014080ae7
24bef8f7e6f101fd
e011f3ea97e9f50a
efd3f6efff0fe3fa
ebeff6daeae3f9ee
f3dad8130ff726ec
1a472510100e1007
f4100df8235afaff
f1f717eaeb03d807
0b00cf09a9e2e109
c22215e00f0604f5
ff04350cebee301b
ed12ceeae3f4d7d6
f30bdadc3d0303fc
fd03ea2d00efeffd
f5dae10322aa15f9
08e21c130b0af717
f904cdfb0e022707
f9f02a00afce1a07
fc121c1aefff0b1a
0f033816122508e0
0225ef33fb271dff
01e2e2d0f9fbeccb
effef5f8081eea19
0411ec16271516f7
16e42022ffe01914
fe0c22faf31f0ffa
0d07e8efecf2d72c
342d1125252016f4
1918010626f820f7
fc20240be90b2ef2
eef1e5cfffe1efe4
f217fb4020160eee
22f80de50ff5f3ef
183cdd0a1815f20b
06bbf8011411ea21
d3dc041ee6dd21f7
ffe7d6fd02d10cf8
0bc6f807d9f70bfd
0b02fa4ad3eaf517
edd5f504093334fe
12041800f3d002fd
020ac421131003e8
10e207b230d91e15
fc1e070d01f6f418
f1f42ed72a36d315
f606ffdef004140b
19edf4fe08fff804
00e6fad90f07e90a
1128f8fa08122329
e910e204fdfbfaef
fc03d01b132630e8
26111eeb2efe25fb
0cebe5ddf51008f5
d3d7faf2f314e627
01fd00170f01120c
0d1410ccf92b13fa
0300fb15e31bfee4
0aed143adaef29fb
071f2717ffece7ed
fcf618f3f807de1e
f22139f02d240fec
fa150309f8ec11dd
180ef6e9e3001efd
0e00ed01f6ffe902
06feecf2ec1ae013
f80bdef0faf915f9
190bf906d0ced621
d608170815df0009
d6f31d02170107e0
1af0020a0f19ef55
0312ff1614ec0af8
f518e51620130701
bf0c0c0b10e126d3
2ef10f18fd06090e
e7e1e6eaf30905d4
fc21de120b072510
2cdb1fee091e0426
f8f9f2eb091feef9
f9040cf40c0df715
ed19ecf5ebf2fc05
fdfddced18e4eaff
f0f217e0d3c9fd10
00f904fde8ee01ef
14e7f7ee04fafef7
f1dbfb331be4fb00
f0e1e8e90509f5d6
35f91b00031711ff
f0ebd8eacddbe1f6
03ed2e16b0d30824
1a000ae20e2bf412
f0fd0f0fe901ffda
ebf9ed0de2c50004
22f8f526f1f8f9de
0ffafeecc9314cec
f5e8d911edd7ec1e
f3f6ea0317f9dbe3
f7fbf010e91a06d7
31131b2d161f3714
00f5f803f206ee20
19110cfe2af72c13
00fc00e4f401fa07
df14010925fdc6e9
02ffdfeffc1601e8
bcebdc1ed0eff5eb
10f2f807dffcfa04
d119011717f925f9
f5020201e91723d5
ec3b244a26f2f91f
1ff8fdf3f7ed1517
030511e2541b0e19
d70df0f8f60bf9f7
ef0115e018d3b7e9
0c0700000afce6d5
281122f6ea001d48
250df1ed1703faec
07192218f9e4f501
0612f10315fef60b
f62ef6e4d4d51207
0e0cfd19e5e2d30d
ebb5000f01eb12e5
e50316f5d92f0df3
cf1a131b07dbf1ea
0424f6160727f613
d6d5fb18f809f4e1
f4fcf304dcf9e61f
0d1717f8f4efe412
fdf10cc72021ec05
1133f1d9def5ed1d
c2f6efff0c0208fd
f3fb06f8fc141c26
00e712fafb28e710
10fee9f5f614e7f9
d9f308d3191cdc04
ec1a140cfdf1dc0a
290a29230218021f
07f20bf03106fa1e
ebda01f704ede5ea
0bfce3ffebf6001d
eb1910270441094d
05041307fceb3607
01ece60c1b000bfb
0b0c0bf91f16fa00
fdfe02e414021cd6
1b0cd52310fc02f6
2bc8e0d2f0fae508
d9fcf5372d14f4fb
fcf10e040af506ff
f4e4cb12e52b013d
2aeffee61f102018
e9d9ff23e0e9ecc9
130a05f3dab81ed5
f71be13a21d2dc06
0bf5e5190a1b1ede
ea1b141b221500f0
1a01ff17ff25fcec
143df310c600091c
f4331ce70ef30ff3
fdf5caf6fe18edf3
e60a0bc8f9fbf02e
2105152c160ae5e7
0b16f5341af927f9
03ba0830ff0bfde5
bbfb01ddee261103
06c7ebd8062c05d3
1ba9fd0b05020ae0
4b07dc1708f40f2c
f3d90d180bf900d9
c51ef7f707e9e01a
d81a0318e52210f8
fb07272b23f3f812
04182012f7e10fd0
f2ee0b1728190a00
e00232fb22fef8f0
f5b9040315d5ecf2
ddf8e32cf1b4ebe0
0ef91b09fcd7fa09
15030ad7f3e01213
f710cdcee017e9e6
310a0a14e6f80aee
09eff1080f081dbf
cd03e8f90eefe9f9
17f20517010126e3
0e15f1e62b1f011e
060df104e62dd7f6
06f3daf5f6f4eefa
26e90b15f3eb07ee
04e6e9fed3150fee
f9f303080cf8fde5
2afc2c1a170417fe
c4e9ff16ef130700
f71bff1a1df80528
a9f82f03ddeed9ee
001fe6f942061436
c8dd04fa16f6ef12
ebe4da0ff8e90cf1
e9c9491d07fe16f8
1be708dd0c13e81d
252c071d151c1aed
ec180801ed1717f7
0642fd0c37e5e3e1
d8f3f0fbf7fcf108
f400eef91314e60b
06fae5ee0d0bf0f5
f923fdd21df1200d
0209d4c701fc2305
0613f51b140c0817
0d0215caf8e8f3f5
0d08040bf0ed1bf0
ec0af233f305130a
f5c1f1eefc053218
f411f0ebe6e8f105
0ad525f2df1110ce
231aff02d2fadb01
34f6fc1c01f2f0e8
10f650fdf7e6db0f
f1f00011173720f4
d8f4e5e205f419e2
c9f5ebe6dfdbbd1b
29e3f31b20f21601
ebf8dce51af3013f
1d31012819edf8d9
0af7e8f8e0ecc9e5
01f5fdf81d04fffe
20e501fe35101efd
efef18f8cfe7f715
feef2807f3f040f4
0512f820d4f833f3
1af22a01e01c2503
07f03106fefdf8dc
f4fffcf808f929f8
0cf31713181bfb0e
f8fe0fcd13210d1e
0abbe70611e3f0f7
f10fed12ededf313
f91cf4e3baedeff5
1450151532fe0e02
30f21b0a0711f21f
0d0a34100d1001f0
e2fbdddb151ee1ea
0cd2fe210012dffa
0713fcebeef1d326
cd2afbffe02a0126
ec2cf30cd6c5ea02
0a0500f4e9eb1dfc
0c080719e5fa0700
f4df0403f106d202
f1ddd9f6284311ec
07df2e1803f4e723
fa2ef6dfec11ea27
15fbdeed01db0b2d
f22010cefef6ee16
effc1ee900eeebf7
0cece0d622ef0b05
2b24df08defbf308
fe1fe3e406d1ebf5
f31be9eaf9d61b23
d5f3f9cbe0c1fadc
0c1702e3e9f0fef0
f2ecfa100bebf8f6
08effbcfebfb13ed
00f9090ce9f7f122
e71613e32a3de5ee
441c17f805fb0517
e6012b02f0fdf5e3
0704fdbafbfd0a0e
0820d6f51329f41b
11e0f92a11f102e1
09d500f8f7ea27dc
140032fc29242a14
08ebeb0c23f7e01a
07f509e51712eef6
2d301009fb13ff09
0012eb180abe2019
e30112e9f3e7fef8
1803080a13ef2306
da20020dfd19d914
ca2a1802e0f9eef7
10100c3de5d9f31d
330121f60b2b0218
1c16ff1d041cf701
f3f0fa0fd10af6d3
cd34f01827050626
19080b18e71bf2f6
f7292dfd1b29fdec
fd2027ff0c0e3df0
e5122ee6f921f100
f9deff10f9e32d05
fee51efa3bf81bff
f1f021ed12f0ff10
04f6df15d60c00fd
fef50ff3f5b40df8
03e10f1b1918f71c
0b15e5d9e8020dfb
e30313060aef0fee
0109fcfe011aecf1
41fc401bdd101e0e
d605f60716010fee
081cedfcdc03edd6
020efcdec50a10ec
f41eff24efff07e4
12fd31fe0cce27f6
e1e814eee9e408f9
0b08e9110601f1e1
e4e811f82406f60a
272307e6d2ec0c0a
f50e0ceaf7e5eefd
f427d226efebf1df
f50f10e6e6db11df
e111f60301f0ecf5
fffe0a190af7e90c
0412f51a14cafeeb
050e1d4ef732de05
26f008f4fd091001
f409dd0bd720edfb
dc0a1b06012422fc
f4070009fbfcf701
1f0feec7f80efe11
f01f1510f101fc1d
effa03192342ef09
0502200ee2e800e2
eb0bfc0c03edd81b
d7ebef18d6eee90d
0ed9c7f104f5d3dd
15efd6e2f51310fc
04c41dfd0e0112f6
f908050a07d41833
08fe0508100d17ff
1e17030106cdf20d
eaf4fdfc0ee0d2fa
16f3010bfdf70033
ce0b091a3fd9251e
f43103f534fe2500
f5e2b90208d7b1ef
02110efc21001216
201cc8eefafcdee6
0c201d1407174c01
e61a0ae5e703e808
20db0ed00e031724
12fae41121fde623
20dffa2cd60ef5e9
09e7ef0214fdfdf6
cde901e003b6f3f8
f2d51e5e0f0014f2
fed002ecfa172b27
e6d0f409e1fa1005
0304cb1f1eb1ea13
0208e20a31cb09fb
02f01631150b2ef4
f71715022710f4fa
0317dd200900f515
0520d9020cd7ebf2
db1718f72e041723
ea1d2feef9ea0113
1233feee0d001500
0e1c01f6e105e21a
f113fa11f81a1209
e30fff0cf7c6def5
1afdd3c3290be707
dffefc19faf14ee3
2fc6cfca10decd03
1ff50c0a02051c25
1df6110f0620e0fc
2ef4e2f7d0e7f811
150bf4f7073acef5
f804f33bf100f9fc
fe0624e4f8e01bf5
2df8dfe724e3f512
f9ea01daedfef30a
e2070a34023923ef
e50cec0cef09011d
0314c5dce6f2e2c1
33ebe0ff0ffecd02
03feef0709ddf9f6
1edc0405ef100cfa
0dd7dbe90b12e1f3
e305e9ecee1eea08
11dc234debec192b
c1e102fa13f711f0
0ddc0e04e109d5f9
19dcf028d803e0fe
09f4f80bee02e21f
10011e09fc1b1106
0513ee0c28ef0212
daedfa12dff2faf5
e739fb01f301f2f7
110c030fe3190714
10f7e0fff10b00ff
ea1a1cc30703fce4
d6c50afaf7e4f113
cf011733f01401f2
4204f8fcea12dee3
20e8fbc8ec12cc25
e7e2dde713fcff0b
1801fafcf7f919d8
0b16f4e2e6f2f9f2
18f6cbf3f6d4f0cc
f41d20ecec0917ee
0150d70807ef0c28
f4bb2fe1fb1201d4
fa15fe15e6f50138
e2fdce0ff2e0adf2
1444ecf1001df0f3
f9f812d5f917f90c
39000a19221e1525
fc02010efbff24f6
071137d3fb37e505
00e3e514d3fa0d10
f9f000faeb2b05ee
0ce6041001fe07fe
ed1217ff22fb17fc
04d430fbf7490af7
e50ce94605e5f22b
0ffd113afe151105
09dadcea0eaf1a0a
fb11f7ecdc24d8eb
18f2f817001d1c0d
dd1cfa090003ddfe
3109f721eef72e33
10f20f0e0c0109e4
d61918eee0d9fbe4
f9160523f3fce002
0bff0a261406f8f0
08150fef0ce6010f
f122f3fcd6e2cac4
dfffefe4260efffd
2910e40d212f1cdc
d81e14edc7e6cbfb
ef1adc37fa06212d
03ee13effa1ffd19
eedb08f7defbfe13
e8ff08d9e8fd0b05
fdeff2f6101e0506
16fbec0021430b13
e3fceedcfbf0def3
2e08eb02f5f910df
ef0f07df12cf05fd
030fcffbfb0f0805
1e2dfafff51d01f6
00d9010fe111fee2
e619fdf308eff0dd
fcda0c1503e4cd22
f2ca0d070ee50f0e
eafaeaff15f013f5
fa1e0b16000b01f2
f1ff1d0d3512f70f
d41ce41324231ee0
e9f4da1846cc1e3d
38f7f64904120deb
1611e43f0551ed1e
2211c708e925f604
05e3fccaecf205e9
2526fb15b8fc12f9
09f4290a163111f1
21f3ec00f2ec2cdf
f9fe00f9eff20ce2
01111715fe3de2ee
ec08dff1e5e01b0d
0ceeeede04eb0d10
c7eb0b161bfef2ca
0a140c06fb460213
ef17f8def9fc04ba
f815ea0815050cf7
00ea1af30c1fdd11
2023f40ee11a0c1a
023c2307100b1230
edfd210d220ed908
23fd19e913e110eb
f809f21c16bf200d
f7eaf1f3fcf1e1d2
effcd9fadebff4ef
162903eeddfb28d8
f028e9d703e2fd3a
f7d12706fa431b15
f10b1febe6eefaea
162f20efe9fb02f4
fae70ef0000a0ffd
17021b162807f706
e3cf00e524f703e2
14e812fdee170f0d
ec0fffd9f0fe150c
02ca0d2019f20913
16f90e14ff1648ee
dd0ce3f3fde5d5f5
e52f1bf3f7471c09
dedcf6fc0d010dee
091a2bf82002daee
35f201cde0ffe9f1
05d4fb0409f1f10c
e1fbf1dfff3101f2
fd36f7f42d04d631
00abd6c700beeced
041b1917020d0df9
2514ec26e20f4200
05480b2be211f3e9
f2ee15db0a2318ce
37fcd410f4e2e2dc
e0f70cfaf9cbebfb
e804d40906ef020b
15cd062e0004face
0ce7fffdf1fc03f6
1ce703e9f9ff0b06
e2d3150c13f5fa0c
30461b2ce7ee15e8
100bbcff06ef0d0b
03e5082521000124
22f917f815090220
120b1ce70ef91e02
0ee010f318b319ed
f229ec030f09f614
092bf31e4507fa0c
f1240a0902fb0c20
10caf111f910f21f
f022ecd6fe11e2f7
e5fe14e8bfd3dbfb
03e01b0bf9ea1af2
ee1e211d01e4dd01
d4e7fbed1adb01cb
f80b0ae9fafef818
23fd153023132017
1117f413ded5d802
f91f0fecf6f1d61f
0bdf2915eedec9e8
fad03d24191406e2
f6000dd5dbea12fc
d91bf30cfdfaf805
21f022dfe11de40f
d500faecd9091108
fff609f7e7f2eaf5
fdebe6fefde3de0e
f928f9f1e800c10d
dd0a32f512f3e824
4f2528040928ff30
0809e8e82fd32e02
d5220c1903e0d6f8
f20415fafd0eee2b
2ae8e5dcf5540cfc
03f5ba2f13f7ebe0
0c001eec140b0109
12e3091223d40601
ea23102ef4f001f8
fcf01b1400ff3821
22370706011dcbfd
25fbf1fa05def90b
ef0aef15f6ff2501
ebd71504f2e52315
e60103e7dfd3c9eb
1d15d9dff80cf0e7
f914eb140821fce4
cffb0b20140921ff
1025113ae2f14411
ea0d0c1add09140f
022112e6f1e80b11
e70fd3eb060de617
00140cd2f3261707
ff0dfbfd11c1f406
0bd2f6f0f9e2da16
060e1a18f7eff7f4
190ad8f4f7ffc50c
1bf5eedc20f703fe
e4b10518fcfe26e6
1cf9f7f20835fdfb
221402fa17fff015
01200df8fa043806
0a3033f70dff1504
ede7fce6fee8091b
1a16d7dd0c5c12fa
ff0ffce81a230ad7
041de5d52c23f626
1ede34271edd01fd
f147fe0be5f23100
e70e070ae1e50201
fbf4fd010501f502
01092f15f50629bd
17dd17323159f8fa
2f0a20f4e1ddf809
e9e5baf1f701f316
19d90e01e7f9270d
0ae21bf61feffcf4
04c5f50400f014bd
06f0ef02d7ded30f
02e40d1d1111ffe6
3b19ee0e0ee62914
eefbf1f90dffea09
2700da0aef010902
e5e6fa1ef81eda03
06210bf140040205
ef0ff7ebee04effa
ea021601311100fa
0f29fdc3fc0d19fc
040b020e04fe1418
08f7eafc33f00204
f20bfb20e318ef1b
f41e0efe1720f406
db1ad918e9b324f4
d80cf30a1103fbfa
c9f92604180d02ee
f30104eaf6f2f106
e015f101de01f6c5
e706fbf4132cd4fb
07fa09efe3f6dff0
0feb1512ddcdf4ff
0f0fe8beedff0404
fe1ff8ee1107dcf4
ff14101df807ecde
080c08441a0fee1e
0e0b240cfc05060e
1707d20ee2ef0c26
563021fc0dfff206
e7050ff5ec1011dc
100510180ff836e2
21431310f3f61400
1a091bfdf61f1504
dde506ec0de5eaf3
0f2b0d01f0d21a23
0404f312fbfd2c12
0ce8f808e8cd0bf1
f902dbe80f0905fa
e4f7170104fad528
f8fbfb121bfcf5f6
38e2effafc20e507
1a24f50205f6e1fb
f92ffa22fb181509
13a5fedd14f6d5d4
f92dfffdf12817ea
1c0a291cf3f3fe03
140b05e826ee1137
fbd3f0f70e11e6ec
d1e322ff15faf7e2
0318f7fe070bf704
d6e22a061de8e917
09d11b03eb0603f9
041d14ff0e080417
1202e4ec2d00d40f
111517f5caf9f218
eb08dfec02f71ced
041ac9e806ebe627
1cdf02e71902d833
fa09261b2bef2613
26ed0dd21805e555
d2dc0217f10720b6
f7052420cff6f601
0f0f06fc0bc5e50f
f3eef8150ef30d10
a9f5de10e3e62cde
cfdae1f9d1faf3c1
dfeefcfafa142c05
dee80427e4161811
f1f018f00a0ffefa
f0e410edea030e10
06ffeb11f3cbeb18
ef0303301700e023
24d511c91ef1f3c1
180cf2051a2932f2
13fc0ec229cf0617
1806f520d32bcc21
100f101afceade33
ea28fdeae724e502
1126d7ebfd05ce10
021afc0509f8fe00
f7f5eb08f52de315
eaf4de1b26f3dcee
f2e2e310fae2e71c
05092cf1fe0c00fd
fff30c0d0ddf35fa
1bfb0cf92b34cceb
23e30e0cd4100ed7
12f23e0402f6ef08
1b170b13c9f21c10
260c071d05f41b1c
eee9d4d515ffc60d
ee14e41617270050
070922ed061214dc
1f12fa00f3d007db
e1050217f60600de
ebe01edeef02f1d8
f81519c309f8ebf7
c9cdeee4050adbf2
f8defa33e31105e5
f81000e2fb20f2f6
1d0d07111b17f51b
eb00e8ee18e212f0
27e72803e7242d0c
0624131005ecd1f2
f5f1fd09183503e3
290fc414df0edc0e
0102d40df10916f5
e8fde3f31aece70d
e2f31bac14f2a7f6
36f3de0a34f2f71b
f8eef50d1dede630
f32cf418e50b0bfe
cdf5142f17e60de7
f103e30418d1f0e8
fd19ec02eee1e705
1a290b04251f1935
cf1df3e92cd2e5d6
2bfe0a1ef527fabb
25272709072a0cfb
fe01fbf2ccf5051b
fad9feebe00a2201
f92b04fc11e7e11a
f837c9e417fd020d
20f714090f16c618
12fdfbfeb0202912
3afaf7fd0dfe2c13
e70e10d7fa1911e6
14f9edd704fdf101
f621002de523f9df
030ef1f517030a04
10faee0d0d1ae912
0e02fb19d8e72410
15ddefff1524df22
d6f6d3f3eed607cd
0d1d14f91113d1da
fddce30010fcd4f1
0402e4ed1b04020d
e10be1f10efef2e2
0ff9f70712ec0f1d
28e50f0b050714dc
fb10e71b0adaf8f1
cbd418ee09fdf909
e3c808e9131defc7
fcb2d7130805fa00
d927e0da07bcdbcb
1b00fe10e5120c0a
17f114ebc1e0099c
e132f21707f6134a
fcf62f0fec230910
07eb1ad92616e02e
e12fab10d80e083b
ccf6f7c3fcd51ef6
1225030425124eef
fcd109181a050130
0311051048f9fe02
f40d09e1eafcbc03
36d1e8fe260216f2
1ddb33d7ef1dfc03
31150aef2302e008
06251b2cda112ac0
3203ea18ecfc3adf
d7ff351fd2e307c9
f7ec0e04e1ef1fe3
c62b06f6ffe60a16
f1d7fbfd101502e3
dc0efc010ffe010c
0c1b04280ef30f0f
040f0a0fdfafe7eb
0ff85cec1325f90d
1ae8f3daee2b2102
151a17340c19fbfa
bf05dd28fdeeeaed
02dbf3f0e7ef23f4
0f05e60b293436fb
1618f451ed193823
1615f6f1f5f9ea38
ec012f131aefe513
0e06e0f7fff304f9
eee90afd23f604c0
06cf04de1825d5f7
f6d01e86ec1ed835
e0ff0ef33a11f702
271515eeea18151b
041336f919fd2c3e
b5f608bb0ae0c0fe
0fe3f72f0b1f2dff
ff0c1c01e9e0e346
ee0ef90211f307ef
29f628141125fbec
c0d9f2e6decce1dc
dc011f01d80900b0
f8fffeebfa0e1319
15f90b0bf1fb0b04
07c8f30beafcdaf6
00e50a07f41e0438
18f61f0625104c05
0c265119eee529fe
eadeed2103f2e4eb
13cd19f51111171a
14f9f60ced21250c
0814f6f4dff11d27
28000cfee500f8f1
17001517ff1c1a04
e1f91711f0e7160c
070a1128e2d20a30
faeec807e0e8ecea
1c1aef05e5f0d008
190f07eff6e0100e
0d02d8122eda1729
fa190b3adf09f715
f3fab4ebd50cd3e1
031006e7fde4eef3
1c060219edf40c35
0220fad7f434ee34
251e01181124e40f
fa02280d0b11da20
e1edf1e1ed16e41d
c91bff020ae10524
1ddaf609fa010cd1
f5fe2cfaceedc807
fc1835ed051320e6
e01620032d25e840
fe09f405daf8183d
0d1fdfd3090a05d6
f3d0c9fdd8dfd4e8
0608d511e9fd2716
28f2e0d51beb2428
04340d09f4ea00f0
0bcee5d313f32ce6
0508e1161fe3cfe6
1011f6e507de06ed
05e81c13e5ef2808
ff11ed3d2217def2
f7eb180a2e0e2203
2af700fe260cd812
cef9f8f8ed1fdb0e
d9d7f011d8f41e02
fceef602fb06effc
eed605f30b11e8f0
0309fde2e101140b
fb172bfc400d0f0c
f109e1f1fc2ddcfb
f3ff22010103ef1f
1f17d31214ed19f7
f71518d80721ea1b
f4f8560cef17180f
141b0e02e3e4f02e
bc19c9f2eaf5d7d6
0824000726e3f3ff
f10d2f1bdb24070b
16f50806b50516f1
1fe14320e2153adf
040af7bdf20bf2cf
1507e5fe2ae52907
0af3fdf4d2e70109
e8e72310f003ede8
0b03e52412201b05
06db0104eeeceabf
0a18ebf9df2402f7
0c0afc09feff13e6
fdfc081310190b2e
ed06e5faf901f2c6
f01af9eee10fd5d5
1feae910eee5ec05
07fe03152bf00322
ee0418ed20ebeb27
100713091e1c0305
f8e61b0602e2fe27
1aec1dfb1be10af7
06fd10eb0bfee1e0
e300de0509e14515
ddbcf1e9f5fabfec
d71ae7f8061f10e4
fa0e10ed12e21e33
f8f718f9f6dafd08
eefe370e17f41208
1c20fa2a0108eec9
dde9ce3ad7f4eef0
0f1220f433041a15
eee2e60134dff101
1d020d00e0d9fee5
0ceaf2020e040ff6
11f2160c22e9be05
e30b01feef01d72c
f1ec09193cf72613
e91ddfdce909050f
1310ebf3f810f8e8
021de4ddf603f70a
030b0ff20015eb05
fc3c0d00ec06fb07
053a1d0aeaf1070d
020b25d1ef050b0d
1523ccd51aec1fde
eafe183ef3d40506
2af145161c12f407
f7d620e3bbd41004
ccfeff063d020429
00e3e8fb11f40bd9
151afe452bfc230f
0dbabc110ee40119
1d04e6cbf9ecee14
f91bea130821ecd3
2bfd11e94a0efcf2
06cb0519cc19d211
02d9ef0fd60924f1
fbecefefff0b00f9
1ef9b7100ae6fc2a
daf2e828fcfc1ef1
131cf8ff012704cf
271301e920250f20
3fd4e5130df8360f
0a0b553520210b0e
1d1704fcdaf8d5fb
010f28f034e31c02
05093720f919c915
00e21ff7fa050806
03e7ccf6d4f4d60d
0bf300f7e1fdf6f7
dff6ddf30114ebdb
12f6f2f40ce7f208
caf90fe1ebead0ed
fee9fffa081fe3e9
03ff1c0915f901f7
2111070626ea1b08
010e282123f110fb
f8e827f2180224e4
09f4eaeee90bda03
0dffec0bfd0c3d0e
201deff206031aed
07ec2416121dd7e1
f80f04f612160f1a
10f3d51417d216de
3bf40cf3f1133607
dfc6fe0af60ef2ef
d6e70bde01edc711
0e10f31a01f90a14
2704edef21f5efe9
dcf23911fb16e5fc
e6d80a05f327f7e9
1d1df410d7161526
16e02eebe1fe2af7
022a170706e40303
e0fb3527de2cd807
18ea201907f31824
131a09e30866152a
0bf8030708260d1a
d6d5c913f1f92def
fbe70ff1e909e313
112cff0f27140505
06f81ffe0d1d0301
b1e6cae9fbf21fe5
ff12e6bfe106c12c
e4fffdf5f9de0103
d4c400e9d6e7c405
e3f6faf0fc13ebe9
fc0dea1714cefa04
140efc10ef091101
12d92c192be6fcf0
f1ffe806f0e528f2
d0cae0d91c0cf9f1
03f414dff00e1307
f1010bf640e5ed13
e8dc0ccb32090fef
0afff9fa18060402
f9c3e921fef4c0ec
190fdfe5fafb0ae6
2d1303ea04d9d2d9
101006fe06e5e615
12b8f1f7f60bfdd7
e5e7140315f4e105
06f20ef2fefb1232
06220c120719f5f1
13ea2d0514080eee
b1451f05fb010a1b
272808ff0d113d22
24fd06faf7ecfbf4
26fdf4edeefb0a0d
2006ed14f709f508
0fffe906e2e11315
13001d3f01f90c11
0907fd3bf2f7131a
05e6f8fb04211b05
f5f0ed020104f00e
0303cd29dd130cff
01ddfbf11a2232f5
1d0f13f91af1ee00
2106e1041c0f0d0e
0aeffbf908061619
00f2052212062c13
e6e2fa2ddfd91df5
072506f036070120
f1d611f1f8fff0f2
fc110c2030fb080b
d915e9fce3edd701
0df41d0e07f7f5f4
ec11211813fb0ed9
e0fe1d1010fa14d5
1efdc6eacef41dff
e9a636010c0f27e1
f9d7fb0ee9cab52b
e4f0e0f31cf72feb
052338e6d93b00da
f9f7f113f426e00e
051315fafffef405
dae003fff6f327cb
f707211d13f6fef9
0affeac63002f5f7
000fdaf2cc18fb14
e40a0104380e2903
1607ff1016d9fed9
010322211408d9d1
e109f5df20f3ffe1
0208f2030a1cf909
25f7d4eee0e909e9
3af8f72a14f239f8
0002092ef7f6efda
26ef08ff0e181107
f1f60405041d14e6
1bf60f05d8f4ff20
bbe7e5fc5609f821
df130ae917bd10ff
ffe40616e80b08f1
d9e844e412fef019
dffbd1fc03eef3d9
16faf301fb4d1a0c
0835ea1714efecea
3beb2537f534f70d
f1e3e51fdaffb8fb
0b24c1e309061aed
e52011f91825db0c
232912e5fb0cef1d
0df8d708f9fc0bcc
f70d030d0bf1e00d
00fcf1060ff60800
ede6df12281afbe7
04ed0108ed1929f7
1422f1efdbd4fdec
0503fde52b0e0320
26f4feede42df10d
1f13ecf523f0f7d4
f500d8b8f3e0e8f5
fce928df00f5fe02
1f1a3121e2d3e6f8
f90bf2ec350d0711
f618f50de50ffeea
e7e7d50bb5ddf32b
ddff1a11f9180508
fd05f8e81d0d0dff
02182fddcfd8e7fe
1ef906dde9eaf5f6
dd17f1fcfbe31de7
fe24050c070210fa
132713e6ebc01027
08cb05c7001ad118
e102f0f3e30aebbf
f0ea1a0ef3233a01
38d516e6c6ede72b
171be834d7e4e014
ee06e7fa02050d05
f1f5fdf324eb272f
d0d519e1ea070b0b
ff2ce816d1f408f8
f607f3f0eadd2313
fe0e17050214150e
2d1501f921f60026
01ed10f50d060b08
210f1a05e6d5e3e5
021a06d9f2fde6d3
3126e10f11f60804
e61ed8f0c2ef0806
071b09291e091506
0c0b49f00832e5f7
fd24f6100efff0fd
0b2aed0d0019092b
d404f3d3d1f4f4e2
f6191a4b35223ed9
02031204f0fcfcf8
f6e509241b190b25
ed09f9bbf3e5f60e
d7e400e9e213fad8
fa0ffdee1411f0f6
ee1cea0ad6070308
fdeae9013012031f
dae60704faf8e6ee
fb0f29102c074cec
d9f1e90b29fdeaff
f40a341f190ff0f8
e9f7fd0bf6f30bda
0f17dd0e03e7cb2e
c92ef8acea1405ef
e4fbe2f2c8e4fb26
c0ffe102d2eb02ff
000226e901001300
e1f2fbecc2fbf3e4
dccb0cfaf5d7de00
0819fd0400120f07
bef3fefadab30f2d
d4fceccb0822e311
09ef28fa05f41904
0a1305e1e0f10901
efd4ebf416ec1606
1d15450f04e5f3e4
2ad52624fd08fa0e
289dfe0f12fefa22
f7eafe0d000ff8f7
04260a010b04f7de
30fb1a1c121e10f0
42150315f1fd05e8
f4240fff0b07f1fa
ffed060016191b1f
1fee29dfdef42ef5
15d81310e2f5e0e7
e010e4f6221adef5
121fe71328fc2407
f6f114e7f9f3deeb
1b08070c0d0fed06
08f9fd2aec09e310
dae702c9d0f2012c
e8d6d9edf52334ff
00110402f3f102fe
faf3fc1302143001
e8d00e36120313fa
0202fef71604fe13
030cf521e414e7f3
19f811fe27ea3222
1a2fbdeaedd7df11
1a1c03d72ded11ea
2ef0040e2be3fa03
dbf7dfd70df6e712
df0ff418d2290f2c
fcd90908fcf0e001
102cece9fe01f81b
e7102507cbcd27f4
02fde6f8f0fe200b
0013ef080afe370b
e50219f814f328fc
451c1924fc1bfbe0
27ee080ad7f2fff6
d0de0e0cef4a31e3
ede3f1dd07e4e748
0023da0623f103f1
f5e2051efafcee0d
ec091becff15d1e2
e5fae6f809eec3dd
e82c111003eb0200
00040f0ad3090cf6
ff0718342c2517d4
06120d1f1dec08dc
ebfce5d4f828f91e
48da0beefaddf8f4
0d3637e3eb0c4018
02e6fa16e3e10907
e60802140ae40c15
273217dd0ff4e00f
0000e5f6f80ef728
fdf4e0c8fd22f308
d4c8e8f4f3e6ef05
2516511ee3ef1529
fa0ef60b0a20faf7
09fed023d62509c9
fe120b12f7f90e13
f8efebf4f2e7d7fd
1b01edda09f709f7
0ce9e400faeff0ce
ebf6ec0d201806c9
2c22e001f7212a01
d2fae10c0001d7e4
4a23f51b0afc0711
fc36f9d7f407f3e1
2409dacf07fc2c00
2b131710fe070605
f207ea1f28e7c014
13f4e522f3fbfc2a
ff02efbb10d5fcfa
e60821060ac5edcb
e9f704eeeefd0602
0becf7f9ed141fe1
04f2fbe0d9fdc005
f609fb03cbdbf804
10f305190b28251d
f9f3f31e120cfbed
1307241238c624e1
f9fe113323fe00fb
06d9f6000beae708
0315d5d9d423df22
2f061516101cc40c
d4f2f21eee35fdf6
f5fdfff3fffdd0dc
0354dcebffe30202
e6e714e20115e6eb
ee011f1f0bf70602
f9160a0610131fde
def803ef1b14214e
250af80ef4084506
290efa0de918e3ee
1b293a0f1fe21df4
38f6fcf80630e9d3
dfcd0be11b1defe8
ebed24010611ff51
160f1c1e17d1130f
07160b071b0dfdf6
09331b1605f40e2c
43091928f5f3eafa
2adef4fdf92136e5
e201e70d090de027
33f60f0deef8df0c
dd0dfaedd40ff2f3
df09e9fa0324fd1b
21fdbcf812031006
021415e3d8f8fede
f6042afb0ce9f512
3542091fed000d1e
1501f33647f9f5fe
f906edf13721e412
d41439f822130409
0fe5020f27f904ff
d410e0e5d2e5fe38
28ea20f3060f04f0
ecfde012ec17eff8
061433fd1ae514fc
e0f11b21eed5d8ed
22e5de152b23d9fe
2304f4d317f1c8eb
f80b1bfbeb0d09f6
1a0cf61b05e6e30a
e9fff7f10932c9fe
faef33f1f83603f3
fcf5d72120260e0d
ede3430c17f1f3dd
12f51ffaf9f9f606
0007e70ff9fd0812
fd13fd070ff2f4f4
010afaecec09e90d
05f12afcf1fb1edb
d92020ddea3cd40b
1f0cff0d27092e2f
df1330d4f6d12529
fae800e7d419d91b
e9e9df11ed110814
d5bbefe5ebf712e9
c5ecdcece8f30af0
ef1f010702fdf2c0
e3df07fd2df20914
03f6f60d1dfcf61a
08f9fe24380a0ef9
e21cf91ed511d11a
0718ee00f7180002
0cfcdbc70fe8f70d
e51f33f4db08f234
e1ca070114160dbd
28f0220b1712fe03
0104100afbff07f9
f2f81614e6df380a
0603f5eedbde18d9
13e5e208d8caf504
0cfd07e41bf807ca
fc0bea0b070feafb
f31df4100ee51aec
f219e223f9ffe51f
1afaea12f60d1f25
160e180ae3fc1602
0c3ae415e5d31c17
f6dc32090d1324f6
e624042ae70bfef0
0b1cd6070306181b
072512fd11f6e909
3dfb2616f8f129dc
fecef52c0ffc061b
0e1c303403191a0e
29daed0a1cf226fc
13f0e6f604f02523
eb3312fe01f1ba16
18f82c1724faf7fd
dae4f6d4fb0502f0
ed0d1b07cb10101b
1be741dbfd000f15
a214f202f31be7bf
09e6e312e4ebd5eb
27fcf0c711f5ee0d
f5dae4d008f308e0
201cd1df24db0cf6
1908daedf614f659
1f0d12f92cfe0613
20f11515e7e915dd
ce1b0af7f723cce5
fc180417fffbf0e3
121fcb142c43ddd7
f5ef24d0fa091304
e9f10e00fceb20ff
f7f5f81afae6f91a
da082faaafe9f1f7
0619e4ea1ddaebe7
f004e202e90e0a06
f40b0ae1010d2ade
ead2edf1f6b516f8
25031a230d1007ef
f11102aef703e31a
ece401f40023c70d
0b0d1fbcf2e12ffd
f4e1cefff61be0f9
affbcff50be8fcf9
100fe7c4ccef05ff
cdfdf0ce0ee61fce
fdf2e8eff9fdf8fd
dded0df7fdddf1d3
13cc44ece508c21e
0dfafb2023df1413
1feb131e01eb12d9
fbe71d020cf906e0
1cd6e80615e408f9
f90d0431e5e40eec
050309efd7150bf8
fa13c5ea0a0deaee
020e0a2f150d151e
fbe62619fa01fcff
07040a041009020f
fde7400103012707
c8f6dffb13f1f70e
d3efcb0c46f33c0b
1b021125f6ee0602
3dfbfc03fd28fef4
171ef60a2a0f2521
031dfae61bf5f1ec
ff1ffd3005de050a
f6df1df8102c1807
332d0fd610fc1000
1de8fa0a0e45e902
030100f80bff1ae7
dce8e6081214e91f
fb0ddb090b0d05e9
04010fd5280bf102
0b41defe3217e506
230711f11f2cce19
12fff70cfc082006
f3e3dd01260203dd
e604e1ef11ed002e
1cdafc23efebf5ff
daf110dddc2b0fe5
e2e32d2406fbf008
2d111dd4f5f00026
19d8e002f3e61530
dcf51105e1c71b01
452d15da17fee211
dcec071011f1f4df
0423dcd5153efff8
092bde17fae4d2ed
f309dcfdfde400e8
f5fc00d9f807eedd
eebeeb1d11dafdf0
0c0303e81206ff09
0f18171d16e12d03
1ff616f8f523e615
e1f1df18fe1e2a0e
fcefe5110ae6c20c
f7f6e6210e010e1a
42faec0f12080af7
14fff618e40c03f8
f7dc1d00d00fbdcc
2b122c11ff11e0ff
0ef2220cc8ee153b
05fd09f90115eff5
100d04020a013a10
08f11f10f51308f5
f9fb1710ebec10f2
23042eed38f4f9eb
feccffd80ee4fd04
f7f3e3b0fc20a4dc
0cd900d6c7cbf1eb
f8cd24d30915f909
1defca0c2813be0c
0c08cd03e2e6ec02
f7051713110902ee
3549fe0923da0f31
f3eef10e03100c0a
ec1f0812eb0ac401
f6decee50c18f7e8
eef30fff08020500
e51127ddf8fe1b15
09f5041202000d1d
faef1618ed33fefd
05f9362be8211001
e3192c01151701c9
e4e6d0270c0304e0
210e060ed4cb37e2
070b1e12dfe901d8
e8f606de15ef111e
17da0400d819adc7
e715f700e716effa
10e9ea03e2e9e605
0e12fe1ef3e1e504
1116ebe02d26fc07
f51800251d2e0fd7
f7f41610f608e4f9
f218292315161210
22dffa22ea162c2b
fa052df9e619ec14
15481c191cea0afd
1f05fbfcdfe01703
15040c20f2faeff9
f7eb1cf4020ee11a
d817f81b2a0b2e15
f9ebf0e7f126e9ff
e6f80cece91b2815
d001eef21508d7f3
ddf3fee0f204ef1f
dd131d1e1de21130
07e8fc1115035131
e8f808e2e6f4fff5
09da14fcf73521e2
1302fbf7131d0ee9
1103f8020efb6925
dc3cda1c080d13ff
04fe12e8e032f815
d3df0c10edebe9e8
2df128fb1614e2e5
240bd7afefc01800
f6f11e18e90a0007
170105ff09e8fe00
18d8c52417d705d0
01d4f3f0141715ff
1001d6e0eff0e7fd
de13fb0de3331a02
d600fbfdfffbff1f
0940fafe010a383e
ea1ef6080400f2ce
ddef35e80af4d2d4
eed50321e40af80a
e930e80c0717fdf5
11fdff02f90eee0d
e7f7fdefeb14e4cd
01df01f0e9ea10e7
efeef60717d9e416
22fdfbf717fc00e3
06ffa7e7f0c3e8ec
0e2ef50b1417cb0a
2c3c0cffdd22210c
f3e41fdf090c2302
dbf1f40eeccf3ecf
e20c1f27dfe10502
2b121112320c0110
1314090e23f2e3fc
033bf1031c10fd0e
ef0efdfd2f09d2f6
d221fb002605eafb
22f10620e1161df6
1828f2370820ea16
ead403e700f4fbe9
ea100f2028f519f0
fe481a1cf4e1341a
e605f812c4101905
14f70aebfbc9fe22
e6d0e511f50715d6
090731ea26020206
2701fbdff4f01404
0902f502ea090e15
0bd821c0f1fb2725
401217091f001adb
050f0902253116e8
4900efc1f410df10
0402e7ecfb0be705
f71fca12fd221efb
08eaf0060dfd0efb
33dafa09daf026fa
060cd5f00ffee7e9
f822ede9b804e21a
f1e6e0dc150befe6
f1eed6f30c2614f9
1a3ae9dd09262f09
ff1afdfff8fbec14
eaf3f1ef0fc3e3e5
04feebfbf5f52214
c1fee90a2fedcd07
29fde6ec11f3ed0d
122d11e915f8e6dd
e4e20ae0e90fd3d9
c326f0d916fcca10
f50ce40efb10f0ed
04efe1102b1914ed
08f21ccdf50accff
3f26e429051b2801
db0ed6e1f7430740
da07f317d6dfd8fd
e71bd3ec0cf2fbf7
3afefa292feaebe4
0c0d0c2712f40a28
e2d637e1ef11f5ec
1deae331fd000406
f1efc5f6e8b829f7
fa00f7f9fb0bef01
ec21f923fcf03014
05fa001e13fe31e6
fcf4e90f123409f6
0917e8cb1ef4ea0e
2fee0b18f213fbe1
140c1214d303161d
cdd6fd0703f414f4
0a0ef32bf5f8f2f0
e31bf61a08d7e411
f0d21b02e5ff151e
1103120a040a0b13
fd0005f7f2f6eb1a
0ee017fbeb0808fa
01f3ec1afc15db00
1608faf5dc0dd6e0
01fe1803d9421201
09040210fbfde111
1000fafaddfbe912
d6e5161a00eedff7
33190402d825132c
e6fdec0be21a08e1
11e4ec08fc1ef7f1
de00d1fe3dc3e01b
14e5edf421e32e56
e118fee0f4e814d8
aef1e10413fcfee2
1813fe18f632e709
40ff0ec902110d04
1fcde5c8d429f200
0f29131900290107
0c1ed20f052509fc
35f12efe000710f9
ff0711e33514171b
e80b080fdf0f2ae1
edcdf1142b210e22
041409101f160ccf
bdfeccff0df5e23a
0e1ad9f90eeff518
d2eb1be9050d0112
17022403090b1008
c8ddf5f1e6f4fb19
f9f4d2f319e13504
21372126e210f60a
c6ead4e0e003f8f5
1cf32617dc1200ff
07373000fcf3d9f7
f5020214f400f7ff
15f1161f16e90824
06290ef915db16f9
e8f411010bf917dc
fb01e9fce0e0e7e4
10fc140e080f0216
23f800e724b022f5
042b170e0b13e205
eae921eaec0b08d6
0df1f4280f0b3404
f9fbe8f900fa160b
2215250b12172310
ebbf2ff227f423f5
0233e813ffeeea03
34090b2ad6ecd415
10ebf8f5f2080bec
dc08ffe61a1ff602
374a1d1af2fd0210
dec617f6e2fafc26
05f61cf5f3f944fc
d40dfe0414e9dd1e
06ba1a6f0af719df
0906d0bde80aef01
ff0c0cf500fbfadd
0dedf3eeeaf8d1f1
18f9d7e909f5f3cf
e2e1ef1405d2e018
2ccfe6f8f50c0523
30061020fef91320
b601240e001c02d8
e7d528c31b0bdbc3
04f414b8052608ea
04f246f4e1dcf31c
ec05032dd1011f0d
d9faf8221afb0c28
04e90824002f0e10
ed0a06e2f3edf9f9
3f15f12702192ceb
e2060232f5e0f6ea
180efbdb12ad0204
ef1917f71d0e0f09
362806fd16f9e3f3
10fe2bfde408f449
e4bafcdafdccdcf6
150e051d0d243dde
1332f90312e70cde
391e1e02f9f9fa28
e4fc1de2fabed1f6
fafc16dce209fefc
0ae8ef23da15d51f
fe1ff106021b04fe
0eee55cff10c0bd6
1712fef8fef5f4fd
fafbf14419352f1a
3ae0152d14fb20e6
0ff8d3f409db1534
f0f3e5f7ebc7ffed
deebc5c8dbcdbbe3
190ff31708eff0fe
30f7250ff4cd081a
09011e04280008fa
f4f1dff7e4e5e3f9
d501eeddfb22e1f6
f4ff211915e9f425
e8d3f024c4db01bf
090b21ff1501fcfb
17da280dda1e2117
09e9e719e1f1fcf2
c4fabf0dee17c304
16ed001ff3e8ddfb
fed312052e27fb03
dae50be402fe0dee
1017daf9f8e9de4a
0ef0db1ae30219ec
fffaf015f60205f8
2427342ffcf50a0d
0827e3eef0321220
0c1d0001f524fff5
1504fdfdff1027f1
01db280329fc2822
f3e2e3fddb0dda35
01010308fa0f11f6
20d822053ef31405
0c0a242f41f31730
ebf2fc23e407f306
ff2106ed0f212816
21131d160df51105
1d0ee522f3f3f23c
e4fb07f819313c1c
04f0e10d2ce20ae8
0a00ee2131faf205
cdf6fbff1b03d5f8
f7120a12ee301b01
eb0c202212230e12
ec12c6fcf8fef2f7
ca18e1fce5f1f300
ecdcf7e806dd00d9
2b0f150c191af5ed
f7124b13f307ebf7
0a151d1015041bfb
aeff0c1bfef10e05
27341de7d2fb2cff
1128f8c9f1fd1ffd
261beed1cefd10c0
ebf012e02ad8f3fa
36052f0105fee5cd
ea02f5261b03e7f4
efe62604e8eb1c20
0e1512f31a20da26
0512360aa5dc0cf5
f4fcf413c10c0e09
1a032410e9050229
1012c5ccfa20112d
e8223eea342d150d
04f8f0efe31be40c
003c0b31c6ff0633
eb011512eb1ddc1f
e3033df40e1f27f1
02edf8fce9f6fa16
f6fbf909071e2dfc
02e202bce4fff1e2
3cfe28280e202eff
cb040cfad4fc0225
dd26021303f2eaf0
ee0a08ef04fbfc04
c7eded2dfa03eef8
33ff140b1bef08e1
3cd4d31f1e00e604
1502f6f8fcfef1f3
f82724052ed20dff
041802df1af60730
1b00ebfbf220e2fd
f639f4ebd0bdf2fc
d7efe2002d112103
f9100d1204e2fb24
f4d4ecd30320f603
810cf1f70cf9fb06
061c0112eefef518
ef08fae81cfc0a0a
1c16f101edf22d20
ff1743082addfce8
161f0d0c1a03ccd8
f40ff9fa3dddf2f5
20f210092603ff0b
dff93b2535f81df7
e0f3e9b5f0eeafd5
042ceef51e140c0c
3332f91a0a22fb22
0402eeeb16e2eaad
140bf7ea0e1b0609
340904d5f6eaf3ab
f50a0cd6d724cfe8
0b07f7f300f3f5cd
e10ec2fbe9eddfe0
ded90904f0f100fb
f40d22ebf1c3fd12
02dc1beaf1131b31
1107e2d30ee002ed
fadffa150bead5a6
e6dd27f5c41105ec
0f3129050f1e35f1
2f17ba1dfd1bdaec
19f0141ee22fd504
ea32ee01da0715f8
03e909220f0312e4
0ef70215d8011029
17b4efd7ec141a22
ecfaecf80c08dcc4
1bf623f1f5070eeb
2a0b1ae8061febf7
f503ff0edf05f910
e1d6bfdd0ed5cee7
17ebdd02fbe1ee0c
f5f41cef1ef9453d
0810fb0b1d0109f3
030de2f11848042a
04bff74707b5de0b
f9f226e102f4ee42
02162102241909eb
1aea1fee16d5e10c
f607d410d4ebf7d6
0dfef00bf8fe4817
fcdbf0150c13f613
ecfe0ce8f402d2cb
0909bf13dbd500ee
e6ea0c143501f7fe
251ae8feed2b12fd
01003d0317f525e8
fffa3b090f24de07
0409d71d00031406
1efe0cc3fedf1e30
d605efec0efe30dc
f207d908fc00efeb
d9ea15101e12f9fa
0de70523ede1f6ff
09fc12d9ebfcf820
16141af51a1e070c
fbff00ecfe1524dd
1a0aec1addf8f70a
2d0ae614e0090318
fafc0ffb0cefe411
0305f7dfef192116
f004eb07080107db
05fa0f0ce80af2f0
ddfef1ec1814e6f0
15efffecefd13510
e6f4e322f919e2ed
fdf0fcf210e4cad9
f3e2fbeffbd41203
edf605150902f408
01eafb01f9fbf60e
2d15070bf1f216fd
f410feecfe1a2013
17f71cf802020c0a
e8f0ff190d0ceaf5
22f2e50101df0af7
f6eaeed80df2dde9
1b1605e10bf21909
d3ffc308030509c7
29d7bf2b050efdf6
0af90ffe0cfc1dff
0f0c0611f81f48f2
01e52b0ecf13fe06
072ee41b08f7090e
14ee02ede6f8e71b
140d1821023a0f44
0ffa09f3ca0af0ed
0107fb0f011819ff
e3f5f6ea0de008e9
f71b01f5d2015116
fe0006090e02dbfb
00f811dc2506f719
08162203132e1be4
02d21cde17f4f5e6
08f3ff1cf7fe0f08
eaf20c000313c615
f32b251e29bf020c
fd1afdd3fcd8f7f2
e4fcf2f714f7fdda
161e24211826fbfb
03f722102d10e601
fc0c43d61926d91b
1bf61bea032b13e2
0103e5ec0e3704e7
f4fdfa331a49141c
ec2d05f8361d0d21
16eec6d905fee2ff
f80f07f960112c2e
fefcdbe105bfe702
2908160120062108
f0f2e5ebfce7f8f1
1508080a1d040109
e3fd30f10607fff0
ff09ce0cfc1305f1
1e28f6f8ebf241da
0d0ce0070cff1838
0eeedefbe3f2f5f6
d1f3ed0a110c1c0d
fbfb22f5130aeb14
eff7faf2fbea2009
eb15ebf0ced6ecdd
0021f2e2f0f6f513
04c80d06f8edf9f4
f311ee0408eee71c
1fede3f3fbfbdafe
0320ed04fa000a04
0808f1fdf80e07f2
ecfb06dd261ad316
ed131f1d0a1ae7e9
18140c360d00f91b
2b1305fae1f1ea0e
e1ff0ad9f90209d5
2fe92111f6dc1ad6
230b0b060bedeae4
f91cff18ea3c46d1
19300e08dc192f07
0fdf2703f21cf603
0f0819f5ca01e8f4
0804e938e8f700ee
e111f9f4fcb9ef16
ee04f018180fcb07
00f902f41fc9d108
ed20f10c15f6f7f4
18fef6f2fc0bfbf5
0d2c0906f1fcef0a
d123ea0dfa1abbf6
de200404f3121441
cbe1ed29e2f2fa0c
3324fff71d0a2cf4
d305c2ffe91010ff
21de2115f9f1e3fc
05f0182a1e3dfe09
ea0315f1eb1208e6
1beefa070f15301c
e02010f8e1e2c9fb
dae4ed1e04261220
000cef000af6020b
d92cfa3fffe522f7
f61bdcf3d7f40f2f
fdda0a11f8de25ea
f901deced507fbea
ec3bf1f2fbf0e901
24d40df4e0ef14e8
0bdbf100f72cd21c
1814e9e6ecf41310
271c11f5f443fcf4
041ffc07e6301011
01edd9030128fb10
e40ce0fef40516f0
022017070cee27ff
14def83d1a1b1824
0a26fff1f938fa19
020103b307e1ea0d
f0160608e6ede6f0
eff6f111dccb0f00
f4e72b3b10ff3e05
e407cd262eeb07ec
e138fa072ddee4f6
1eef2adeec0ae721
e1e42bfa0016f4ff
1cf8f3f60ce3ecff
ece6caf6eef2f5c4
f717e7ead7fd0c30
17f8d109d70be601
d1f0f715e2e9e905
effc050063df0000
04f418082a300a08
f6eae410f7dde3e2
fd16fc3815211403
01cbc81a05fffe05
eefdde07f5e0f5e0
051f041df02027d0
eeef1a150121f506
14d5f802fbfadffe
f941e1d8e8e40e27
0a3de5eefb03ef24
fadcf90bdf170dda
efe5eefaf8000303
eb1d06f02bf2e6f3
ff0305e7d80831e2
13eb1d232930e10c
ddeef3eff50be8db
1be8eaf2e9121fe3
dae8e2ff05f2062f
09ea0cc9e5e313f5
e9061612e6ebe2f1
d1ecfed01fd224f2
2f0907e7fedc20db
2406e61de500de10
ea09ee07e3ffef17
01dccf1b04f1d905
e9150fcdcfcde516
fc00d2f9fddb0708
f5ff0906ebe9231e
c30e13e5f30513d6
06f4f7fe11fd0ff9
03050ef0e3fbd704
060908fa0d0a2ff9
e80d14dd31e11602
e43202e8f1def209
15f1e515062bd704
1000f8e618ea15fe
ed072841ce191a15
2025cee5090221cb
1c091e4310462f01
f01fe8d8dc1df4ec
d8060fdecde71cf4
e0d8042cfb0adafd
ebf40722111740f7
1b0ddff6ef1d2422
06f631111b0312ec
07f1e94c4727d327
1d161a33da1ce008
ee0129212e1ef0fa
f825050403e52fdd
17eef40e1133dd18
100af110190908de
fd02e9511206e715
220ed9dcd5d91c2f
13042ce31519efed
fffddbfefaf701f5
d6fe2505d4b0ca2c
1d03ed102922f3d2
0b09e71a03e1dd0e
1e14f5f60419f2f5
14f9490701fc23ed
e8f1060afefc19ef
ed20e83f2323ebe4
00142c0a1926de08
fcf61de1dc0400cf
131af2fd0a0c29ff
15fc171eee271dce
f8d0d2e4eaf815f9
19f221011a0715f6
16f7dcf3eef0fa03
00e0d80515efcf16
cd1536f7ddec12ed
020711dd12eb0de3
2dfc10fb21f437ff
1dfef604de0225de
e01eec1622ff161f
fef02a193601c7eb
f4183ff6f2e61be1
07da2fd703fc2efd
06e72406dbe6eaf5
2cd50ac71efb110f
e8d6ee05f2f3d21a
eb1ae00ceec0f418
eeedddcedb03010f
0e36e9f3f5edebed
f9fcfdc9f3ffef00
f6dce7e3eedefdf4
f41124f3020e0a38
02f827e81e05f70e
efcffb07f0f5f3db
3a0ff7f501e51cf6
eddceaf5f9f2ec02
f7f1c42917d5f110
ff0d03f73ddf21ff
1a0ce111331d0618
f90bed211c17fa13
40032128fd1bfe0a
fef5e4f7161dddf9
e2f41c15fc16ed07
0911ef1f1e04f209
0de515060e14f41d
252af0dcfb13fb0a
f12a140e2ee2f5cb
f8043d1c371917fc
f1f822fdfb121d17
060cddf0073dfb16
0f2a1bf7ddded813
f4fcf90817dc0df3
13022311f4e519ff
ee01e2e2fa111108
e400fe5aeed41bef
00f3e6eee01dd0ea
06ee1248fefdf30a
0217f1fdf9ecfc17
02f1d00a0dddfbe6
040917f3fed1ed0c
d8c826eb0de2f6fb
010a16dfce38c92d
0be00d23e80e4618
f1060ef300f508f6
31d723f2fbf2fef7
cc1fdcf800e30413
36e026f215f903eb
0de813d5fb28cffb
1424dcef27cee604
dd06f535d604f107
0608bbded7210af5
e1f2c4f5db2cfd08
04092cce16f50915
08b7ef090ef8ff08
04da1705e2e12502
da270c14052404fe
f80adcedf408e5fe
fdee09fee901e6f4
22eaf520f3faf5f9
120d1914fff433df
f2dbc4faeeeffcef
3401fee9fd111719
fa20e5f12e030be8
f0e00efbe90a04e8
e90601ef08f4f9f5
ef111a0a2c030e3a
1a1a22f923f9061d
04f7eb0cf6fa3bfb
f2f7deec3ef2d721
fc09fb03350604f7
f1f70b122406d6f1
ea0a020c10fce211
ee2ef00904f6ebf3
082bfa0c16fbce06
e8c70af715f1f80f
0f060df7f418ffe9
fbeb1206e41fe116
f113f602c403fc0c
04eb0020040bdf0a
080de8d3f7ef0ec5
0b27fb10111fef3e
0901e433e90ce819
1f16150c0c031500
291a0ed70a1b11f5
192117e93713f5fa
fc19e8e0180ce215
0e481def2429f5fb
01ebf324f7cef9ea
feee370df4f504fd
03050e01e10d200b
ee00fd0ecbc8e00b
dff80731fc3d2d0f
18f5daef1d0be4d9
e6fbf7c6f014ed18
f3ebd51eda1003e2
d226f922e5fc16eb
fbfd1ff4f3f11218
05100903da2e1e08
3a3c2e11fffd15cd
e707010ef41318e7
03d60ae40af2ea4b
12bbfcfa0ce5eadd
f20a3d133627eb22
f3151106f901dd4f
09eb01fa0ffbff1d
d90b05ede0fece0d
0f420e1c270ce207
0a33012df10827fd
0c1115f4f0d9e810
edf3e616e5f4e20c
2bf307e0f91febd6
fa060403020afbf2
01d81a1818effe13
cdf505390afc1cf3
ee0fca1c293f151c
0ae6f2eafb2ee9fe
fdf5f8da03d123fc
0a1432e5ffbefbef
f1b51be9f2e3f7ee
1d0003073511e20e
07131603e8100127
02070012ee01fdfb
0333dcd415d319e5
fedbf2fe2f010145
e3dff9dd13d604e7
f90bf105dd0112ff
e8f020ed1afb13f6
e509061e0e07f424
e22ac336f4eb6302
1e17fe03f41af8ee
182d16f20b1f37e2
e6f9f9edf5e5fae0
f9fb0ce10eea131a
03fcd7d8b1edf4e3
fe05f909ddf3c7f9
f402fa2cf314f607
ee041fd8f3fbec08
02f606e915191ce9
eed6e8f5110818df
21ec180c1c1b2b04
150ffdf1f1f2f023
2f03d80cee0edf05
0c1d0eefd3caf214
20440031020bfc0e
ddeaff25f1e2dbe7
06ff00fe11011219
1933f5dbd9121fe3
1f1711231604ff13
2ee413e1e126ee18
05dc1af3e2e4f7ff
0be0dbebef08fce5
0105fb08e52bf0f2
1ae8e50a02fb01f6
f61cdfc8233203d8
05c1e4f608e1fb0d
defb15e4f90336f9
380c250b2afc051a
f1dffa27090004ef
1e15ffe221e3fb11
f8f409f131c6fffe
19fbeb1f102c181c
1f0d06213018e00b
f92637d0f1e24708
0defdff7fafffe02
f7ef141fed0d0010
f5fff42ad82aff1a
d0e70534e2f40309
edd5fc0e01d00bea
07f9d2fff500060d
e31d06f1e7ded512
eb2722d8091e20fa
380211f9fe1cf1fb
f6daf5ec13f0fa07
f7cd062c2a2ce4f5
11091a1ce0ecf8de
0329c5f7d904e6f6
243f19fa09000411
e71ffd0ffd22154b
fc050419d7f9ebf2
1f020ff819d111e3
1dfcd9fd08df0720
0cf327f20919fcff
1df8070c080b1409
e00e1fcbd9e138eb
09e1ff3dfbe6ec03
f2e6e6f1211005de
17d2ecf7fbfb1af2
1ff7f8df28ef17ee
1403d2d04df7e511
f0dff6f8f1ee0f03
eff91ddfe0d729fa
0bf3d2ccfc0e04f5
f9f103f7f6f8e9f4
0bf1f1371002eb19
dff004f60a022807
2623f01904fcf32b
e0d0e0ec141d18de
eb010af7eaea23f2
f5ebda0afdc601ec
f0ecc5d130ced7fc
ebf1feede011fddf
fe0cfdfdf3e71bed
08f51c08f5d4f3fd
fee4f50a0a05f1f3
210e09053a43f321
18efff08fbf5ea0f
fef8ddcb21f3f9e6
1f0a2709f300d4e3
101e2936141d2f3e
28f208be090e250f
0200ff120d2505f9
edea07070315eed9
f4e7fb26ddf2081f
c41611fa0fc5ff0e
071519fad00c062f
def0060314f5e5e3
0f1c460000db2e10
0d250239f312e903
0ae6e006faebea26
20051b0814220beb
00f321079fd9ea13
1f283513ed001814
12f3ee0b1d1f1a0c
15cdd8ef07edf707
0403201cf9e60f01
211c0204070ceb06
1100f108e3ea37fc
06eaf9dd07f01332
e8ed0feb1c0c1127
070f00e60cc30a21
03fdf7f32cf824c8
e51d1ef0df3b3128
030d1905134423f0
ffe7d4ebfaf8f3ed
03d72503d7d9030a
f8e1f71aebf7f7f7
dad0dee401e4ff04
0deb18cff61cf614
0306f1fb0030eb07
dadcf902dfc90503
093f12fc18fd0f00
1925ebfe0c19d4e5
fd202613eb3f1ff4
e509ff21f412e3f1
d60b01080becbbda
26e8f7020c05f329
fe010e0704f606f3
edfeceec04ccfdd0
12fff00e29090206
0004f1fdf5e20203
0032f5e901f226ef
0927fef6ea24dfd2
0328dc0d09d7da14
40310a21ef07ea1b
fc1b10ea0cf301dd
250c0c17472a160c
fef12f09fae50cdc
f61af2eafaec09f1
dc26f31de014e4e0
1f46e610dcdfebfe
f528fc0e01fd1204
f30915ecc7a5ebf6
f1e6ede6f2ea1819
171c01bc110912da
f9f8d809fe480210
ea2505f8fdfcf0fb
0a1115d9041c27f9
f40a1301f6fe0f08
e61dd71d172dedff
f50ad607edebe301
29e5e4180a28020f
d6f32bfc0cf6fdff
fcc8e1fefae9170a
f303041713fd3615
0a0fe0df02fce517
ee1707fedc0def07
dddceff3eeda2d07
0a01dbe8eeea0ff5
2502f1e921d8e447
2c0bf1fef30efc28
e0ddfe1f3f1ee1f7
f00df23930d4dc25
15f5f036b9281e09
ed26fc0aeb121007
effaf507140706f8
f21115081a4401f4
30fbe1fd1cf9e10e
1710fe330f0418fe
12ede60a06f03909
1827010512e54af0
efec18dde7e429f5
06e31a0e0e40e226
f0f221f3f7001efd
1a170afef8e30007
e10dfccd0dceeb1f
e502faebfaee1ef1
edf214efdb22e0d0
0207ef17150f1204
1f1a011cf81407ff
01dc012e181109ee
ec07f7e4f8ed1411
11eaff17fd0c070b
11fe1c083bf52df3
09140e0a18e3bdbe
20f7f00aed0a2610
f01a0f010ae1e415
ea20090f290c08fe
a8f01d201c15f000
04feffc435d703db
ceee391bfff40806
122ff32d032b0ef7
1604f90bf829ee13
e0ff020817ffdadb
f507edfe09df01ff
0af912f61e210815
ec0b3803e928ff1b
f71ff232f512e322
16240fecf7ff441d
2ce81f270c0afb07
d8bede1ae923e30e
02ef000ae402fc06
023ff0fefb00f413
1cf0fae60e0b2901
001f03c8fff71205
ef202efc03ed2d08
08f9000408062933
0cb7f5d81ef6f1cd
f2fa07d5e2c7fe16
01e9f2f3d715dfe0
feda1409f4031b27
06300fd9e1ef0b19
0d03e203e8fe06f0
dd1510ea06430932
e9e729dbd8e6f7fb
d8d7f5f5f9fd1e1b
ff03d705eaeb0f0d
fc2e1a0c1926feed
ea1feb26153ad229
0c18e818f7010a0b
df23edfdfb2204ea
1407ec1e0c2b28ff
3e170815fef9ed10
ede6cbc32a13f204
e61afd0e0ff4db0a
0301da1519fae800
de3f1be8041d2302
fad817f0d4ef11ec
0e0224f9eae725f4
e610bd12e7f1fd0a
0afe0a03fd1535ef
eae41224f016cd1e
c5b62d13e8eae2e8
62eefbdaf8111612
fbf80c16d9fbfd06
f83529131820dbe2
d3cf14093ff2f10b
dfed20e3f9323f3a
f5e2191c14e4d7f3
08f821f5290003f7
01100bebeef302db
fd2314ef0904cff6
0ef9f1fed7d8dee7
0906daf7f9ede4da
fefd060f0a0dfc06
29efef07e12a24ff
fd0500d8ece5f014
0eeefb263b0bfc01
120ffbe301dae6f6
e51ef90b25463602
0804f9ecf9ed3053
fa220d1307fed700
be2a13f1f617ec17
faef0e22fd08d426
fd260d1802ea3604
3506f918f0f01b0a
ffd103f815090111
01f7ebfbdb0f0ce0
e60505ffeffe05ff
f1f602f828ede2f3
11ebcedce8e0fb17
fce901d9e8fff8f4
34f301fdec0c19fd
dcc6c413e4200df0
f7050a0013f817f6
c4e1c2edcd06f6e1
26f7f1dd04fb19ed
190ade08df04fb12
04eae0f5f8f5e7d7
123330e9f2eef231
19f0ecf5f9cee9dd
fde6fecefafbddf0
e8db0923f1ecc624
150ffd1af2e706f3
d5fb04e3f2dee4ed
0707e705d3df191a
1606fa10e8ec1423
3110f2e40521fbff
ddf411fa091ae3fe
fc09e3f30a1e38ee
2621f9fddf15ff0f
f4ec12bdc6f6f8fd
f7054ffeedf1e928
ff13380534f0f215
cdc6f7ddf405f6b3
f51d1106ee26280d
03f2ee1cf3f9d500
df091ffefe15f8e7
0206f8171408f20a
13f7d6f7062a0903
2419030d1ce817d3
ebfbe4eb16e6ea13
e8e002f306fde8e2
13050510ee3a4b16
03f13a2101e1ed13
01f510fe1508fe17
13dbdf1244eeeaed
08e20c3d39bff219
fb010cfa1608131d
d70bdf1b01dabd20
ff002b0449fd0419
33fcffd6250508c7
ef3fdddcff070cf2
cdf0050cfc0015dd
d4f40cf206dae0d2
f3c4f4e9f414f31b
e6fbe8a2fb021a0b
0ce30bf71ce0f003
dbec2606121f1d1e
28eefdde1becda0a
26ff07f416030cf8
f3eb093b29470ff9
fa2408cfe616f30f
c8c6d004e807f6f0
e80408f9eeff1ee7
dbda0ad6e0f90dd2
f6b9c1e50deefd2f
14fd162be9efe7f2
fffdfefe0a37e705
dab7de12e9f0d60b
ff070b0113fb0b17
0ff6f6f5ffdd11fc
fdf8e2f2d9f4fbd7
f802021b120f0109
11200f27103010d2
141f0616ffc809ee
0203f902dcd5e0de
de0805cd2310f0fc
f81dfcefeef93902
02070ce90103ff06
1b351ef2232d1700
192713d438ff12fe
28231717f50a0708
f9cc1811f2f810e5
0d0cde13fad8f1fe
0a0ae4f6f31915f6
1df6e2e9dee0f5f9
e2e4e8d4fa1df2e9
07f525200c0b34e2
ef070f0b08fdf710
0c08e9e7f0040a00
e4f40b142929f607
e501e4f0bfe812da
0e1af8ffe701d3f7
0819ff04110ad5c8
2105e8ef0ef0e907
fafaf6fc39d4de14
150bf20e1afd09fe
f0f3fffd1de0e714
fa30fc10dfed291c
18fb0b05e2061519
06193110ef02f002
f9ea03fb01c8e9fe
df0ffdce05b72de8
11edd6042cdf0428
2111fff5e60506ab
2f00fc1530e4fc3c
e119e3f8d91a1d08
fefb350be2cff616
12100afa55150918
1e52120d08eb1eea
fa3800f9061b01eb
fdfef5f8d81a1bf9
4c023618e3ff010c
ee03f5071f10c8db
00f50ef5eb17fdfd
f7df0b2401f801f5
1801310a0014e406
0bdb0c290a21d507
05f8f41f08fa1734
011af3d7e0f20bfd
e9e70e0507f1fb0d
0a1eebe812cd0dfa
ded90bd3a91bfdf5
f91b1f02040afd1a
09e8fb310308e030
d21410f5feedf7d0
0403eb1e35dfe755
1b1c0a2514f121ce
1e1842070a033249
fae92cd9f11317f6
fa3109181f14f302
15ee080affd80ade
1cfaf2ef12f9d61e
1b0b0522f421ea09
0c0dfcf11de7052d
fae4f209ff01f9ea
fe02dfebd01400ff
17010af3ec240829
02e509f31c15d8f6
1f0ede1000e627f0
cefdef031119cf2f
f20dddfb011af42d
d00fe4e41711f4f6
230a02ebc2f5081c
61ea07f72ef41d26
d6e9020d210be2f1
00200d09c4150302
bdbb0fffceffec07
f1d430f005df27cc
02de0ae214e9e812
27d9f6fd12f603fc
fdecda290a17e600
e537e0ee14fd0b2d
eb041e1b1afd26eb
e41017e22315f80b
0908fc08f7dffe16
fdf9e2fdd9e4e1d0
f9112b1d01fcf7fe
de2a40bef11c27db
24f32c17dc25f1ec
33f905e403fe1a0d
d00cccf2ecf2f0f1
0cfc0b0bf5ec0402
01da161cf802010f
e4e3fd2c0c20e923
01050bf1e5112330
c3292211f61a251b
e6f9fe0118044019
f20105fdf8c9eaf7
0b08f403041619de
0420f0171f210418
31ffd2203efa0a13
f1e1fc2c091bfbe8
d0fedbf7e6f5bc16
31f1feff18fe111c
05071201ee0ef519
35f0f5faf6e9fd0e
0f042002d2f50611
f4fa2320eec70111
000e1afcea01e9ce
e31f2312162b011b
e2e61003d4d3f4f0
09ea0cd8b8160301
23f0e908f6e7f1f4
2cfb05200d152401
cf0f2ed81a3e0913
eb38f8e8d4d1d822
f01223c4ef1e10ed
03041805e9f429fe
e8fcd907daf7eafa
fbfd1804fa24facf
18c4120f1ff7c8f2
07c907fbf615f0df
f1e4d5d8f21817fe
e0e7effd02eb0ada
fce3f409f9e5f5fc
21e103e9e9f111f8
19e7de1937dff70a
22d7d52b0f061ad5
dbe5f7daf9ec0416
00d31ef2ec08fc2b
0c00f7db2f1811e3
380f10ecf5e22e05
06240a24f81004e5
f910110304e2eb10
e9ea0811efd7002c
f9f521ffe209f4fc
1de8160e25eaf4de
08172c0107eafdff
e204f315103f10d9
bcf712f20e0cfeda
e3be0f0727511408
c2f6110ef5f206e3
03efed00dfedbae1
c61507cfcd0314f1
e9ba36ffdf152afa
16fb0dec05dff70a
031efc040de20501
18defd0df904023c
06dd26e5f2c02401
15f8f4d4f5ddf825
e2cc03040cfbee0c
eddcfce7fde01b23
06e2f8fcf412090f
f103120f122a1400
fa3bf011cbf3e40b
e812023703261bfb
f627ff060bf2f2f8
150aefe6d1f0c7f0
2b19f6f9dae70bf1
fce8fb201509311d
eb05e41b0117e3e9
f4ea09f31fe21e0c
11050b031a3fef0a
def5f3fdedf4f8f5
fd28effedaf9001d
25cce8ea3d0816f8
2ceae60610e82ce9
deea44dd0ef5d715
ff0d0b21e7451508
fa23e707d7f803e5
f2e3de3cf314fcea
320af50de911f7ed
f918ed1107f1e203
ff1fedf5fd3712fb
ff06e1bbf2e4f601
211ad6f22505e7cb
08c4081212eef3f6
0d1e0211e4f0f5f5
fafe33150fec1fcf
d307ea14ed00fff5
fd4713e9eb0e13fb
031af2fb391b0d1e
0711f41e09da02e1
f6fbf3ebfc2cfa29
1ade10dbec2b3701
fb0e1fff01070ddb
2a15ebecc2e5f0bd
dc1af6f123f6f9f6
e6fefcc208070ee0
08f0dbd715b20f0d
e114ccf21aef0c1a
220cc90306f60f13
f9eef9de03f6260b
edeaf6e81ff4f6ff
db090fcdc73416e8
c504d9f8e1efd728
f3ff062ceff70819
eae7e1e839f810f3
04280ffe06380014
fe04e3f21ae501fc
eb08ec1dfa340d09
0af6c9422a2e1200
d6e8f8d510b0f7e6
09ed03f10ae0e2f4
e4d5f117ecd8f2f6
121dc40a1ff90afa
fffa0fe8012efa11
f4f4de05ddf7cbfd
1de109f0ff13e50e
0d0c07f7f8f8f62e
1719fd262244e5fa
fd0d271b03eae6f6
feca0b03f41c22ba
07320cf2c331da14
213b1241182e0254
170d03050b0426f1
ed1019fa0fdeea02
ffe3fb1817eb05d7
1bf633fefb15f3ff
0118ea1d30261923
28f1d9f0faed050f
f22d05e1e906ef00
1902d80c110ef3f8
fe1e120efff1f829
0323f41819fe1317
ee16ded7e8f4f0d8
2d1ee50034f137e9
ef1903160efbfb0c
f41741ed412d1409
f91f35120d0be500
d9e8160a041126ef
031ffa0402f7131a
021b01dbe210190d
e9c4d1ef0ffade0c
f30dcce31f33d90d
11ec23080afaf9df
331d03d5e71b16fa
09ea13de1ed2db07
32efe300082eee13
18fcfaf21713bff4
e7fc1bd51df940fe
e2e2efe8cfe706ec
f9f0de0e0ae8fbfa
16120af60e0205fe
dc0e0a29ee050400
fde2da03fcd6e7ed
1df321100a21ea30
1dfed51bd81219fa
28eaf2d4021fec09
02f60216fdfaeef7
def5ebfce3f50a05
fae30ce314242f10
3ae501ed092c0ee8
301cd411e6030005
0e09e5eded210ae4
2802052d23fce9f6
1710e619c2e905c0
fe04e6260e07faf8
171ef10400fdfc2d
2625f41cc21efe08
e40f3de7e42b18fb
0b431ae82325fde9
e0e32013de29e9ea
f5e4eee6f809f3e0
41202cf2053204f9
0612f14910270a02
dc02570631090d0f
f518c90e0232dc00
ebe0dae817ea20fc
ce05f0dbf0ebddea
00050ffd0cdeff04
10f0eb26be03c8e4
07e5eae2dc252610
0ed42021d6e1e709
fd080e120fedf204
21f0f31eedfa0b11
1005f0feebf823f1
fd15db3a19d3f4fc
f00ff6dbfef60403
13110e15100742e6
dfefe5073e1c14fa
21080b1bfaf7081c
ef120bf5d6eef5ec
19ef0722f403f815
f4fcdc272ee3ba3b
e2271fd021dd13f9
d61b261304e7fbe0
041016f736db1005
fae8d7c0de0721f5
dfff25d0eac5c009
ffebf60802321603
d6f301e010dd0343
dde41cc61611ecee
ec0704f8ee0e26dc
fb062acef8dc03f2
f807fd0d0ddef014
e62b0ceedff416f1
450305decdfdfcda
e3d35022e0281dcf
15e80410111cfaca
ec0824f3feeaf4ff
1a021f43f30edbec
eefab83bea1ddfe7
0cf5e7071d160edd
ebfdfc02f601f4e2
f30003031fec0400
012a0ed8010710f7
e8fcc4f20a0703fa
06fc19ee041fefeb
0d22180dfd004638
ea0a0e09f3e6041e
dcfc0112e0125525
fce5fef7f5ddf4fc
3015201415061c19
0d15fd0ff201dce2
df020006feeee40f
e5dbf0d5fbfd0a09
fd38d2fc18f6030b
3315f308ccddde0e
061f0717fb041b1d
11e50812faf2e6f5
ea2af1daf00b04e1
d2ecff0206d6f51a
11ce00f5dde6fe07
dc0b1020f3211124
eef6d4ecdaf900e8
ddf5f5e2530ff350
d9faeac8df1622c1
e4cce427f3fbfc09
08ff28fef105140d
eff50c2111ceeee9
20190a14030a13c7
d3dae9d5d0f8f9e3
f2f9d8210cf2e700
0116e7e905f22f07
192ad5ed12fcf01b
09e3de0cfae0ea0d
2aec05ebfce7d120
f62444e702123e00
1611f20ffb00f522
d00cea10fea91121
17dcfbf208180b23
0c000e38fb08e006
291bebc0110cf0c9
32f92aee1ef10d1d
11ef2b0909f9cbf1
e2e6fdf6063f10f2
edf9fb1ce9021502
1af5020b03df05c4
e0bcfa12dc0a40fb
03030bef0d0b2113
1714de19ec0ff9dd
2d3323321508f943
e8ec0eebf711e8f9
eaecf1ee26f61d03
f9f6ea13fafbe825
f6ecf90bf10cfe20
1f340d3f15fef01e
fbf243fe0d153133
0a0d30f703030ffa
1e1f1fee21ddeef8
ff20f63bded5eee7
1cf603ebd7192cd2
001a19ff0c3b052c
d4f508fcf52a3302
ed1c0d1df2020112
07fbdcf1ead51de6
0af9fd0f2999e7d7
d7fa02e00ce3b5f1
1d31efed022c3007
05fdc90bee08f82f
2d2317f2ed0d27ff
ef22e00e0811ee01
28dad7fe061afeed
1cfcdbe7f217eab5
fff7f41af9292000
f4d3224d00f2f2fc
dd22eaf12f1017ff
03f1f70416d7cbe7
fceb101716f7dbf0
08dd47200721ebf6
d914ea2404f7fa15
f7fd07e511ecf9f7
d51bd50d0808192a
fff1c9e6f205faf8
f3edcdef01001cf7
162f1ceef9161a03
b2040c06e30cec02
260930fafffe11f9
060742c90b2cfe1c
e7e8edfdee0208d1
ffedf7fb06e2160d
e50ffd001707f20d
d113f4fded002203
1507020ef80f03de
f3effe09f6341209
ecfe07f9f9f7ee07
10e1f807ecfa0a03
ed2c08c009e9db16
fd08f91bda08d20b
0d1326e21b37e40b
03ec2fce0dff100c
f5fa090e0ed80100
f5e5fbff02030010
e400e2e0ea05fef7
20e4eb21f1df0bf1
201c0aee01d1ee17
0b1ee52a17f105f3
0f26f9d9e0f9f23a
fafe05090201281d
fbc4f1f009f7f313
cdd6def500040803
12f2f6f306f6f8f4
1c0b0a0706fe1808
fee3da03d710dffa
e10ef128e1062d07
fcf238fb33d3e6d6
f8e1f0df0cecf917
1bebf90f0cef121c
1803e711fb0911ff
0ced06fffff30cf0
1cf0040ec6ec0023
1410cdebfcfb0a15
0a3433fb1df511f5
f210fe0b2a1d0d06
dfd3ddfa154ae5e6
ebeefd0beff4c732
d6fef3f110f70314
171119130c082210
fa0b1afcf2fdf727
efd1d702ca0ee83e
0f1bec06d7f1f01a
02df01c80ed8dd2b
27f00816fff7f3e5
ec2adccd060813cb
25191fe5d70de4ef
defbf307fff52a3f
f0221926ff14f8ff
e4f306f3e20e06d8
2005201807f8d411
3824fbeff51b1afe
1c0c231b2ef61525
f7ebb0ec2df6ddea
e9fe05182a2010e2
0e0318f31015eeee
d8d421daeae5fce9
04db09ca1bfdf2bf
020df2f3f6f2fc09
c502de030b12e5fd
ff2601fd062fee0d
4408f6e7fbe2242b
09f7172af50e41c9
11272e1cfdf50906
10e83d33e3fe00e8
180c1d2403ef531a
230a29d5f8debbe4
1302ee1f14fd2938
07f8ed1d3afa07e1
060ffaf2fe090cd6
f41aefca0f21faed
ef11f641f7eae0e1
1bffeb1ae2fe0df1
152b17dff3da14e8
e4f9f5f105ca1bf5
e4f1010efbebea2b
fdecf41fda33310e
0c222bf41627e81b
efee0de9f3fa06e9
fbff1300e3dbf7c6
040706e7f61007cc
1a0b2020eb07263b
1a2cfdd5fbfe1004
ffe41506173dd90d
fdf0060e4011c901
e2f833fdf103e7fc
10f302030f01e5ff
d1efc51b0319eefc
17df1611f6fcb0fc
09faf01715e702ec
f800050fe9f7fafc
180a002c0f043bd9
e605f911f2060cd0
42010d1f240bfa0d
021b1ef9f40cfff1
ecea3c250617e23a
240f113723fe0303
f5222503fd192d18
15f5f9ed1a07c517
57e7fffd0bf42eec
2800e502f3e41206
0309060201110a0c
190204f60af2e00f
0ff608150be32a17
01cde6d2df0eed32
e11000220cee20fd
f519ed25ed00f1f8
e6dbd6050cfdf9e8
34f60107ff06180e
def217fdf2f0f1d9
2524e80b0ce7ffd4
f0f6e6fff2ff0a3a
1f122a04f5eee50e
0e12130dfdbdf8e5
f0c517b90a0e2425
13d1e510cf27e0f7
010ff2eefb20f1ad
e6dd090612f4e1e9
f92dc8ec14c91cf5
f331f3ebfa1f2d05
05f81df1fa0a0703
e6e1f71b260afe1a
fe3ceb2717e7eebf
f2f802f309fa08fb
f302172cf2070610
f6f316e4110ce60e
06321bf125fa171f
26f1052332f7ebf2
d90a370f11140723
ed0e000def21d8df
ef1be8f707defb0c
fbe61d11ef34fae2
f4fa08060bf9e123
65200b1ae916fd1c
02fceec7021806f5
15d3dfdb02f311ef
ed0a16c806f2e7f0
fbd511f1e0dfe412
a014ebfb02e4d31c
eb02f4ee0e27dcd7
fc122826000234ef
112705f905edf6fb
381c210e1af318c9
dcdfcff9fa07d9e2
fbf3f02702ee01f8
1ed8f6f2f9e4e2f6
ed0cd90414fd0b06
cfe7f4091debedf1
110b011be50b19f6
e60bff01e4ff0bf2
2c14f230def6f614
0ddb0ae5eb22f8f0
3714e0d3ee0206cb
1fde32e6ecf6fefc
d310efd80a131b07
f6e914eaf6ebf8f9
0bf9f7eef8e0e610
0d0fe9051826fd25
23060023f41420ff
effbf039e3400bca
f6eadcade1e0cef1
fcf7dd26f624f2d0
0f09fb211f4b0cfb
15fa19e3132a0d29
f1001f0ee8ff0515
c7fff2000bece6e8
0f1adf1120050feb
27fefc03f508f90c
0b1df60e17eefb06
e30a1a0209dceb1d
f939f02818f9f200
dd190ef2dfcbc520
df120907f0fe29ec
e7d606f51f2115fc
e8eb190cf6b3f500
e11be8ed120624e1
f20a13f114dedaf9
f1fff1170b02f502
d5f5062f0e07260d
30e702f8fafe0109
1502cb08ef40fe30
d10dfec8dc0f1c00
fa1efc0deef610fd
020309f0f4010e14
f6f21cd300181526
0cf7151003f604e5
ece720fc0a03e904
f2f503f404ff00f8
d812f9d809eaedea
0507f8d50e0d4f2d
130c0fe4df0b17fb
f9f42d06f21d341d
ecf312cefbf5f4f2
0817180d18e60e11
c203ddd72bebeef6
07f808f2f0dfd006
ff02e9e721ed2a06
f0fefff0100d3f28
0d0702d6ff0eedef
070de9c707ece3f9
dbe202270220e5de
e7f801fd080516ed
1913ddfcc8001d0a
2e0fdedebfdae706
392229092bd8f9e6
010d1216fbf5f8fa
0b01f4fae9330fef
13f119ecc21ff8fe
000a1e3836da26ff
f6240f071ae7f703
c7181ffe0bebeb12
152a0c15ddf70bfb
1403eb02f9facb00
ca0ddc2b082be60b
eefc120717e0fbf7
0f06fd1bf5fae718
dc07010ef617ebf6
32160c17f818fcfd
faf70e0f0a1c1bf3
052df2e9ddfedd3f
0b28070ef90e26f9
e0f5ee29001a08f4
000219e6f4ec2a12
f9f80fe0e01d0cf0
3ae20938e1000ad3
f5fa042d1d1b0749
1a2734da0f0c32d1
321f24e9fef3f6f4
cfd4e72ee318eec7
e7e7060eeab1fb08
072017f82a2a302f
00f101d8f103fc1d
f40e21e211fb0cf4
fdcbe3d50a0017d6
e3e423eb1bf0fff6
074cf80fd8c5f706
ecdcf25117f1d9ec
eee020021615021c
f7d90ff0031607e5
ee1707c6eb241c22
eb001410f3f1d91a
2afae310e2f810ff
1402f109fcdffd1d
0608f00cf30e09ed
01260310fbf30616
f3e90605f50d060a
220d2e060217e510
e511f107cf0bfc19
eee8becf080bd0e1
0eea12061dee0e0d
00ecec14dad6ead2
130d140cfcf7e4f9
0b141301ff04cc08
0c0c00fddf091c28
0efa0505dff8cc04
0f011affe1301ce7
e105d7e1e7301c36
e8fff3ef0df3e8eb
06f2f1fef801fc0b
3ffe1416eb1afa09
2219361006fff2f4
1505ed14011007e8
2208272f0ae91f03
020e08fcd9e32019
0e15f4e00c01f401
f002f402df09d800
0ef21ced22fc0ae1
f2f90706e518f81d
12c6f81ded2af416
1d0af2ff1bfd01ee
f22afc2306f2fc35
1ffefd27fc2af507
eefe04221b39d2ef
df24fde7fee8f9ec
3d02034c29241829
efee0bfab0bdf93e
fd0d040a0bf1f613
0b18d51301fa2928
171e1f143adc2ddf
ebeaf30835e804fc
1d090d0d09f0fa12
ea09110c2317e635
1ce4eef11824d7fd
0c02fff2fd062b11
231904171b07ec14
f801f60bfff51a05
231ff915f7c7020c
02dfe1efea14f4fe
e7120829fa08f714
e9f4fbef10050b1e
23d130141b2c031b
ee0eeaf303fe31fb
16f7f5101afefa1d
f52af0fb0c0e162b
f9eb1911fdf0d202
dbfdfd1d26f3fff1
2c0b081b2b3e160c
fad326d80b16eb0f
22fb0d13fb200712
160dfcda15faf6ee
1218151019ed1f1c
23f3f8e7e9eaeafd
e9f302e6f80ff912
eb17e9e10cfbf11c
11f30e1d01e5e6d9
f2f9eccae91313f0
f51aee2b050c3413
0223160dff33ea13
09f1e6e0d304fe0b
f415f6f811fcf8f7
000bf7fff0e7f6e6
33f920fc02edf906
e90bd2feeee81cdf
f7d2efd5f2f8e317
fa041203fb100f20
e7e4ff0ef807ecfa
10e20004edebffef
0104fff1ed09f511
f4d60508df01581b
0ef722f8fd1701fe
dd14f3f5f8ef02ff
dae10c114615062b
d3e4f1ecfd10e1db
e018f8150d07d012
0f3414faf1f4c9e7
35dec601e3fed7fd
fae817dec92011f9
ded4de270befe3a7
f2d7fc100e0108d9
e2f1fdd7fcece917
e3f5eaf3f6d82ad9
e21825db01ffffc3
e3f7003d0f0308fe
e831f823fffc1f14
08d4f0f133fe34ec
0422ce1f22a9e7e8
f8eeca27080a2c24
0528dd1f1415f20d
f1fbfd35cc06f6fd
210af80a200818fa
1de3f61cef251e1a
08dcff181d05def5
f520110aefe306da
f2ed03fdc1ef20e2
dd03fbedfce114e6
02fbeef102f107e5
d919000d1d18f1fb
fdf147f0130510e5
df0f07ecedda120d
05090ceff5280a06
0016e5e20d1ef8ed
f541e1e7ffdf26e7
1cf01106151ce30f
e20bfe0cf6e2f2e2
0f1e45fbe7df2627
0a0228e2f9050520
05300019f4dddb0c
d5f1211d0fcd2d1e
00fdfbe4150100de
f8f6020c09f5fdf9
fade1df4e30ce109
fd03090305ebfdef
01f5d4ddfc1235dc
f9edeb0bee1a26f9
100311030e0efc17
1326e5ebe9fc0404
fd1ed7133109051d
0f410316eaf9f3f4
33e9223e1706f047
f0d1cb05fdfe35f6
df03fdf8ffcef0e2
fb0ffb08c8edf956
d8eaebf205e9d1e7
f029e8ddf9f8edf8
0dfc050b09c322e9
f608f62135dc03ff
22ec07f42eeee50a
08f0f7f2def1f717
1013f7f21f08faf4
f20800efebd8ffe8
29101ef8fbf71c0b
ffff500b00ee001b
273b69230abee9e6
15d10bb8fa40002d
f5efea0e011e02fc
ee08ef0ef5db171c
f4f8e6defe06e901
0cff151ff91e4a01
182b1c1016ecf70a
fa0eff2e0607e3fe
02e913dbd011c620
0008041e110fde1b
2b0211f900f602e5
e0f0f9de012cebf2
fad6ed0911fb1cdd
22d3fef4f203081e
0310e00122fe1916
d4f60d020104f2ed
e51e1cfff70a2712
080a0ee0dff51cb4
231300e80b13110c
ecfa000b18e007e8
ec1a0909171c2800
35082bf3e4f5e107
01051305fce92006
d40a0400ee1fcdf8
edec24e819ec0b2b
f9f907e8e6f1cc29
c70aedfdd93bdfef
1dea0e30fdf4cdec
f5f80512ddd3099f
010fd7ebec3bf0e8
22bff4db00e80108
1016e0d80ef0f7ff
fb0efafaff1dff03
f5f9c1e0d9f9f5e2
e244021b130dcb0b
24fb0adf1cf708f7
e0fde70418e3fd1a
07ff02f30412133e
fd34e00117d2c5de
db32b3eafce8e8fd
ea11e7140a2b0939
0eb00bdcfcdf1440
e2f206faf6090005
1afacc02fd29ebf1
ecff061000eaedf1
be12d1d7ed04f2f0
1ce110e317241109
122a05f30b10f708
2111ef14ff112efb
e11ce007f4d6d6b8
110e090e1401f8e6
efc2fbfbdce9dcfb
101de32d1357030a
11c6fefeeb2ef41a
112d14130332ff1e
17372b27d706e8ed
2ed00b1617190234
10a81b18230711e7
d60d1d104722e1d0
ecd819000de6f418
45130017f81a120f
07e305fe03faf5ef
0bf0190e04f3e7b6
074c0bfe1130160c
09f80fc1e5f415c6
220be60a0f0829df
f9ee0f12141b142f
1b310406fa3b1c14
0923f4f630f6d2ff
0c14edf12310fa0a
1210fad7fded0203
fa0aed0fffff00ee
f1e6e10e051defd3
f61febd4f9e6efee
dabeedc9c5dbf3be
0800dcdd01e40720
fdd704dae3fa10ff
09e9eb0200f9df12
0812e62820fb1734
e0e12e14e112e111
e50e01efe00b0af9
d009111210f10cfe
1310150c2a12ebda
f9261eebbbfaf50c
ecfce8eaf012dcc9
e8fb150900f427fd
fb11fa13e423df09
f40801030efa3a0c
080119f328e51d05
0fd62407e601f4d7
fd070cfbfd06fff8
e1240c06fd0d021a
ef212b41f3feffed
f0fb1111d8df0dfb
00fbfd0ae4ecedc6
0cfbec05ede101d5
220f09fd1132f713
f020310a19fbe71a
fce20df6ee193728
0accdaff0c012dfe
ff15fa0cfbfd2c02
1b00080be706fd0b
e0fc33dfede9f81a
0354f503d0e0d904
eceb0c1bf13800f6
0a52160401ebe719
0fce08e4093ef6cf
1b07f001ebda2016
1405f7f700e5d303
ff1ad4f009d4c8fd
e406f615f8ef28eb
16f42f05201cf1ff
2528d8d6061f3bed
32eed224d40cf2fa
fce8f8f3e1264bfa
d21e040f03e4e005
0b04fafcf3fd0e04
02e428230aecdce4
f2f0dceb18091c16
fe0ae6f50ee712f3
ee152ddee8d91419
e4fc03d5120ef42c
e420070e01d612ff
ef01eff11d28eb36
f10ee31ef4c9061e
dfdefaf9f41500ea
0b04fef32c0cf117
1b081d2640ecfb23
1c0bdb1801d1e4f4
ffe409edd20de4fb
10260be3f511e705
2622e4effbccdecf
fe1df8feede3fbf0
0a0d21edea0ef8e8
071f08f322fe0a11
26ee1efae1edf2e2
f1fd1f0dfc1cf3d8
dfff02f0171ddeea
07ebd20be23c19f9
15fbe900dbffbfd6
1b0708fcf710ffdc
22b4f401190a251f
14060610fc1143f3
f90ee8ee09faedfc
f7eb171402ec2e08
15d7d9d7f5ee082e
fff7e9e02508230f
0101f6eb04ddf3fd
feede206f42a381d
fddfeae204060cea
f4051b050f00fcf4
fae30afdd1fa0200
06f60c1537ddef05
fe2128320af9fe18
f9e405d4eddafcde
0d14ee16f1ca0b1c
15daf4050b01ceec
d40d02ecd4291f02
e6d31e29ddf8e003
171808cfc215fced
f1fa27ef3ad7e8d2
ed07fce4e7d20ada
13fadbdee83315d2
18d9e420e708cf0f
080de22105f026fd
21fb280a23fc1034
170cf90401b4ec1c
0ad1d5fb2f1cea17
fa063310eb00ee2b
0eeb193015e50ecf
2c300a1af7fd00fb
f5083625153be3d2
1a01ec24fb28e6ef
06fdf824f700ed00
0515281ef728e71c
04f7cd2617f30719
e60301ffdd08f80f
2cf821d50404d0f5
0d20dff708f50718
13d602f3ec10db15
1333243f160f1428
cecb040aed4106ec
222de2063520dd09
fcee1eeac814fef9
01ff0915efcc160a
f6da061d08e108f3
e50df003020e2ce3
f20adaf1f3faf409
ed1d080af2fb02e0
f7e8f7ff03faed00
f5ebe816f3ed19ec
1e0e1d21e903fce4
e70910dafb0723cd
07ece6f80b002803
b90817f30705e819
f714f2e00c2c1c19
fbd3f6def4f30821
db09000ce8380003
d2020d13eedbf6f5
c30f06daf4f4060b
fff2f6e22b17ecfc
f82cfbe9fcd3adec
03d7d80d32cfe3d1
0cff11fe05fffffb
2d1e11f8080a07e6
f4e500051f1b26da
ff10111816e70af1
0af807dbe71b20ec
10012af10911f5f2
e5f510fc05acffff
1d1cd4e707e0302a
251b5102302c16f6
e61ced02d90aebff
290417e70130f7f9
11efe4f81b0f11ec
f0fa15371f121a2a
d51fde17131b0af6
01fff9d01210b1e3
261b0afa331bef24
18fd44e839f1f330
10031fee18e8ee1c
36defae6201e080a
1c04ffd8e1e707ec
e8d9ecfe04e22d18
c5f742300b501009
21e11731112201b9
14f20b032526ec44
19fbcf33fee154d2
f6eb170b001912e9
f128041808f6f515
ea0f3512f6fff0fe
021b2b20e80c0bdb
f60ff8e0eae3f3dd
d0d7ffdbfcfa11e0
df04eaf90b15e8f3
000ef7e5eced0fe3
060ef005f1dede0c
ded5e8ca03daf303
060ef122060bddda
e932110530e6bc18
0f112222faf21418
f718f005ecf6bff5
1b33e01026e522f2
2aeefad10a14fff1
daee03241e290bfe
eb0a051b0cfdf1ee
f0e406ec1cc9d312
10dedeec0ceed51b
f9cdbadbe41515e8
d30b16f5fa1006da
f9fe35f1e3fee3d4
050ff2f60f0d0f1b
0ae415fe09fdff0d
f401f90003fa0fe4
0429f8f30c18f90a
1d002505ef22e5d3
1d17d81213fad8d9
e00d02f6fa020d0e
e0f01fddfe260617
d813e0032bf2f614
02e8010cfeeefc08
fa03eff5d7fdf817
ef11faccfe1a2706
03fcf335fbfbf42a
f14ee91729d5d8cb
01f8ea02f9fc1b2b
f701e60102fafbda
dd1dd6b3cfd7fd3c
1105e7ea0de8ffe3
fae3f7042ef23a1a
0fff010deaf2e12c
12fbfee0de03f406
e3083a2716f2fdfc
efe1e4f9fbe7e3fa
06f81a1bee172af5
d7141418dbe809ea
0e00133b07dada0c
ebf00719e613e5e0
05fbfe11000612fd
1914f7fcd31315de
06e3e808f8ee3904
251ee8d7f0e60e13
27dfeff3c6e7f02b
f700e2fb02e9b4e5
02efd9e9db09feef
f2f01311df161c15
ede4b8e9fdf2ebe9
fa1e311cfbcf200b
f51b16f8ca0fe223
a01c1925d4030114
062ffd2045fee120
1c09d73b0106241b
242707e603effbfe
ebec0511fc1618ed
0dd9ec490230e30b
0003f212e01cd616
15f2032eeee7003d
f8e7f521f9f109bd
f01e172c21dff013
2b09fb240709f6d6
5511061b1ffdea0c
13eee108df182511
230dd9e8ec3120f4
0c00e5d4fbeade1e
f31727f9b005f306
e60d1414daf2e315
02f8520b1c0f10f8
d32022d1f00ceff0
fe0314fffbf34c0f
1229063f19d50b0f
000bf81236302f06
eef3f404c01915df
11fce7f82bf83f0a
15ff0918161d420c
4103150ddf33191e
0efae4f7400212f4
00ff01e0cc0b31ce
0701d9fcf5efe5ed
070c170808071e07
dd0ef01de4c3e72f
0904d9ed25b10029
f11e0f1018f10625
d80efc03053029cf
f1290ef4091d01f4
07ebfc01dfeceee7
36db20462719ef4a
39f9d8ebf7f5130d
f2e3f4fbfb1e05f0
ebf0f1000df61200
e0e9fad9f1f0c6d5
14feb8f5091a0205
f8012d15060bffef
261ff2e80e15fee6
f5f9e0dd0edb0d02
2202130d05120cfb
fafa1dd90a2b2d03
fcf1dcec10280e01
f3d1cfdedb05f3eb
13d324f3db1602f0
0c1f29ee4efc051f
03fe320b070311f2
ee0a18c715f319f8
3a1bff2e65d2260c
e6cc11e22205edf0
2bdf081c33100beb
00e80c0ad0ee37f3
052a192801eae4f7
160c100d1a0af620
0203112fe025faf6
1223e901f8101d19
e8ced5e2e4f8e208
e9df1d04f5e92404
021300e4de06efe6
f6061c221df42b18
0d030321050dd81e
eab803e7f422110d
fc0a12f6332f2e08
1610f9d6f90eccee
31c41fc31fce35f6
e4f51be70215e228
13f1e818f416df07
0cec10f1e21d12fd
d401e8c6e10ef5e2
f8ddf0e2e2fc03ec
07f2f51301faf2f6
0904eaf416eb0dd3
03031f1d260601f5
27e214f50b01ed1f
36f41816132ef0ef
1ffce51becda25fc
100715f3fb2514fa
f5f300161dcd1904
e11124d00418f8f3
d9f3d2cffbe5111a
16edfcf908f410ec
0b28f5e815e51528
d20ad312ec08efe7
3de7ffe6c4f3da1a
44f7b7ef122312fc
fc02c716012df239
10ce34f82cf10a22
0cbffefce1effef4
35f6fdee2ad9f71e
01281d11ff370a00
1af11c0cde2607f7
e7fefef6db320914
f90911e204161617
e1dcdd2016f812dc
08021300f001f401
e8f30f19f3ff03f0
03fb2901faf8f411
1d32182020eb461d
cbee1efbe21cfe11
080612d6eee7fe18
e71afee3f1f9f126
e3f71afee6f2f706
fbfcff2ada09d415
f7dc0b1ff337e7f1
f60ce1fce1101ae9
fa11fb14f004ebf3
0810e4ee0311e8fc
0b1a0630f9bf0113
dfef0718e5061205
f101ebcc03f2fdd0
fae7fb29f32bf30a
0708af191f2be62d
07f32ce6faf515f4
e9f60807cff70d01
1519f60b06e506d5
eae4200ed8d3ebfb
f8c4e107ffeaf4d0
f806c6f3f5e7f3de
2eeff7b3dfe6f7f9
10ee050623fffbe7
f2fdf807fef115f5
e9f823f623cfd6da
09fd10f734e0fa23
17e933ffe410081f
c82610eef901d510
f20013fd02cbe900
03feed1f0f063a09
2d08131116ea19f0
23fe2a0428e90ad3
2724ee1db4e2f2fc
0a13e41dea16fe0f
1ef2c108210d01f7
14e21017ecfd1606
150fe701c4160a09
18f2fa02f019082e
d30026eb1ed60cec
1a0bdfe0dbf3fd02
f40832ea1702f5eb
0fec0e06f81206eb
eef107e5faedbddd
08121c1a2d000812
05ede4f5fde70b09
01033511fe2224f8
092b19f1120f1011
fd2c0f0727e109ff
bdefc6f6c808e7f6
1a480af617080639
e925f7df091ee601
e130e10015011bf7
fe15d9e5fff81bd8
e906e722fff3fd0c
f1f0e3f8d6f4ea02
df0fe1f92604f4e9
03e41410e4120af0
fb0beaf147dce227
f21d11fc25faf6ef
bc0127ffae030402
31e41c0b0cfd1e21
0204d7f215fa22d3
1704f81d13d7f337
11f71839160e1609
fcfaf0f912fa2222
1135ca05d632f621
3de9c2de27d9f9ec
c613e812fbe51117
e9e804ddf70e06f4
e5b80bf4daf6d7dd
0adaf5f1daf8eacc
14fef9dc190fd20b
1d1a11ed0219250c
15ee0b2704ef0dd2
da06fb07f2de1edb
e9253d14e6281502
3de5fa120bf41df9
f9eaf739fa02071e
05fe08f6f0160724
04f7dd17e1e2ca1e
f2e0202712f90e28
da3225ff2f091eef
ea1c3ce8d0e3f605
1f2e2320f737eb09
1713d6392ef00012
412619fafcfe18e7
110ffcf629fe2d08
dbfdbc05e3ecf8e0
f002f709de52ea36
f51216fbeb03f409
0d36ebe02c0ee2e5
334e1101fa171510
f5ce18323c0307f7
f614fb3b0afee52c
14ec021eeff819fe
13f601fe2209e9f4
ea441edbe4d413d8
ed1610f910f2e1ee
001245f6d1100f05
12fdd30c00f9e00a
f5f9ee00ed09d4f6
d51cdb29081df5ec
faf6cde6ead51aef
f707cdf50ff50d25
0f1509120519f60f
fbe236070efeeddd
fceb0e02e714371e
1ae229191b22ea14
ff10fecee43f12f1
e81ee7f7f0d0f8ec
fa071efa0acc09fc
1d0136facbfa0bf5
021024190be612f4
d831e0cd0f16d7dc
27040feef00ddf0a
18e70924ce1d14bf
01f402f80afd191b
fcec020e23081a1a
150b10ecff12fbf5
12ee29f5ff1e39e0
1020ca3ced05efee
f2100afc0215fc19
120ce1111908d5ef
11330cf7e336050a
d8dae816e404fdf7
e6f80ededfecfdf7
0213f213021df607
1dfc0d22f32b0c18
ed0902ec3fdce4f7
06f606f80bf105f6
00160406e3d9e606
eed8f3daf2e820d3
e2f6cf23d0df0dd5
d2d8ebd9fcfe1947
f20cf3cc05f4e6da
f60c08270eecd91d
f8040015f7f81b0d
0d2f2828ff031bf0
f1f712ec0dfd080e
f01fd80407fff100
08130af5f4faedf4
1710220c020641fd
f9e10a00090b24f7
080b15131511fcf3
fd0e12d1051bffe7
fdeef0d4eaf4fa0c
f6f8ff0c0ee9f003
230cd60d14f1e220
e60aea031222cef6
19f4e82401dd12e4
19e52611f5f63908
f3ff15070c07e5e5
d9e00df41bf030d4
fb0ff8edeaebeae0
1705f7fef50214db
3eed0afb26d025f0
dd07f2183815f3f1
fb090d150c120c1b
1412fbfc0e17ef19
e4fcd3cafce30b02
fbf1e50eea131413
1e01f20527ed0315
0610dbeadd0cd708
04011e110c0b1ef5
fae6fde6d00d1209
d3da1c2417fc5942
ae3ce6f8e2e521f7
e606eaf7131e1a13
03040be306f110fc
d8f7e2f2f00b040b
d6fffce422fff6d2
3201d02ff60920f6
f9fde6fef702dd07
17d0f523d4140dee
2d03dd0301f1fd0e
e5151b06f1f61d12
08f1f9e220d9eef9
fff3d5140125d42e
fac23609cef50dfe
eafffa1ae2fbf5f9
1cf343f40cff0aef
ff06f3131d0ffcd7
fbf9e910f3fe0000
09eadcefee0ef6f1
1b12033705f3e625
1fd6f6092501eaf9
13fbf2e01811010a
1df5f0e0bd1cef39
28fd53ef271c13da
0805dccd04fdf2e9
18fadc08190e0afe
f1eaf3fb1bed18ee
1a2014e9ff1fd42d
120009fcecd9f1da
fc09e3cd05f1f2ec
d807f10a03d11128
f32110f9f9f810f2
e9150b1bf5f7cb0c
1ac2e10cf7fbc2f7
e2deefe5fde5d3f1
010a1ff3f819fd11
2ee313260001ec2e
2829041f06efdc25
01fd08fde5fa0cf7
221611fcf1301612
f6ef141af9f81513
131806f105e72505
09ff0d1114ef0b14
1f19fbcef5100f11
e10adb11eaee1025
f124d4071cfe1dff
10f7f1fc1bf11a2c
182a0efcf1112016
0afcfd0735ef0f3f
12f4301b49e42df2
bbf6d6fb0e22c513
0a12bf3814070b21
21e90c1b171ae5e6
dc18f9ee15f501fd
f32f0c40142f080e
db0dfcded90ec70a
d931500c2437f005
0a173b0113f40909
161c03ee1ff8c8f8
fcfff713ed2d0d27
0f23220908f8f310
ef000f0a0bf7f615
0e2515e6ed08fe25
ee0add171c0cd4e1
ecafe9f110f713d5
dee9fe161c1222fa
041203e521fc0cfc
f5f5eaeb230608e0
11eedd14f50720db
d8d3010eeaf9d60e
190c2406f0ebfb08
1612f10c03f70c01
e414390ef900b10c
f617370adde7d1fb
f317f5fc01d8dfe1
f5040be30ce706c9
38c4e108e3cee0fb
d2f80cf4eafa02fd
ea1a02faf7f1c0eb
f9fd00f41b1821df
241fd6fe11d225eb
04fdf7f2f7e6d0e7
06f51505fcef0e0d
0104011d01170e09
36020d0814e3f0fc
f715102efaf9fc38
38defee801020e00
e4e3d8edd81700fb
fa0102f00d06fd07
ed14ff2cf7d4481a
f9ed19fa241d1136
f005141d18fa0e4f
dc190f2702efecfd
e2ef1a05d4fa18e7
200b0bead8110904
f0dafafa07ec07fc
e208ffe7f9ff1111
0d002a1afe0af5e8
3308e21929cde9e4
eef606f5e408fe12
001f0e1408ea0809
07ecfee0050a0fdb
f70332140428d81a
2b14e5e5f2f0deee
fd270d0cff23e70e
0de5e10ae7262817
0a0e01fb02f1fff8
11dc13db1cf2fcfb
19202e07f2212cf5
f70914fd13082919
ede6e7eb0a0ee125
e8cd08ff11ecde12
f5eb11c2e31cc7e7
03fc0204f0e6f427
11e10bf6fd0bd6ff
ebf0ddf8de02e919
2308051e1ff11824
0ae6e4d40808fe1c
fd011dcfe43203de
e7cbe81509f72fdf
fde208ef200c1d12
0cd91a270f01fcda
0ef8f21304cc1612
fde8eede0ce94112
0ef6df41f3de0e18
f317191a0424f001
feeff8eff11a1d32
18f8e4ef051102e0
f6fcf80601ee15fa
1ff806fd03ff17e2
0f001b0ee60a1211
16ef17f4d9dcf51b
e3f0e8f608e72902
11d2030b140313e4
023cd7061c1c29f1
e1dc04fc03fdffd0
de2b092c0c3735d7
f3f2ea0c0befeb14
0904072c131927f5
0efd0c1c261cf50f
0e271ef0f8eb21e4
1b050918fc0cf30a
070b1edd0c09f9e6
2014e8ff1edc11e7
e800ff270217162b
e8f501fbe4eae3f2
16f9f2ded5dcd0ec
2c09d50bde0f082a
cbf3e4f10ddd11cb
1103ddde32e7ca09
fdf113f1ed1a10f0
1134faed0401fdfa
0203dbbde8ebf2ed
19f7fbd90ed9e836
190f0ceffeecf3f7
eb20e703fedecd12
0901272afcfadafc
df19f40a04ed01f7
f7e5e6051030031a
fa07f409161bf10b
fa0eddfde415fd1c
f42c05de03e7e0d1
f029d506f40e15ef
2df8f9e7f30f20ee
f905f11803161219
0414e005dd15010e
0cef0ff4de0310ff
040804fffc192004
f6edf0e40e2315c2
e4f90738010924d3
0e2a081ce7d504fb
dfcdf5e6f6d8ddfd
eaf4d8e2e50b41fd
d4c4f20b0a0aefdb
d6ebe6fdeffc1cfb
fdfb0a17131419f6
e813f7f60119dd0d
1023f3cef72f18f2
bb01e036ecebe507
38c7f4051a1407f1
0ae814fa26d8f62a
2915f907f7cd01f5
fdf9071f16e8e2fe
202ffb1bf4f30800
2231fff0f0f0ec06
1c08f5330d12f901
201a01100a08f70c
e827f7eb031000f2
f0fbf908ede431f2
eefa03e7f4f8f80f
03fa0a1111fdfee5
ef03eb1cfaf9e6cd
f31f0d34def2f709
e6c1fb0100d10ee7
1bf50120fa26c1ec
06f3e817e0d61d01
edfbf913012ae9fc
c1f9de02f3e7011a
10281f02d40ef223
eec90301091f070e
de0bfc160f0c0f01
230cf6ec05f21217
eddc04e0c0fcfc13
2fe801e8de1500e6
e9f8f9f006e121e7
eb25eef306fc0c10
f916dd0ff1f700e2
25f419e6f6fa0701
00bef6c4ca17e0d8
f9ef00030a0f1211
c3ffff0d020a0eee
041bf41539def4e8
13f8efff09072d20
0ce906190bb81a0b
1eb1fbd8162d2ade
1bfa07b20b09f92e
0ef0e8f6ef00fcfc
0d120fea1f0afd0d
f123fb0617ee0911
0e1b360c1ec73808
ef499e12f31cf905
d70a15020c050df2
e4fc12d016f325e4
d5f1f9e0fef709fd
e9d8dde6041bfb01
0d0eea03f1fffd23
36f6180cfe0ff011
30f9070f10140917
2613f80d3018f933
f2e425f9029ce307
16fe0818fd0c0437
07ea1c0ae2fc03c7
f8f404fddceb0a19
dc1512f8ee01fcf9
14170409fa11ebfe
f6e8f206180d01fc
1e300c0e171c17f5
0e3ce0f1e9f5e8c2
eeec0aece70bf9e9
d021140cf8e603fd
0204201d05aafa12
dae5eef8fd23e30b
0debf007caf10edf
f31c0e080e2df009
e4f71e1f0cffffc9
1cc901f80e00eef3
fffff2e4ff1bfae1
05fed0c500faf3e8
1e1ad72ef10b121e
1a0bcd1816000527
070e24ece91601f6
2aea12e5f3ef1d03
0becebffeb3ccc28
fdf8e522e0f8ebd9
2c0bf5250df015fc
fad8f6ebd5261012
1efa0105f11ae517
09d9eed7ca080afe
b5f7f21eeb0d09f3
0010120eeb0fdfe0
f4c8fbe5f5e8f103
e719e403220301ff
f7e21e0e040b321e
d10b1cdc27bbe4ed
e632124a1f022722
fd0a0b16edf4fced
fa0e0df6ec32022e
cd121bd62ff80cef
2d11e7fef6fde40e
fd09e5f0e3440b16
faf9fef8f20f13e1
1ae10cf10212df1c
f109f1e120e7110c
fff5fffbfaed0905
09eaf3f4c200dbda
0220fb33e104073a
ca180c0afafaf0d8
eef9ebefea14e6d6
fa05f4d71c2cff0b
ec12180cfa01e631
fddcebf9efdfe5de
d7dd010fdd0ee20c
f538020126f903fa
29e40a06d5d30c0b
f4fcf9cc18c90e2a
e60d0feeede316ec
180907d2f7fad9f3
17e5e5f1f7eaf309
f20ae413fa1de316
ff0a0e12f2def7d5
2509fa361924efea
050010e51ce40117
03170b2112f6fd4f
e2242325ffb611d9
fddcf209111ef307
2517d6fc0ef9dc06
0aea02a75fe30dd2
301eeff0150ffef4
12eb2409ec381df2
f804ec1cfefd0438
dee449102b200ef6
1117270310f50826
f0f1003121fe10e4
13032a010b211c20
2902e9e7fa0d0b25
f62a18e621e2e6ea
e7fdf8e6fcda1623
fadf3218061406ea
141402fa05fb0bf3
fd2edf1c060a01de
25d4015c06f51430
effa050f291007f5
0603f1d747f5fd28
0f06f9ffebf9131b
0330f8080aef04dc
fa29fefd0afa2903
080e3d12111ce706
03f41519f631c520
df12fb0ed3fd241c
e9080647f9cff4f4
dc1208231ac91102
e4f2fae6cc08e20d
f314eef12af6181b
1a28e908230b1ff5
f8efd41b2712fd1c
e0e9d9081afeea20
532f1215e9011a0f
0ef62cf5db25fd2c
0af5ee13c1eecaf5
243f1721e80109cc
08bbcc0ed8f4021a
03e50bc81b0231e7
07cc20fe11eec716
f9f2123a0821df03
f81211e30c19f710
f71813fff2f3fc18
12ebe2d91a29d809
f704effacefefeeb
2bdb010b23f60313
20040f100ade2420
0cf814da1f07e51d
e5f10010d8e205df
ec1a1613fdef0d0c
0ddff2e30601e61c
effbe905fcf6f903
1410030a0b1803eb
e7e028f6cafffbf4
dad83aed0a121b18
19f1fadccddfeb0e
10ddf4def90af118
da0d0f15c709020b
fafaede3ecd8f4c1
1b2aebebd015e5cf
dc06ee32e3e01ae1
d60d1e0100200511
e6031deaf0021019
1f16f6202320e7f0
e5cfe30dde0a16f5
f80d1702fcd119f7
0b000e070503f5f9
0be7f309090ae117
111905d731ef15c8
0b1800fe09fc1111
d921d60208fedcfd
23f6e9030deaf9ea
1a1114c2d1df47f8
dbeaec1cfdf7f311
f20411e41332f2f7
e8fa0ce70ed51013
e6fceb081f14fe29
0fe5f20ddfd70817
eefeed321b12fdfc
0fd70814ebf6fdfa
dedfd80111e204f7
0f0839c33431f606
e3f600d109ef01fa
e915072e070e3d0b
ebd1edef0e31ea1a
d20309f8e808c90b
ef020dd014f5e213
1f0200090dbc11d8
09e7e4f108e40dfe
01040ddf100e1b0a
33f7ebd5eb021433
010900d2284bece7
cdd1e908eac012ef
e92a060ae3dbf1f3
12ee2bfdd5d61edf
f5f5fb19dffce400
acf3fbe94104cfe9
1bf2fafa2e400d0f
0c0ffff7e7f4dcd9
0f12ece54215102b
1a17f800f7c513fb
43f7f0ee2836e211
cbf4ffe9f9140418
fd05060bd4261419
00e6ec02d4ce141a
fa361c1ffa0bf21d
31b316ebd61019fd
19f304db090815f3
f4eb01e5f200f822
00ef07f3d5f3de1c
0817ea0529e5fbef
0b300520e2f81919
131a0f19ec1aff10
1cecc80afd08dbdf
14d815fc365303de
ddcc14e405e906eb
f926e3e7f80e0814
0d0ffdd71703de1b
0cfd10efe70dec0d
facef0d2e404e009
fd09f7c4b703e0f5
e82a02c0dcd304e7
0ddedf220ffb13d7
fdf0d20f10fa1114
173920f80cfa0a11
1335ee290f2424e7
ee030024271afde5
0bfcd427e1fc0d0d
dfea1ce3ff130ae0
f10fdaf101e6e917
fa3c0af6f1002813
cb0befee2113fbd8
1b280d28f9050de0
0a110407e5062ff7
02ebf747ee39f7cd
2806fff6f9f1f41e
211ff5e4fb05e7e4
0324fff72e0d0aee
ebf4f82f3221fc05
043a04081404cadd
021452001c170b05
d8d70aea0afcde0b
e0ddfa001df81406
2117382d18d710fd
fc26011ef40324fe
222a0000f3ea1b0d
f4f3d9281a03e6da
0a17efd50c0cfa17
1cfa1df52404fbfe
e4e9fe0009fa10ed
f434e5e427061cfc
1f180f011c0c1c17
100922151e251bec
f9d1cce910d72e0a
dc0cb6faf4d627fa
d9f4dd1e13d2f0ea
102df7f2f1f931cd
2929f21ef9f333d1
13110f04022f02f6
f0e70bed060be8e8
101913bc1715f224
2e02d7ff1f00f1e0
f23d00f9030b19dd
0bcd2c0fd3ebd5f0
2001fa11e112fcea
e114f407c9f1f50d
ea2515e2e815d7f2
e7f90914f91e08e9
16e53218de14042e
1ebf131cf6da2af9
f520f8120323f6fd
fdf809f2c2e91ffd
f5f102f90c0de7ed
e917d8fa0ae80713
b4eb1ede2aef022a
0a0728ec1008e51b
18ff2eeee2010511
dc370af4fa03fb0d
1d18ccf644d2c9d0
1201eefefe0903ec
0d00f014e9120500
142de8000cf5030d
3bf91200e818f5f5
db201e0be92f0110
132508e805f1e01f
e3ed19e3051de1ed
c6d10c010b20f523
d1f9f214d70ed3dc
03ffec2b3d171209
27e4c7e6edf6070e
0edefdf011fa14e7
25071e030ef61d13
14e3fb1505321511
0108f9e6ee35f02c
ebe1dc0204ccef05
0b0139eb0b1ff40e
0a2013fff4fbfa17
16f6031302f40ffd
f8001a01eaf8d6fa
034637201502cb10
fbfee90807ede314
ef0b0ef4001be008
03fb0216f2eb022c
fbe7f9e80adc0ad4
0e0ce6021207fb1a
f518ddfe16e41a0c
172c13e4d6230402
e9f003f4fae7e700
f5edf0f2fd1223c4
0bdc0f10fb09042b
0811e7f618130e0f
dc230b0d35d2f1f1
100b10f6dffff322
f934003907d60e02
01f247ecfff8f8f0
03051309e4c1f0f0
db10f711ffee17f1
d4101f2d31fe2402
0e51e4050128f8e9
3503d8f80d1308ee
d41de0e9eaf7f5e9
e906f807e91403eb
37121f091afffde6
eb0921100b21e8e9
06e1f30014dc00f0
02f10ce817040b0a
e40018fc00e005eb
fdea0fe3081b261a
26fff1f5f4ef22e7
1239f126e9211412
dde5f6090bf2e029
f508ece2dbedf417
1dfac8054412e8f0
08061e13e52be309
e70dfd2b10f1fb01
06110411fa141e22
0301f7e5f3df2bff
0ff90c3a1401fb1e
ecece3f427ef1fe6
f701edf8ebe927de
1d010f1c1cf8f216
ce15d70ae9fff507
38e9f143ed10272a
a5dcfcf60a04eb04
44f40700ff0cf90a
3ef9001801f306d6
35ddf715f319f4fb
f6f63af30a16f60f
25e31aee0cfd22c8
fc1fdfdc080afaf7
ecf5ecfb0d07f914
0e0b21fdde1d0505
f5cfcb13f7d8f32d
e7ea2c07c9cae608
e8f715041413fcf1
1a20f01711e10317
3adef8ddf3edf62a
02fef80615030612
e01b0e284ae60a2a
b1f8d8daf6eff7f5
ed0c2304121dd907
1efa04f7f0f80f0e
0a05e8fbf200f0cb
fe14032ae20002f7
f6f3f21ec9f1dcca
09b33dfe1911f9dd
08fefced1b1c14dd
25dee1fb110f0001
f3f30bddff03e803
1bfeec05f91ced23
e1f6ed13f5f1fee4
ebf5ea03e0ffce2d
20fc1904eb071015
fbf3ef0707e7dce1
e126f111fce2e3f1
261dfd03350c31fb
1b1706f4011d01f6
24fde40729ff03de
f5f5fa0c130fbadb
fb15f30dfc13f1ef
0f190cf2101906f8
eff2efed0bde0d0d
05f0e6f40c15e609
0919180cf918091c
e7011906e127ec27
ec162c24120e1f08
e6250ae21bfff80e
3f0518071be6e916
f70de6f5311103f3
d3f70f3a14fd21dd
0f0a290403ff061a
f4fefcc30210e409
23ecf522ff0ee6d0
1802ff0f1efdd7f5
e60321e3fc040bf3
0f02cddbe7170917
02d7d6ddd2043ff6
46261a1005e7eb1b
0de4e5e8e7f618fb
011808211f070efd
fb0efbdf1ef100f7
fafe1be90c2cee0a
1be7c709d7042ae4
0b01e0250c14f1e6
0814ee00efe7efe7
fcf0e6380709f035
dfd4eff4d10c0828
fdf4f3ff13fb05fb
f5e613f8d81213e3
f80ee3e1061a212e
0403ea1c293007d6
f2e6f51df1eac0c6
24dfef270704212e
f5d103eec72f0ff5
0ed6fcf4d70426f9
b3fd0bebebe7f5f3
e4e0ebf1c5261802
ec37e7f6f302fcf4
1518fe001b03ff03
1e0d11e108281017
efec03f012c70cf7
090ae9ee1c02fc05
1309defae6ffdde6
13f0070fdd25f70c
d9dc1b0cff0800ed
0e1ff50120f1f7f3
ef0d0cf903d4f4ef
18f5f30812f20426
15ebe919f309dd03
fdf8fc18d709f408
f8f5dd1a04f9e4f3
dafde0e909191cf9
050c16df1b0b020b
e00fcf151807f607
192b01f606e2e3e3
e225270c2024e7fb
a5def6ffe8fe0306
0c1d1903eb0007ea
c6c0ed2002df1ff9
e51c040bfef4ea10
16100718f8e74016
30f50a36f6080800
bf1010ebd7f5fe02
13f521f41e27110d
e3faf9ebf2ed1bfb
fce8fb06f3111b18
ed0311e7fdd2fddf
160129f91af00afb
fffe0312f4fd0020
fa030204fcfc05ee
32150b1601eef3da
e8dc1cdce1caf2fb
052ddcd6fcf8d6f4
1af935f915f1f619
09e5d307fcdcfffe
000655f8e91ff9f3
02d6eb2828f61df4
1dde1539ff1e1403
d9f8f915132c0702
f3ecf426f402260e
090ae9181525f916
112807fd112fe002
08efdc1ae4e9dffb
f6f827e2f3321b15
02f9f5eb03f7f206
1612f116df24f0dd
f7fbfbe3e9fb111d
08edd2ef361af2fb
f702e7090110e1f6
ede204f4c7d510f8
06260ef9fbe9ff1a
f91bdcd5f3dfd4dc
012a3ce002dec80b
f13c10d107291cf8
d9df0a07eaf3ffea
24c90d1be4142e01
030124e2eae9f6f9
05ff05f70f1bf603
0bf8ebf7e5cb05f9
0531eae91713f6dd
f701e0e507111c07
e31531112f37cdff
eeef0a00fbe3370f
06100d31e3daf94c
f2e7cf1c0dd8e8f1
1a29f4180be7d9e6
14fc22ee1f07e524
fbdf0217fcfc03ef
e2fd092dea1329ec
1be9230c0af7260a
050722f3d5bf0208
092938d015de02fc
f9c3000811e719c9
f21226e0fbf0fcf8
191544fc061e1a18
150912fd30d9e117
df29011e1508f20a
f606ed10fa18f0d8
fcfe0df6f420341b
120802180302090f
1a29c507f2e9f2f8
fae50ef0f0fd0ded
d1fb1b020bf5f91b
05e5fc25faef22dc
1cf5ef19e60504e7
15ec30fa261b0a2d
f42130f0df0e2d11
0bf0f1edf600ef1c
07e5e40a12f4fbfa
f0bf24e1cde8ece9
1705c9d9faf20a0f
100fecebed0a0ff5
d106e503f502c535
edd81d180409e406
28f603f9ede4f6fc
1505d5dadee61809
2e2825db12e3ead1
243a0915ff08fd0f
01140625021adc0f
fb20f22214e914dc
f40d01f625fddcf2
22f8edf20a0ee121
d0f8f4fdd61301e7
da0badf516ff10f3
1227ea0310ff2d0d
2ce6dc09f01ee011
e8f0ea350220f934
f3f40204f23a2214
2bfff700ecf8eff6
fff21b120b2426d5
1d1e1120e6223efc
26db31f8f8193cf9
e8e1eb07fa04fc15
fddcf5dc000503fa
d2121323f9def1df
f7fa01f40401fee7
e6fbf30a111df407
3a30f209f0ddff20
f40b40ecf832e430
ffe218eefbf10cee
401805e30aecfbe1
fee4f0f0e2eeeaec
bbf5b5eef110db05
fb030e15ccedf9db
112e0414270a16b6
ffdef80d0c05010e
16001000e3100507
242ffe061e1a1f0f
d9d90601d616e61e
0c09e50004f808e5
f3d70cc01115e20b
faf2f1ee23eff30b
19d807fc0c272e02
0c0e0f090831f5f0
e6f308d41902152c
07363307184101ff
1f1e0b10e8dbfef6
11f825ea1ae700fd
08d10c1c110e2eca
22e3401b02f11def
c4f0ecfb17c1f004
e6b9e5f51a19e9e2
330ffbfb26ea0313
ff1602e7e809fe01
e7f2f1ebf9fbdce8
03e70a221c0512f9
10e00122fbe8ed10
f50820c926080b20
f81002f016f3e1f8
d50a05180a403119
f205fce9e00f2ce1
f50c060b284504f9
fbfb0210f4daf806
2316f0fd0c1e1205
eee709ef33ffe6df
fd140df40c1a2efe
de0cfaf9dcefdfe9
defef8ed0ffd1204
20fadffa0c2d1639
f003dcf316e8fde1
1bfcffbf19dd1efb
e40c3516d1070406
f80c0f1103fa160e
ef0d153ff6d0fd0d
ebeaf60413fae6ec
f5ea1bf6f01911fd
e61fec08f8d0252b
d6fd28e909dae312
e002cb4637eaf8dc
20f2fa31dd0d022b
ef0eb9cfe1f1ec0b
1d02f52edade0716
f4ecf20c060ee6f4
fa24e30ff8e51ae4
fadcf9eff4d519d5
f114dfc8d2d3da16
f411f03022da0b12
121d0d0c17e0190a
ff1ffaf41c122c0c
08ebeff7fbbf09e4
17f31702f10ad9f9
f41eef21131d0b20
ffea28170ffddb24
df07011d18f3e02b
eccef302d630df06
ed0afb0ae0e1ed06
25eeee05f3f00be7
12fad3fae1e6f109
fb0ff10f00eb06ed
f01d1e24ee340a0f
0e1f06070cf717e9
fef70523f5efc91b
10111df31c2af50f
f121f7e812e3f2fb
17f71ae91a0afb2f
34e6fafeee24fb08
1d0a03042800fee8
d519d512e704fd16
d41a01f310c0ff06
2af8f82eed22ebfa
eaec1ffc2304d00b
07b008e40c130b05
f5fbffe60101f047
1f010ef51a24e9dd
243618f5d91a36f1
08f2deebe3f6f1e9
041ce62624ddf019
0d0fedef2b1bfbfe
421e3aceddd635fd
f8d500fc0d46ed1e
efef030300f214df
