fafffeff2df91007
f0170a10eb00fcf8
000dfef5faebfefb
fd1df803fde80107
fafff40d0bed00e5
fcff0ef0fef903f5
18fbfd0107ff0fdf
f80505f905ee1106
0610fbf3fc27f701
ee170301f8eef4fe
0e07fbf50823ffed
191a0a1af6ecf2d5
031aff1deeddf2fd
1b0cfe032811fa00
00e6f108e2070427
0005f6e5f5fa0a0b
0be4f8f8fc071003
2703f9f8fc03e6e7
dd14fcef07eb0ae9
0001e9fd0ee7f91c
0f0205fbfdfe0f0a
0003fb20f4f80a08
f50c01071001f0f1
0bf400f7def7faf8
fe0211eb06f7f800
07e70be2eedd0607
f3dff30009e30722
f3060b0609fffb2b
01110616f22019e7
e0eb0516ece601ed
09df0504eefaf0ff
e3efffe90c121110
fbe1fce907f80708
fc14fbf605fbf9f3
0d30fce7fa0b1411
05ed07e1130cff09
0604020a0dfd10e4
0325fef9080d0418
0000090b0e0cfa0c
e2030205f2f4f7f7
05ff08f6fdf619fa
fff8fef6f1170bfc
0a0d06fc091007f5
ed000908ec02ff0e
06f208fb10101209
190a0306f9fc0401
0b06f911fc0c05e0
0b1f09e3150504f5
102609f10d0d0710
10f6fb040bfafefd
1a1b0f061e03fdf4
15fbfc09fe0cf2f6
fcf709f9ef05e6ed
06050c0a16fd01fd
0f250402ebfef7d6
f402f2f403110210
0508060bf916050b
0604f0ee0710f5fe
f3040e02f508f90e
0a2a0b072c0ef2f6
1c08011307030dee
ff1dfd02fe071f03
0f130300fdf4f50b
0622fffffe0ff9f2
0206f21003f708f7
f6e3f4e513e904ed
3810112129eef4e1
0c000504e6f50e02
faf505e1f4e8fdf6
eff3060cf0f3f40d
01d9fdfcf0eefdf6
f10203ebf30a0006
050600ec02f90be9
e9f314f52af5002b
fe0d0de006fb0d0f
e1f0041204f60a0e
1c19fa12f70800fc
fbff04060a00eef3
0d0103fbf3fd0803
050af8f503f5ecf2
ebfef4d8f9f603f2
f4fdfe0e04120717
fdf30d17fe0f030a
0514fb01fe15f11f
0a070afd0f07f4fa
0c01f8fcf9f9e7f9
01e01518f9fe1517
0ff414ed050604e5
c8fdffee0213f5fd
06e5000debfb00f1
e5010e030b0d00f8
0af207f10505ef01
2b0f01e9fa1306f6
ef1105f8031305ec
0b120606fb02f7fa
09f4fdf800020402
fbfdf52302e9fdeb
070207f905f0f8fc
d40209f02604f336
1306fefdf217fff5
f2090cf803e915d8
0a0cf9fef30f0f32
d402fef7f8eef401
1e090512f312eef8
f600edfff3ee0008
ecfa000b0317ffed
1ee5ebf01205fd06
f3ee0cf1fbf5f5eb
2afd01f40d0012f4
f0fb0afb01f20701
ff0005e7f5edf80b
0af410fd0a05f60f
140dfef4f0f5feec
f40eebfc00fbeefc
fa010302f00c0406
0ff70201f614f7e4
f6f00d1a16fefb10
e9f4fd15030d0633
d40af7dfb31335fc
17f606010306f2ef
0b1cfdf719eafb10
1c1506ec0e100c06
0ee806ff0bf4fb0d
0104f5fdfdfdf5ec
e3020f1308f901f1
10fa010c09fdf823
0400feeff8070e0f
f105f1f0ff04fef7
fe15f5f7eb28fef1
fff8fa000917f820
07fafbd81bf80ef4
1611e9e2f2f5011c
e600fee715f71e17
e723fa1813f4fe0b
e7f20a21f0f40700
fb17f9020ffdf501
e61e031101e810e2
0322faf5f1060d06
0aff06f9e9f41208
11ec09f300f2ed0a
f0ecf80506171803
04f7fbf1eff7faff
17e306f20100f608
080dfb1014f6faee
06141a01fee812e7
0d1efffeed0b0ff8
f71601fdfdef04e7
0a0aeffd0cf10b16
18f802fff503fbf6
efee01f302fc0d06
fdf5e8eb00f0fb17
04e7021a0ff60807
1719e30be1f9f309
0f0cff040af6fdff
fa00ff0702070807
0a20f3ec0a011609
02e7f8f31a01eaeb
e5f903fd14fc0615
081d09fdeceffdfe
1b0602fc19f709f0
0d12031a08dd0afb
eee0fbf9090b021a
2511fc0414faf7fe
0817f9eff4f2f3fc
dfd9fd19f0160321
ffe40713f70bf90b
e901f90b09df0717
f3f209fff2d6000a
2100fa09fa0cfe05
2100000109ff000a
fff501000ae4000a
fef2fd0effe8eee9
e70a03f4fbf5ebfb
17f7f809e7000a0b
fffe09fdf101f1de
09ec130af31efa18
1d07f3151004ed07
05110739f222fdf0
fb0e0cfcf71a0301
0605f6f7080ff8f0
0403031008f9e0f2
eb0c0716f8ef03fc
f5ee0219e20ee300
e70e010728f8fd1f
dff7f5fe030c0df0
fd0805fd2408f6fd
fed50e0c19d4ffc5
0903fae7ff11f617
16ff00e9fff3030e
f5fd0b06fae8fd01
f5030020160f0c02
05f6f90710ff13fe
05fd050c0117e90c
150304fafbf901e2
1812e7fbffea0203
1608fb1bf5071804
17ff0ced02faf400
edfa0df4fef1ea04
0d19f0f4061505f8
ec04f71cf01afe0d
00eff9fde20ff908
fbed0cf0eefd07f3
fd01fce2f1f711d9
ff0b07fdfffd0902
f402fc040bf1ff1a
10eef50e00051902
fdedfadffaf6fef2
f7f7fb0bfce5ec0f
0a1df21f0df401fe
0006f803e602fd0d
01f20713f617fcef
0af704070a070402
fe1e05ee1709121f
0bea0b001515f70c
fe0a09e2fb0106f9
1020ff0cfb07050e
07110df8d7fc0101
f303f0e90d1f0523
f101ff20f61001f4
0d0506f502f711e4
f4fafde9dffe07e5
0401ef1c00f71811
0cdf0403ea150028
0a01021106f80b15
0b1601ecf10312e5
e4f7f3f80503fe08
e4eb06070a01f7fe
da08000ef60bff07
0dec0df20b0ae404
e4150bf0ffebf401
e1e1030ef32004f7
e4f306fffd231215
db0501e3fff6f313
0cd8fcf21f07f009
1903f2071203fc0c
0e29f6f6f004ea06
fde90a1506f7f00b
0404f6e3ef13fd14
e811ee050ae5edda
03f1f3fb011bfe09
01effa1df8050404
0f0706100fedfaff
0a0ffdf3fc0401fb
ecfbf30b021c0902
f40d0a0b130101fd
09fdfeedee21f3e3
f50e0cfc1cfefcd3
e11112e6ea11f9d7
050fea0b14ba0f0b
e0e105fd0601e50a
03fd0411e10d130b
1f0002001b1003f6
e923102c0908f906
1727f005f71909f1
faf70e07fdfe0122
0cfdf707ecf51414
00ffef00090a0508
072ffeef121502fd
e80c060a1912ef09
ed2600f011fdfafa
022dfd1b02fe0003
1420000f0701ff02
1905fe1be300fa02
fd101102e7e20803
efe100f41009ee01
f3fc06fe0a04f8ee
05fa0315fd10f7fb
f7faf0f8f1f80c1a
060bfee8f4fd07f1
2316f11ce40bf9f7
fafdfcfdff0c0803
fcfc10e4f50212f3
f6f611fa0af0f4f2
fefefff900f7fdfe
d8f9fbfc05080701
1a0808fffaff06f1
010e00e5140cf50d
05fcf3fe070ff1e7
02e4f9020ce90afe
020b0efaf4f0e901
24f1f21b0f000207
ef1cf7e30300e30f
fe00fede01f007ee
031207ecf70e220e
0ef10710f1fd0314
f6eefef705faf5ee
1cfe030715fe0f11
1721000509f3ebf3
ea09030909fcfef3
e2e30507e91f0cf8
0a10fd1601050f12
f1ff090f010b09fc
f5fef5fcf1ed0ff6
08e7f31201030d0f
f2ff01ebf5f0fa0d
150f00f409050601
0c0bf6e9f4f108fd
fa020ae9170a0000
13ed0dfb000c0309
091005fa11f911ff
ed06f302f30dfbe7
09ed020bf81306e8
01e904e90618fb01
e50d0c0af60d060e
0b01f7fd04eff9fe
e1f8020c031bfd25
fa05fbff0504fcfd
fce106ecf80dfce2
ebe5f311f91105f7
1df805f50e15020d
e5e9fdd1fd060cf2
faf405fdf2f400ff
f31304f7f715ebff
fde702f915fefd0a
f1f3f111e4f210f8
def5f42207e80719
00f700ffef0f0305
09f70302100101fb
fdef0a1101fde8f2
ea0f11f1fe10f611
ece7150000feff20
ff01fcf5fff406f2
e21f070800f80f0d
e40b040102fc0a0d
fd1bf81a04040e02
f9fb09ffee1202ff
ebea06f1f0ecf4f5
ffedf808f2ff01fa
f10cfa030bfbfbe0
f6f811010bf9000b
06e50df5f707eef2
00fdfbf50ff91801
1f030903fa00fbfb
f4fc04ec00e8f7f8
ff210c07fd080c0b
f5f50724f4eff2fb
ecff020cf005e90e
11ff01e5e2f4fce6
1cf6f902001e0607
fdf8fdfa02121100
f5ec011413f6f701
01000311fafbed01
18fafc030204f007
f5f4f3e40935f80b
f6f7fbfd10f9f60d
0d0900f8f8ff1606
0d10f8ff0df104f9
1af517060e0811f2
0909fe02f4ff01ee
fc190304fe19f8f2
11e1f50919210af3
10f605020afb10f6
f8fbfc1c0bfd131f
f2f60021e619f8fc
e9fb031010030618
fdf70305fe030c06
f9f0f707f3f2f00c
0d0b041a220a1301
1ef012d812f7e002
f6000e0d06fcf3fe
07e5f8e8eafa1f0a
ea0000001018f7fa
0f11fe1cf5e4f3f9
13f8e9f0e9faf6f1
f60302fcf500e704
11d606e9fbf20206
f918f2f5f808fd09
f4f6f803fcf6ded0
f6020822f7f51428
09ef0c0be5f0eefc
09f2ee0a02f3f115
010cfe0f0711070d
f801160103f705e2
0714f2f70e1a09eb
161000fb09000903
1108ff1fefea1216
17f008fa0bf3fde0
0604f5f411f6fb08
f2fa0802f304f9f6
f10500f30ff7080c
0c00f0092e0bf80c
0fe7efe6fc200ce6
ec02f8ed110eee07
0f0efc0bf0f209fa
020c0712f20e09ee
e50306060e09f808
dff7ff07fe000fe8
081ff51106f40501
15ee0101052503ff
fc16f91cf3f00307
f203fdf207e30300
fd0706ed1523060e
1319edeff5fc0005
f2f10b05080f06f6
1105f9e701030df5
f2df0714f5d90907
efec0107f5fc0500
f9e904f3fc10f9e7
ec0f020926bb0bc6
08070121f9f900f8
fa09faeced160306
e6f4f718152805f5
181c01fe0bf7f9d6
05f306ecf5f10308
080c01f4f90dee01
ec1ef324010bf0ff
0d1310250700051a
090e0113ea1d0219
fd07ecf1f1f4f8f9
e1e01406e1dafaf3
03f9f600fefb0e08
0e1503f50aedfe05
ebecf8e6030e12c4
e80107ec0f0f09f1
050300e80f1f1b11
09d3ff0f08f505f2
0e180b06f2e9e603
f6e302f922e509ed
eceffcfcf30de9ff
f0d802f72c16f7fd
fa03fdf90dec0bff
fdf1021eec1412fc
0fff08e90602f3c2
0202fe031111f3fc
f720fe16f8040c06
120901f9f30e05f6
01fc08ed05100815
36fe0507cd050433
131b0812eefcf4f8
1a07fb050cfc0710
00f8f5fce41a08f7
f709ef2312e9f011
13f9fcee0cfb0000
f9030e10f5100bf9
1c0af51026f5e508
e91a0a0e04f4f6f6
170ff0f90c1d0b01
1e210af600ecf5da
0d1f1bf1351f0cd8
0c0e040b0605f2ef
f601fafef1f002fd
fdf1f5ffecfdda1b
00000218eefa09ea
e40500f707f9fdde
04ff000dfaf1e3f5
0b1df50fd7ddf4fa
eff90beddbef0106
0ef0fbfcf90a060f
091c00f7fd0fee1b
0ef4f404fc0108fb
02040613edf3fbec
faf5f4f9f70104f7
030a0ef5f5f717fc
07e809f405f8eb06
fb0c090ef0000111
f503f9fc12f8090a
f714f20dfe10060c
fe06eff2031103f0
fe15f7eb0409fbfb
fee60bf3ec0b1b0b
1001ef030cfd0e05
fb01f3ee03f502f2
1afc0b0a1812effc
cb1505f712100c0a
d9090cee020f02f6
0105fbf00aeef8f7
0a0a00f9fa090503
f61efe07d1180f0a
14f1f80feaec0b27
fef2f4f806dffc17
2ae7fc06ffe9f1f9
010806f30cec1b14
fb0def14fefdf6ea
18f700170306fe1e
fbfdf9fa0101f502
13f7faef0a020619
1aebfd07f7faf9fb
08eb13f9fdf7eaf1
1df007e5091301eb
e8eefd1feff2ff09
18f903fa0017010a
f6fc05fbe7f80aea
15e8f71614f303f0
d9bf04f60104f93b
eafb0910fe0e0526
f70afbee0b02f9f3
f908fd011c020b1c
100af401fd0b00f2
f5080918f9fe0efb
ff1301e52302f3f8
eef1fefc0f1c0df4
1909f60d08fd0506
e60c0207ff040c13
21f9fcedff12ff0c
19001f36110b01e6
0d0500031417f3fa
fef7f7ebefffe810
18de013bfb1706fa
0df502ed090ee409
fdfd0201ebdeffdd
f900ee1901e901e8
1a11f1f10efd0b0f
f6e603f4f9130614
1df3fd0c0beafddd
f3f20ef10b01070f
e2f8f625110afd08
1ce802e517191aff
f5f6fef8f707fcf2
f80ffa14f7f6f8e0
f312f1e2fd17f6e0
f1e905f3f7f306fa
f1ee01edf80efff8
f5e7fafcffeb140c
0f1411fb0f0717f1
01e6fd0af019f801
fdf60ee4132102f9
e61504f70bf7fffe
ec1afbf60ff40c04
10fb0eedfe1112f7
eef104e3fd06f21d
fe0e1ffffbfa0619
fff1effb05f90ceb
f002f20801f8f60a
152119e7fa1216e3
0af1160813f2e602
0a1404090a0af6f7
04f2110bf81b030f
0002f31ff004faf7
fcedefff050321db
dbf10a150b26faf3
f4faf4fc0609f114
ffd7ed07020414f2
1af00804f711e0fd
f6011af8040be713
f1fee4050cfffb09
eb0d07f00e10fafe
1201fbf70b090209
f1dd090afd04f313
fff9081601e803f9
fbfc0002f9e7fc25
f91417f2f9e81905
1008f9edf70b1613
01042d0219fd0703
ed0301f40bfafdf9
f6f1e709ef07010a
0bf5040af71afc13
09fffddd00f9fff4
1400fb22eaf212fe
02f31200121f06eb
1d1801f4fb04f903
06f6ef100e08f217
fdf8f71305edeef1
08fd01eb02ea04ef
0d1207e602f4e80c
10122106022110f2
fa17e1050ef8f2fc
0ceb05e600130fcf
010409f0f9080106
fef915f405eb1aed
f2ffefe203fa15fe
010705f7e4ed071f
fd0cff07fbf6e406
0bfc1207fa0403f8
e9001af0f508f002
fc01fb04f2f808fa
0d060c230a05fb20
0a04fd15f120f909
f10fd0ec01fa0006
01100ce30b00fa0b
060cf10c0cf4e700
e90907080501f0fc
fcfb0aed0af5f5f2
f1eaf91b0113f4fd
020e00f50ef70805
f6f2dd02ee0ceeea
0ef80d1c01f7f21b
000204f5f90bf1fb
ea1ff9051cd1e8fd
23cc121ffae4e52f
fa2101ecfc110b09
fd02fdf1f0f5f9f6
0cef0cf6ff0900f3
0bf0180116ef09f0
05041ae2150216fa
e9fb0306f804fe0e
08000307f415f90c
0affedfc0616ece6
0301f210f8f5f802
0c0f050decf0e80e
fb0307f9f6fbdf05
ecf7030a04e909e9
faeeeefdfaffe701
0df80c050609f6fb
14080310f80e14f4
ec050207ff00110d
01da011e02150b1d
0017fe07f9f8e70b
f5090aecffecfe08
db120003fbfb04f6
d601fa210115f6ff
00ec13fdf4f7f00c
f3f30410031006f7
f10c1b0b09eeeffd
fdf2160711fe120f
ec09180f19f50008
ef130cf922ebfe07
13eeebf913f6190d
e6f918fd1004f9fa
030dc4ecf7df0cff
18150c0f010011fc
0df032e5ee0be428
f3001e29fb0513f7
ed0eeef3022505fa
f4ebf701fb050e0a
0fe80ff7fcf2f92b
f9fcf802131bf222
e915190010ef0d19
10f802fc0826ea11
11fedfd80deef7fd
f0ec14090701f5ec
fde7f7071bf9fc18
060c0108f221ef06
f4000ffd07f90df2
f6f3fd16f4000219
00fff90f0c00ef18
0ce615061716de0d
0705ea05fc00fdf1
110eed1203fbe91a
12f608060de8000f
ec05ed230201091c
2608e90811e9fefe
ea13ffe3ff020bf9
1efe0e111cdb0d07
f505ef060b0ee7f6
06f60600e10c13ec
f615e3e4dffeef17
f007e106eefaf4ec
fbeefffe02eaeaf6
03ec03f3e7f71403
ec04edf30bf70003
d0d8f5ff28e6e61b
ffefedf4f010f3ec
f1f9f6f6f61a0b0a
ebfa100df11a0918
0efb09e3121301ff
1d090d2909e4fef7
d613e7091ffdfc0c
0cd9f9f4fef2fdf1
e1f3091801ff1604
0bf60617f7f5fb0e
0609f507f3f2f409
0404ebfb0501f601
0bec0e02011413fd
06fdfcf410f802f2
fd0805fbe10110e1
0ee1fff7fe1df7e9
e9e20f0804091cf1
f40116ddffe406ff
0df4ece8f1223614
0bf5fc1701f5f6fe
f30c090301f9f40d
dc0b080cfcedeef1
0af8fae7020d0a01
0001e30e1305ef00
01fb0d24010f13f9
0906f40e021afce5
060a2d100a0000f4
13f207071ada1110
100105fbfd000bf8
150fe5eff7052b04
2a02edfef70cfdf6
fb0dfd0d03fa1def
f51afccf03020917
f60b18fff2e9f3f9
1512120ffdec130b
0002fc08f1ee1504
03faff101bfffff3
0efe0716f0f9f802
f7e91f0af41f090f
ef161ee9eef6e3f5
01f52de90108fddd
f5f705f6fdedecd5
f6feeefef9f4f809
f5eefb1e0f21eb1d
ea1c00fcfd0102df
1615051500fd16ff
0123deff0b011101
f6f60e18000003fc
03e4fffa071412f8
16dd14eff9ece818
01fa020bf3f20217
f717db0aea040ae4
1319f8f3fb0b19f6
ff01f4fb0b04f5df
08f911130cf010f8
fdfc07e300fbe504
f515f6ea12f7fe12
edf2fd18070c13f3
170c07e6e5030feb
f0f302191405f7f7
f805f1f7050e0df1
04ec2f02090aebf3
f6e700fdf1f2000a
e6fa1b17ff06130f
0606e113f31c11ff
ee19f7fb140a02d9
090fe9faf3f41307
f4fbf8fa080502f8
fcf4140604f7ff0b
01f3ff1907160713
05100609031afcf3
0909000b05f8050d
e7f220f4fdf4f109
01fc1514ff0a170f
14e911ecf1110af1
f1f1e4f8edea0801
fb04fa05fe160609
1d140af6f9110804
ffdcf3e10cff09f9
02f7eff603faf81f
01f611effe0fe6ea
f40b08fcfe05fdfb
f2020000080be5fd
0bff0014f4f9f0fd
07ecf8f0040ddeec
fcfdf0f8fb09f717
040adae302fcee19
1c131cf80a180100
f72202e704fb15da
fefefdfa0703031d
01e5f8d8ee030d1e
0f10f700f8f3f8df
ebe9fc040722fd06
0a0bf6fdef07f2f2
1e04ea03fae103f6
f2ebfbe4f7f2fb23
ea02f6090a11f405
0005fbe8110003e5
0cf801f901f80a07
0f07eb151606041a
00f40509f31203f8
0820150821181f03
e6faec0913fefdea
020afcfa11faed09
19070719f6000909
16fc1701f106efea
02f8d9eaf60002fe
fb2ae60bff03f514
051b06e80102f9ef
e2f8f008eaeb1b02
f70803df110518ff
d1f4290d00f900fa
faf308f704ffedd8
1015f314f8e3f30e
1707070107dbfd11
e80cfc05fc000ef1
201bfdf801000605
02111a110008ec16
f61ffcfe061802f5
f60b0c1b1113ebfc
ff1c24f3142e0608
04f90eef1011eaf6
01db19f5f805fb01
020b05eaef0eedf7
e31d07fe14ee07eb
d5eaf80407ffec0a
eaf709feeef513e6
1115fb12fe1e02f6
0b11f6f9080f2b06
e71b14000303fd04
24fe0703fb1909fc
f7fc10e90e04072b
0bf8e2f8fff7fd1e
fc01fffb0a1111e0
1b0907eb02fcfcfe
060b12f8f6e8f5fb
0a08d109fff300f9
0217e60706fbd9ed
f41b13e9f9fe10ef
fcf8fa0a070afd1c
ebfef6f603090f05
03eff2f8f6e802f2
fef3f8010ef104f6
130b0200252cf9f9
09050be1ec0713f5
0816020a06f7fa09
0807e61d0100fd0f
10f20b0ef003f9fa
08fcedfaf3120616
180a1ef602f7fe17
020e000afb05efed
001301f7fc0011ff
000fe118ee030208
fbea2ad1fff8f5fa
07f7cf0bf5f00905
fc02ed11e90701f6
1201f6dcf1e60810
2206f6050b02fb00
1a0cf0fe0df1090e
07f9f717f409000a
fd1f081205fb00fe
dd010008fdf5feed
08f8e507fb05e8fa
fb0dfbfb0bdafbfb
0c2bf00a100a0705
fafb0c04f2f1061e
13f2fbea03f00fe7
f410fa04fcfefb06
01ee00f9eff71713
e5f314fafbfe1fea
0313e5fbeed8f71b
1202211efef5030a
ef18f405ea0904f6
16fb04f5f7061df9
02ff050605f50ff0
130f01fcffe3f102
fdf511bf10ec10d5
0816eee7051200ef
1bf1e808f6071ad4
f7f8040b00090cf7
e2f2ff0ef4fa15f4
e8ddeb0bf4ef0c00
100404e8f70a0411
0316f200f1f7fd01
e3e407e808e8ff01
0d0a04080813f90c
e8e808f4e702f8eb
03f512170cfdeb0f
eef81406ff0605f7
0214fdf5eee6fde2
e31004f01add0bec
14fcf907f8cd1614
fdf9f6eef2fd07f5
fdfdf706e8f1ea05
e4eb131b0011f103
29fff10d01eff901
f40df5fa0105fb03
09ecf922fbebf4fe
70f8f943fdda010b
fd03fa06ec05f2f5
170505040be41320
160e02f103f503fe
eb0c0703f6f2ec19
fb0216ee011505f3
0ff8e50f11f4feeb
02eb06fa0cfef7f4
fbde11f50dec1102
f415effcf90c1113
090f0b2205d9f414
1704f00204fef0e6
0ee7f5fff9022000
eef7f3010d0aec04
0007fe0f0ce30115
0d0906f200100803
fcf017080701faff
fe0208120200ee0d
fcfc0e030b3709ec
0bf4e215dc0f0519
f30810f10909ef1a
04f9fff30d08f503
1ff8f6ecf105e2f8
00f0f7fdee250305
12edea2102fbfdfe
ff0f0804f308070e
0205191208d913fa
15ecee0eff020b14
f500f8f6fdee11f8
0bed0cfaf5e60dfd
eeeb04150ef910f9
db10e109ff240900
fdeef607fde9fd0a
f41df71cf6fe0c0a
0210f801fbfd06f4
f902f4fdd9f7f100
0f0504fe03ef0825
0eff0304050a1100
07ef0618fff8fafc
edf8de2200ebef10
f103f7f2d710eefd
1d03f3fe0fe11fe7
ff0bfd1afd0f08ec
07fbe80f102415f2
0fe4edf8f4fa020c
00fcfff4fd080efe
04fd0d282412f8e6
160102160402e9d9
f6fc35061d080701
08150cf2fb1f1ffc
11f2efeff508fc0d
f7fcf904ea10f8f7
070306fcecf6f4ef
f7fe0bf2e707f9f9
13f0fbffffe5f10d
ea080fee05f400fd
fdf4f80cfa02ebe8
fc15fde5030b091c
da060fe60fd8fb14
f613ece91bed090f
f003ec201107ecf1
11f20809020700de
0511fdfffaf615fd
f0e5f7f60004d607
0f0f08f4f6030d0b
fef50e0012020eef
ee0d2ce31113e9f3
fbeaf6f1ff14ea00
2b09fa1bf404ed02
f81b01fff3f41100
0705edf2f4352002
fffd04eb03f519f3
fcebec2b2fe91517
fdf4ff1101f4fd00
130417e50613e719
1805fe0207f118fb
e9010304070bf70c
ebf9eaf700fcff1a
121e0ef2fffb0011
01f0f0e124dbfcde
1303f401fef2f8e3
ec0721ea110c21fa
fe1c01ee16fbf902
edff2aae0e0e1c25
05f000ff0bfbf4ea
13fd0c08f10cf705
ece7eb0bf9effa1c
f90cf221fce9f604
10f8021507ff01e5
0815f800efec05f6
15f80702f20203f8
12190be804f3ff00
fdfe0218fafdfbfd
132703ddf7fbe8e9
fa07f4100fffff16
e0f402ee0e08ff08
413229f415f60847
20f2150105f4e9ed
e3f701f218f502f4
ec18f01ef701eef8
1cfd0a00fbeae819
d3eb06c217dd112f
f2011010f0011907
03fd05160103ff1f
e7e2040000f10a06
f3eb120d05e9edeb
1afc0e1308040908
020bf807fbdf17ff
0eda150118101102
0e0bfc1a13f4ea16
170b06feee0bfa20
effbfa03df0d0e01
ef10faf618fbfcef
07f9f8f1fe28f206
020fd9f70a0a20e2
0fe8ef1f04fbeaf7
03e5fef8fe1b05fa
05f9e4f0feec08f8
fe0c08ecfffdfafe
fd0feffe01f7ed0f
11f50b00f305f8e2
fa00f0dffffbee10
f3fffd0802e7faed
05f9f7f600f1e0fb
17f80ceb18f40002
f6f5e907e3010106
05d50204f709fe10
04210d04fa0304ee
fc0828f309f1f60b
f81cef1509f0f7f1
032b05f818f4fefc
ee07031af1f9f7fa
f6fb09f9060004e0
e2e4e8fe03e803f3
fc0e000ce6000a04
f00d080c09f5001a
04ef07fe09e7fe05
070509070a11f60b
17fb290d0b120906
16faf5faf3e9e61b
f9eb0007f20f0824
22083ada02060404
fcd9180c1ee301ed
19f20209fd140ef4
fadffd050001f8e3
fcfe04fee80f10ea
070d0a0b08ff13f9
0904f3e910ff0ffb
f2f8fefcff0b0f0c
e8e30ff6f8f8fb00
f803fc01f3f7ffec
03fdf7ff03e9331e
f610081cf01204fb
f2fffe0cfcf7e317
fe19fef40213fa1c
0afb04100a05e606
0e10f60a01feecf5
05ee0fef0715fe02
0bed11ec080609f1
f4f4f904fc22defc
f9f6fd172211ea1d
f4fcedeeec010cee
f80704e5fb05f3f3
04f52505fdf1060c
12f8d90414fb0401
ff090cf80eff0102
0412f30cf719f81a
1cf114030019eff6
f62dfffa0f1112d8
030dea0e08eaf4eb
f9f8f4f5dff40116
fbfe16e3fb0ef514
f3e7f1ed0d00f7ff
fb00ff08f91705ed
e609e3f5131113f5
1c1703ef0c070720
f12902f805fafa1d
f40304fdfaeafbfe
1219f601f903f424
0dff09fa08f6001f
f401ebffe704070b
18e00be704e20110
12f2e8fafff905ff
f0060d05eeebedef
0fff02fb1d2100ee
ddf10504fef922e9
1afeded8fff5f210
0507f90c08fe10ef
f4f6edf7f805edf5
fd15ed04fefd0518
e2edfce404fdfd0b
f9f7e906ed0d1116
000000e900ebf306
08fb08040b00ed09
fb270ded011bf310
1112daebd911f112
f6f80afd01f303fd
e71bf407eef7fb0a
f8f0f7feff0b0900
e71f1910060fec01
131f0f01f7f5faf3
fd20021f050805fa
fe0d04f0f01d0507
fe0ff3021613fc02
03eb04e31a040017
dde90c050901fbf6
0ef72b0dff09e7e7
25f209281318f7ef
11fce5f6fc03f2ee
f504060a01fd040d
0a0df0eafdfe00fb
06f6030ef0ecff1b
faeaf8e90cf0f413
040415e00de5020b
0eeb0104ffebf907
ee12d5070dfe1ce6
ebfdff12001c08ea
02ffe20e0d0f17f7
e60714fd040105f6
0cfe051d030cf5ed
de1a0fedfc0f02e7
e7fd0e0cf1ec1006
fbe703f3e8f3fb0f
241bf408efececff
09f90d15081ff8f5
e3f100f3fd10f5f4
0903fef31c09ef1a
fd0b08fbfaf4c800
f6d00bfb1009fbfb
ee0de61607f7f5e4
2b1907e7eaeb0af1
060a0ef600f60c06
fee90a1a1a080116
f81702fce9f1f2f4
0bdcff110b03f2f3
e3f0e405f9fff0fa
00ed0bfb02060908
14fdef09ef03f50e
fc02fbfa0a020704
d9fae9ea13130ef8
020e35fb03f40914
cf090efa0bf32706
0b0311040f1c1eed
f40306f0f71006fe
16160ee2f407fc27
01052905fc1bfa34
f31114ee020bf107
100802e9fde3fb1e
ff15ee190a03fc0d
2703e5f8f40805fb
f1f8f8feec12f5f2
0400f430f4f81401
150b0807e6e9c4df
eb01efe31a00da01
28020cdf0916f113
04000700f1fd0fea
ec0e0013fbfe210e
f408de0021f407f0
fff2e5040900f512
f502fefe0d100efe
f6eeeb1819ff120f
080be31412fece00
e8f903f010e8e407
e80ff0f70a1cfbfd
f8ff0c10f1eee9f4
11f912f3faf6e2ec
f4f80003ea07e61c
e60018f8feda0401
09fc16071508091d
f31613f8e71501ff
e011e3fc01fbfedc
091918fdf828ff08
e9f007ed05f6f904
cc03ddea01080406
0411f21820efff18
03081c061604ebfc
f8040af70602ffff
edfb020610fa160b
fcece81202f7f81f
120af2ea0af5e60d
e908ef18e60010fe
16e5061f1f120ce3
0e030109f90f0d20
edfff40df8fe011e
18f1e331fefe26f2
fe0de20bf901e50f
edfe21efe40e130a
0aecdbf913d9faf0
fcfe2016020d0a06
141401f1ededfb13
f411f7fa0c06f90e
faf9ff0a06f20500
0ff80614f00507fe
fc07f4140703ef04
fcfd25e2f1170b03
f70a1903f6eaf917
f6051106081afa0a
03f204ec090506f5
fd08f30feef9fb27
1504e00602081515
0907f8f8fd0f0407
03feee0c09f403eb
03000c0afee6f6e7
190c06daff27f316
06ef1808fcdc0301
2bf5fdf80203f710
e4f700fc2110dc0e
e9f511f3ec120805
151b1ef1fbeff81d
010f05fc0cf409ed
01eb0712faea06ee
02f41e16f7fcfd07
040af60cfa050cf7
f406e9fbfafff2fb
0e37e6ccfd220c30
05f30213edec03f4
0d1df0291c150e02
f6ffe40008dde020
10110a05eef6f1f7
070f0d06f3f8ef11
070a02feed2d111a
0a07ee191bfcfafd
100818fcfb01f3f6
fcfc0507f8f8fd06
ff03000ceafdfd17
f3f5f41800f3ebee
0e0afcf610010a05
e518fef8ff0405ef
0a02f2fbfdfffb06
1f0907ec030f0912
060d1ff808fe0de1
e6eeece810090e0a
0debecf4fdfee9eb
e7eef3080cf919f3
16190ae700eafafe
090311f106eef005
ff0409f11523f50c
f5dcdd0c13f4fbf0
fd07180d00190d13
0ff8ed0703f1fc08
ef1b12fd050a1cea
04f302022103fed9
45f0040df316152c
10f7fc0704f50112
09fd18ff040a050e
fbfc05e702f3f80e
0cf8f1f11bf5f0f8
020eff09e7ebedfe
0bebf208fefb0c02
0e11050203d90ff4
0106f6e30ce62ffe
f428f0d7fafc18f5
1bf9fde8e803ec03
edecfbf9f01f16fe
00f007fe01f6f317
ff13ec0bf6f122ff
0106f711f0f9fd01
0b2afe080f080518
070c0a06050e20f1
0acd0b08f6f6f4f6
2d0a0d02e8e610ee
0013f917f5fbfd10
e20007fd0617ee09
0beff6e0020402f1
f3de070400011eed
ed1907f622f0f817
1e1309191b0904fd
0909f8ed0c0bf7fc
2af50c04eafcecfc
0dfdfff306ede0f7
00f0190301f6dbf3
0be8010b0e1e07ec
df0f25f0233af7ec
1306fcf0fa04e702
f108f3fd0718f703
f3281bf40b012912
191cf5fbff0cebed
e7ee280bfafef8ff
f7f80ffef2f019f4
2b1fdb0410020203
1014080ff9150e08
18fef304ff0c0afa
fa0cfdfb19fb00f6
0335130ad7fd161f
f8f10111f3f80f08
fa0504180502f1f7
07fee6e9ebf90730
2609f614f1dff3f4
0a09e1f10de4120a
f125edfbe6fc06f4
fa0c1503f20a1202
0102fff7f8f512fd
090001231c02ecf3
0203e5fe0b11fb09
d710fdeb01e71814
fb04d40c0efaf9fe
f8f2040912ff0805
ed01f4f5060fff05
f11412ec07fffff4
f9ec07efff03fc01
0eeff512f3fbfa06
12fc0a120d00fbf3
f9fff5ef0df8e9f1
f105100e0610fc06
f6fa00fd170ce9fd
06e9fc18ecf8fde9
0601e5030ff2fa0e
13f9fa02e509ebf8
e0f3f4f40df1fcf2
0ffbfe03fffa06d5
ecc5f40e05f905f5
f4fee7faffdafe04
ea06e808fdeeff02
df0f0bf305dffafb
f407fdf70e1112fc
0af40af022fe0df9
d1fffe0c01ef18ff
1601160700ecf602
250603ec02ee1a01
fddd10e1fc05f802
01f3160af2fadaf6
00f9090ff3e90efc
15001ef4100e06e2
07efffedf7f0f5fb
0cf306f0e8eded0f
fb1bda0809f0f808
00dd110c1704f604
19f50beafef2efe5
e802f219030805fe
242219eafd250500
f0d912f10ef3f7fb
06e9d7100f03f4fa
e609e812f604f5e1
230c03d81416e1ea
0f0818fcf5061cfa
09070cfc020d0c07
1003f600080ce917
ee13f1e6051300ef
08fb02fb04f32107
ec06efe5ea01ecf0
0fe2eddef1f7f3f7
03f410170802150e
f50b12eb05f30508
fc0bf5ddf6ebfae2
09f50605001cf800
fe05f80a040c25fb
0f13f116faf9fc05
f7f40b1107f61309
eb11f2fdf50d0bf5
e2ff0af9f7ef00fa
e9fdf32207fdf407
eceefaf505f5f921
18f60bd80b1a0719
18f5f9010afef5f1
1724f5f4f2ff07ed
f0f6fe3af7ea1bfc
dd080410f2ebe5f5
0515000816f0f10c
f9fe06020d180006
f41a1e020bf5ff06
e50409d7ff02ee02
fbf90e16ff0a0ae0
020fffd91a1505e1
00f3080600080ae8
f8fb020b05ed0814
070af3f910170904
d0fb021df924ffed
01e926111e16fc08
f30c090f07dc0bf2
f6fef8f1f80ef1f8
f5fcf201170d04fb
031afc08e1020201
11ea090cfb0ce304
02f5ea08efeefbf8
fbe3ec15f9fbf3fd
d60102daf0fb1905
0d001b0708fbf1e4
e91b09f10cf5f9ec
0c0d110901eb0c09
18160e0f130f07e5
eaf006f41505e123
f00013f2fbf61307
0a0518ea0c1e0b00
090717e808ff021e
faf2eafe00f2fc0b
01170b03e8fc17f9
0f0606f702f5f9ec
14001012f102fa0c
fbfb1002fafb15f3
d90718f71b0c0ef6
0f07e909f5fa0a10
e3faf009ec10fff7
ec1af4fdf500ea03
230206fcf8fa16f1
f80ffafe000cf50f
0d14080a01f4e815
e31609ef00fcef20
f314f60609ea1aec
fa00f305fa02f209
04090b041cfcf703
15fc0dfcfd12020a
100809f601ed00f3
fedc18fbf9130406
0ee5d90b06f4fddf
e12c061d06fbf80c
d2efed000812daf0
ed010102f012001b
e702f50610150c06
0b09043213f8f61a
0ced0b2d11f620da
1b1904190deceeeb
07fceefa04fdff05
ea270117ed15cef0
1203fbebfb11f9f2
f511ee05090503ef
00def900eaf20bf3
fc0ef8f4020925f4
efefeef9f0e2ee06
1bff02f8e802ecee
d402f5fa18090509
f9071f12030008e9
e401090a050c0716
0bd611050801ee23
e3f300050df9f4ed
08e7f8070af3f70c
111c09f30fedfaff
0e14000dfdf8110f
f8eaf50cf91df2ff
e901e515f60ff2eb
04e814080904f5ff
0cd900feff0ef2f7
f3fd2915def6f706
f201f3ee0612fbf3
ff00f7fe12f11802
2312e5f91ef3ecf9
16eb171cfcf5110e
faec02ebf902faf7
f4f8ee08fae10cfa
00f108e9090a17ed
fffbd7fb010d08fd
f806f10d06001207
efe8f1f813fc14ef
04eff605f9ea0014
ee0c00da1202f4eb
f007f7fe2705151a
ef0a0b04fb00fb16
f804ec01f1eb0bf3
ec09ef05fe0afeea
100c0e1aeb07f9f7
fee00df105000303
09fcfe13f8fe0a01
23f5dc1ee7f9010e
fd0af9ebf5edf41c
e7f725fff4fd1beb
0cfe1a06eefdf411
faf6e7fbfb10fed2
f4182ad4f7e5eff9
3405ec01e4ecf4f1
24000510f0021815
e6ecfb0fffeef1eb
f90bfdfafa0c020f
30dc01fafc110cff
f7eefe0eee00ef01
170feef3eef2f7f9
ff00edff08fbf80d
22f4ff03030b0cfa
00fffef3eff30af8
08e80a05fefae7d2
0c18fef21509f003
09020503f9f519f9
1bef07e6f41611dd
10f8f6fafc13efd6
03daf60feef9f419
0317060af7fef405
fd0202250707f803
efecf826ed07f91d
fdfde70102190cf1
0f2b1de90412f9e6
17f901eb160bfe01
01f818f9f202ff0f
0f0efbdff0fbf50c
dafa1c01fdf8f407
17f404190f1af7f8
04030bfe01f81b08
f009f22af8cafbdc
010d08ff05fc15da
e50afdf5fdfdf3f8
ff0707eeecedf707
f4d30314db0bf2d6
1412fdffeaf807ff
f2fde6f8f307f80b
0deafbdb1b0621f9
e3fdeee9f1f8ffd6
031108200fe8fcdf
ff04f500fdf7f21e
f30ae6f0f2003df5
18f7fbf6fedbff13
d60c0f1608fe0c1e
ef0ff911fa0701fd
2fe8fa0f1b0cf203
0bf9fd06f7f02501
f926011bea1fe825
0aeafefe0003f400
f4050411101ef9ed
0e08fa14ef1b0607
1b03ff1c271bee11
000210e5030bee20
fbeafffd00f505f9
ed2100091b18e4dd
f907ef0af20f1203
dd01061709feeff5
08fb10fff6fb1d03
04fef216f51fef16
0d1a35631cf1ce2d
fee6ef0ae11b1bea
fff2ef11fc070bdb
ece9040efa08040e
f8052207021405f2
1cfb10f2f904e915
0af205170f0215f1
17fa0108fff2f1e8
f615f6f40217f2ff
1de3aaeae1fd0cd8
26f6f4f3dd1ff6ff
f906270ce9cb1df1
000305161e0fe414
d5e71518fb030ee0
fb04f2faf3fb08f9
e5f7f11015170f10
10fae209f9fd1310
edff0b0ef7f50eea
080a09eafc0f16f3
ed02f8060708011f
111002f100f9f504
e003fcf80cfb08f4
181302f71701f2f2
0705f50c072202f7
e307fef7ef0b08f9
03fcfb08fd01f40a
0c1301f4defdfb1c
effc07fcfeedfcfd
1b16f305efe6f314
fbe8f0fc0bf7e7ff
ecfc1513f210fd14
edfc21f6e4f717fd
0a08f804f9fe0e07
e502fd041805f70d
02f6fe07e3f002f4
fdfd1211fd1300f8
07f113f4f3000a08
290e0b0912d3f623
0bfd02fb2efcfc0a
f72ffc04f007fd10
1cfcfa23fe1cefef
f709f2f8010cf0f6
02f923fdf6100ee1
00f5020bf30b090b
fbf5f90b0b0f1905
fe2efd06081d0be3
fbe60aed10010b0f
f7080007f3fc0203
06040319130206f7
16e8f2fdf70d030c
e702fb00f60604f2
33fb05150a1406ee
0303f9f30b090c0b
fe040215f8f714e8
01f511f21206143b
fa1cfbf607fc0c10
0b053c25111efb12
090410100b0919fe
e210fffeec0719d6
f4e7f6081409f3e8
e8f605fae1eaf409
e6ff0a0411110e03
eee1fdf2def7e6fb
0ef90ce216fcfe12
190a0b010211f1f8
fcf3f0ef0b0effec
f6100feaf4f3f618
090300efeafdef03
02fd1705fcf4f609
fffc00fd031809fe
10f606020ce00508
090b0eef08f0fc06
110900100912fffc
f1fc09fdffdd140c
0de517ddfffd0d07
04e8fad604120703
1c1df203eff7fbe7
f1100aeeebe6f6e7
f30b06f606fb0605
00e90b05fd06f9ea
ddf314fbfd03f5ff
fbd20eff09fef0ff
1deef0ebf8f7fdf1
1a11fd0113fa050c
04ef1903f803ebf9
0d09161103eef610
fa0105f3f70a0012
0619f7080400fbfc
0df4f9f9fff006ce
fa0c12040c09f60f
00ebf90cf420020c
15e8f4e7150bfbee
2304f207f6f60408
e40015f4f210fd08
0f28050329fe02fc
07050b1afe1bfeef
d71e18e4e916fe04
fa081bfcfff2fde9
ed1801f81bfcfef3
f6040719f502fdf4
0a09ee0302fdfbf4
0b1e00e5f7ed02f9
0f061107e512ff20
0c0311f108f0fb12
fe09fb01f0f2fcf4
f710e7f705fc05f8
e00216f9d5e90506
08f9f30f05ff00f3
eaf4f52410ddf8fe
08fee7f91306170b
fe27fded111c0506
f8f0d007f2040b0c
fad918f215f802ea
0bff1bf9fb040108
1c0e1700ebe8eeec
11fefce303fef222
04060ee6091af8f2
d0f0ff1cf5fafc11
0df1ee02f8f2fef2
fa051316fff402d7
e3ef1402f916fa00
050b0600e808010b
f7fcef01da08fbec
000f060ef20200fd
0402020513ef02fb
0efb04f1fe10faf9
d42afae8030f0af2
02f0d9f811f2fef7
16fde9f6f41dfcf7
040024010fed05fc
fe1313dcf3e5ffed
ff00ea02ef09f5f7
ed0add0cf90700ec
03f9070410f00509
ec10fe2e080005fa
21fcff1607030aee
e0f00010e7edfdf3
06fdfeff03f320f4
f2f0f6011c0702ea
0111fce9f6ffffe3
e2fd1506fce60bf4
ecf5e3d1e7daf90b
0210f8f9ff0200f1
0100fef2c6f7fc00
091c03f701f9f50f
fffefcfa0a28fed9
0e0c0f0b05dffd1c
010dff08ed01080e
ea170102e5010401
f3fa00030cfcfa08
12f1e9e3da02ee02
183cec0e1b3efbff
dd000bf4e20afc12
0cfefa12f705f9f4
070efff51506ff02
f50de7f4f80ff612
0c13fefe0010f704
fc0506e8d4f9070f
fb10f90802f8f6ed
f0e1e119e506fffb
f20611f3fc18011f
2802faf8fdfa0703
fd1711fc06ecf8f9
fcfc14f9f4f5f8fd
0c07f8e9f6f3f0fa
f80a041b0bf104e9
ece20003eefc00ea
f5052001e2060304
e10b01f6fae8fcf1
f6000bf30a03ffef
1114f4f5fe0cf6fb
ebfe18e819fdf91f
0401f9ce12fe001b
d6feef0ffe0ff6fd
f1f1ef04e8f10705
08f6010207fbfb0e
faf61b100110090d
f9fbf310fdfe04f6
02f0f7e70405fd14
e807f4f9f111fb10
f60c0af11c01f81c
30ee04250ef508dc
12fe04dd0208070d
19ee1af2e60c0ec5
08f600eadbe605ff
e32102f90113090c
fc02fe02fc0609f1
081611e6f408fd09
f4e9effdfd00002b
ec041218f60108fa
e8fe14f500f60c07
f8ee0af0f4e10228
1923f70608f6f702
1202f80be4e2f221
0406f0fbf4fbfd1c
eb00deed010af702
dc0f041407eefefb
0be8ea1e09070bfa
df2fd60816f30517
ff060409fe0303f3
fdff0cf70000060f
efea06031ffef7eb
0e0620f5ebe500f8
e316fefae714f5d6
f2e12000fc0e0a14
031efdfeef0d080d
13ecfff315f305fe
1e011af1fb0affe2
09f709fa01030602
ff10161b1014000f
fe1ad2040d0dfe13
f60609fd1dfafd06
07f2ff03ea020426
040e0edff42cf6f5
24fafdf70f0805f4
0406f2f712e9fa03
04223021f6edfc05
0f090a09f7f5f6fc
040a14140efe03e7
ff0b11eae9f80202
d8d5ff13f10dffd7
080ae60006fd0d05
1211fbf3f4eb0118
190bfc00f80af8f9
1601f7f91bfc03ea
0000f3f6f80dfe16
0001eee602040505
1916f3d90411020d
1ff00009f405010e
f9f9d1d1ce20fede
f22b080d060a04f0
f8f70d030af7fef2
05f2f0fe0e0001ee
1807fe11f6faee29
fd17f91cf1080012
0b06fd03f3e6f2ed
03ee1315fbfc09fc
0df11d071b060ade
00e6f1eafb0cfaf9
f7e30505fbfdf801
fa0315eb09020c07
01e41200fc02f7f0
0800f8ec04020602
ecf1f8f2f0f5000b
10111cfa06edf6fd
f60aea16ecf003fc
07f5f81f0a2105f7
0edcfbf3f109fc02
141c150dfcff05eb
f9f802f10005021c
02ff0fff0306f9f7
1801fc0d28f302e4
110e15e6fbfb0004
16f3f0d7100cf800
09eeffeeeee90300
ededf908ee07f608
f7fa12ee0f32fbef
141114fa2bf3f7f0
0e1d15f1f0ec03f5
0ff1fe0908230504
e2fcf2e41400fff3
ec010d09120400f6
eb0f05161ff40efb
15130108f814f2f6
0ef9fc2118e6f502
200ce404fb26fa01
12f7130c0b09040f
0a0ae70de3ec0709
0706041a020c0505
09fef72e09060600
e8de12160af4f614
1218210cd004f038
160705fef0020606
0e0fe8160d14f9f4
f5fff2d6f5f1f504
01fd041c250e00e2
fb1108fefdf6f0f6
f3f2dce802eff719
20df0414e9d6fe17
f6f8030408e8fc10
17defe05060b0af0
02fb0003f30602fc
0e101a15dff90413
0ff7fcecea0d0106
020df9100aed05fe
edf813ed1c2bff0d
fa0004e8f4140302
fb02f708fcf10705
05021111f501f612
1d00f8e003d80005
e605fbece501fd11
f906faee1ef6fd08
f9f8ee07ebf906e4
16f5ec030002f9f0
17f10905011a0310
ebfdfef902fbfe0e
11ecf301f1f40908
2d1beef50a11fdef
04030807e8f800e8
fef5f80a0fef09fe
06f5e9020f0f1406
eafe09ef0307020e
fdfd20ff1006feff
0f1b142303f7f50c
00fee8e205f1ff08
000be52a08f503e7
0704f70509f5f002
15f7f7f2ef110ced
12ec030ef6f2f1fa
061507e40205f8fb
1e09effe04240408
fe000702df0e04ea
1be511f6050300fe
07fd020713ef1afe
ff0d020e07fe050c
f9fcf908050d04ee
fcf61dfffff6f913
fa0110f8f00100e0
f204fc08ec09040e
1afd0afb05e009e5
0800f2f41500fc11
1e0cf5ebfa1205f6
07fa04edfd0604f1
f8fef808eef504ff
f7df1e0ee20e0005
030cef09e8000003
0803f6eff1f00bff
0bf7001d00f506fa
fb0ffb26fbf5010d
1cfaed0d07040513
2afdefe106f0fa13
ff00f205f801fcdc
ecf9f90d1feff7f8
fcdafaf321220be7
f7fee50c05fa0908
0f1407f5080c0606
12dc18f30ff3fd22
051000ec0f0ffbef
f9f8e5f3070a02ee
0c17f0e9f101f73b
05f2ef00fdedfdf9
1c1311ecfcf7f10f
f7f7f901f4f304ed
fa04080005f3f8de
fdf90df90722fdf0
e8051f00f2140a16
02f7140dff02fe13
000902040bf80010
e715f8edebff000c
0dffeff9f5100ae1
0904230b1bfe01f5
2c0b16d41af9fef6
fd150f06f81700fd
06091df3e5e4fc1d
0d0c030500edf51e
f818fffef9f1f901
1b13f7ead2f2fff9
0e130309f107edf3
05d8060cf5070110
f805ff1efe1bfe0b
f60ded19f8140611
edfe05ed25eb0404
fb0cf617edf8f908
0809000212f207fc
ebfcf7f0fcf70309
01fb2bd607de01ff
ed4b061efa0d0412
0914ffff08f0060f
0509191aff0202e5
f409e72ae60ffbdc
f7e1dd26ef0bff07
001101f6eef60505
fb0b14ec1dfe02de
ea131dfd05e3020f
2611f4f60d05fa00
00f5eb10e6fd0107
2c08ebfff9f5fd01
07fdfeed220906f0
0202fbd3f5f60400
0704faf3f2fdffe0
f30007f804fdf407
1af0faeffdec01f6
f40111e3fcfaf9ee
080b01fff307fc0a
08ecfa0d0506fd11
e7f20908000bfefb
deeb25f5f9f7ff02
061ef5f11212f005
0c15e7fe0ffffb06
1cf7e0fff319fd26
03e8f6f000ee02f6
01eff501fe0c0407
f6fbf9f9fe0f1308
f911f00e0f0f02fc
09f4fd0eee0601f7
eee910021608050a
eff9fb09f51cfd02
12060112fffe0401
10eafb0d0600f5ee
f7e91506f309fcf4
eae304f7f7f50910
09fa13e91d07ff1a
04ea0104f4110512
f90910f6f3ebfefc
f215080eec13001e
00e917fb02fff808
13f4f305fcf00a04
fb0b01011504ed16
fffc0419060502f9
090f170510effff7
fd1bfae9ebf709f0
dc37fffaf8ef06e5
03f5f30f00f50ffd
11ebec07fefcfd07
ff08fd07f7e50017
f206ee20effbf4f7
e00e19e615e7fe0a
031ae7090b010807
0c00110608f6fc24
f0fcfd01fd0efdf1
03f307ffe51bfc03
00f0e9f50a040404
fb0deee127eefae3
09f30af4f4f908f9
fb0123fa130bf915
f30910f417fdfd23
0a02f2efedea0416
f10600d9fbfc000c
0504fbfc0106f91a
ff05f7f010fdf8fb
ff00e3f5fc10fdef
ed15060bebe300f4
0eecdff60106fef8
f10e29f30c16081f
070d16f5ece907fe
e5e500041707f8ff
ecf421f6f602fced
fc07f00b1a090bf6
180f1bea0502000a
e9e60bfbf1f8fa10
f7e9fb021306fc24
f4e0ff11050008fa
1d051a081ef6fd08
f5f6fa0bfdef25fe
12ef060312e5f80e
0cfdf5f7ec020ef0
fe05feedce010525
f7f508f0fc15fe09
f30bf907e41b00fa
fc060cf91319ebf0
0c1cf9e40af70011
0603f90efee50701
f9fe1711f4030015
0616ebf9f9fa0211
d8fefd2a1111fc07
fcff12050006f204
eb09ec0a1af9050e
1a0af3f71eed09fc
1afc03ff0d0a00fb
13ec0ff80702fff6
f1ff1ce5fe0d0802
e90f04090a0df705
fff00d18f5070ae8
ed0f090bf111fcff
eaf4f4fb0207f8e7
fee41000150bfdec
f5e4ebeaea0d1301
05faf722000afcfb
f2ee06f5050efce2
fffbfffbe20e06de
08030602f9fe0905
ef0705f804e80809
ecfefdf3e7f4f80d
f9f2f2160602fef7
fbf40af707e602fd
0a0501e8e401eef8
f100f810fae50609
fbfcff26050304eb
070ffcf6e70d031c
0a02fe0127f811fc
f7d3fa08eff9f5f8
f902f900ef1b03f6
ede9080e1c1405f9
eed4d1c51b0b04cb
fe02f91efdecfb1b
07f80adff80800d8
1c09e10916f0fcf3
fbf1e40203fa050f
fefdffee00f706f7
091a16e80204fae5
1e21efff0b0afbfe
0425ff190420f81d
0df4ff24070efc0d
fd1b0406f4040309
2418101b060e0af4
11fef604f50c0203
1406fd02090cfdfc
06f3f40811fa09f5
fd1000030bfb05e9
0401e9ff1cf8eefc
f602fcfc0f030610
01edf405e6e603f1
fb09f31504f80014
0bf6fbf8f50006f3
f8ff19eaffeff8ee
fa030206edf00609
0103fffffe060113
13d7b7ff00fa0727
faffe1012305fe10
fb0b0dfef21503fc
00f707040deb0a06
efe7db32fb050204
01d3d5162c260415
02f806121c080ff9
f211f511f010fcf7
1e02e9ddf90c01f5
080afd08ec030beb
1eed061c0d06f804
02f3f1d0e0f50c15
f5100c04e8190ced
ff0d19f30525f50d
20e4ebf0f00300f0
fce5f6dd34f5f9f1
e1160b1df9de03c9
ed0c090efef60aef
0416f4021208fa00
0a050815f40b0212
e8290924f30af3f7
fdfcf5f004f8fff6
1c09ee19f8fdff12
ef0807fa281908f8
00f80feffafff71b
f1f80bfdfcfe0201
01f3ec100302f8f2
030c0ff80cfb0210
e7e2f61404fdfbf2
07fff3030be301ec
fc110c0000f60cfc
f1fef1ecdcef02ff
110c010af50b05f4
f002eed8f90bfe03
ee05f2f732f10808
091105fcf6f4f70a
fef9fb06010d0bfd
d813f5070a17fe0d
f6f00010eef9fa07
15fa0cf5f4260e16
ffffe1f0e8fc0709
04f3e302f0080506
1e0d0afbe9f6021c
0ef3f807fbfcfdf7
fafef7200ceefce3
251ec3021cfdfd50
f405f2fa16f8ffe3
0af4f70418050008
180d1815eaf4f703
dbe9fd0ded16fe0c
1012f7f31404fc02
07e805121ce3fb02
f6fe010a0bf011fd
03050dfa1bfff804
15ebe803ebf600f3
12060c15f011f90a
f1ea05f5ff090b10
010ef7edfaf5fcf2
180df3f21109fa02
e8ec14e3090707f2
eb00fdef0d12fff8
19eef7f0c510fae7
1afff8dfff00fb17
f1f2f4130b0701fb
e3fa0e0bfc2c0b08
f7f8f401060102fa
f200fc050af10300
e1f5f30e1b08f007
06ef0f0bee050b02
10fc00d214fcff0d
06f50bf710ff06f9
f00d1e14f3f500eb
f7e9fd0fe0090503
09f1081a04120116
01fafe0bffe11700
fc11f0ff001707f6
0800ecdd0d11fc06
1615010cedfbf5f8
18f60c070aedfc14
f6f90109f10a09f9
270a1113fbfaf9e5
10ee090f09f2fe15
070408dd060bfc02
e40af7fdf1fc030c
05efeb190c08fbef
f6f1fafcf506f501
0d02f318140e0402
f5db021bfd0707e4
f7fffaeaeaf50106
01f7e70cfe26fbf8
fcf6f0e60cf001fe
071301fc07f80efb
060ff3faf51c02fe
09f804f8e7f2ebfe
fc0006f4da030206
e400040b15010100
f0eff7f41b08fd00
09fff806f0fdf204
e80cec020104f700
15080ff1ea0707fe
00071b0bfa0dfa00
0c050bf006f5f8fc
040bfa1c01fefdff
16e400fce902fb03
0efd000912f2fb01
13f214ecff19fbfa
fd0f00f9f807fd00
160f0b25ff050302
f0fb05fef3f4ff05
f80201f6f207eb00
eaf7f90efae00005
0602080ddfe50300
ea010812fffd0706
e307ee14f9360900
f9f9dff9050f16ec
09fdfd1aec14f9f9
170e0812030a0af8
1503fa1603e501fe
030dffff03df01fa
23dcf31206041500
01fafc0cfdef0003
12f90eff0605fc03
0419000423f7e6fe
e7f1fcfd010cfefe
f5e0f7fa04d7f9fd
e7f9010dffee0401
16f3fd0d13030e03
031efdf8eefa01ff
fdf0fe0903030609
20130304f5020203
e303f9f60c1203fd
f916f9fe14f103fe
f0d40afcfc0cf301
12e1f200f71ef30b
ecfcf4ff090f0407
071801d00102fffa
f4faf4fd1616fb06
17000deb02f5f0fd
f3fa11eef00afbfe
03e603e21b061302
f40d000c00f0ff06
00f108f81bfff101
040df90b05fc070d
08030cf01115fd01
f4120508eaf5190a
f60a0a0df2ff0704
09e7fef2f80500ff
ec01f710f405f8ff
030ef9f4fe070501
0b13faf505f6ef03
12f6f3fa1e00f9fe
f8ddf4f60dfa0301
f507f603ff14f200
16f904f2f9fdf7fe
0cfc03ffe8060308
f6f40803ecf10005
2bfcea02d40c0703
effef70e12ff1503
06f2f80726f0f5f9
fb04ef050a1906ff
000f0bfe02fdf6fe
04ea0618e91209ff
fce2f8e61702f4fd
efeb05ff0ee81206
f60ceee60df0f4ff
1414eff4091bfbfd
060cfa01000c1008
0804ff02f7f0fd06
fced0a071dec0001
0ff1f7f113fc0801
ff110309f8231205
fb120af4f0fd0fff
0dfd12f4fe1c01fc
eee8fd040c080700
fff1e9f2f404f9fd
dee9090f00110aff
ff16f6f1060af8ff
fd08fb18dc0a0303
ed260905fcfdff0a
02ff0408fbfff700
fce50503e6fc15fa
08fc0309fc0a08f1
ff14ff060bee0603
e8fbfb07f208fef8
eafcf0fc05e7f702
1fefeef11418ffff
0a0003ef04e503ff
04ee0e1ae70a0805
0702fee1023e0004
06140015f0e814fb
fefffffefb110500
030dffdbfbedf8fe
fffe03f2fc0700fa
1ef6070bfaeaf7fd
fe0efc1006fdf703
0d020ff90ef4f8f6
091ef90b0e080a02
05f8f21405fdf9fe
fe0814061ae5fa03
f6e9f2ef08030700
f61f05dfe90c0fff
f5f702f4e51a0502
0efd0bf9e3f7effb
01fae5f5030101f5
e607030af9f000f7
f9fd02eefcf61100
131000f30d04ee05
050900f5050af001
ebf7fcfc07f4edf5
1bef041a08fc07fd
0f1b0017021af8e8
1df9200303fb07fe
edf607f5120709ff
10f900f40beffb01
0108060708ed0b00
150dff041cf10404
09e7fb0609080203
1a05000cebf11102
34000f4913ebf9f8
fc02ee090906f6fa
fe1d0b01f111ff01
11f40706e817eeff
01f2fb18ecf9fb01
11ece5fcdbe80205
0f03f50112f90200
160f130a14f0f600
100406f5f8ebfdfe
1413ea27f0f4fcfd
1e05fb0212f203fc
f7e7f81e0c060dfa
fc04e30709ebf8fa
f309080306d5f300
03eb0811fef3f6f8
dd06fffddff00300
d700f6010bdafcfb
12f0f9f309fa08fe
05130708f8ec0c00
e7e9fc23050200fe
d40efd0009ff0303
ffeef20f0c02f9fa
0d0e091200c60101
0505fa08f6ee0d02
e71706fbfcddff04
f42305f5f406f5fd
19e3fbffe6f10103
14fcfdff15eafc02
f4e7f71ee2faf803
fe02021200faf7ff
07ee0806f3e3fd00
15f5010218f8f8fb
f6fe010d24d9f801
e4ee01f7d6e7f400
f90dedefe70f07fc
00e5f7f2fb1900fa
0aef0e00f3f4ec0a
d101fafbfe0304fc
15f30eef18230602
0ef21719081f06fd
fcf200f1eefff704
0b100d12070efd01
14f1f8f2e00400fd
fa1407ec0708f8fb
0208f5f2090bfefb
fa0bfa0603000203
fee8fffd1b0b0efc
f4fbecf0fdf8f401
e8ea060cf3060b01
ede8100106fa10ff
f6f806efeef300ff
06070dea06fdef00
dd13080309180eff
051becfaf006e90a
08e00c1bfe080e01
0e1ff703fa07fb02
1509f81413ee0903
f8fa14052404e605
08fcf3fb13fe0704
f40a01040aec08fa
0deefbee17dafbfa
fcf30ceee301f202
f7fdfa08f6f8fe02
f4f4f802061609f9
01fbf606fdf1fc00
0df9f80410140303
0a04060b07edf9fd
111403ead912fffd
10fc0e0304ff04f9
0e182505010506fb
ea1711f8f7dafe03
eaee0efd0b1f07fd
fee20005e9fb0502
fff6f8fef5f202f9
f00dfc170bf4fb00
01f7fbf0f8170b06
fc1f11faf7f302fd
fef60b02060ffc04
0a1301090115f2fe
05f3f9feee07f803
fce7f802df07effd
2bf70509e8dd0303
0111f0ebf4f80804
07f1fcfc00f5fe03
f50af603f1120b08
3bf8f7eef1fdfcfe
ea0de923170a1000
fe010b01140c15f9
e6ea091002edfe00
07070bfef5f2f5fb
0ffc07ed12eeea03
0003eb0715f30903
f7faf2fe13240f00
fbf71300fd02f00b
f2ee0b0e1c130bfd
0d110512ff050701
11f4072eebf40405
0bfdf91e100cf5fe
0cef08e31712fb03
11f4fa07f51701ff
fd07ea0806f714fd
ebfe03fffa03eafc
05100314ff15f402
f2080afa0bed0001
e802f904070100ff
fb00ef10fb0e0402
f8f6f90400e8f5f7
fd1404fffae2faff
0a090aecef050605
040505080e03f6ff
09fdf902f3f5f002
e0dd0021f8fcedfb
fb03040be50d07fb
08130009e7f6f7fd
18d3f4e2e913f9f6
f2ff04e20fd9fffd
081d0901fe15fb00
00f3fbe401f1f9fb
fbeffd0705fd0703
020102f2e6150e05
e4140033f1e7ddfc
17f50cdb1319f2ff
0ef9fafa0503f900
fb02fdfaf1f7f3fa
eff622d8f8fefdfe
12f5fd0b090d0100
0309030dfbeef9fe
ec15040714eef801
fdec02faf7e3f900
16170cfffefdf9fe
ead5ed06fd00f8fe
e7f705f3f5dc0300
111df3f8f708f701
0ef907e5f0fc1101
fc06fdf103080e03
090918f40b1a0702
f7dd041d1beff8f8
32f00df7fd2f04ff
e805040f1d1a0205
1312fa07fd070003
fc290d05e6fef9fe
0017fd0211fdf702
f709f0030bf2f2f8
1de6faff03f70400
01faf7f417ed0c01
fc0ff4f0ff190a04
1aed0ef5060809fe
0bfe02f7fcfffdff
091f0a11090e0c00
00eff807faeafbfc
0211171cf2fffafd
fbd2060be60dfe03
0d010af00febfafd
f4faf1e6fb210201
f7e7fb02ecf10c01
0216fbf820f104fd
0801ec1506e80d02
db2b0909f6fefafc
0f1e0bf4ff1af203
010f03f30ae60c03
0be506ed2401f503
feef0bf4080a0906
f6e8f109010eecff
1400f7eefb140e03
e7150519ed1903ff
fded07fd161ff901
070cfbf7f10d0903
fb010df1db100901
11fefb01fd180afd
fde9fb040af106fe
0bef0d020a16f4ff
f1f60aede20bfd02
e60eef200e190700
f9f9f9fcfa130e05
0c0506ede0f60503
0de8fa1901ea0902
fc021106e4fb00fb
f7ea05fbfbf901fa
2bf906dbf8eefbfc
e1f1f8fae9020df9
080607eff503ffff
eae60220100df601
11fceef5f6e709fd
f4ff1418000109fc
0311f709f80a0302
20dbe6fb16031203
191004fb1c0409fe
0ff805f9f0fb0a03
06f1fa0aed020e0a
0ef1fe0400160202
0d02fcea05f1f5fe
0ee8fffde9f405fc
03e9faf01ff10403
0d08fc06ec03fa07
14f6fef509e40901
03060e14ed0e01fc
f30cfc19f6e0fc00
04070ee2f2f708fc
c2ee01ad09cee601
0ef1f001f2f5f60c
040407f10500f701
090011120d070502
10f3fafa011601fe
04f3f01a1aecf400
ef071204fe1bed02
f304000505200203
180e0807f40df6fe
fb1303f3f6fcfefd
f7f2f902f7ef0001
0004fef7f2edfefa
080cf4eb0205f001
eb05fd0df801faf9
0f0013e6e7eff7ff
f80b0f12f40b01fc
0cf50be5ef090a05
19f900251aeefe04
15200213190104fb
eb02fefc08fcf701
f9fbe1fffa0305ff
12eefb06f70614fb
e60afe0c0e00060a
f20af8ef090b0203
f30ffdf713e5fa04
fd000a080ffd09fc
fe1f11ede9fd09fe
f2fcf911e9e703fe
07fbf1ef0fff0002
01f4f810f01502fc
ece90915ef0af6fb
091efee21603f800
1f04e712fef10e0d
f8ebfc0bf7fb0504
e60113f20e15fdff
f5211117f4f50e03
fa1ef60202fef4fd
f4ea0802f1ea05fd
03160b03fc04fb01
e9d9f411fe0500f9
07eaef04fef30600
01201123eef40601
0fe9f6eff7100f05
f1f808ea0d15ff07
ec05fbf301ee16ff
0400f627f7fcf2fa
e5f0f8fa1103f7ff
02f4fcfe04fbed06
250b040f0beff302
1fe807ffeff60ffd
02fa0f07fe1205fe
f20115e4ed02fc01
00fc03010a1e19ed
f60af7fbfbf6fc03
e9fd010c1503fb00
2f17ff0219220903
01fd00faf9ff05fe
f101ff0ff5f5f8ff
0715f40006fffd02
eaee09ecfedef9f9
25ffeefae1f1fafe
04070a171311f9fd
f9fff00e0dfe0203
f406fc090d00fcff
0cfafeee0814fbfe
f9f2ff0523fcfcfc
041fffea01fff602
f911f7f702fe0000
13f9071106f9fb01
03fe03f1fff40902
fd1003ebf4fff104
fa0b050b0709effe
1211fe05bb060901
fcfd07040cedfcff
e50404240feefb05
0afbfe00f6e907fe
0a0406fff502f3ff
090701fa01010302
fbf30601f310f901
08f4fef11ff2fefe
0604040406d6f3fe
19090ee5f9f3f6ff
fb0d0dff16ef0101
24ed19f30915fdfe
192a03fbff1710fe
100201f9dff6f500
000809fc040301fc
02fd07060ef50004
0efffe1012fd0702
fb06f201f2fb0607
f800f9f1fd0ef8fe
1018fc02f322ff02
fffb03fa2501f807
1afc040c140803fc
f0f70addfefefefb
0cf6ffee1df501fc
08040bf129effd04
0d0105fde20d09fe
df0e1dfeeee50a00
030a0413e5d400fc
f20e13f5ffff0102
030c0ee4dd3907ff
1bed08f8f5e909fd
10081603fffd01fb
faf9fe180704ff00
250f0f1308f8ff03
e80c000000fbfdfc
0cfb080af9e202ff
02041b0205010001
13060af8f601fa01
000a0afcdaec0d04
fbfc020703e101fe
e20a1210f926fdfa
fe03f0fd02ed02fb
0e151210190804f5
fffd03fc16f80602
0bf4f30cfcfafb02
010c0508f523ff00
1afc060b050ef8fe
e8f8060901e8fd03
08f9fe03051302fe
120cf4f302fd0b01
fd1a040b1010f808
04080a0b0907faff
fc010c0004ffff01
ff0aee02eff4fd1e
0e0cfa131ef808fd
0b09f7f0fefc0303
180cf2f8e210f501
0ae008ff17120207
03fb09f9ff0103fe
08f10304ec07f803
fdfb060c14e40e04
e81e08fffa03f8ff
02020a0afef2fbfe
03eff7f2ec0c03f9
14f5fbfbfef20dfd
eff7f305e7e50003
edfe0f07130b0301
02eef5e70ce4fd08
1202fcecfef500ff
1817ed061203edfa
04e1f30dfce904fb
e50bf9f3f715fa03
fcf6030c031306ff
fb11f80408fa0400
ece3061203fe09fe
0408fcf50112f800
f206e6f904f8fa07
f307fe0b11120800
011c02ffef17eafb
fae5f40a1d0dfbf5
fe0408ddfb0a01fc
effcfefa11e70b04
dcee06e4ec140a01
0ef300fff9eaf902
00eceefff60f0ff3
e80cf8ebe315ef08
eefd0b05f707f9fe
f9e60104eb060d03
fcfe0202e402fcff
fd03fdf215f6ebf6
0704fc0ce9fd0102
04f704f40d0bf9fc
fd0f12f914ee0102
0cf808f50bf70403
eff8fd07f51e0102
ddf0f6ef1cf00302
f006fdf90a16f30b
f80e0e080111f103
051afcfff203f915
08fff9f11004f2fd
08080c0bf1fcf603
0a162203010cfe03
f916fa0901f9eafe
fdfdea110be7e7fe
0af703f6fb14f500
010dfd0ff30d0f02
f5140805110113fc
0aed09ed021404ff
f8ecfa12040e0303
3909022bfdf3f901
140efcf217fb01fe
f414f3180b070807
05e700031404ff04
13f4ffeff7f30502
0efd080804070b0f
fe060dfb0206ecec
1ef300f2fbfce2ff
f611f4f70104020b
070911f3fd02fee5
ff08f80afb0e05fe
fdfaf1f5ff01e2f5
0c0de3250818fa05
0b0a0f0900ee19ed
010418fefd0ced0c
ff0c09e3fc040cf5
08f71203faeefc1c
02f711f0ff08f510
ff13e8ea0513df23
f9efeafd00fbeaf1
13f30005021cfbf2
110b0c110225f8f8
fdfa13ebfcf6f705
fcfbf30c09fbf310
ebf4d106fcef0c04
0b04f1070c021a07
1014e9fe0518ebfe
fbf113e7ff0b1cfb
f5fcfc13fb0802e1
feec05ec1cf5f3f7
12071bedfe2006f0
0b02fd0bfe0a00e5
f4f60af502f11819
f806240bff0f070e
20050d1308e1e5fe
0a1306fa05ebe704
13f50b08fb14f6fa
000a0ffd02da0fef
0bff09f90110effa
fffb080604f3ffec
09ed071efe0c01ea
f30ee605042214fc
f6e9efe706f906fa
e2ed0afbfd10e106
f4e616f40105f7df
ec0f09f800fffa17
f6fc0217fff50dea
080d011cfe050cf4
0b03080b020821f3
fa06f405fdf3010d
0b14f1ed03ee0cfd
07f2eb1205f90bfd
0e020f0f0ae40df1
faf2f0f200f7faf7
0eec1ae20bf9fef7
0416eef1fbf8e610
0dfe12e503fdfb1a
18f515f009f1f9f0
ec00f4f701f904ff
f90dfe2901e5ed14
edf9f40fff012efe
fbe606edff0bfcf5
e309fc00fa21fc03
0df405f0fbf812e6
f5fef4050510ec1c
f90dfaf500f21e04
1b0908fa02f50ee4
06fe0a1504e9ff28
15140a0ef9fc110b
fb130a04f201f8fb
e1dd19e7fe1e1201
effce40b071afde6
0ff5f415fee6141b
2907fbe8f92ef4fa
01f1f715fdf8fcf2
e60200e5010dee16
06ebf7fffcf10408
e50d11f406ee1e03
fdf5e4faff040a0d
e4fbeef003fcf4fb
1909e4fefee10af8
0204360102f914fc
0f060b0cff000ae4
f4f9f6010004f900
fdf1efeffde701f7
f60420ff04120d03
fce9f9f9fff60efe
fa05f7f2fff6112b
0bf41908fdf30cfd
0afe0b0401fb1a01
09010920f9dd0dfe
04e7fa16fdfde2f6
090e0fef00000504
f7071aee02ff18ff
141afef604080501
02ebef05040912fa
04e3fbf824040cf5
1706fbfe03f5e405
de060efbf8f607e9
ef0b0a0a01f7faf0
f3f00af5f9f702f6
eafe010efefbfa1f
08f70108fe0afc01
f508f3f3f3dc4a09
fef80014fefceef9
07ff2602fe0af000
f30007e3fefcf904
18f217fbf7e201f0
200805e6ffff14ef
12fd04fc050802fd
00111307f5061203
fa08fbf40512f603
fc08f101022901f0
0d020ef404040bee
0d0ae7f5fdf50efa
f1f1170406eafb0a
ee0c02fcf8f301f3
f80713ee02010ee7
05f8010cfcfaf100
08fd0dfdfd1afc1a
091dece0fddd160d
f8f9eafffef6051d
ff0f120304fdeceb
e60deaef0717f205
fe26f2fd08e304ec
0b13e00121fcf60f
f4fc0009fdf80ef0
16011ceb04fbee00
ec14ecf9fb0207db
12f4f707f91e030c
fff5070c01030e0e
f20bfff709fd0dee
f021fffe03ff090e
ed2012fe02c8f4f5
f904241700e8f10e
fbe7f800fbfe1d11
160af2f5001cf90b
04f310ff0c19ff03
1201f6fefc0d19da
01141ff900f7080a
00080c0bfef802fb
1c12f80702faf319
0309100703f409fb
fbebf0160a03ea01
0afcff00face05f2
05e6e20606131103
1307fc12001d0406
0a15f0f3fe1b0df3
effdf9130703f12b
03f3eef0f81003f1
020f01f1faff13fd
0d0229ee03faf717
000502050e15fef8
0ee909fb010404e8
04f30616fc130d0c
0ffa0018fe1004fd
1901eafc02f0f0fd
081302f600f4fc20
f8f5fb14ff130409
08e9eb1104e80607
00ee0408ff060af7
06fd18fcf8101021
f311150307f1101a
ec060d0dfb021204
f3f8fe090102f600
ff140a04ffed05ec
0100fce8fcfef91e
fb16fefcffea14df
0909e0f9fbecfaf9
f0111bf7051deb0e
0603f114020405f4
1006f5ff01eef213
fddffdf803ef02ef
ef0e01fcff1cea24
0d02e30cfd1cfde5
0000ee04fd070a31
e40826f907fef9f8
fc040afcfbf4eb04
0e0507050405f01d
e1f602010904ed25
f90c1103f911e7fb
0d13e5f8fbe80c17
08e9e60ffd1bddfe
fff3fef2060dee04
060befe804f914f2
0bfc0f11f6f8fa18
f1fd130a0533ea0b
f6f1feeefcf702f6
fa27fafcfa05ffee
ee08f106030e210e
eef7f3fcfd04f4ea
eceff809f90a1401
eefa3006fb01dd28
edff07f1f900fa04
0103ed0501100a09
13fc04fd00e604f2
130efcf7fd06f2ef
f70500f7fd00e90e
0cf5140500f1070a
f5f1040203ff1503
190708050014fde3
0ef717f20a040cf9
09080af70518f903
f0eee1030aea080f
02f2f616fdfefbee
fcf82006fb1c2006
f306f401ff08f305
00f5f62000f0f510
f2ddf1ff010c0cfd
fdf50002fa1004fc
02110e0104ecfffb
eb06eedc00f8ee0e
f1f2f80efd1bf9f9
e412f0f903e4fd22
09100e0b0411e0e9
fa0afb0c060f08eb
fdf5f3f8ff02ebe9
f6ebf813070cf811
f2f51218fcf20804
15f0f4f7f6f70b0e
06041f1301ebef02
140004e7ff0c14f9
0d07f8070202f714
ff00200c07c404f5
0aecf3ec02dff4f1
0c0b03e7ff16efeb
e917ec10e208fdf5
090b1b1801fdebe3
00071315ff1b10fe
020211f4faffe60c
f90d1504ff0114fc
fe11fcfc06050f02
eef90a060507f510
26e204e508fc00ea
fc15faedfa00fd04
09e7f91c0000fc01
eb0ef9f40a15ee07
0602f5f3f9f8efe6
08f10001fb100b03
ee240e06fd1afc0c
faf8f721fb0915ff
0afff0ebfef8f605
e30c161800ec16df
ff09fef602f21b0d
eb0ef00a01f809e3
13f505ecfb09e9f6
f5fe0803fcdb1c15
f5fcf91e0101f8eb
00f5f905f90811fc
e8f0fa03ff0ffc25
0a03faf8fa11f0fe
fd02011b04f1e8f8
fb0ae906f006fee5
e40feffa09d7eaf1
ec16eeebfa19f909
f40a1febf3140716
e8fe07f200f30c01
0802f9e6ffe5e10b
f2eb180cf9091616
0b02f81300eee922
0f01f417ffed05ed
fd120eff04060af0
e8011908071af30f
17090022f80c120e
f1ff08f3fd0305ee
fc07ebf604fb04f4
f3f2ee0cfbede50f
e0ecfef200f0eeed
23ed26e3fdfdfa1a
00f3e902fef3153d
f9ec060af7230df1
ee1deeec010d1111
f8fb10ee04edf5f8
f9f3040600040c0b
02f4fb06f51f1df6
0e0809080104dcef
ed07e7e602fc0110
fdf10411f9e71a13
09fc111800f3f408
130917e40008f202
0501f111fd0b05f9
0ff205faf8f1070b
0016f4f70200071f
f4f9ff1b000cecec
1704edeefe030210
110aeded022a090b
08f410eef7deedea
ef01fbfcff0e11f2
f91e03edfcf6e918
fd06092505f0ecde
0dfc1411ffe2f8fa
0401fb01fd0c00fc
f902020b090104fe
0aeaeff3fcde0203
1503f81209fdff04
0ee7f90ffc000910
130cfb0e05efe9fb
160df4f700030502
0f1e080d030310e3
e3060e13ff05edfa
02e4f308f90903f2
e5ebf8d5fa15f7fc
080dfffe031d1ae6
1b0ee8f703060006
0f140af906f9f208
060f16f2fcfc1df9
fcfef60900101df3
e2fdf015fe0dfff8
01faed02fd0f0de8
0100f704fe011afc
05eefd0dfb0f03ff
eaef08ff042cfbeb
08ebf2ffff1beefa
06190ef100001c03
ee0b02110109fdfe
f7e7fe120516fcef
01f3fdf3030019e7
00f8050501160a10
0f0af4030103f7f3
f6e3fb06f9ebf608
08f5050206fa10e1
0aec10ee0001e400
f40aeb14fc0c03f0
0e0fdbfa0006f117
0ce60606fefff708
0009f6ff062fe91f
00f509e704f6efe8
00fef7f705f90df5
f9e604f80603e8f1
f518fefd03fe03f5
e3f1d5f603fc0806
09113ce2062cce00
08f9fef1f7fd0700
f5091703ff0deded
0bf1dcf9f7f41303
01ec0303fb10f616
0604f8060a00ebf6
ece7eef904f207fd
f322f6ef01f91d16
f3fa23fb02f2e9fc
ff0a030dfbfd0604
00fe0a09fffa030c
e6e3faed00f6f018
f00a0df405170803
0df7fafe06f2fde8
090f000efb1b101b
02f3f311f503f0d3
08fe0417fe030012
03191004fb12e80d
02ff010500f00002
1f120e05ff00e8f6
f903f30805eb00e3
e60bf5e3090a04e9
05f60c04fb01f509
01ef0718f90a0a0c
fff6fe0bf8091103
16faf702fcf308f7
0804e0f405d10d24
06f9eaf800f4f527
f3172601fd00f6f6
ff02fbfb02fbeef3
fff6f20f07fe0512
fefaf417ff0810fa
32e107dd0b0a09fc
05e9f3f9fdfae7d6
ff0f00fd00ff0bd7
0204e10102020e0a
081ff6fe00fdee06
e6f614ea0117210f
f5ff030dfff7f805
f7010306fef1f604
1311fb0fff070f0b
fa21fe01072830ff
fcfbf4fc01f60735
ecf019f7001afb17
f5f5120cfefceeff
ff081eecfe000b05
ebf602ed03fcf300
fc1519090124f006
e305fa0c0030fd0c
020f06f600090509
fb12070d033a0806
0bf3f5fb01d5e9f3
10102e0d1a171306
e321fe0afbf208dc
0ffafafe0704200d
f114f8f5fa0c01f8
f8170b0dfcfc0604
fa120307fdf3fffd
020eff050401f8f9
100df01006fb1107
16e3ffe704fafdf6
14fcf51efafdf208
fd1a07f3ffd5faff
fefe080dff3c03fd
03fb042204050b04
fffb0017fefdfaf6
fb011af9fff702e0
f213f60601f4f6fa
f401f30300fc0202
2604fbe306020926
020a070002f5f715
01110d0f02fe10ea
fe040326fdd61b2b
011121ee04ddf9fa
020a0aed05f40b13
ee0bfc1004eff01a
fefaee02051a021c
f0fbf105fd11ff05
ea0adf1505ff0407
050e0b0605f60ce0
12ed01f6fccc02f1
0bf21a0509ecd91c
00f104fb01f9fa01
1aebfafaff00080a
0700f5fbfc020c14
03efe41c03fdebd4
0df4ebf9faf1f209
14ffe40405e8fc06
06ff0eeffae6ff09
f6040f15060c0101
fdfae2fdfb050df4
0ff61b15f9060dfe
f00006fdf5f2e509
eaf0f90a0ae1ff06
fefc0bf201100cfd
06f912fefbe806e0
f41a1d07fbfab424
fcfee9f5f7031015
09edf2f401ff0807
090d120f06ee081c
1017fef7f902f30a
1a10040cfe1705ee
0008fb07f90e0a00
1ae9fd03fcf6fa1a
fb0316f40301f618
0d0ffffd021af8f5
0de71ed9fdf11cf3
ff0eed2dfb24ee0b
f8fc08fd03fc0811
0906fbfffffe1209
0706f611000a0305
01f100fa09071d18
07f60305ffccd403
fef8fbfa04f2f9fd
0a080ce1090ddd04
070307f903f3f61f
0be80409022aeef7
0f0efafc00fd0827
0506ee0cfe0307ee
130501f9fbf60fe7
1e0201eaf7deec1c
01f1110afdda050f
eb04f2f201f0fdfb
0bfcf5050001faed
fe06e80b01f6f000
06f5f5fcf1fdf4dd
f600f80dff1002f4
faf8fdf7f813010e
fd0407e8fc20f202
e70201f50bfd0307
ecedf8ed06fb1908
e3f4f4080cfcf9ea
0a01ea0a03110af0
0afdf9f0fbf20af0
f3fdf70708fef206
17eff50a07fd1e09
f0d9101cfbf607fc
f1fdef16fdee0101
fd0cf000fb0006fd
eefadcf60316fe02
1608ecfe0313f5ef
00f85cee07bcde0d
fce002fff8e91506
f7f5f2f001f7f7e6
e609f2ed01efff02
f7ff0bf7faebf715
ecfe15fff41512fb
fd0b090201e8f70b
10ee0700f806ffea
1404e7100901f9f3
eb0107ec04eeff21
f6fce4ffff1206f8
e713ed0301e1f000
fb1408fb03fa12ca
10fde8f4fd03fbfc
edfaebeb02f1faf6
f808f610fe0d2209
f721e10eff0019eb
12f80212ff03010e
f8f404090213f9f9
f7170e0101e3e80e
eef7f7fcfef0e706
000e05f1fcf1dbe9
fcf410050015f6f1
eef3151203f30201
e501fe0c05edf0e7
06fff7fe0125f7ec
00f6fc1b0120fff7
11001023f2f5ea33
fb1706f60317ff13
2fee02e3f0f6f9f0
1e11050c030afe03
f7070e08ff0e000a
fa1ef0f6f8f1faf9
ef091701f7f6f9f0
ef04180cfcf512ef
f4fa05fd050000e8
080210f103ddfef4
00f116ee020cfd11
0f0a05ee000cf904
19ec0700040d03e4
fc0deafd060f01fc
f207f200fd240710
f60508f805fb240e
f91a00fefceffefc
06f506020205ff0c
fc180f0ff6fffffc
06f513da18011814
02fd1702e904fe00
f4f60c0f0ffef50f
09f6030b230210d9
0cffeb05fffdfddf
11fa1a010000fd1b
060c021c1201e31f
08e415f8edfe1105
e71907fc13ff0d0c
f013fffcfefd220b
0913f7091b000600
eef20e091002ea0e
0c0b07e60cfeed11
12f1e8fcfcff0ce0
e7f9e5f2eafaf808
f9ffdc0601001808
fefa00fa0800fffa
08d2e41fedfdf8f5
0df906fdf805ee09
fd0af8ebf803ff05
fe10f8e908fcfd24
e5edf3e703030efb
e0f607fc0600f6fe
f302f0ee02f005fd
fad1e7f0120310e3
ece711f800fef507
0e04f1f6070716fd
21f9d7f9fe03eafe
fc04eee3fd00f81f
f8fa08edf1fcf50a
0004150b10fe03f3
0bf4f4090b00fe11
fcfe0a19ff01fef3
ef172200f502fe0d
10041b0afa000f0a
f7efebd9faff3105
f8f5f1ef160408f9
edf3160503fd1cf8
ee060ef70102e909
fefb1612ea020b05
f40cf502e10019fd
f6050118f8fe050e
06f9f2f4f404f2e9
fe0c0fdff40111e7
ffe1f8d31002f8ff
030feb16f900020d
0701f12219010102
f3f808e2f903f2ec
fc06f004dd020207
10f407040a00f811
edf704fbfdfe181b
f812fe05f7f70402
f920090702010afa
f8151002fc0008fd
05f81e060dff02fd
170b04fef20621fe
dbfd2c130f0009fc
04fa130ded010f0a
fbfc0605f0ff02e4
ff0a01ffee02031c
e904eef41cff0df7
1cf3050be600e802
1308fffaf5fdf114
08f1080ef101fdfb
000c021013fe3307
0ff2cf2702ff25db
fbfff7ea0bfe000a
f30a041d0502f208
e30ef9040eff2014
02eefbfeff02f3f9
fffcf5eaff001210
ef0d09f915fffffd
020ff304f0ff0bfd
ebe7f0e80bfc0403
f7f901fe0e01f407
07e8f6fef5ff0f06
f825f90c06fdff1b
05f7e2f8f6fb0fed
fbf21006f9fa1aff
f50afbf6fc00f11a
e0eef518ff011ddc
16051306fc01fedf
f8f1ff06f100fb17
1f001307fb0007f7
0709f810fcff1016
ff05f303fbfe0beb
03f7e2f9ef021df3
e4f91d18eb03fd14
ebe5eb250fff1204
08fffbe712fdf901
fdfd08f612f9fbff
271004f2f1010101
f6e40d0edcff1309
07121a011201f01f
d3fa23fa0702f806
eb0604fb1a0213f2
06d3120df20103f9
1508f741eefc2212
0cf8fd0e05fdeb0e
0002f60001fdfb07
e6ec02121a05fdf4
07f611f2130a0011
0414e5f91005dff4
f4f526fffa030915
fcf4eeeee90013ff
0d0e04f4f5fef3dd
0711e9ea0701e017
fae1e8ea12faf00e
180bfb21eb00fd0f
09fcfe0905fdecef
06fd11fbf1fdfafd
eff7000b08ff1516
0014fbe7ff050af1
00f008f9fafcfbf7
0b17ff2908081512
f4e40df804fa0bf2
ed0518d8fbfcf20e
ed12000a1a00e1cb
f007fef418fffc00
f30b1df5f302e61c
1aefec03e6fcdcfa
fa0d121bfffff8f0
e7eb16160cfffb0f
fa1dfefa0400f206
f30f05d9f7feec04
fefef5f608fdfcfe
fbeefd03ff00f7f2
57e00fe2d103dae3
e1f2eefb0701e002
f9fd04f40204fdfe
09f8000d0f012f0c
f5f90e0bfc001f0f
f9fbf624f5011cf3
fbf21dfdf500edfa
f00101f90100f402
10040ef824040bf5
ed11120df00105fe
fe270d0609ff17f5
0af208f81603e306
060ff40f010411eb
f0f41117db0027e3
ed1505edfd00ffe7
0e090413fffde91c
ec12efff08ff0dfa
f60711fbf901001c
0d01d81102fff6ff
f7e70f09eaf909ef
11f109ff00fff6f0
05ff0d00dfff07f8
1ffcdee6e2fefa0c
0cfd0be9fe010fff
08fde502f30216ed
f4ef02f11b01fefa
f707e91907042102
fdf1eb0502fe15f2
03000a03ff03ef05
fefd11f3f7ffdb03
28f7f0f1f7fe0b27
f0feee03edfdf018
021106fdf9fe11ec
10f619e9f5ffeaf6
130105010203fcea
fd02f4fff1010af2
fdf9fc0f18f8fdec
f0ea01351100f7f9
fc19f006fc01e60b
0affee02fe00010a
05040506fafe110a
09f9f7f60a00160a
201206f404fff900
f8e0f9fd1cfed91b
ef0dfa1015060903
0efe0009f903f8ff
f90109eb1cfdfde6
0110170afe020402
05f6f7240300110a
eeef021aecfe0817
fffe08000402060b
fd0d0710050208eb
38ff1bfe0604ed12
f3040c0113faf518
e604f8faf101f2ee
1b00f9edfa03f8fc
e3f702f1fc0406f2
faf30efd1bfd052a
2c0415ecfc01320d
fdf7f1f3fc00dd03
e012effffd080aef
04f4fef902fe091a
0af7f90bf902faf9
0ff612fe1000e209
17fef9f81904fe21
0d1904f8f70206fc
feef0d1211ffcc06
0f09f8f7dd010df7
0105f51013f805fd
12151a03fbfd090b
e7f71007d9000e01
270510060bfef40b
da0af1101507f704
f7f7edf70701fb09
09f1f4dc16fff0f6
ee0d0d03fe01f1ff
0cf0fdeb0902e9f2
04fffff708000502
e31f04f90201f307
1b0af220ff01e305
16022007fa00010a
12e408dcfd011808
01fbf9f8fd02e5eb
020cfd0007fdfef6
ebf5fbec0602effc
f805edf60dfff9ff
2218eafb1504e6e1
e7f3ec031003010a
ff17f40203020203
13e50cf206fb1f0b
f0ef0bf9060012f8
0606d4f4e903f508
e0faf8f0f8ffef07
000406efea0cf013
ecf4f903f10314f8
faec080301fff4db
0efe100cf9ff0809
22f7f712da060b09
040bfcfd0100f506
010706ef05001df4
f217fb10fcea0af1
0de1e2f0120402fb
07fafa19f002ca08
f10003fa01fa0303
03f7f0031a03f5fa
0601f518f4031cf3
fe22fb1de903f41d
2302e8e2ec011eed
fffc00000300dc00
d9050af4edfd2508
0f15001b18020600
18fe16f0fb012109
1df212040703edfa
f1fe0f0bfe0406e5
f616ff16f80002e1
09110c0a16ff090e
f8f811fa010400f8
f0f21dd9f0ff05fb
19051606140204f1
0a07040bf0fce210
ef15131afb0109e5
f80e08fefd03fa05
f01e0f2511010f01
e6d7f31111ff2aed
e5fe010821fc0010
00230dfb01fdfbfd
f1f2fc0c01fe11f5
da04f70dee000419
001ff71b0f0002fc
e0fb0cf51100e21b
0eeffbf10000f61e
fdf106e30dfd07f0
fae100f70702ec00
f1f8fc02f503fd01
022115020efc1900
1614f60904ff06ff
f0fd070e010127dd
07f406f00eff13dd
23110e0a0304f9f2
1019e7ee0001f605
0bf20208fbfef3e4
fbf5ff001800d3e0
0af1170ef502f511
dd0dfdefff010513
f50608d61302e211
ce0216d504010900
fa11f103fdfbf3de
081f05f001fdfa11
eafbf7f10104fff2
050cfbf50f010f0e
000afb0a0600f912
f3f5f6f7150601f9
ee0e1b17f603e8dc
fefc1afd0a0111e4
ec151908fe02fff9
fd0d0205eafbfef9
ecf2fefef4ff12ff
02e0e2090cffe61d
fbf506f814fd0902
0bfeddfcf2fff8ec
f0f4f6122000f9e3
0510010b090010fc
02f603edfe0210d5
1c01fc09fa0428f7
ef0f000908ff02f7
f1fd2afd12fdf005
ea031d180308fcd2
04f8ff020201f4fe
0fff07ff0c00f10d
0c09ece812ff0611
0df61ce3ecff08f9
ed1cf3ee15ffeef2
2bfcf006fe010bf0
0be8000708000400
0ae7f9feff0003fa
eff306f2f8ff1011
15f405fefefc18ed
1b05270e1b00060c
fe0aee09fd05f9e5
010202f40b07fe0b
080dfaf7f3ff0013
f1eefd030dff02ee
14f9effc06010d0b
e306e90e05fee704
01cc020a0102e10c
fd0b040de8050405
f1fd02030201e50e
0f17060aed041d02
e319f9080304e410
10dff8f2f7fff0f0
f2f1040ff7060706
01f7ebe3e40300f9
e60414f602ffe006
0418040505f6f3f7
e800f11f2f0108de
0afb10fc07fdf7e6
fb1600def5ffecf9
061109fff80304fa
06e0bc97170001e6
fb0af4f9fe0909f5
0af90906f400e614
eaf108f8fc001fe9
dce605f8f3fb0d09
15f4f1e40b03f008
f70d17030c02ff0e
010d1515eefef70e
0afcf804f501fffa
ecfdf41306fefbfd
17f1eb0110fe09f6
0d0b27e506fe0c04
12ff05fa0601fc23
ffe608ff110104f4
ebf70e0911fe0df1
f2f4f806d8060e02
ee12011a0f011afb
e80f06cee2fc0108
f8f001e9fffee8e8
1300eed20aff1a10
feea16000d04fd09
f00df2081e050001
041b0f0c0d01120a
080703120b040520
f9031d071efdf104
092c0f0003060a05
1c02edfef5011208
11e8feef0b02d9fa
04ed180015001305
0ff003f0f2fe090a
02020e1afcfee8f7
0010e9fde6000bf6
f40fed1712d90e00
f6fe12fde4040a07
f41bf80f0804f906
e61c00fdfeffec00
fdf4fd0cf2fe0601
e70608150afe12e9
fe03e41d0afb1006
05ff08fde704e5f4
0008fff806010b02
22f32dfefa0029fd
1dfc261afafdff0c
0afce70802fff908
dc12fef9fafff203
07e0e8f4030507f2
e708fbf51403ecf5
010a0618f7fe0a01
13faf714fa0303f1
03f1e4f2f2011403
0d1af9f50dfe1dfa
10fbeff619021911
001615fff1f8f607
0e01060e16fc1ef4
1010f016fc03f2e8
05f114fef804020e
e7000c0506fdf4f6
1911fc14080209f5
1900f9f8fe0002e0
ff00ebfc09ff1d02
f3120613f103d316
f8eefc13e7fe0eee
fc04f10709fff7f7
f40d07000904fdea
1dfff211f002f8f6
e00f0dfb0202eafc
04f4fafd07000cf5
100405cd0ffeff0d
f3041efbedfd0d2a
2305fef21401fd12
02f30e00e6fffef6
0ff8f6050102fb03
05e7e5dbf2021419
f416f501f4ff000a
f50c010b0302fa0d
0f0e0d1301ff060e
0826150608fff5f0
ef13f80819fe150c
1df2080613ffe8f6
0fe90febe901f6f4
f20111fcf3010b1c
e2ffedf006fef5f1
f901f608f102ffef
10c9ebf4ef081ff3
0d13fa09ec01f406
0ffb06140603e6ea
de05da0415040cea
f208fefcf5fe1413
f51006f7f3fdee07
15fa1ff5040104d1
ff02ff0ffe000509
17ecf200fcfe07cf
07ebfc0702fbf90f
100209effe05f9ec
f30508fb1f03f3ea
ea03e9f20fff0bfd
2fe3ec250201d7f0
0e04011a01010e00
f108ec0000000df2
1a0806f70a020df9
0b05fcf8ec0106f4
f6f8fee0c901fe23
00e4f4ecf0ff09fd
12fc071408fffdf6
2afafb0108000504
e209e2000f00f7fb
06f211f1eb00ebf3
0f03e6f517fd090c
0d04e60804fa0f08
10fd0bf409ff06fc
fafd0df6e504eb10
fffbf0ebebffe602
f4cff6142402f823
ddfbfb0bedff040d
0b19e11cfc02f1f7
2003fdfcf7ff08ea
050401f307050008
fe091c1004fffa2d
090cf90601010906
e20ff81beffff0f9
f410010a04fdff17
0eebf201f300fdf8
010bf70e0ffce8f6
05040404fafd0302
0bfafaf30501e7ff
080ffe04f4010200
08f10913fd05f203
01f805f2040403fc
1afd150a0202141c
f4e40ed9fe0118f8
14fef8f50c00fb06
010efaf7fffffb23
00efe8f7f10aecf6
040af7eeeafe1520
fd140cfd04fd0aeb
0201ffe2fe02e710
15f610fcf3ff0ce3
1319f1030a02f6ff
ea10faf7000203f2
140408ed0bffeb03
f60dfe0d0200020f
daecd70329030105
050af8fae106f7fd
06fae6120903f213
0a02000deffb0421
252bef100cfe01ee
090f02e8effe0e13
f5f602de04fff500
0700000301f90bf4
11f517f2ef020310
0ffa050f03fcf71f
fe0efcf5f0020106
12f615f5f20205ff
13ef061ded00fb04
10fe13ed000201fb
fbfc280a030200e6
fbeb0cf009fe1305
ef21fc022001d914
fbf5050dfb00f3fd
17010e0df3fb03f7
fbfb1429f802f720
0607fdff1503eb01
ef060eeffefd05ef
e501ffee030213fa
e3eef20200020ef7
22fbf9edfafe12e9
ecfd12fcfd02eff3
18fbf30f0406fa0f
03fce1f9e402140c
00f4fc0e05ff0df4
f70d02fee1fffe01
fc13f70bf103ebef
0ef0f5f30106fcd5
1908f707f5fdde04
10f60902fd031508
13fdeff00102fbee
defdfd05e3fd0805
fc02ed01050211f0
d805f4f3020511f2
fd0809011c020405
1a11150907030ff8
f8f9fef801fcedfb
fb11020f04fe13ee
0cf5f5122402f72a
00e2f806f80004fc
d907f5e806011a14
1506f70cfc02f9ea
0009f201f90cf9f7
fa05e2f518071105
12ec07e204f8f925
e6eeddfc0bec12e8
ebfaff100aeff8e4
1106140b08f8f302
e502fffd05fbf306
05ddf4ff0505ec11
13070412110c0bfb
0a19071c02fc1ef9
fbf6eef5f3e8e90b
e303f9dcfd0a021d
fe0c13f4050ef2fd
fb070203f9fe0204
0fefee1ce4f601e7
e01514feff07ffea
fee1091bf3e1fdf7
f51105e9fcf6f4ee
f4f30206f0f402f8
f712eceaf7fe08fe
df0e07f10703fac6
0e010e05070902fd
f801f5f60000edf3
17f804fffeeb0803
00f0e90e05f8ece2
f5ecef0af1ecec09
14faeff1ffe603fd
f9faeeea09f5eef9
f8f20200ec0d140f
02ef0117de0008ff
fdf61bfce9f6f10d
f1001607fe1f00f5
07030bfbf5fdeb09
04ff0c0cfb0df404
04f5eb131308fcfa
f8eb0701fd09080d
0bf501f9e3f4ed0e
d611f31a0805140a
0b1bfbef10000de8
070af71209f7ffeb
d3ff0800edde08e7
ff1515efecf7f9d5
e01700080815f8f6
08f306edfcdded19
f307fef7f2e80511
05efe704ffec08ee
f6f3fbfe1111ff05
151001010b021bfa
0e09fb130815e5fe
e61303fd11f2faef
08f7ef0e1cf412fc
081103fb13040102
18f5e50506fb0af4
eaf70e08d811ee00
2d0902f70501020c
0eff1af4f91202f8
f802fe05f3f6f3de
f7fd0d11f70ffff5
fffd1f01f401f3eb
13eff50ef6f702f7
07fa08010017f107
e7ebefed0fe80f04
05fce70ef4fbe3fa
edf60a01fcfe09f5
300e25e611090bee
29fbeef2071fe3dd
061a140af8100dfc
e914ee0506fd04fc
ed06fefa0f1ddaf3
040218f6fdf9120b
ec06fc05fe0af7e9
070413edfff018f0
fa0feae508f80100
07f8f003010afe17
f3fd0f03fb170d02
000de2edeaf804f7
0f100bd603e30d0b
fe070d04f3fb00f4
0815e7eafefaf523
1818f31400fdfc07
010b01f90bec1434
fc03e40700050de7
15f3e70310dffaff
e5f9f9fe10f51018
14f9f304000cfeeb
eb0ffe07e31be9fd
ebea10df100206fe
f1080cf400f31209
f6fdf305f4051e01
05f500e9f4fa0011
0901fffffe0bfc04
040ee9f9ebeef9ea
fa02f900f9f70e08
010dfc15fe0311ed
f10a0c0ff10c2306
e8f9ea0cf6f3eff5
fee606fe15f6010f
e5e91bf5f103dcd2
1dfff51fff030ff8
f8ff11e1fb03f102
070216f5ee12e6fb
f1ee03fff8f3f9d2
06010b07e5f104f9
f8df1210180b02f7
19f21f09fe1c1f1c
0f0e0f13fbe3fd01
e81111110afa0e10
f2f5ecfe02211211
0902fb0deb0de2fb
11f4eff6fbfff012
f216fc1ff502f5ef
f4fe0114e2f8e224
f01a2ff21b0a22f4
f6dbe80a160301ef
0d0ffaefe7f100f5
120afcfa03ed0118
0206130900ffe6f4
e6124013eee71412
fd08e9f1fa05f715
0d0307f70f16f205
0cf81ffcf6ff2123
1816f6dd1302f409
0e0404eef1081015
f2f3f221f507fde6
fbe7e8100607fff7
02f9250411ee0800
15ff070f03f9f2fc
fad8e220d80be2ef
fb160f091311f1fe
f70a1509f6f90003
f9f408e90ce81001
07dff5fcf304f401
04e9ebf5040503f6
11ed0c1803ffe20b
1625f7fc0001eee9
12e6dc05040b0422
0def1ef315eeff0f
f1fd1606f8161606
f3f80a001df6e1f2
eb080113e1e40c09
ea0aeef604eefe05
e70a000e1e041401
14d5140700ecfeed
ea0b1fec0bfc0022
29f5fd0019ff0af1
0e1515f915ebf30a
ff031ef3ed100ff7
1b08f80d04190b19
e112fa10f60f04ee
0df118f1f908140d
190af21c01f01d02
26edea0905dbfcf0
fe0ae8060dfcfff7
0bf9fc1c0114f60d
0d0c0cfb25fbf8f8
e602f30ddfe8eafc
09f1dd0d0504fa11
2c001b0b0809fc0c
05ff1500edf907f3
06edf90bf4e91aff
01100e12f61205f5
19defcf7f3d21bfc
00fcf4fe08f713f2
0607f9fe02d1f810
1b01f7f40e060e20
2d0e18fcf1fdeaf8
e9ff1105ef0d010e
f30ef50ef80ef60c
0009fcfaed020b11
f0fbe61220fe18f6
12fdfceff6061a02
09ed0e0af5f8f907
02eaeafff5f8d31c
ea030708f203ee0d
ed16f609fdf2f7f9
e1fc02fc140a1a12
01fce6f5f8190302
f4150c100e10e907
030df01a07fc061b
e4f3f3e9fefffff9
f816e619071afef3
1ef726e5fbfb05fb
e40feffdf2fd07df
04fc162109fdfe0e
10ff23e9f80c02fa
f7ff14ffd9fbdff6
fa0fecfb0afffb13
030a03e30424eed3
fbff2be705100201
f7070a020afafbf6
f7ed0e00fa1df9ee
f102ed0211f30de0
dbfaff1e04fbfafc
08db11ffeffc09e5
04092704e4fb0300
f6fffeff100f000f
2efdf1fb0feb1c02
1301fb081008f823
030ef30ff4f9f5f2
06ed07fffc050210
00fc11f4eaf0ecf7
e817efec0de100f9
0b0a1009fff500ff
def6fcc90d110804
09f3e7fcf10413f4
fe08fefe0d0005e7
e005ea10e9f60303
0402f7ebda0e0ffb
edeb180feb1002fe
e00902effcf8301c
fdfe0ef8f706070d
08041510f611e5f9
1a03191cfd17053a
f3faf10314f2f2f7
ed000f0efcf7ff07
fc030ffff3f10007
0bf8e700fa0d00ec
f305e0ee0603150a
f4030b0319faf809
f81705e51402f5df
fef60cf7f4e80ffb
0209effaf70d0c03
07f003fdec0207e1
10fa14190d14da02
0c01fc12ea08e5f3
f707060a00ed1424
e8090113fcea23f6
fd0a02fdf9fdf501
f801fdfadc180c01
0616fd0cf8140410
04140d06051a030e
f61ef90902e3fc05
fc16080408f7fb0a
fd07140dfc16f80a
0c031e01fa01e3fb
e30415d40c1b14fa
0a00190ceb00f5fb
160616fcfe000e14
150e07e9ef10122b
16effff1fb1e09ff
03f60af8e61710fd
ecfe07ee07fb1003
fa071e24f8ede0ee
04eae1f102f10df9
ebe208f2fc130401
f608fd0114fb000f
e62efedaf7f9f8e7
e8f8f50309f91cf1
13f50c22f9f000f9
f307000ceb25fdf1
e4fefefdfb07fb12
07fcf2d718200401
051b27fcfd1106e6
1bf600f8f91307f4
dd0afdff090df125
e010ebd3f0f0f7f3
f1f3e00502f30df8
0fe20fed0311fd0f
faef18ef06ec04fd
e3fefdfb0ef203ed
061ef90ae803011c
eae405f6f0050705
ea0fe60805eb1408
fcfdeb0804eb00f2
f80add09f10509ff
f807d7ee01fffb09
0d052002f4f8f9fe
feee02fe0416fff4
fcd610f30c14eff5
e8000301fdfb0fe1
ec0513fafc0bec11
02fa150f0e04f518
fa071f07f510fb03
23f9e6fe0afcfaed
ece20405f3060316
08250e0f05f6f3dc
2410170bedea1613
06f80e0d0208f8df
f1fb0700fa0302fc
f8d7fb09faff08ee
ee01fa020ef702d5
fa13dd170116e9f4
09f607fff5fdf700
05e810edfc1114f8
ef0000130f080403
0c04041909eaf9fd
021debf40309efff
f9fb26d7071b08e4
050305f105f7f5fa
e300f70b0616edea
04ff11f804e2fb07
f106f8fc0403fb1e
0808e0e0feef02f1
0f1aedea0101f702
0bfcf80a060b0209
e91dfe1b01fcf0f2
f4ed00eafe081208
fa04ff02e805fff2
fd1405faf21509ef
101ef602001c0ee3
0af5fff51a0c1108
edf2f90ae9f8f60f
09f9f5dbe608f012
1cf707e802f1060c
01fbf40cfb152101
f6f3e808f0f7e600
f5170cea11f61017
f911ffec0d121e19
26e9e8e6f9040805
0af12bff0a15eb0e
e5ecfcf3f112e5fd
01e0f805050bfef0
11f3100ef5fceb10
0b0ef6fcf4041228
060efa0401f1e2f4
0ff202f607020619
080c07f1faf4f118
08fc0805feeb081e
ecff0c12010c01f2
070ce5f9f7ff1bee
001108fd020f090f
f7fe16f7e424ecf3
fcfb0612f4110900
0aeffd0503f417ec
1e000c25fafe120a
d82bd500dc3b161c
000e07ee02031105
09fe040e09ef0bf7
d60609eafc0506f8
e3feef010d04f70b
f1fc0bea0b020c1d
1708ea0f01e20f16
08040d0414fefb00
ef00fc02fb0210f8
ffe0fb0cfcf5f518
e90ff0f404e505f5
0d030bfdeb00fbf1
f7fd1bebe5f90c16
f4f700fc0804e8fa
f00cfaecfa02f5f0
02fc060804fbfa0e
f10215f10c0f0e03
ff01f7f2ff08f70d
e1f007f7ff02efdb
e809f416ec06f406
070bf80c18fc04ef
fbfa08f40218ec07
14fe190b07fa08fd
f212f807fd07fd0d
15000af5f6eb1311
0303060aff01eb03
23f9fe0d060bede5
fe170800fc28fb19
fd160b0b0b10f818
e1070701ff15fc07
1400f40617fa09e8
f81417f7f80a02ec
fe0bf8090216fb11
fb0c0e05f4fd0605
13101ff8f408f701
071b04fb04eee4eb
faf3f0fb0b01f6e2
d0e80100121a0fe7
0aeceaff05121f1e
0812fe0c0b07051b
07fff3010611ece8
ecf8f0f5dc03f004
e800f8fb020400f5
240113000efa05f2
00fc1c0bfbf502eb
f5f6f205ff14edf3
fd0212ee0e01f810
f1ff07e50dfef21d
0e04dff1fc000ce5
fa04f503101304f6
16f8e805e50d0a0c
0416e1f70a15ed22
0ef3fe0b1803010d
01140d01f304fb1c
17120cf3f4020901
e60dff1b0a03fff4
0321e303020cf5f9
e7f6dbfa0efa2013
fb120aeb0905fc03
fb1bfbf411fbf8d4
0f22090cf603f10e
060d0a010813efee
05f41bdf0a0d080a
f0f4effee90702fc
13ee0e24e017f000
1612f8fdfa05ecfd
ed09030403ebf9f7
f125faf80c031304
ddfe000efbf30307
000610ffff0fff11
09fa1a0d0bf7f9f3
08d40b08ec06fc00
1b36130e0f1436f2
14f10b180bfcf00c
f0edfcd11f01061f
23fae81cea0b0709
0101ddf7fc021600
f504f60400ee03fd
04fa02fbf9f4010e
161f16f3f4f710ff
1024effff805030c
f9f10d0de5fc0805
f1090efb050106e9
fe13feeaf305ebf5
f2ef1e12e40c050a
18fb14ff15fff8f4
f90a13ea05f7ef10
f9f90ff911f70803
e0110a00ee1503f0
0603fef80e05e105
0b07fc150800fc08
0c25ec17ed14f508
f407fe0b0608ee22
e824d6f5080c0de3
10e2e21000fe1a00
0708f20bf6fcfee8
fafb1e4514f2d907
07ebf405feed0ce7
0af808f322071316
08f4f40d0517f306
fbdb060610fd17e8
dbf2e7cac4f9fb3f
010f1801fa2008e3
1dfeeeee0cfef2f1
f013f0060318ff03
fae3fced13f4f8e9
1cf705f110e4fcfd
e70ff9f5000802e0
0dd7feeff1fc0820
21e50afbf9fcfa04
2600fbeb07fb06fb
1d041e10fa05ff0b
fb19ed19f7e90511
ebf417fbf7f50eff
0c1907020bfd02e9
fb0103210105fef3
fd0c071804f9fcf2
06f0e7ed06ffee00
db1113f9060714f3
fdec02110e020bfb
1b18fe030a1ff409
2af7f2dc04fc1b00
13f1f90ffbf005db
08f926f6e4fadff8
ec02f303f1de091e
fe0011f8fdfa0c07
16f2fff2fef402f0
121404eceafbfd14
f3fee5ed10f509d6
e6f40dd9e01cf809
eaf8f113e9f91ced
0ffbf2e923dff4f9
e403020306ef1027
17ddf32806e5fdfa
04f8f4ff06010cea
f615ff0900effe16
e7070d050e17f7f5
f7efe4091a100509
2710fd0cfff401fe
f4fee9f2fefa12f7
000beafd1609f2f1
be090b29fe070902
0ffafd1708faedf9
06f3021716e3fb07
f4f8fcfd11e7fd00
040dff0f04f9f208
f9f8f9f9f9ecfc07
16190ffdf81e0f13
f7060206fcf0fcf0
e2dcf2f2f0efee1c
07170300f5f00806
0df401f1fd001fee
050df5ff00eb0c16
13fedb0afff3051e
0ff3fbef0b0bf916
fbf6d11c09ee050f
08fef40ffcfe1aef
f6f604d519f10fef
16edfee6101a08eb
07fc040a060a07e8
f1f124fa090a0105
f40b020eec0efb01
04f2200412efea0f
0f0407f0f30003fa
1705eb12f80cff14
0a0502fd06f80c08
fd1e1ff7f90bfb06
0efe16ee0e0109ff
f90d04fd16e2f023
070c08fe0110ed04
0a1407fff404070a
0cfbf0fb0ff5f9ed
ffe602fb0510f90b
0efdf1f904ee1304
0416f512e20ae815
09ec14f4ed08f911
ef0df2d900010906
0915f0f704000d1a
09def40811f2f70d
f5000cd600fc0cf4
f4f6e413fdf1fe00
020726ec0a0f07d9
f2f3da1a02fff9ee
0207f802ff030aed
0af7f519090bfff2
fe040216fb0506f2
e8e20b01ee0703fe
f8f8050dee0ce816
08ec0e0feffefffe
0de6050c13ea0cf6
0f05fedd05effd1f
f10b03e6ef1f00eb
ed06fafe0f18e506
e91d12f90ff601f6
e5ff072908f803f8
1b09f8f1fdecee20
fdf9f30b0df2ecf3
191423fceef9fcfd
fa18e8e901df040e
0800001cf7fdf9fc
10fb0e070c07f7f3
f3f3f40c16100bde
03fdfe0218f70b0a
10e103f6f5e3f60e
fe0fe80a060ff30c
05f8f21d1bf5e3ef
fef3100e11feebff
f6e811d2f3fc00f5
ff23ff09f9f7fefa
22f9ed12f0f00e1b
0e0103f4f109fd01
0712edc42ff30df5
02071417f6f61417
fd000a0e12fa0501
02edf9f31a0eef00
fde620240fff02fa
ff171203280f1bf7
f5f70b17eff5fd0a
fae904fa16feecf2
e6040615fbf2e6fd
03fe0f18fa0be4f2
0714ff0902f70e06
0913f3f62002f61e
f10aff0ff805eaf6
06f9f40ff3f417d5
f5141620fbf9010c
fffb17ed070522e6
ef13e92906fe0a10
11f3f2f80c170cf4
0124ff07f0010511
ff0b3410071203fa
030316ebfb1f100f
10fbe1f4fff9f0fb
f6fdfb020cf3eafd
0002f4f2f4eaf7fc
05e7eaf70c2601f6
180609f2fef51419
020404fd1cff0021
060cf7faf7f6f203
fa02fde9fbe814f8
f6130ef80307f6f4
f6f3ef02ed030fec
0dfd1017020c0deb
f816eaf20cef0901
f9001cf1f1040111
fce91c020ced1702
00f122f4f63007f2
0e1e0b08fc01f4ee
05fbecf8fff30b1b
1cfdfff6f2fe01e8
ecfaff03f10212fa
ee0ce104e7fbfcdf
0b0df52e143606f0
f7e5f415131af3f5
08fa0ee303ee0beb
fff7f2f7f7ff0d03
020cf200220aed05
01ff06300ae61301
fcf2fe0bf20525f9
2306fcf2ec0211ff
180ef608f703fe19
07e804e2000908fd
eb09051210f5e800
f1ff0115ea0af2f7
02e710090605e915
fd03f9f9101106f0
db200613fefae3fd
f3f4f7f2fc04f1df
0de6f404080bfe16
edfa08f8d80604f0
0bea00f900130efb
0411f70bfa050bf2
06fd01090417fa03
06090f17f211fb18
fa14ef0dfff713ff
f2111bf9f6f923fa
14eddc12fc10f7f7
0decf10d0314daff
10fbf800f4280cf0
15070f14fc0f0a0c
f1f009080c2af7f9
10051d15ede2f621
e9fe09120cfcfae5
faf2fd2213ef07f1
15fa150ef90efa12
ff1a110105eeef13
f2e1f801fafefe1a
e3f703f2faff150c
14f903f70f11fefe
ec0cea15e40bfdf4
2008090af4f80711
d2e90d0105eceefe
1f12fc15050af7ff
fb070614f2f8f519
020c0103090af9fe
fa2615fd14f9feff
fdef1f000ff1e931
0201e4ffee0a12ed
0505fd0210de0ee7
db1b03e5fbec17fa
f6fc0ef7f5fbfaec
fc0812061b1406fd
0710fd050ffe06e9
0ef5feee100810f6
1a25f84b201df80b
e913f404f806f704
fbf21a1c170be2e6
2317f31424fbff0e
eb1e090b09fe0324
13231128f1f71002
01e7111317e7ea00
ed0100f4fdfff618
ff18ff1e0fd6030d
0e03e7ea090924f0
e70518ee25e9041e
0bede60c0bfcf223
1005f904ead5dd06
f7fd0cfaf5d7fb06
100a0ef5f2e3f815
080114fcfe11ea16
fdd8e306e10bf7db
0deb1113181608f6
e2e70b2ae8f00c0a
16fffa140801f3f9
f2f30dfbf60bf8f3
14f9fe02120eebfe
f2fdf301fbeceff9
ef040f00ffe413ec
ea23d8f204140209
ea12fee802f304e8
00e6fcddff04311a
fa03ee0312e40aea
00fbfc0c05fdf202
000922f60705f0fc
ff1ffbfcf7eee9e1
0b03f4e011fa0d0d
0ee9e70e0806fafa
f1ef05dd1505eff5
0504e80ef90fec11
f6040506f511f8ec
16ef23e71eeffce9
fced01e214fbe428
03ef04e50ff70f06
ed1ef8f71df922e5
f0f801001a052006
fce5f306e9040307
f2ffeafd2d02ebfa
040bf2ed00faf9ef
fff607ead8fef305
ec151df0030f01e3
e0daf7e8f108fae3
f60402030efd11f9
f517181509ebe8fa
ece70dffedf2f308
f8e8150219ea0016
fc17101008f4fe1e
0600fafff10c071f
02330e10fa05f9f1
13070bfe1c11f9f4
ee0206df02e8ee08
fbf10efbe11b0410
0cff0b1803fedb14
eb06090fe2fe0d18
0afeffe531edf71f
fef306eeeef70ef9
050ffe071af6f9e4
ff01e2df13f0ef0c
0a1b09fa02fbfc06
1100f0f60bfae0fe
e60eedfceff61619
f3ef1709fef7fdf0
fe041917df0114fc
13fdede7fc08f2d5
fe1f0708f3160414
f724f90dfeeefaf5
fe1103ed04fef61c
d4d4ff0406fff6ff
f0f1f5f1f4f4f722
091a22f12506ebe2
010c080ee9e2dbf4
f6161bebf104fdee
f203f8f8fbfe1413
06ea0608fafceef5
f508fc06f7fbe412
f0160becf602f0e7
002610fc02ed29f0
0ffbf6fae1fe09fd
10f108fe29061703
171e1df80c011ff8
1106e8d6fc021511
04090ef717f40414
eefd1219d2f8fffe
0413f0170bf5041f
f7f7010a08f4021a
2705fd04fb0efe11
0cf9171503ea0e05
17f702de14f1e603
f6e3030bfd04fc00
f0e31907080fdbf0
0ff205dbf4fdf100
031103ea011b11fe
161d09e6e5f70c0b
07fc1f15100912ff
0b040c060c0ff50c
e713fad91b0d1408
fe18e4ef06fb1408
f70e050903080d02
fb0efefc00ff23f5
07fb0601f50ee8f0
03ffe8f0fd020dff
21ff150bfaf8f2fe
fd130720f2060208
fa0eef05ef061208
0df7fcd9f8d9ec19
fdeef30102f5eefb
22fbfd1f09131502
edff05fef919120a
010305f8f2110808
f60af1041c14090c
f7f2f4020108130e
f50e090e11fe1005
ec0ff60604190002
ee150afc1b0619e1
13d21113f7f1ee24
01e50f08e6fd1c0b
04211b08f4fe0004
0429180bf511ea0b
faf518f412fe1103
08fc10030913010f
06fdeff2feeefdfa
f20608f210f3e1ef
0a050206fbf3fce6
080008f907e81103
13ec0df4ecf51afc
15e529d410d902e2
1df4fa0601fc09e4
ef1118110e0813e0
f8f005fcf1fc000b
0a0dedf4fd07e317
07f300f5fcf2fbf9
16f9ff1c28e909e7
00fce4290ff1fbff
120b2029e80d0106
03e3ede4e9fef301
110702c6fd0605fa
f4030522f3f80105
fe13f9ff14010913
f3f2fcf8f3fde709
0701121d1af60715
0209f9f4040ff0fe
de19f90702eff210
e2fc00010c120b0c
ff16fefc0211ffeb
f90209e41efb040a
f8ee19f10210f001
ed1a20f7e71ff1d7
ed0d1efa10e80af6
f4eb040c190a1bf4
16fa162017fd17f6
fddb18eeef0802f5
e7ef0e0f01cf07fd
141afbf4e302fa14
fff3eff4fef0fcf9
1900ee0e00f904eb
2117e8f0fbd2f315
0af806eefb1819d7
e309fef1eb11e2e2
fac40c05edf309e3
fb22250900ff1005
ef06e7e8f9eaf919
0304e801fafbf5fa
01050af0181ef4fd
efda0be50af3f6db
04f6fcf7f1fefd0a
1afaffde171af6fd
f3fb01f4e3fd15fc
07fef2fcfc150910
f6def20413020c01
fa0a17f50aeb0e16
0bfe0f070df70ef1
0008ef031f0b10ea
0df3fb00f1f1f9f7
ebfe051de40305f5
fa0bf2fcf70c020a
10f91105fb11fbfa
f1f5fff6020311fd
1108f3f8fcfa1705
f4070518f5f9fc1d
eedfea0a0f0d1b0c
ec03f9ff0c05efe9
f5db2df6f1fc14e6
fc11ff1308f6eb17
fdf9190aeef417f0
e8faff0cf005f50a
09ffe910ea191efc
0aff08f2fe07e609
09eafe06fc13e605
0f091602fb10fafe
f81201101103f9f6
10ffefe7f3ffe018
04edfa07fcf503e9
ebf4f4e6e801e6f7
f423fd0f0aee0a1a
1410fe170e0bfbf7
0416ff05e908fef6
0af3fef8f80a151c
fbfbfb0904f90ce7
00f7f307fc04fdf5
130f080110260707
10ff15e91b291009
02c00bf5f7f80714
121002fef20523f6
3de213e4d5f8e922
f701f3f1fa100f08
f9ff04ea000c0522
000ce4df0b01fd07
04e10cfd01f3010b
f704f50a01fe021f
120cf40e0a000103
090ffff6070aeee4
15f60deff3fffef0
fd070dff120aef06
f3e815f00df8fae1
f80b0703faf30b0f
e2ed0ff9fffb0518
0cf412ffe4f202fd
f702f2f515faf0de
fc040bfbee0cf4f8
fbf4fb192505fbf6
fada001b02ed0b0f
0df2060c11f8fee8
03f4fcf8e40efc09
05f0ebf319eef21b
efe800ff110818f7
0f0bfdf3e5fb010e
080818f6f10cf6fa
09fe18f2faf602f5
e501f417f3e5ef05
e3fcfbf0f8f504d8
f1ec1b0e2812f909
f41009031ef4f409
fffcf0f9fe21faf8
f9d5ed14fa030400
effd020a0eeb14f3
11e7ee080f02eb07
0df0f1fb130d130f
020bf5fc2003fdff
0904df0611db0e07
1208fdf60515f508
dbecf316f9faee1e
2202f00dfa06fb0f
0309ebe1fbe805e7
01e40000ee130206
ebf40a0205fb00fc
10f6fbdd130af11e
fc0b06e5f90ffef0
06f6f9f5ee14f8fe
f7f10c02170210fd
ef0cfb0e06d7e1f9
e7f1f109fefa1010
080000e203f509e2
f90ce6000a06f7e8
feed100f050ce2fa
f0041a13fd0815e0
f10403f9ec14f407
ffe40bf6fcef06db
f8d2071105010bf6
eef9eefef2ff0d18
01f3ff0bf11dfcdd
fcf10ff509010bef
f819fef4061003eb
f8f7f710f3090e15
030cf9fe091306f8
fff20dfef504e60f
01f2fe01fbf9fbf1
f5fe0ee0f3010506
0302161a0304f209
fff1e104fe08f908
fb04e81003010807
1d17f8080afc12f3
01f40812ff0cd00e
0a1607f7f0140117
0a11f6030e1bf1e3
0b02f3f905051215
f6da0f1ee1e6dcf2
0bfdeb09faedeef9
0ffff002f91515f5
02eef7f4fa11f505
0a0c14f10f0fff0a
fc08f90ef606f905
02e9fc14feec06fe
fb02f9f0d90eeaf9
fdf003f2f0fd16df
0afaf7e8f7071023
f61b05050c040b00
d4c9f54008ee0e09
fa0512edf1eb0905
fb15f4e7fbf6fc00
01020ffbf0fdfbfd
010e0c2412fc0a05
e8ed16041801e014
110ff4f904fb14ee
f9fff00eedfe000d
e90b23f6fdfb0818
1be4e8f5f60219f0
06f7de0d3708f10b
fff0d3fc0505ebfd
00f0fcd50c10f40a
0e1e02e4fd230c24
06fd112a04f6060a
f60502f7f809cadc
0f030ae4de2602ed
ec151a0209fe05e4
caf80ee6270d0ad1
0af0170e01f2f3fb
f2f3030cfd0e02f8
070a0e0609fef71a
0529020eebf8f201
fc010703f303fcf4
06fbe8061b0704fd
fae4fbfb000b0ffe
fbf4faf3eaeade0c
1709ea07e1f90605
0512f8ec1411f90a
ebf9f502ee1ceb05
021a1dfa02df08f7
f101fa170edef91e
f6f6fb1213f6fb02
f911f3fddcfa13e4
0406f7f8ef1502f2
f601090ffa1bf604
25e1fb02fceffa0a
f91205e7f103140f
eaf5fae5f3141307
e7eceee8f8ee0006
0dffebf800180113
12e3f808150506fd
fe02fc08fdfa08f5
fafb0c02fbf401f5
0c1cf30000f41405
1afc0de4f808effb
00ed0005f2020fef
0ffa48220dfcf501
def40308fff401f2
09ffeefa16f40af8
f220f80af614fde1
d90106eb1b0e10f8
fdf119f3f40ff601
18ecf60406ffe9fe
030ff218ed0510e9
09e8f11d04e609ec
ff0122fdffe318ff
e1ebde0307f209df
1e1516def0120f1c
0ae2eaf5ee1e0b10
0216f904de01fb0e
0b07112c1c08f403
10f7170100f4f81a
00fff70bfe0301ef
1bfafaf80ee5ee01
f4f9f81105f80906
ed15f0f4f7ee07fc
08f8dc090aff0f01
02ec130b113809eb
e3fb0500f705d9f5
f505063d17e4f0e7
14f7f909e000f4fa
050ffffcebf71907
070611f1fefde707
f60efbe10e001f17
f3f506f203ea2c14
fbeeed0c0702faf0
fdfdf8fee2f720fb
12fcfc06f6f70a27
1520dddffae1f0f0
12feff080eed0bfc
0cf8f2051509f50a
240f01e20b1b19f0
0aec0818f8ff08fd
1104eafaebf8f503
00ea14f01d161107
f9020cfaffe2ef04
fdffdafefa00ef00
f41ffd02090be206
0411fd010106f4f7
ec160e12ec0febf6
fd0b201622fcfff0
f4fd001dedfefbee
060bf9eef4fa0b16
101aef0400f1f4fe
f701f7f402fefdf5
e80912200cf8f802
06feebf2fe0e1507
fe041617f7fa13fc
f80d10111af912fd
03fff9ef15fcfbea
0900fb0df01912fe
0f13180202f81e04
11f7fae7e9f7fef7
0a0bfaf506f5fc03
03f8f704fdf60e11
00fde1070f10fe00
e904fe1308e4fc06
f40d0101f3fffeee
07ea11f6ff00f6ef
0df627fa12fdebf3
0bfc0b15f2f3f0f4
f6f91ef3061611f2
09dcefe909e80112
11ed0ae8141cf3f1
0003090d1314e80d
f4f420f6170debeb
11ea020305dfe908
0d17121001feff07
f9ed1307fef50510
eafd190400e40b03
19fe0ef206fe0208
ff08f40110fe1200
04f9edf808eef7f9
eef9fd1bf422f508
fd02ee0d0a09fc04
01f015fa23090604
1afb0809f60efdee
10fc11f520020b05
0bea00fa0be50904
0c09f2df0df3e312
0a0b01f60b0f0108
fc051509fffbfc04
f4ebea1121e90208
fcf502f80007f702
1309fcfbf51b1e1c
0710f521f3e70a04
0c110e170ce6eb05
121301fa00fd0de3
ee15ffeb0aeefa0a
ecee0d0cfff90700
f1f0fe1d09fa1bf0
0f14fc19fefc140d
0cf8ebfe0212edfb
fbeffa170b001b11
f8e8091a0b1508fc
efec0627e039fe02
08fcf800e1f91f1e
09fafb10e2f3e2fb
070204e41b19f013
19ea002becf70b05
e7250afd120d25ff
0f01fe09f104eafb
fcfaf905fb05ed10
1014fff4eb130f0b
10f60bff01000ffc
0aeefef41607eaf9
00f508ff05f50400
0a1e0005010f0611
f905ff010720f8db
ec10f5ff0df4faf5
0809faf3e6fd05ff
070aefeed7f817f5
f40d050af5011aea
1408ee03e901f502
fd15f7fb0508021a
141506f5f3e813f3
110807f511feed0d
f0f1d8fb0af9deef
2c102509382238ff
e20aff041cfef905
0d1bf6090fe8ffe4
030c1600f2f8dc0b
f8fd0ff3d60cf60e
f20c0c18190d07fe
041b09ef0cea17fb
ff05e105fa0a0d03
080bfb05f4fe0010
fd2510fb10fcf5d6
17eefb1ae3f5d7ef
ef0b1415030601ff
f3ecf4ef0201f4f2
f81610f810f309dd
03e6f6fd040311fd
fdf20af2130a0bfb
fd0e1907001dfbf0
fef60ce90708fa1a
f002f506e8070ffa
0016ea0bfefc11e2
01f40e0ff5f2fae8
0cfc1711010be6f7
0908f208e6102404
fdf5f3faf506ea0e
f30004f9faff12ec
fdfd0423ee0cfde7
fb1ceb0fd8d50918
0cfad9fdf70911fe
0610efed08f805f8
eef5f8eb0f070ffc
eee5fc2200092404
dd0a12050ce5050f
0815e5ec00ed04ec
0018000011efec0e
fffc210a1100f818
f70d241e03e9fcfb
eff906ee0a13e010
1f0603f610fa0e10
faf7f1f1f80af3e4
e901f603e70afc07
fefcfb0df4e30bf1
fbf70708fc070205
fe0ce7effef7ff0f
07f903000101f704
f0fb1b1000f0e8ee
f0f12001f9101f10
fc1a0cf8e8ef0710
fcf4f2fdf5faf4e3
04120bf6f309ef0c
010ceae426f2f5fc
0dff02ea0501fced
f401110720eaf622
0ac80aea04eaed14
f6fc25f8e60b0bf8
ee00ecfcf41710d5
f312070b02fcf303
f410ea0e08d603fe
11041311f51a17eb
f8110feb0013ef0c
ed0b0ce803eefd04
130f04f525e9f9fe
1bfbfe05ecfc0607
1a14eafffaeb05fd
fff30e0508e9ed11
04f5e20810f7dff5
ffe7ffe82d04fb04
0c140d0c00d6d116
d10d02fef718ed0f
fbe70ddf1bfff1fe
f8fa080a0eeb0d08
15e9eef502cf0203
fafb1300ff0afbe6
0707fff3fcfb1614
f7170d07f321d50c
f52201f6020104fb
0cebf30802f601ea
0c0008fffd14fa02
f70af9f5ff24e402
fdebf702eeea1602
0af5f8fcdc23fd04
01011fff0a07f509
f6030ff6dff904fb
05fa05fc0beaf4e8
f6061dfb1ef1f90d
1018df0b011cf2f6
f3e21ef80f040b05
ffedf5d011e50e08
f6ff0b05f9f1ef01
10faf301f6f5f8f9
ef26f806eff7ebf7
f40407fc0214fbee
0703e109fbfd09f8
fff9ee0c0211f512
fb0316fe0b041afc
121713f3ff0904f2
ffe3f81deaf70202
0900f3f70310ec13
0b09fe140113f7ea
f70603e208011213
0cfb0df7f0020d0e
08f9ebfd03fae1fb
f101ed111101f81b
eff9fbff03ea11f7
0211f9f7131118f4
010a1b0deaf3e9f7
fad816090719f3f4
fa14ee10f806fc01
f6fd16f513df0b00
06fdfefef900fcec
f9f0fff20e05f9f4
04f4041cede3fcfe
edd8120207eb07fd
fc05e8ee02fefef8
171b00020aefe4fa
ee08ff04171f0bfc
f81117f50bf4effa
d60416c4eff5f91d
ff180326f402fc02
f515f6010b071503
08f9f3fcf9fbf0f5
0de93608f8f40a13
e9e7e1fde9fc04ff
eff2070b12f7f31a
fe02ed0801e90df6
0e070ef2d7ef1805
0b0df4e20617f6eb
fc00e20df4181201
ff090c1ef2f2efef
02fc011ff303f6fc
0af60e08fbee0c05
0cf6f40fee000afd
130107e1f91101f8
000c151117f8f109
13e403ecfafbfef7
fafc13ff0906fdf3
0907fa0dec101805
1f11f725f80eef0d
0817100013ff0a02
07f602f5f709fdea
0603e0080c2aff0f
ed2706f00af401ef
010cf0fb25f9f6e9
19f721e613140505
fffc1b0701eff2f5
050815ede6170e04
1e05030fedf20200
f3f2ec1405f61107
fdfb101affeb02e0
fc07ffefedf905fd
e709f2eaf8f9ff0d
f504e5ff230a00f3
e60813fb1224fbf5
f912f31701f40df7
fd1bf112f9f7131a
04000102d7fb1a12
fbfa03f814f4fb00
f2041319fdfcf602
01fbfdfcf30b1ff0
10e000fdfb0000f7
eafff1ff050d050c
01daf7fd020bede9
f31dec2504ebfd08
1ffcfc0ef903fdf5
fe13f5010322fdf9
f9e9f0f708f30204
0bfa0adb180604f1
0af40be81200f506
0704ebee01020a04
e2fb021afceef513
fb1d0206ff0c1cf2
1200fff710ee1308
19f0fd051405e3f9
00f3fa03fbdee9f8
e0ffe9fceb12340a
0b0f0aff00f0f6f0
0318f8fb161302f5
f3fff60504190efe
fb0208ea0c1aff01
1dfe0cfb0a0510f7
f90ff0ff0d1017e8
1a0bee0a01e8240b
f9f4ee00ea02e8ff
0211dd180af91e0b
1010fadc0320efea
0005f9f5f0f5fff9
fef40cfef8dcfd05
e5fef103fc0cfd11
0a03de0f14dcf916
07f2ed10e8101ff1
112ee82110fbfef2
0a0702e60a1ce8ff
f406090f0efe131a
02f8e901ebfe0afd
fd01f8010bf41ff0
feefeeee160f02f0
eff903f70f1d0ff2
0e010d02fb030a04
f504050522ec0a03
fbece809fd0ffdf3
f412100002fe18fe
0df8eaf5faffeffd
fafbfe05e212fc1a
041d130912f7f9ff
08142f09cde61df7
0ff3022811030d08
fd02ef0f03081102
00efeff6f7ea0afc
ee00eafcfa120df9
ddfa09f905f70e18
08fa100be601ee09
fe13030208f0fc0a
11effa0c03061000
f9f7f3f004ff07e8
f60201f7e0f8fef0
f6110a28e7da09ee
e1ff2a1903dcfa0b
fa00fb071cf40a04
f5fff7f6070d0a08
ff13f6071813fbf7
ff00ed17fa01fff9
09fc25fd0b18f403
00f5eff6f0fff0ff
ecfffe0c1a01fa00
00fbdbea0cf1e8fc
07f90af21d0a0ee8
fdee11fd02fc0bfa
f107f01313121302
0e05faf0effde909
0806ff121beff3f7
02ff06f0f6f309fc
150b0a06e200d901
191e0fe6fe11e1fa
ee0504edf70b0ce5
f20dea10f5f71a06
f6f8faf0fd07fb10
fc00fa0306f2fd15
fae6e003071e22fc
01e10bfdf3ebf1ff
0efefa1806f91319
e9ff01f70113e909
eef402232010f50f
16f1fcf9f811f908
f9fc030be70feafe
040b06d7fe07020f
1d0dee17d1201307
010f00010c0a0404
1f000b11f7fa12f9
f80309ee0dfc1cfc
0af804ec0be201f8
0ce801faf4e80b0e
efec2125081d170b
02eef80fe70bfa0f
fffefafc15101a00
07210e0221fddcf5
0be714f716170417
1afe010dfdff0c02
f8edf7fd12f106ef
0ef30702f70bf801
ff03fffc1c010104
f1fdfefcefef170b
e635ce13c3ea0f2c
0b0c170d04f7fa0b
f4f1f4f1f1fcddfd
fd01070ce907f605
12e21409ff02dffe
03e7140408130a04
0e03070ef31112f8
031609ddeff60003
fff71bfefa1412f7
0cece8feede52212
070cf516fe06160a
f806ee200cfb180e
05ea0b1f1707f9f4
fc0903f3f90706ee
060e06ef0017090d
fc00121e11f4050b
12eb071bf0f0da01
0304e71af606ef03
fdf0130511f8fb0d
17f3e9f2d30bce00
08030f220713fb0b
fe080909e1f50e0f
f008ffedf100eefa
0622f5ebf91af606
01152300f010f107
0bf314080b020af9
f20204f6f6f31100
08fee41605fedf09
ff08f5daff0013fc
020204040bf4eae1
f7eb15f2fc02d0f4
fde7fa01f4e8f004
1ce70425e7fc0ff6
03ee1710001616f0
1afe040d1af6f601
0311ff1b06eb2af0
eff1fff5092501fe
00ed0308ecfdf305
f7efda011ce51def
07f4240d15fef6f9
03eedae0de0d040e
02e1280119f3f50f
eb04f40614f6fdef
04121417fd13f508
0c1814f7f3110e00
0c06dbe7f61a18fb
e6f8e7ec12f30100
fc16f4d506080914
0a08000afd08e6fe
f3daf2030102f3f7
1a16f60301fb0105
0513f4f5f50d1ef7
fcf01304ee0b09f1
f40affeef20410fb
f906fb12e9ed1317
f41c0b0c01040b00
060cf9150af7edfb
fbfae916050205fc
f72209fe07060312
ffedec0ae9f3f901
eaec08f10cfd0208
0104e501f90ff8f8
f7f91814081f0105
0009f313f7f7f1f3
0c00d604ec0e00ff
f20b0c271b1e1805
ffe8fcff1a0c1308
fdfe19fff8fe0efe
f3041111f1f9e3e6
e8f7f3e9fff20f01
05fc03060fe9120f
fb0104ecfef7f904
c4c937dffbe2f0fd
fd02fb00f51ceb13
05010af2deefff08
00f9000010f50d05
f5f20bfd03010806
01ee0914e40bf909
0206fff8e51e18ff
f413020805ec2806
00e2e51f01e5efea
ea12fbf2fbe10909
ebe6e2210df605ed
f71b0e0d1fd700f5
07e2f40516e7faf3
f7df050cf30407f5
f71022e5fa3402fa
00fffe09f0fbece4
fefb172102fc02fe
04eaf8ff0511ec07
0002020b0402131d
e90500fafe0e2805
f0f8f304fd0de1f1
12230116060800fb
14030d040df707f1
01ff0013f2f319ef
dfe0eaddede9b1e8
0cfb0ef4f8040608
f512fa2af60a1501
0209f80c0b11ef09
f9fdef08e6f7f4f6
cb12cf080ef7ece4
01060515f9eeda08
ff001aea08f80604
f91a01ddf9f003ff
ffee18fffafe0005
f903f2f8fcf10b0b
fcfee50a0e1afef9
fe0e14171200effe
f9f9f7eef603f5fa
0ef3fe0307f82005
0a15f9fa0cf20afe
0308000ee6f903eb
e70af8f005f30f16
0903fcfcfbfa1d1f
07f6031017d30bfb
0008f2f4edec00f9
07e80df900220af4
f3fe04f80412f003
f50c0c001b0510f9
fb0fed09f3081d08
01f2f6f9f2f22808
ecfa020a0107fb10
1011fdf3f4d2f311
f7f8e813f0d8e7fd
1afc110508f30307
fbfbfb00010ff500
0015f00a0605ee03
02fcff2115f907f9
1703f1e022fcedf3
f01914fb021eea06
f6faf106fcf9f8e8
06fcec1efb01fafb
f604f8fef601f902
f614f7fd15f219f3
ebe9080603eaf307
0817f01d11030706
0711f90615fff308
fe09e0e118dff6e3
0a08fd05fd0f0ff7
fbff00071405150c
f6f6fa01fded23e6
08e7edff0a0f16e8
f10202e6da0a0a11
f0f20de2f5021411
03080be6ecf70905
03120ff502e908f2
ea08041bfd08eb0e
04faf9050dfa0206
0ff4e60aeffd120a
061bf5f1fa070402
fe061000f4f8f712
f3eb000509f9fae8
0ddbfeddfe140120
fcebf805010bf903
f4f3e018011f0a03
06f60e03db02f40a
19071f0100e90bfb
fcfcfd0b0fce09fa
fb04140608020ff4
01031916371b0bf5
fdf912f1f9110204
140505eaf808f7f9
01eb04fb12e603fe
06fcf1faf60c00ff
fa03100009faf7fe
f9e7f9fee8eef505
ff0ff806da040503
1a080febf51aeef3
021a12e9f807e301
29f10a15fffefc00
ea07eeea04fff304
0401f809f6e0efec
0718fef5091001ff
0ae8e81f150e130f
fa14fc0ee601f1fe
13f902fb05e306f5
fc0314fb110b0419
09f5faf81d0b1101
07f3efd6fc10ef0d
0be71b22f4df1ff6
001309010e051612
fc03f7f50803fc05
f2010613f0f4fb00
f3fde9e7fd20ed0d
ed0d00f9f3fce7f8
13f9ef040601dd09
04f1f1fbf305fd04
11f1edf60dfd10fd
f405f8fa06f4f4d9
f6f703f62b0900e8
e3f81304ff0a1208
ff1cfaebec0927f5
fa17fef42017ff05
f9faf5e7ea0f0ffe
18ebf8fafc0d0807
0eecd6eddf1205ee
f0f0e9fc0d1bdf08
0df100f7fcdffff5
f0e8f6fe0bf0110a
f6011f10fbf3f8e3
04fefe00210610f9
07e504ebe60aff0f
0cec0a03f90cec0b
23130ffcf4fd1df3
150afff005fe0301
17ef0ef9150ff40b
0a0bf106161015ce
0ff8ecf5000a010e
ff050f01130ed917
fe0c030eff1c0805
faf8fcf31a18fadb
e504f8130dfff003
00faee1f04ec0cf6
10f4eafceb020814
050ac91ce1110c04
19effd1e03f9fc02
ef13feee18f00af1
11040616eb0e1815
f117df1504fa0af1
e41518120ef0100f
eddef8fffb000c07
f3f1f60c1807faea
f9010df1f6fffaeb
15f51cedea1108fb
f50f05f7fefaec1a
faffe21c1521070e
0ff71716f3f41adf
030a0411fbf60102
f61407fbfbf9fa00
e70af5f30205020b
061100090012f9e9
11fe051cf90b2009
0bfbf51d070cf304
eb02fd10f8fdfa12
f30de9f4150ffbed
ef130be914ed11e9
110a12f8171903f1
0403f505fffcf702
01f8fdff01e8fadb
0c0612f8faff0111
fbeb02ee0b27030d
0af9db0d13fcedfc
040f201c222109f9
0319ed120efff5e6
0ee9120e0d22ecf6
12e4fee1e7ec02fc
e8fb0b2c02000a00
f9fcf5fdefe9fc0c
14e512f6dffcfee6
0e03fa0c01fdf7fc
e72b0c070a1ccae4
e80cf0cc08fde4eb
fcf20c14eedef5f4
06e3060a07060610
0af8f30cff190315
fbf7050eef0c070b
f904fbf4f8de02f6
eff4edff0ffa05fa
05efeb1bee010e0c
3606ee24130cf905
0ff712f1ff0e16f2
e40af4fffc0105f4
0108ea0a15e6f707
fc0a05f9f9010a09
06f50c06e003f5f6
f70cf013070917f6
f60007f6faf61be0
03fe14e9fefa090e
0203fbcf040a06fb
1cdd091f05021200
fedd02f904f0f9f0
e61e030507f9e702
faf5ec1df425f8f9
fcf3050804f90711
0ffe0107fd1805cd
fc02f2f3010a0509
feff08fdf80a0df3
020af5090420130e
fc10fff91106f1ed
0aff01fbfe000b05
07edf8e900fa0705
1900f1fff01407fa
ed0beceff7f4100a
ebf61022c3dde6e1
05fc001a1aeffdf8
f8fae60aff10fbeb
f9160adfe7f3f5fa
10f5000e1b0409f2
faed120917e5faf6
f0fe02df0f060ef7
0a03f1ef0616f71c
f802ece2151406fa
e9f9fbfb13fee318
03defaf5e7f7ec13
ee12ed13030100f0
ff0805dd1c100dfd
f9e5fdf902fa1707
0916ef181106f711
02fff9eb1206f2e7
f4e2fcf9f7ee0a06
e3fe001eeeeaebfa
fb1b28fa04140ffd
f4f0fef6faecf9f4
36e91c0220daf8eb
151bf9ed08070f01
f7d6ff1ef5f50fe4
e704fcf00bf90ef4
f103070d0a12f504
0d0b070702170e00
f306f00ae0f1f616
0df51400ee07fc22
f704031ef70703f5
0b0704131b0e0707
fff7e0d30ff4f822
fd16faf4ebf509f4
0bf8ecf1fe04e8f3
10f522f7f2e3fef3
140af407100606fd
0903f0edfef81bfc
f90909e6ecf9f400
07f5dae3150417f7
0700ed0df1f7f3ee
ee0dfdf8e5f7fff2
fcf3e1d4f1180dfd
06f2db09df0714fe
fff004fae403eb06
0b0be4fef6060503
edf50b02f715f306
efef0e0bfdebfd03
09191e101106e716
0bf30e2ef52006fc
e0f0ed0314f7ffe4
0916f622f3f6eef1
fc06f111e802ecf9
13fffb1ce90f0106
f300fdf5de0cfa0e
052003ed110cec1c
0befed11e108f41e
f0ff22e014e200fb
03eefbf8f6ff0d17
fe0f011010f90e02
f20407240e151912
0f0efefb00170c06
1fedee0a09f60ff4
15060df7f804ea0e
ff0101e8e20d0d0b
ef270617f2080f1a
26f71609f40e0cf9
1ff40a080c07fff3
08ffe90af702050e
e6f7ecf904f6f8f9
e6fce21dfe1809e1
fc020d13f5f9fd07
03e707ec04e8f7fb
e510ec13f402efee
17f9fbf310f8f5fb
f6f6f614e20b19ef
fe082b0c0706e718
f2f70c16e6fa0100
08eef1110b0d0eeb
ed0112fafd130bf9
09f503ef03fdf5fe
fc1c1c001ae60705
fd0a08f608e71a16
0dec0ffd140a1115
f508f906ff0ff8f6
0ffdf10200ec05ff
f20401f10bfe14fb
17ff16031805f30b
0f0df2050bd9f6f3
05f9faf31aec04e5
e4f0c10c242ada00
030205f204e4de06
080cfcf6e9eafddf
06ecfef3f9f4f90e
08ff0bf8f8f4010f
f5f3f4f3fe09e8f1
e92403f505fd0af3
1605f40806f9f808
04f5111003f1edea
fa0bf5120604fdf8
0cfb030602f906f4
ff0ee704f9f70007
000bf00ee71000ef
f6ce10e90dfcfefa
03f602fff3fc1ef9
fe03ecff14f5f9f3
ff03f9070f13f2dd
1ff3fb2101061e1f
e00b1ed5f9fbf50a
04fd01e913f2ff09
fefc26f314ebeaf8
fa0e03161704f8d5
ff17f707f7051bf7
fbef1de20eef0127
fcf30ef50ffeea12
150af50317edf9f1
f603f3f50ae0fb03
10f8d5fbf0030b0b
f91505f10d05f311
06fafb0f0813050e
e8fafdd91b04f5fe
11fffffeecf9170c
f519080bf2fef3f6
1d0b01f10006f713
12ff030a060ff8eb
f715f50801f6fbfd
01e90c1a0b05fed8
041cf7e7e603f6dd
f9fff8170201f8ec
0409ff0cfbddf9dc
032400dc1ce30bff
11060a240712e80f
0c0cfcf60efcfc08
f9100121dcf0f416
f2fd02f80be4eaf7
ecf809fb00020011
ecf2f0fe13fc080e
03f0e6f315ff18ff
f5f2e912f31dec0b
f8f6eb0f0ef00bdb
19080301e6e1ec07
010310e9001b05e4
f8f91a151b170313
f907fe05fcf6060d
11120e10f607f2f1
f7e300f9ef01f40f
07d2fb01090a14ff
f809fdf008e0fbee
10faf1fdf7f01a01
08f616281700fc0d
e8e8fdf50dfafa2a
0416fdf7fef91be5
d2fef9f2030d22e2
fb03f0f60ee4f9f2
0f050e0a0e0bed01
122207f3120ffced
f613fdddeb040a1c
f4fb0ae6ec140ff8
291506e2000a1bf3
1e0603080115e601
0b1500f9f6feef07
06ec0f0ff2eff713
01f4ec1a10faf3ed
1423f01b04faf90b
14f5130bf2fc080d
13fcdfe200020405
e70c04e509e4f700
0ef106f709ed06f7
f4fd0ffbede4f6fa
09f21612fee90215
07f811f0fbfd0afa
09fcf909ed00090b
0af0f8f6111ff304
f1e621ed1ee02700
03fee50dfff6eef4
f71c220feff4fef1
0418eef3e9051809
e60a0e19e82404f9
0715060708fa02e5
03f3f8e8fc0e0216
02fdf00aff0a0f0c
0df30100d8f81af8
02120ae7f6ebeaf3
f7f3fcf0fc0cf705
02010e2dfede07ee
f2e810290111f1ed
17fdff0703fbfd09
050bf8f0fe12fb11
01f11f11160ff2f6
05eafbeb0a0007ea
e3f406e6f316e9fc
0b17f8e703221d0a
e1d70ee8cbf70518
f8f40d150cee0908
03000617f605f816
f906f620ff1cfc15
ebf9eff3ecec0900
ff1202d7fb04ffe3
f8e31610190bf90a
10fd0c2b15f4f1f8
dc11ef05f513fbf8
012a04eefbef08f9
15e6f7e9f6f31409
e8fe12f9f603f8e1
0ee4f4f20301081b
04eb1dd7ff22e90f
ecde2807f5fbff09
fafffc06e505f5f2
f906dd18feeafcfe
fc0f02e808e90d17
05291d0307f302f3
ef08f6f90b23f8e1
ee1b01f0f2f6ec0f
0efaed05f7ee18fc
0020e30b130e0209
000b03fa01ffe9ed
e01705ff15f9f503
fdeef20b0df706f9
0ae6280406f205e7
10ff0ef8faf7f006
190d0df8f5f1f2f1
e70a05141d110ff9
0a09e9f3eeedfd03
02f30106fcf90609
eb000cee00140dfa
14fff80902ec01f8
ecdc1300f6170700
14ee1df6030b02f8
00fe00fefae5160c
ec06070312fff111
097f5e0ec90bf5ff
0711f70d05fef9fb
101f040ffd00ffff
f41620ecf515f0ee
09fd0ceb07fef10d
f8fb0002ebe5f7f1
0ff9eefd0cfd0308
f9fd07f5f8fe0af6
faf805060b0a0204
f20e0a2917140f0a
05e20f0afbf7090d
0002eef40ffefaf1
1610f0fc052028ed
f90b041e04f00b0d
f6f0e2061bfd13ec
03ecf8e6e8160bf0
f10ae30506fd0701
f6d902fb04fe020d
17f8e804fbf0142d
03151a15e904f3de
140f151700fde6f1
ff10fc01f60d07fb
1c0af4100dea2de4
00f6f000dbf5f30c
ff1bee080b0be60a
06fa02f10ef3faeb
13e4f5f9f4001f18
f6fb00f41c0cf423
11ec2301eef5fd06
02021404e5100af1
051ffb0b0311fafd
1401eb08ef1004eb
01fd020607f80af8
010c0c28ed0a00fa
f803ea0deef9f5ee
0b00ebfb00f30510
e40328f403e1f6ea
e3fefceef7fbf6fb
ff0d01000be40605
0df01eef08e818e6
10e2fa0b05cd19f8
15e1ee040bf8e5f2
f5e8fee9031314f8
f7fc09f9e5e9f8fc
19ea1321f80603f0
fefc0210f1f9ea03
080201ea021deffa
01feebf0f6e0f11a
010e0701e1f4fb07
09fcf6dd0f0cf2fa
d8ff1df7f702041c
0f0d022110eae80a
07f40bfd09052b06
0e0914f01bedfb08
23edd5fa1423e9f8
04fe0118f215fafd
ea07fdff0622ea11
f6dc19e814f510fe
04f10101f4fa02ef
12fffdd7f8f20c0f
0312030cfd09f415
1100f8edf8032203
f2fff40bf6f4fe0d
f008190202ef0a02
14ea01fbfcf10203
050404f70906f40f
ffd2ec020007f2f9
0b13f7fa14f9f419
1312fd10f2dfeaf5
01010be317fcfbfd
1206f8e1eb02fef0
fd0706ecf8e8f3fc
f71342f03cd9f92c
faf31ae101ff0617
16fdf2eef905f803
f704e7f2f9110cf6
fe011113edd4030c
ed20f2ff1becf317
faf31100ec000212
1bf01af4ebe6f9f7
0d14ec0ef1040b21
fafb2c051418ea07
000e09f80310f5e8
1ae8d218d80b31e8
f512ed030611ea06
1207f602d50d1e0b
083003fbf9f506fd
d4fc0413e405f8e6
f402fd0df30e09fa
02e010dafd04e9fd
02fcfafc0901f808
25eb0cfffe0ffcd2
040d09ecf9f70705
0503f6f4fcfd04f9
032cfafb29f4e4ee
e51a021c13fdfe09
363635fbf1110223
0013fe01000816ee
f80004f2ff00ecf6
fbf30008edededfe
f0e7010afbf30bff
2400db0513d7d436
0a0502f9051315fb
fc070c0bf2efe10b
e7ea0bfa0ff206e2
1207ff0e00f014fe
0efee9ff230afb0c
fb0cebea000b12fe
13030703f7f305e6
f3ffff0af8fe0cfc
20f8f9f813041d04
0cefee131e0ff906
0fe8ed2205dfdac4
fbffed0513f8f2f5
0404f7110bf9dd05
e80cf3f9100f0600
16de07faf5071304
f60dffddf6f5fefa
f608e9d5f9f311f3
22051be6f4f40f00
fdf8fc08e3ff10ec
fb08fd041c240306
03fcf20005fd1503
fa010e0412ff0204
09030510f80a0601
0907fa0cfafef401
120712e5f3f20501
ed310122070c08fe
fff81212fcf1081d
ff0ff105ddee091a
fbf2f8f5edf1f5fb
d40dfd1404f605e7
f10e0a0a00d7faee
020be61503f3fe1c
f6000412fd0cfdf0
feea050403ff13f9
0508f9f511dfedf2
f8fe06ebf2fcf905
0400e420f902fdfd
14e606fd0b1b0104
05fbeafceb0014ed
08ec1b16fc0a0213
1c011603f40ae7de
f2291af3f821f71c
fc1cf826f1f60b02
fff1fefafe09faf9
0b030410f0f1f009
0aeafdfafa1bed1a
01fd04fef4ff0503
fffbf5e1f2f6f124
0af0fe17f303fff7
f503fffbf51514fa
050ef7ff081de0fa
e7142701ebee09f1
06ec00130b190302
e20708021204fdf1
fd0bfa09fff50d0f
f4ed14fcda0fd32a
f4fff105fcf4f8f0
0900f6fd04f6192a
f910f0ee1512f608
0600f9010f04ee05
0007d50100f9fafc
fd0aed040510030f
f422f407fb10f1f0
dde8f21e14fbf802
08f7f1140d1303e9
18f9ee0bf7050c1b
dcedeff6f5f10ad1
f1fe00f8db040de8
05fe060604f3f501
f6f8fa0002110001
fe0612010903fc11
f4010df9ea0703ee
f60e0ffa10fbe6da
f70807f5fa05fb23
f9fe14201ae0ec09
ff08fe051506f606
0c14f0e601ef27fd
fcfef325ff050b08
f6e30ff8fefd0019
0aff100afbe814f7
f3f2190d0906e70e
081312100413f80e
12e9faf40420f508
eaf60003ff1dfd0d
f609feefe5f40107
0315e20bf012f5f2
f005d602fada0418
dedce2f8f8f8fcfe
1407f2edecfb0bf5
f9eefd100dfb0214
fafb0c0415fcf80c
13eddaf7f6010ff8
fbf5f40bfef20000
edf6f8fcf4f7fdfc
0214f0eafa10f406
17f1faea0215fd06
07d9f001f503ff09
fe04f4f6070b0105
fb0406ff08e004f8
080d20e909e5fc04
fcfef0060df5f909
15050ee9180a04f7
1611eef10ff7fe0e
0b16f41511f30912
f5ec1300f60a00f7
0a18eb0af3fa03fe
e50eedf1f618fcff
ec0329fdf1130205
0ff80b1208090de8
00f40401f3180107
0beedf08f4f8fd04
e707ea0601000012
e60bf20bf6f40805
f7fa0709fa15fef1
fe09e8f9eceffc00
0b03fbfd08f6fe09
fe0a23f916f2ff02
180105121ee9ff03
0a1afb0ae2e30411
0af6ff0ce4f5fa03
da0be5161304fd01
fc08df0ffa020b03
04ed16f8020afdf2
0dfa2315f80c0000
feebfffd12eb0c09
031007f407eeff05
0ae71df902060111
0b0aefeaf4fffd00
f2f4f617f8dffffa
15ff03fe070704ff
f3f70509fddb05fc
f51001000404fa00
0d081914f90102fe
071115f210f8fd15
1ffafc1007f3fd05
07e2e2150beafc05
fe0701fdfd0f17fb
220ffa1f00eef70f
070b0b11fce4fe02
07030912faecf007
f0f6ec04fa2303f7
f900f705fbdb07fd
f1001ff2ff030207
ecf5fc01fc16fcfe
051a1009162e05f6
f5fc0bfef00801f8
0301030e02f7fe0f
fbf912ee1217fdf7
ff0212ef1408ff0f
09110823ef0603fb
e1fdedefe4de00ff
050902edf4e5060d
f8fbede1fb010404
04ecf1ee0c03030d
fb0dd8fa191001ff
e5160300f60c010b
101efc07ff0a00fb
07faf5080efcfef7
f80c0d03ff02f600
edf7edfbe3fe0208
1b1902fffff8f401
f1fff3f70afcff03
0ee60a11f92efffd
132118040e0afa0d
00ef06100debfc05
f7e5df17f810ff02
fc0109081c190402
07fef9f9ed02020b
07f80ee9f30dff0d
080910fb011002f4
0301ffdfee2efe02
2501010c37ebfd05
fdeff208ffd3fb06
fdf81df20d0301fc
020efa081104fbee
00080406fbeafcea
2a060de8fee7ff03
19fa1306f50bff00
fa06f90af0110701
f1100812fd0401fa
f7f810f01b1105ef
fc08f91bd80c0302
e3f9d8cbf3dff6f6
fe0c0e00fdfdfd10
14fc05f4f61bf9fa
12000612f1f000fb
f3fa1cfffa1502fb
0b0800fe1b0604f8
02f60c090bf1ff03
f41be3fce0030102
01f106eef0fef507
f5fd0607eef207fe
200724f2fbfc080b
1206ee0f080dfcfc
04f71509f9fc0004
071dfcf5df02faff
fa06dcf420f903ff
0ae6e2f907f40302
1c01f60608da0bfb
ca00bfd0090708fd
090307f503e4ff03
f0e920fb29f6fffe
071ff606132e08ed
020e08d9120ef9eb
e3fa0c00f025fcd8
f7f5090bee0a02ee
f4f7fdf821e80009
eef116fa030efc10
f712170e14fe01ff
e3f90bfb0b1902fe
fe20130bdf12fe0d
fbfdec00fe07f9fc
15e30dffe1fe0efc
fe17050a0ffc03fc
0c04260705ff000c
e90afbf90d11fe02
0715e9f9fffd00ff
020bda15f217fb03
02e7001ff4fafe00
dee4f40f0f00fd0b
f4fbfdfd22fefb00
13fef9ebf4fe05f0
080920e911fb07f8
05f5120906fc0308
1e071b0af4e3fcf3
e3eef7fe09f0ff0a
fdfffa0dfff10300
02eee40fef020206
07f0200a052000f8
00000b0bfdea00ff
f4e3fff9fbfd02fe
030c0f0807ff0410
fef8090ff30503fc
0d210a05eafa0804
f8f1f005fef80300
03fe20fdeb1bfcfb
1dd9e6fa09070a02
f0f61fff07110910
fbf80a17fc2c0203
f10e0ff203eefbff
f704eb01ff1ffaff
f80aeef113f9fa05
0bd3ef0718f70401
e8f11deffcf70108
0ce2dd1208f101f6
0cfa000400ff04fa
f711e000ed0dff02
120100e40016fd04
0a0ef81501d703f8
07d8e6fd21e204fb
0afe130014e902f5
010bf00a050efe02
060c111801fc0508
f3f81cf9f7e60306
0313ec0b04f10401
f3f0f8f5fff105f3
edfdedd30c200702
e6f1290707fb02fe
f4f6fcf5f6eefafe
16ecf200f20e03fd
f61cd603f8ec0205
01ee18fa0710f507
1a0dfff3e90305fb
f90821f5ff0fff01
e719081011f20402
25ddfd0f13f8f9f8
2301f7fd041304fe
fef2e9f3fae004fe
f916d91e1529f713
f40912f31104fefd
1ef7e9e526ec03fa
0916fb0ef706fdfd
0518001af4030a08
1d120febfc0f0404
03f9fee2da02fe02
f8f8fd0f0614fd0a
1125fe140702fcfc
f80ef4fff0f3fe01
0202f90fea17fff8
efd4fdfdf0f5fcf4
f9150307f707faef
04fde1fe0314f1e6
12e2f90209e3fe07
fefbf0f91e1bfefc
0705071b030405fa
fc26f5000bfd02ff
090402eeeefbf5f6
f4131f0f01f0fdfd
1215f220fde700fc
f5eaeb14db0f02fc
fdea1406fb050206
04fe17fd0bf7fdfc
eff10ffde40706ff
fdf7fdf109020102
f0fceffbe0f4ffff
0209f10105edf801
15fc0e10ffffff0b
ec06fd080efe0105
f50b01f01916f902
0003dee6080efc10
0613f912f3fefffc
08e8e1e61008fbfd
1bf9e509e3fd04fb
0e0a1a09f9f5fd0c
0f00f915fef3fe0d
0ffbfaf80c00ee13
eb01ed0de1fbf80a
0dfd00fdf8f507f9
eb12fb041e0b0206
11f502f106030403
f2f3f704040b0205
e028f5fd0406fd02
000202fb05f805f7
e8efff07030efefd
0702eefced0afe04
f2fccff7edf9fbfd
feee12121fedfafb
f2fcf50608e9fdfa
fa1b1cf5f9f409f6
08dfff13e4fd01fc
f23c190cfa0cf508
f406e703f4edf008
f7dadffef627fbfe
f60b1ff2f2e00001
f1f40d0b10f003f5
0efdfdfcd507fc0a
080ceeeef405fd0e
d0ffef1ce70afefc
eaf6f70cf71200fb
1a2c11f3dadaff02
f2fa0f04f71d060f
fbf8e11403df0709
f1fff9f2e5d1ff08
0ddfe9f705fe0202
0702e8d8e7090707
e9f0eff3071503f2
2bfafce6031303e3
0ffded1cf7f601fe
f526fe09fcf500fe
f6e9dbfe1bfe0002
ec04ea03ed0101f6
f6fcfbf8120b0305
122412e4e6e404fa
e2f5e6151209fffc
f3f6fa0219ed00ff
fc16f9fb1ff5fef8
f8f6faf0f208f404
2215120a0916fd09
2b10012501f4fc07
0604fd10f3d9fffe
15fb16f6f80301f5
160a0bed0930f705
09ff3605041007fe
e1ee1906f61dff07
de03021a11ea0206
f1e2f01affdb05fb
f217f82af2df0e02
f618e8fa01f1f809
120ddb0beafcfe04
fdf0f6010001ffeb
edf1f6f6fb16ff03
09fc160506fffcf6
16fefa0a1511fd05
1d070cf905290802
caf6022cf80603ff
21e80504effbf8f9
09e3fbff011b020c
120d041803e6fbf4
04d908fd10fcf8ff
f0f8f6fb020e0204
03d10ddc01f102fe
fcfdeafef705fd0d
142f080a24f100fb
ea0201040e1705f9
1dfef6ffef04fef8
130703fa08f9f910
29fdfdfd0113fc03
02161113f4dcfe07
e3fd290de00406e9
f8f905161e0405fb
000800fb11fefb05
030e140402e7fe04
08080cde0708ff0b
0aff19fe0b0703ed
10e1f70309fbfb03
fc04eafb13ecfcf4
0bf112f9f7020406
09e6fe02f511f805
f1fe02fd001a0100
fd0af8fb0dd909fa
f50d17e6ff0a0210
f814f014f719fef9
fcff0003f614fd0c
fa11f42920eaff00
f4fdf802eee501fd
f3fa220d0c1bfefb
e405f7f10eedfdfb
01ea0203f407fc02
12fcf8fcfa070202
fe120cf9fdf701fb
120af514edfcf9fa
2405f50a110a03fc
0cfb0607e60dfc01
d7290403f70a0300
f414f5fef61cfe0f
ff00f90402070004
0816d6f70a0cf8fd
faf1e3051d10fd00
0efff104041b0200
e80b0c1502fb05fb
e4ace9081347fef2
fcfbe9fa17df0411
fbfff51b0705fef5
feff020ffbf30207
fbef0ae2ecf90106
05fafbfffeee0100
ed0b06f2fcf1f9fb
fdf9f9fcfa07fe00
0505fd16fb14fbee
080200f70307fdf8
f8090bfefff7f304
f1081d0b11f2fd0f
fb0cfc120adcfcfd
01e80011fae5fdf9
e201f810effe08f1
e7081d090b1203f8
f81bfff7000ffcfc
ee05f706fbfafc01
fc0bf2020af80809
1b0f0e17f815fdf3
1ef10cf501020401
020c0efef8f6f8eb
0708f916f90afdf9
fffefce4f21001f8
f1ff12072c10fff0
04091212ff1f0400
1302020a0b0b000d
05feffd4f7ff0102
0606f9fb0d0b0208
04162102ec00ff01
fff91acdfe0cff03
12fb03f2080b0009
ee1c03ffebe80ef8
17e6d3020efffffd
f6f9efe3161603fb
05f70d041b0ff9fb
f003f206ff2400fe
f1f512ff17010105
fef7e5f9180c01f6
2109eb081a000b02
fcf305f90407ff07
1bf105f819fc0305
03f7f8110afe08ff
00171bfd00000105
25e3ee0110ff02f8
e1f2f70b01130205
000af108f90201ec
f7f3fcf7eef70601
f40505f209deff01
0115eef0f2ea07f0
0e020009f4040108
ebe9e9fbf210f70b
09fe0bece600f5f1
f80e25fff3ef06fe
01fd12fe040908ff
f7e529ef12f3fff1
e1f3e7fcfdf803fd
1315f1fcf10501fd
0f06e90ef9ecf9f9
080cf2f005dffcff
02080fed01f8ff0c
f31205f208ec03fa
fcf2e1010402fcfb
ef170e08f60f01f3
fefe1cfa060a06ff
fdf2f704fbf6f907
0df518120ae502fa
ffd70df90f1afd07
fef920dfedf7fbfa
0810e6fcfaf007f8
ff19ed1ef601f608
02f908f5fa0a0303
2303d22811edfb06
0e040905041efe0e
23f1f2e9fa090afc
f4f8ee10080906f5
1a020605f61aff03
fe0605e6000bfe08
14f90716f4fb00f4
1cfd1a0aee0b0008
000713031303fdfe
0c0401eb030ffefe
04050d01ecf103fa
e9152208e83503fb
df091f01fde800fc
fff513e4f1030b00
eaf107fd02eafd0e
f9f3dc0ef2f303fd
da1f090af8eafdff
f2f9ee0517f60100
f0df0bf1f5070307
fae4e7e1f1ecf4fb
ff1d08f70116f1fa
fddf061cf8f90207
1f100aff0a1404fd
0b2101f70502faff
d1e8e9120bfd000a
f7e3f910fc1402f9
07fae40f0d0c01f7
f61c0cec00020301
01e4fa0bf30e03ee
e936d6242a1a0005
0616dc01f9f9fdf5
ded8fefee4ee05f4
f4f311f10306fff8
03270ce90fecfeff
0cf80f14fdf900f2
f41118fef501f708
0ffef7010df6ff02
111af0080ff801f9
1717ee161619ff02
ff0c06f0f40700fe
f225c62202110104
e80ae20305e4ff0b
fb0606e4e9fffa01
e906070605fcfb06
e2f0ff00f4fb0606
06dc3604db1900fb
0911fb10fe2905fd
070efef6f5fcf604
f7f800eef0fbfd07
140d0af10bf103f8
04ee141ef506f90e
f0eb0bf305feff09
04ffeef2f2e90803
f5fc01f814f20c14
03fa08fdf6ec01fe
0b00f808f3f20000
ea0cfff3faf6fcff
0515f3f2faf604fc
fcfdfe140cf7fd0a
00f21bfd0210fefe
fa1019fb131206f9
00041f20152cfeff
fbfc0bf8f3ea0a03
0907fbfd050a0005
f91611ee1604fbf4
ed12eb0aff0e01fb
07fff30af703f9f4
db24f807f914fc00
fdfef90afc05040c
0c24a6e2251b0102
0afb13fff8eb0005
eb02f00adcf50403
ffe7da0dd30404fd
04f2dbfe1001fb06
03f1f40a0619fee9
031005f9fadf01f5
fb02fffe03f81001
fdf40ffffdee090b
f20ec8f6fe08fa0f
f5f00bf605e206f6
e4022612f4e300fd
f500eef105f10201
03ff0a0e0117000a
f928f8fc010dfdff
03fc0205f6fffa05
ea15151cebe7fc03
1806181bebf50402
f1f50df8151ff2fc
0012fe07f1000009
fcec1617ecff06fc
02020df20004fbfa
ef06eb0fe51a08f5
ef0212fb0b07fb02
05fd0bfff8f003ff
09fbfcf6f7fe04f7
0be9e5f608050b02
02fb110808040809
0b0d03fdeffcfdfd
0b09fdf5fdf30c11
0b0706f7f61006fa
e9090409f3e9060c
f7ddf8f01cf706f5
1c0606011314f4fa
f5ff3505f3f306ff
1b14ef04f5f4fdf7
02091eee02f7000c
0e0cf8f8fcf10102
23eef8e3e205fe02
f9021adc1006fdff
fa0edcf914fa01f7
f20af7090c05fe09
040b23fb0b11fcfd
0715f50d050204fe
ec10080c170507fb
0ff9150e12010102
fa150802f6ddf4f4
0e0aee05f42110f6
0ff6f80c13051b05
0609ede61814ec07
0e0819fffd05f1ff
0cfb01010405fbef
f6d80d12feeff705
fcfe0703fadff314
fafd0303051021fd
f9100612effe0bf9
01230bff06d10bfa
10ea08effcfe0704
fe0ef6f60504f30e
f9f7f5fbe307f80e
0012130ff5fa0c0b
09fdfa1304f3fafd
ebebfc0efe07e7f5
02f4f6f60017030b
0afcfffb081704f8
fdf310f91bf201ec
f20ff60816fe0609
f6ffe308f7f60716
f0060201fffe0f00
031dfb150d0fff00
0ae208f4ecfce918
0bff0317fb05f7fc
08f6ebdd0bfb0506
f70b0b12f1100804
e901fd10f71c00fe
08ec0205ffeeef0e
0a09fd0becf1f503
01111406080c14f7
0006040e0bdc0dfc
11e2fcf0f81104ec
05f613fef807efff
ef0cf20ffefb1a18
fc0914f91213fc06
e5f709f3f2e608de
fdef01071af9feec
f5f7170107ee0216
ff16040bfb0012ee
00f7060a0907f8fa
11f81fef04fa050a
00ecf8fc00f717fc
1007f7ec10feea04
0704d706f00101f8
f8fbfaf40c03161a
f7000a00fa11fd06
06f6fe0eee17f5f4
0609dce9e5060ae1
07011bf5f6f309f8
0f0e0af502ff0605
050c0efd140f0402
000e0ae001d9f6ec
00f2da0afdf0fefc
030111fcef140910
1405e5fcfc071904
0000f5f109fae9f2
02180e15ee040245
ef0b090ef415ff01
fdf90d0debf3fee3
05f6e71308010d13
0d07f5241fe00cf7
f4fcf9fffbf005fd
f60408ea2b01f807
07f7f1f0e5e3e52e
0500060ff2fe060e
f7051310fa0bee24
f710fbf11113e8e1
09ff0e0be8f406ff
fcec00defd0907fe
09e70ffc110bfafc
f7fff6eefa0d000f
fb02f7f5fa00f9f5
fdf1f829f404faf2
fcfa0314f8f3ffe7
01090ff20202fbf7
eef10017251f0a0a
0511e90102040113
f302fb00fbea07ec
07f8e4e5f2101309
e80c02fff907f0e5
fc2402f5eaf4e7fb
05f802f2ff0f04ee
fd01071516f90202
061408eef7100ff6
f807011402f903fe
00f7fa21fd10180b
03ed06e51ef30907
0bf511021608021e
17fdfd1e0411f40b
eded1201090fecf9
ed0c0902ee00f80a
0908fcf5f8f7f308
030201fbe31007f6
f70be9fff6e8f800
0105f005f9f8ef08
09fb18fc18241c0b
07ea210101e2fc0a
fff9fbf610f10307
08ee0c2448edfaf7
0ef803e90c0cfefd
08060304e90bf4fb
ff21faf5f00f1004
0215faf824e01a04
f4eafa0902eff3fd
f8faf9f4f4fc1b13
fa07f31c0801010a
04f4f40cffef20fb
ebf6ff150c050302
fff9ee2420050cfa
0ae7fbf8051bf40d
ff0afcf40d11fafe
0a22f91d0618fdf6
fe0e171afef92cf2
0df818ff1bf601fe
f3ef11060c1e050c
0622dc1711e2d615
fe02ff0f00ff0e18
2af700fc021e1402
07e904f71c1be619
00fa0cf9eaeaeefd
11f30028fdfc0501
f9fdff101518f509
06090926f20418f0
f609fe1cf61318f4
15e4f8fcf607f9e9
fa1051080fc7e707
f1f600ed2115f5ff
ff17eaee10060aee
fc2807fbf2ede522
0a08050cdef7fe11
0c070201cce80902
04f711130b1b24e8
0a0712fa0e27ee0b
120a19f515f60d16
01050016e60804ee
fdf0fa230eebf9ef
0109f826fffe1326
ed180a1bec17ef1b
09fffe141414ffff
0d0712ecec05fff1
fe07f5e3fcef1414
06fd040fe907f9ee
fef01222fdf41212
0109e007080cfdff
effcf1f81604f111
f9f200dffc04f6ff
eeff10fbfe0df4ef
f309fb06f1f70903
fa0dfbf4f6f103f7
f6dc0ef0e2eef710
0df1eef6df0a16df
06e4f410f3f7ef0e
09f30cf407f4f909
0cf503ff010c0c1a
1103f1e3f9ebedf9
05f515fdfdf9f1f6
fa0c0e2113fcf80e
fdfc111208080b08
05f8070114f8f3f9
fa03df00220fec03
0de70cff13110610
0af7df1404f4ffe8
11fdfa09f304050f
feeded1d01f80014
0a00fdfedd040613
01100e06200f14ee
13f9e60406fffffc
f9fd060c0e11140d
0cfbf00afdf2f813
010cebfd0705f9f3
03ef0302f6f700eb
fd05faef0a0d0200
06ecf8020002f70f
0407def513f310f6
f1f1fe0b08151806
07eaf91000c8feee
fbec0efc1feffaff
f5f60ffdf8f1ecff
ecf2020503f9fd00
0de613ea1616f904
0514f7e7e014fd12
0a1a0109faff0ffd
fee9f00700fee9f8
faf20f1132fd1ee2
f7f6f8faf204f102
09e4f7f60d071102
fd0900fa0601f5f6
080b010a1df0f807
060604f1f40ef409
08f903e50efde809
00e7e1f61213f4f4
f3fbf220080b1101
0d1709eafdfb0816
1807080efa0cfdff
04feffef05fce704
0d03f306e9f0fcfe
0224ed02df07e9ed
fff7f7251f130d08
f816041c0616f9f0
0914130cf6fdecef
fe0ef6060d04ffff
0500fafe021b0df9
09f3ec111007fcfd
f50a04f40cfb1716
0be11005fdfbf414
0706f000fc01f42e
fc0c01ec14180101
0cf5321409fbfc0d
090a0a0aec020108
f2ff1618eaf80df3
f4f60ff809000a00
0708f50408eefa02
06f1f001e1efedff
f7f8f7ffe2f51d00
0bfc0925f0e80207
fc14f8fd040201f7
051ff1ecf30402f3
faf0090524e308f4
e0f9fff6f9dff504
f902f81c06130426
04f30ce811e3e507
ff04fef104f8f6e7
0b040af2ea040e0f
030201ec1903ee0a
f8f8f1031b03fbfc
17101006fd070904
f7f5ff2001e70014
fd19f629fc07ff02
04090604fcf0f0eb
fdfcfa13fd0ee3ff
f5100c08f40ffaf0
f7ef0b10fff70810
03fefb25f1101f1f
09090ef507e7f4e5
07ef17e205f8ff1a
07f4021700f300fd
ff19ebe9e50ff801
05fe18160bf4f800
1df71c0ffffce0fd
00eefff90bf70dfd
00080b07db1101ed
15f11dfaf5040014
f8f213dd18fdfe0d
f1f1f3f3ebff06e4
f406f820090a1521
080120051f3524f5
110602ee07080006
ffe9f40617eafafd
fa0000f1140a070a
06e2f9ee0beb00f8
f714ec15ffeaf4f9
faf10801020bff05
02e6f4ee030e0920
f5200af4fdf1fc10
fc021712011d0212
10f5e5f80308f5fc
f3fafe15f3020701
0301ebf0ee06f112
eff805fa160d0d02
0efb161dd90cecf6
0105fcfe11ebfaea
00ff02f515f30219
fdfffc0619f30804
04fdfb02160bfd14
fa09f40ce613f10b
efed0d1607fd00f5
0dff1a01deee2cf2
1c010d060a0307fd
00f715f7ef071af2
f0d608f0ec0ae2fc
03fc05fbe50e0f02
0108fe07120fdd13
08e800fafef0f20a
fb0402fce2dffaf2
0814e3ed0bf31505
0815f9fbe9f5e8ee
00fe05ff0904dffe
0001411ff41e18e6
05f814010cfd0a27
09e6fcde06f5f6fc
020620170c0304e4
e9080a08f207ff07
fffdf0f1db000c0c
000412fdff10fb05
eff9e9fdebecf8fb
f1e503dbedfefaf8
fc05081bfa0dfb22
00020f11131107ed
fa07070601e011f0
05050ffdeefbeff8
0cfcf01af9eae711
fcf8f0fa0003fa1a
000bf41710f00604
1b160df9eee5edf5
fff400f0f8f9f70b
03160c0c161a1301
06f9fe08f70bf502
0f05060afb16e726
03f80bf10a1d0a00
1109ef07db18f9f9
fd04070e1c060f0b
ffe209fa23dff6fb
04f510f908f80714
08faedf70605e504
f0faf90714f9f616
090dfbfc02fdf514
0ee5f30cf7f80a09
100602e9ef041ff9
fefe01f6e5fa081d
fd26fcee1bfa0b20
09e3070c0b0de200
fd06141af31f1701
01f10a021b05f2fa
feecf6f60b0ff7ef
f60717eb040dfb11
0d01f60dfa0315fc
ed12fdf5fbfef8f3
0503e9ddea09070b
0b150d07ecf70efc
fb00f307f5f9e501
f514f9f5fd00f11c
101803f91df700f8
feef1f10fef61d04
21eff82c2ea2fd0c
ea04f904fbf9fd0f
fd12fffd1f0a06f8
fa040afafaf609fc
0a150a19f115f9f3
ff09fbfce41713f5
050df708ec3100f6
f0f7f5f303d7fde7
f5011e10f500f7fa
fafef90a0e0bef04
fd14fb03fa14f70c
0300112bdce60809
0ef1fc0a00e1fbf2
0d0e1ceffe11f9f0
01f60afb00f1f305
0b0f05ff0b12f907
fd1304150002e60e
fbe8fb0a2900f802
fdfc1500ebf1100a
051103eaf501e0fc
f4f815ecf5e60a05
fd01040702fc010a
01f902fa1aef0901
08eaf9f80be507d7
fce91209fbf10202
fb13e417f904f009
f7e9fceaebeff807
f7fc21fcf9f5f5fc
000df5eafa14f6ec
fbf9f807fff305d6
f5220f0dfe1509fd
f80df9fbf2f80bf4
1a15091df6090a00
fa0bfdde0cfe13f5
0300f80119161aff
f3f511ea1611f5e5
050bfcf316fc01fd
f4f9f6faee1506fe
06fa01e9061218ed
0010ef1404120a1f
030aeffeff0c0a13
09e112080ff20ff6
fb0bfdef0b0a11fd
f7f2fbf203e20af9
080c02ffffe807ed
0106032002191bff
ffdffc010a021909
080706fddbf1ee18
031007efe2f7f10a
0112fe03fc06200e
0105fd02f611f5fc
f6f106d6ee140b0b
0302ff01f715fef4
fb02041302fee7f8
fdf50e0b29f6f6fe
f509fb10f60cda0e
eff801ea152105f5
0602f3f5160d0c0a
0ffa18e8e9f6130a
0706f8f80a0f17f4
ef13fff700fdfbf7
f3f8f0f8fc0ced0c
fd04fb110a040ff0
04051504e311feef
01f90f090cfcee0b
feef0705df0e1306
070001fb100c24f0
fdfc0f02061514fd
f9fdde06e1f1f3ea
f2fcff071c0cf900
ff16f4070d1cf716
03f8fe08eaf81df1
f802cd2ad92bf1eb
f31dfdebf2eb00fb
f4f712fc0c060219
fb0008f0e207f3e7
01f5f7f209fdf0ec
04fef8f2180507ef
0608050608f9fc10
02f9fbee0ff50af6
0127f20410051af9
ec05edfbdafbed02
f9fc170513ebfe19
f8f2eff71712c8d5
f613080200f50c05
100fde0e02fdf1fa
0d00fcfb1afc1f0e
0111ed0a0b0d01e2
03fc070112f6fdfe
fd12fd261cf512f3
fcf400df0314020a
f108fff0fc020418
0d1525fa0e0e1309
e20504d20717e615
f70304f51605f707
f2fe00020bef0400
e70cf609271c21e0
fd1302fff7e51209
fb0f03fe1aece7f6
f70103edf8edf6fd
061904e807f3090b
05ed2fd10d18b943
07f011ffedef0af7
fd08ff04f2feeaf2
f202fcf8de0df902
fffbf51e04f11df3
fa13ee021a0c080c
01fdfffefd08f7fb
fd02fd12e918efff
110d030ef202f8f8
1727f107fce5181b
0023d9f5001b00f9
01e8340513edc3d8
00ecf1050bfc0d25
0fff0802fdece81b
fa0604090ffce4ed
0b0cec040f14fff4
f60510f921160810
f7ef11060ffdfc0d
09f904f322f8f111
0004fe230be6f502
f3f118fb05fb19f1
fff8fafcf31c0d16
0017faf30610ee15
08f61315030328eb
f10703ec03f80d01
e60cf6f9f20a17fe
0617ed09f70b0ede
f905130cf9edf7f3
07251009f70affff
0d0300f325f8ffef
f5f5e1eb051a1502
01eefefffff40412
fa011bdbec0bf404
0712eb181cf6f202
fbf10c10f600fa0d
060008f70d0fe600
faf3f90002ff030a
02ff0c08e3fdfb0c
fff3e5fafef6e9e4
fdf1ef0f06e107ff
0de0ce39b7e6c6fe
09e00af6f93417f6
fbf516fa0303f003
02fe0409fdf91bfa
0afb0df8050beb02
0afa06f70900dcf6
04f30b0306f90d1b
02100105f7ff0d06
03ffedf5070307eb
0310efe60006f8ef
f4fbe21011fe0416
06022604eceff408
0df00af91d09f61d
fb10fbf309f80dec
00e9ffef18080611
0d09d714f9fef6f2
0710240afffd0deb
f8effb09160506f5
eff609ec08dcff0b
f901ee2210ee1000
050b0cef07050116
f00112f807f8f503
001e07060302fcf6
f006f8f3fa0d100b
0600f603f20bedeb
f400f0030a0ef8f7
0d100b0917dafafb
1ad020f6f7dcf6dd
13ef16e700fff5f3
f91f0902ee0308fc
f40efaf9090507f0
0a01faecee070af5
fef8fef4f8e9f40a
f70f1efc060311f4
0c0900eafc110a01
09fe01faf501fbec
0703e1e7fcec13f8
f52414fded06eff1
0907fef412fbf0fa
071d090300faf4fc
02fafeeefce6f523
fbf9f50010e9fe16
fb05f6f6021907f8
06f9fce9e00403fc
fdf5f004f902e6fa
f7f807f8f90e1006
0804f6f7fd1c020d
0bf4fceff5f8e80f
f41800080bfa1813
fa1710131a1514f6
d217f904180d0f01
0cdf1c12f014fbfc
eaf204d5effc0210
0dfff816f907eafc
f213f600f8ea08f2
f4eb020effe9130b
0c0d0c04f01706f0
1002051100e8f114
f501f206f4ebfd0d
1d0d04f6fc111bf0
feeeff07020e1c0d
0af304f2ff18fa06
fbf4e5eadc1bf906
f80209fa10fc07f6
1d0b000b010bf913
fd020a03e51906dd
02061c0c08112b09
270df302e900e6f2
e51007e6120104e8
1005040c2104fffc
e710d9fa050dfaf6
f40508eff3f4f2f3
fd1005f60afe1312
0aec0704ff09e80a
e9f81629222017ea
2e08fc02f6e3eff5
f50a0efdf6e4f3ff
18e302fd14080212
f3fb0b021d09000c
02140804ebf903fa
0f0d13ea1e01f5ec
0deaf709fffdff0d
e8f2dd11e6000cf6
05e903f8f4e70c13
03fbfb152ae60907
f3ece1030f060cfe
1708080aec11f209
fcfaec1100190ad2
dfed01d3dd0c00fd
0b080103fafcf313
e900fe0c02effe08
0409f000fbfe04fd
03e9f4eb07f1e70d
fd1000faecf3e414
060a08ee0515f822
100bfafcf3fbf31f
f6fe150009effefb
f5f70601ee0902ff
eefa0a2102f205ee
0a0d1402f8f5f7e6
0cf3160af503051d
fbf0f9edf8050be9
f81511061b0b03fe
1c08011103f8f911
f6ece2f3fcebf7f9
07dcf407e515f8e7
f7f1fcf1f9e2ff1e
070ff5f50d0dee10
1407100efedd0cf7
fc0806f3fcf4fcfc
0508f50825f51327
f7f1d3bf0dfbd604
fc021708f3f8fafb
05030e0217161ff4
03ffe40bfd09f00f
dc030907fef80cf4
02e9efe8f2f5fadf
ff1c1414f300f907
13f704f6e40019f4
17e8e91e07f0edef
03f20a25fc00fdfa
e60505030ffd190c
fc03051dec0e0911
160bff0c11e1fde6
062401f9f407fffd
fdf5fa1af6fb1016
061702fb1dfee306
e1f1eaf2e90bfc0a
f1f5ff00f7fb0c17
f318f6feff02f902
00fa111508ff05f6
e6f404081dee05e6
141211f1fde5f8ff
eb0a101bfff5fd0e
fcf0e80affe22518
f40314f9150bfafe
fe0d0f060f141108
0009fdf5fe0deae8
faff200107d912f8
050dfa0de7f30bff
ff06fbeb0decff00
eaf8f10ef91df821
19f6f4110ee702ee
f1f3101406f04dfb
ff0012f601e9f5db
f6f5f31601f1fcd6
140a160404091100
16f80eec1a00f60d
0ff2180afd06e3f2
0f0e05ec03f9e908
effc0aedfe22eed7
07f5f8ef1907fc18
c710efe20021fcea
0e04f4dc080c1f01
08fc0f0eecf22207
ef05ee0617031219
12031000fa0d02e8
fd00f5f4fcf10bea
051af7fc01fefb01
fbf70d041bf3021c
dd01e712dfef0c10
ef0109040dfb0c06
fcfbfef4eb1505ee
0b1ff7cd0aebc6d8
02ec130f0af3faf9
16f9fd1109fff2f0
e5d4fd01e6f302dc
eadaf0feea1007ee
e5fe0409ecfa1216
ff080a01f9110e06
f4e1fffdfa02fafd
03d7fcec09f2ff00
0b11f7fdecf702f6
1213fd32dbdfe110
1907f51413fa0803
14fe0d0f0ffa1905
0e1bfaf2e8030ae8
fd0401f0eb191afe
f9f40f0ee2fef7f9
0910e5200820dc00
0e02ec04fd16e2fe
ea13f9ffdde31ffb
ef0509de0cdfeff0
f2e90c01f8fbf00f
fd14eee10e0dfc15
05fff2010405f101
f20bfefd040412ef
eb0c0917ea0a0100
f417181409210006
1015ebf41216ebf5
10f7eaed080de602
1bf3fa2213ebedee
f40d001029daf8fc
ef051023ec161701
09fef3f9ff15ebf2
150ffc07f9f8fbf3
f4e4f1e306f911f3
defc1905170b0221
fdebf9e1fa09f7e9
1a0d02d8ed131507
f70ef4e2fafe0700
02ebf4fce2ddfc0f
f6f8e305ebe90aec
04e202f4111401f7
f6e3e50ff1e8fcf3
eb1305201914ecfd
13e800f515f0faf9
2004f002010610f5
fbecf020fce4f3d9
1718f8f81af9fddd
fcf1fcfc0cf7f313
00000518fe163011
f006fffefd0d00f7
06e8ff091807e30d
fefe01f7ece4fb10
e5ecf9eee3140005
ffec0bf124f60cf7
0a0ffffef8f4dffa
0100f5fbea0c1415
f704fcde0ff40df0
db0b04020e20fbfe
d9f51209f002f5fd
07d00aff290afe0c
13062200150003fb
dde2f00003f81212
10f7ffeb03f5f61d
fc0df4d9eee8f4f1
13200f0fe8feecfd
f90005e713f0fd0c
f001f607221ef514
1e11091305eaf805
3bfa1b0af4eceecb
f7eb150bf90913f1
0efffaf9fbf7fbf5
01010ae804f9060c
000c04e2f8fcf1e7
f3f8f72bd529fe0a
ddf8181d07f11fea
0e0ef11318e90a1f
1901fc0b10060c15
18eff102fb0c12fc
02000e02ff0607fc
eefafc041314180a
05fc23fff000170b
fdf0ff0401f6f5f9
09f300f914e3f503
eff412e3fc01fb04
e711ededf5f401f1
e8de021f080aeded
2701050aedeee51d
0bfa05ecfefa24e7
1e01f11afce71207
e9fef31801ee0ee7
f801f5f9fd160114
2318f1ecebfdf8fc
fe1df5f416f2f0fd
f30311f5f10d08fa
08f4fe19fd1805fd
f70af1fa010b08f2
fa04ed01f301fcf0
0cfdd3fd02020605
fdf318edd115fb00
f20a0020f6eb0d03
ec0ce300cf1a0ef8
0309fa01020bf4f4
031e08f201053804
f5fdf2fefa09f2ff
34f6f8270708d9fe
0201ef13eb0e07fa
fbfa1013ff080bf5
0aea11faf1fa10f4
1323ec1006d8d5fd
081de6e82601f704
f30e1201f31c0101
0317f90202e7ffd6
1c04fff10cfcf6fc
ed1304f7130afbfa
0807f9f51e0d05f6
f211e406f50e04fb
0c161d04e0fc0802
01f712030f041a02
0af50a0210e20802
ffe90908001103f7
f1f6021e0701fc1c
0e0617d6f026df10
fee4f3020f05f9ee
0cdc04f916010ae9
f8e9fe0ce3de0e03
02e6efe1f800fef9
cffdfee31100ff0d
2023eb10f600f7ec
0e01f905f02a0a09
131906fff3f908f5
0dd219daef0515f3
0217160711f20406
18faf8fd21080c0c
f91ced13f4030311
eb17fffd26ebf107
11f2ec07fd0207ec
dff0fcfe080e1400
13e116eb0ceb00d8
0208faf90805f6ff
f6ebf70d10fa0500
eff50307fe1eeff6
1603060328ea000e
ff0103feeaf2eef3
fdfe0104fb04f60b
07f712f40af31ee4
fcf8dcfc09eeddfb
290718fef5190c15
00f20bfde833f1f7
f1f80df1f306ed19
f90608dbf328fe06
0203f50be9d4fa07
25f8d302e81427f3
0efff5fce3e50bf0
0f130f0d031609df
11fd0806f60806df
0bcff7fdf2f4030e
f9f81ce5e3060afa
10fafa0c1206cd0a
0206f30efe17f70d
1d0ff7e6031706fa
00f80102071016f9
010b24120f16fc09
2809fad2d4ef16f7
f3fcf611e90f0212
f5eef5e021fcfafa
0cf5f4f0e6eefdf9
1906f1e5f918fcf3
fd0dff0e1909ffff
e702ee0beddbfd0c
040af02318fffffa
f20c2a2fec0bf711
d8f10904e90b06e3
0007ec00ec04fc0a
03faecf4ec11efff
0dd6f0e21bf20509
110af9ef0fedfc1e
dafdf8ec1102fdf7
e8020be2ec240006
122c0513fb0c0c07
fafbeff80f1fe506
11e90207f90bdf11
32f403080400000a
11020a03f7f9fff2
f8f70afee918f604
fe04f7211b0c1cfc
21fbf8e80c0efb0c
01e000f0e809f601
fee304f408ebf2e1
f3fe000c0208ed02
03f0fc2405f41f04
fe0211fef5f7f21a
fdf416f6f8da0bf6
f304fcebf809eb0a
eeef0afdf906fdf8
0bf70cec09f3f3f9
00110610020214fd
fa0cff1018deedfe
030501dc01110a05
f5dcf91cf508faf6
25e7f7faf0f3f6fa
f310050afbfff718
18e60c04e221f624
09170602f1e9000a
eaf70904f20708f4
f41a090cf0f301fd
08fde3f31ceceff6
f30de5fc00f808e2
dbeef411f41afcf2
e427fe3915ce340a
f407fffd071802f0
f2200800f8fded02
180c0a15f1faedf3
e3e8faf9310f040f
121c0308fafddc22
e6ec0105da061606
1814f110e4fd23fa
f815f00003f1e105
f2fc05030ef706e9
080bf6f503ed0204
f5fa0006090b0c12
f6fa060ff7e1fedf
ea0ee5f5fcee1011
ff1af1f9f60ff4e5
0607080ffd13fd02
0403ffd604e3f301
03f4f2ebe519f517
0b07040b161909fe
f722fc210af1fc21
f910fcf0ff05f606
0408141e17070ef5
050cd5031cfee811
02e907041508ecfd
f4f8f2fcee140c06
ecf40b0600f90706
0106fefff00b250d
e3f9fffc0a02ff0c
160af4dbfc03f606
0b041209ff030304
ed0f101b0405fe11
0a210dfae8090917
f2f00d00020d05f5
e9f3fa0423001af2
faecfb0ae5f717f6
fe0df10a15f6e814
fe101df00003f3fc
04f207e2ef06fc1c
f5fffaef0f0b00fd
ecdbe9060708fae9
ef19071ee617fadf
1df63c1ff8f80ae2
fffae20b021209f3
08010d11f6050700
e707020b030f1ae6
0102e00609f7dcfa
f919130412ec01f6
f3f1eaf0ddf81015
16020c0c1b0700ea
e4f207f10502020c
04ed060e030cf010
0ff8e4fc0703fa17
06f40509fbfb020a
0fcd02dd19f4e9fb
0a10f9f2fceee812
1a08010bed0ff8f1
0a1d23f2ffe9f811
e8effc02f9f00e13
de1d10eefff20d14
001d16f8e7070af8
f7fcfe25110bd4fe
edf60a09fe0b090d
faddf900101a000b
03ea03de0d0bfcfd
13170eebf3f703ec
e1fe1600121bf4e9
fb0508f6f20505ee
090916f10c0907df
15ecffedf4fafb06
05eefaf708effce4
f21703f5fa04f7f8
f4160804ef020705
cd19f01adef30536
080be7f419f90029
0713f8eb020ce6e8
1701f9fef9f8f606
11fe06eeeb0200ed
040710ff0afa0011
0e02fb1708e9011e
16f11ae9fe08fbff
0215cd0bf40ff60e
0c12e8e4f10415fc
ebf7f0fc04e50f1d
08e9e2e5fdcae7bc
1c0215f501f8f419
fcfb1906f5fae5ec
0bf1f6f800fe1708
fbebfc001cee01f6
fc0f0407e7f01d0f
250a0505fdede8ea
0ffa05000701e901
1902ef10e9d8121d
04140e0016fffd02
1d2ee9f7e30ef5f6
f80407f904ebfef0
f9f5f1f60d13eef8
cbfd27d4e612d112
fde71eeb030c2020
0b1703130afc0008
eb0f06e3eb080602
331ef5fcf9de111a
0fe518e4f8cb2ff8
0905ea080bfd01ff
e4f6f704e101150d
0c18f509e9fb0909
e115f9070de91314
1703eff9020afffd
ebe7170efcf31317
ea040607121410fa
1aed08dfff070b08
11f4e835d4081af3
0800fa0624eee5f3
1a0ffc2d25f7c1f7
f1040409f9160816
02f4070a1a0904f2
f9fe09080bf912f5
06f2fc04ebfa06f3
0d0d00140fc80c03
f71c0905f61af0e2
fcdb17fc1cf7f4f8
01ebfa09f9080d0c
0a09faecf917f0f6
0cf0f506010b1bfa
14ef0e24f300080d
f6ef05fb02fdf400
eefd0f0204190c11
0f0118e5120b08f0
08f70b0101f1f20c
f7f9f3e5f8d1f311
070d07fcf010fdff
f7f1e012fee300dd
1207f50720111014
1c040a0afdbdf212
07f41901030707ec
fa0d1d07031411ee
f10e010110fb0400
fcf908fcf00a01f3
14f3171901fefb0a
e2fc11e518f5f002
14f8eb1af02bfc0c
04f4f5fdf5001404
20f5e606f6e5f00f
1711fef7ec071408
e90f03040001f916
05e31f02f403fc0b
def80008fdfbf803
e1f9fd0bf4ebf315
01fce7fbff010d02
02090208e8e9fcfe
f60bec0ddffb0704
06fbf90cec1a22f3
fb12f21be7e7090b
fd09080fe3f0060c
03f8060e051a07e3
fe08f8130a12f4fc
f82803fe05001a06
df050502f3fffafe
1bfa030efbdff1f6
fef2f6e90cfeef09
1005fdebef130b09
fd0c00f800f315f0
0a02f41e20f3092e
f51b16f016fb0507
08180405091b0ef6
0bf9d8f2ec120211
00f0f219f2f60ef5
ef1bcb18fb120e11
ecfa07f20b0efd0c
06fff51306fd0311
fa04f3f0fb0f0afd
eef80dfb021704fd
00ef1e0ef20a1aff
f0fce7160712f0f0
090ffff02df126db
15e817f004f0241f
0eee0c00f9ebda31
21080aeafa05fe15
f2ee0eeffefafa17
02ff030d0efd04f7
0ddd050915f9f901
dee1f0f00afb11fc
ff14f6f50aeafbf2
fbfa04fff9000f0f
05fd23f421fdf9fb
fd0506def510fd10
fb1200ece00600fb
09e8f90901f8edfd
f8fdf2150dfeef06
06f4e7021107fc0f
04fbfefafb00ff07
ff0d1a0a06110312
0019fb03f0020808
fbfeee14f309fce1
f90f08edf3ec1a16
fbfcf7fb1d04130c
ef14160dfe050eeb
fefeef1f0a16fa03
fb00eefbfc26fe07
f0f8f3e902f80d32
0303ed15fef8fedf
0aeef822f2f903fe
041111e8f1edff06
fb03f9e8190ff4ff
001206e819fcf919
06ee08fffc09f5f7
ffe60cebf5060605
03ea0a0a110601da
070a081500f9ddf3
030611150e0608fd
0512fef101fe0af8
eaeb21f918fae0f9
fbeafe0f05ef0300
07e1fa05f8f00d02
efec04ea08020e11
f6e920f617f51701
002c1b0be8fa1408
0ceffaf5f21b000a
fd0105faf50004f9
0215f70d18f0f8f3
ffe51c1a0ff0eb0d
ed1100e3090ef1dc
01fb0df4f3e0eaec
0004f206f6040ffc
0222fbe90ff7eee7
01e6fd070f000eea
fc06e1dff50d0ffd
f30319ee00fb11ec
ff0011f919f7f21a
fa18f1ea12f909eb
06fd1513fbfff203
0801fc2e070deeeb
f9040a0c0c0cfb11
04f6e9f917feeafc
fafd16eaf40af7fc
fcdcf7fbea14f217
000913ff0bf30af9
ff0aebdaf6ef0bf1
fc01f60edc18081c
f5fd06f7fdf501fe
fa01f904010cfadf
fb09d613170b0def
fafe01f4ddf3f7fc
000b0502fbf0fcf6
040cfbf9f2170dfc
06faf1f7120b0bfc
071c1dfedef0fcea
feffe8f208ffed01
010cf3f41705f1fb
f3030febf1f20efe
fbfd1307f9ed0700
13f5050903f80900
05ee16d307fb0d19
fdedef2ff5dafa26
0220ed230512050b
fa01fe09f5ef0bfc
0df9f9ef15d40216
fc090917000cf719
021c050918f6110a
04fbf20b11f70b04
0ee003e9f605f6ff
05fd06fdf5090409
000a1ae31bf7feea
fdda012ffe120b16
0c15e90ee807f215
0206f9f5ff0801f2
0efc1bfbfbf22410
f9ec070f06f9fbe1
060522ff1b0208f1
04e1f702f5eaf414
000f1af5fc0d0d09
040016f7f7f7fa0a
03000bf112f7ffff
09f4f90620f70fdd
f9e60c010aea0500
f8f4fffcfff408ee
031201f9fbfcf808
ff12fc08ef04f30d
d8100e060107db00
f906fb16e50df105
fcf8fe03170cf8f7
0a18eae8db110d0a
0405ff14dcfdf7ff
05fd07062119ffef
fe0616f8fce3eeec
1910fbcc1e030dea
051f04f9100ef2e7
03f319ed06e705f9
04f2f00115f8ff08
00f3fa0bfffcfc00
0c0503f6ed09ed07
f3fafaf8f8ed0df7
fd021511f4f2fd04
fd0b1907030d14e4
fc11eb170604ff28
050dff04fa0106ef
0304fc0df0f3e4eb
0a01f4fffef80210
fffbfe11fb0c0ef5
0306eb0016e7f9f3
fff7e21e0afc080b
071703e8f0f519f9
fe2a04f9fb0ff3e4
090afde9f604061d
f80b000e07250106
fa28f432ec27d8fb
001018000224e2f3
f5f0e7f10a2d00fe
0a0507d5f50efdf4
0de403f81910f5fd
fd18051716fd0c0c
07f5f7ecd2f60a0e
08ff02def1fa05f7
03f408e3faf1ee06
fb04fa180103fafb
fe3203fc14f40b12
01e701fcf9f50712
02060907f9f8f40d
fa08f3ecf314e7e2
00fb0d230ef1f902
01ee0cf9f10d0cff
fefff9e60aeb0626
09efeafde90dff0d
02f702f8f1fdfbfe
01f4102104f70305
fbf91f05f9fbf3ed
04f7eff9e3fdfafe
0f1d1b14fb18fd25
052c0105181509f3
04031d01150405e8
06f5fdf0e0ff03f6
000afef3e70d1c0c
060ef1fefb03f9e0
fdfb2afb0cf40507
f0f420f7060404da
0f00f90ef91709ff
0103f819f80e04f6
0421030e06f508e4
feff0b071005110e
16cbfeef07eb2605
0aed030bf31bf7ef
fef6f51112f90ee7
0004ebfa11160712
000e0cefea0f0cf1
fd0406fd17f5040f
04ef12fafc010be7
04ed0912ff15fed3
050d090e13fa15f3
f91409f60106f411
faecfefdf212fe09
00f5f70817061202
0804030dfedef306
08f71614fff30aee
04e9d616e0010712
fcfcf4050f15040f
f815140a120d0827
05fbfafe0a0d0ef3
0702d708140102e4
fdfb03162fdffe1a
f8f9fcebf7e7ff1b
0d0909fd0103fd02
f7fbf21f0101ff15
060df2f1efe401fc
020fe7f6f0020224
04ea01f6fce2ee0b
f6ef0b10fd07f9fe
fcf5f3f61a13150b
fdd90efee5e9f405
031b100214f0fff6
111a12f40d10f4f4
fd08ededf8eb0006
f8f7f80e0e01dbfe
ed142705f7f5fdfc
f9f1cfda0411fc2d
fbf1f024fd0c0e0f
fe140705f0f108e5
fdefde01f113f303
ff0cff0b1e090206
fdff0009e80bf7d9
f9dc1308f10a0a08
010ee31608070602
04e8f00ff825f601
ffe1e804fdf9fb03
ee040aed02fbe905
f4f3d71000090308
fd0a07100f1b0cdc
060bf610fdfcfdfb
f2f718f8fadef314
fe0ff2ecf5fefff3
0207eaee0f0f0606
fc08040011e0f4f8
011fed092518f7f7
f9fe030503f10014
0416f510f81109f6
05d618fffc061616
fef101ecdcf40bf2
f208e8effafef6cc
04f4fef6fc0bf803
fb020bf806f602f7
f6e8ee1517f004ef
0ef9002cfbf90e05
05120ef2080b020b
f604fbee1405f604
030fe81a00f7f40b
fd02fcf4f617e70e
000d03f603150804
0c3c02e3fd010705
fbd70cf500f32004
1116050700f71206
fc0709f00aecef00
07fed902f9230402
04fc21f8f2fe1308
01ed0ff302f40ced
0ffbd5fff31712fe
ff1211fcf6e603f8
e0100d0300f7fdf8
f601ff01f016f3ec
070a0f17f0f504ff
fe02f20803090e00
f90bf4160bff0bf5
05020504070e0507
ef0300fde7ebdf27
fae20f0201100808
fdf3f21715070cfc
03f6fb190af11110
fc1217fd0cfbfa25
f8ead9e8c60af6e7
0515f4e0df27f405
0812f3fdec0efcf3
05ef0906eb08f801
f702130ffd0e0925
04f4042405eef50c
03e3e40fff11fa04
fefef2fb11e60100
0406dfd4e9e4f5f9
0bf41ce724fbf3d9
06f4fcea13f9eb00
03e1ecf004ef04ff
fd2327f61dfdfb05
f3051417fc10fc08
051e19e5f5f5f115
0407f30bfd07edf7
f302fe0c020c05f2
f80e10f82311fbf6
f8de06101200fa08
0204110b04f0f007
040c02f702f5fcfd
fe09f10a19070af5
fa01f2fefc1f090e
0b00f5fa020d00fe
03fef8eff300e013
0709f806f9060def
08f0fa190bf8ebee
fc00fbfcd1fbfe01
f70bdb0b0816e6f5
0101f6fde40617fd
06fbd208f40b0811
010af6e7f2fd03ef
f71bdd0108110af7
0be9eb27f7faf401
fadefcf5e8fd08fa
06fde703fe050a0b
0208fde60e000723
02e91b1dfffae9f8
fa02fff0eefd03fd
feff12e9ed02fbfc
05f211f4eb04f0ff
ffd6dafdd80af41b
09ef0ff400f304ff
0505f5fc1c0716e5
0400f40cdc02fe0c
010121eeebfe0d04
02f2211bf5120bf9
09eb0a16fc0ffdfd
ff0f0cfd03d6060d
fd1e03f30a00ef1f
041df001090d0704
f609f608fa031109
f4e703141708ecfb
fef5e6e7f713fceb
010efa07f1f0f905
fb071a080b020bf8
ff0d14eff5f6fcdc
02e7140b05fffafa
ff04f3d6ed0713f0
020e0f110212e7ff
02fbfa121010f218
fefaf3130317061a
000ffd040605fe06
fffb00101209f3da
f007f00f0405f804
04040306fb090600
03190d12ecf4f214
02f305f11c0b05d8
0218f7f4140005ff
0003020303f9f815
00f0090e01f7f60f
0aff13fa12040e0b
00f70cf9f009faff
020302f711ecf60e
fa03fb0e0efa0b18
ff0b12fffd140313
fe100511f4ee14f6
f602d8ffe4f7edfb
fcda14152112ee29
fbecf607e0f81013
06212007f9fcf606
fe14fb180bf2fbed
fb0c04f814f201fd
00ef07e80808eceb
082904080a0607f3
04dde3011c19040c
fefb05f206fe1aec
09262afefc0d0e20
f70b0eee05e7f0fa
03e6f9eeeb05fb00
06200309fa19fa04
081c00fbfe13fb0b
01f4f90af8f80f30
fd08ff04fffaeb21
f9ee0319010401f5
021316e80402fcf7
f9eff2f0fdf3f90b
f911e8edfe13f7f6
0310e62202fef5ec
010f110d04fc02e0
f9fb0914ecf9fd0c
05190e0df304f8fb
050bfe1808e604fc
05fcf2fce607ee00
fdef200fdf0ef71b
06efe6022100fc01
0f0912f5f005fa03
09300d050a02140d
f10ff5fe020ce8fb
fdec02f7f904020c
0c1bf7e41c0700f3
02eb14fbff00fb05
f70109fcffe90406
fc0318f9f6f10708
04f20ff41101fffc
00f01201e9e3f6f9
01f4f9020c1101ff
0af2fdfcf71203fe
fef324f0f6f8fdd5
cf15fbf5070debeb
f509fb25fdf4fe0c
f5e604fdf90502f5
fbff01f6fef104f4
021b0cfc01fd080d
fde90cef01fe0103
09f3020712f6fcfc
030a08012200f612
0a01f11a0df0fdfc
0e10d4bc1317f90e
05271803f60ef3fa
040b091bf2e1fee6
fef509f3fd140bee
f4f80114fff9f80f
0319eff5fe0b080b
0bd6fc051308f807
000ee90aedfbea01
faf5021e0ff51f11
fcecece7f8ef00e8
0509f7fc0706000d
fb03eb0b0d09e8f8
fef3f804fa0503fa
02c9fdf6fffc03f4
f0010af7fe1ff8fd
f7ef031304f801eb
fd0af9ff0e130dfd
fffbfc04f7fd130e
fb03e70b04e61209
02040af70711fbfa
f3fcfa210102f504
0a17ff1dfaf509eb
0605f9ed08f6f90d
00fa08fbff06e6f4
0df9f8f108f6f7dc
0d02fff611f8fd0c
f3ec04f524fc0000
ff0e021f16f604f1
02f1ed1b0a00fc05
00ff1cf6eff604f2
0906f4f61012e9ec
0100e81f04260706
03f1f107fdf6d907
fcf600fc15f7fc09
f9d5e309e8ff0e0f
030ffe09f0fcfcfa
0f10fff901010103
0104f2ee00fff6e0
03e7f2fde7e91d08
040a07f40915f30f
fceff2edfc17ec03
0be800e7fd191406
0709151733e40bee
fafdf51a13eb10e5
0914e2f31701f5f4
08ef16f210fce600
0bf506e4e6f41a0a
fc1100fad4f8fdfd
080205f50ffbeffb
08f504ede806f907
f305140ff6f80c1f
03fcf1f601f8fb10
fff4dfd2eceb0e16
00040cccf10b0612
020ae30407fce801
f823f124eafedb09
06f105f20d0efbec
061207edf4fe0107
01fe07f3020300f7
fbf9ea0a060ff5f5
0037bd0a00c9ef0a
ff1a090dd4fa0712
041d150d0509f7fa
041f010a0b010615
02ec17ef00ef02e7
fc11e5f31717fbf3
fbe00221fafb08fd
ff0111020e0201fd
03fb1004080ff90b
f9c9dffcff010200
faed33e302f90223
04e613fafc06e908
08060d0d090a07fd
0315e9effe01f903
fff00fff0ae909f2
04de1efa01fdfff0
03f4ed04ed2305e1
fb05e8fbfbed06e3
03f2f21f070710e4
0d0407feed11f9f1
fdfd021bf9fd091c
0ff1f90c0e12fbfb
00f5f2f402ed080a
07efff210d00f5ee
0e0b05fefdee0b00
fcfa052d031a00e3
000a23ffe6f80d0b
020ffb0204e3f40d
f7fc20fdf6ff0706
f401f6041523f7e3
0406ef000a18091d
09f80efdea09fefb
fb00fdf1ff0b13ee
fb1c070706fafdfb
ff0f1902ff1cf409
f7ff0afcf3f3f9fe
f8edd710f810fdf6
fa06fbde101101f2
ff1105e520f80205
fc08f4fe020dfde6
f1d4e7d61e0af902
f41aebea00111c12
020b01020606021d
fe02faf307f608f9
06fef10ceb080804
040905e401f9f60f
07ef10dfe70304fe
fe0610f906f8ff08
0517f8fbf2fa06ed
021e03e605ff0e12
fff9d8f1f507fce9
fcf6f3f70102fa10
fefe060601f80ff5
05dbf912f3ebe410
f4060ef901f801f9
f31cfcecf5f70e04
04ec08fff208ede5
02eef6ff120706ea
ff050602fc020cf1
fbf5fd12f91e12ec
f916faf70bf50614
faff000d10090f18
03fc050b14fb1611
fffbf3fde414ea0b
01e8edfa0613f90a
f9ffe70ce7f50aeb
f8e3f6edf5ea000a
07fe13150cf6e3e8
f5f2ff16f7f005fd
0a0d08f80ae91af9
00130ffffbffed12
f7fc100b050ef80f
f90ef8fe0a02f10e
f6e7feddea02f8fa
0417ebf614e2fbf3
020701da000c0113
08fff709f201fe07
f9f61fef09f4f6ff
00fcf804f009fd07
0706f31008e2f006
01030afceff60e15
00ff0fe902100be0
040508fdf3f6190b
032bfaef03ff07fa
fdf01201f30a041e
0d1502f609fbfee9
28fe150f191104f4
fbeffcfb13db13ff
00ff091c1d0affff
eb01f009180e06fc
fbf0011be3f2d41d
f9e918dbe5fefe13
fffeecfdf408e8e6
fc00cee7e1190211
0503f002f2e80908
050bfff8ea010af4
18fa0826fb0415eb
f9f1faf71a1e1c09
0707080b18fefe08
020efffe04e80304
04fc01f015e812e6
0cf90adf08de11fc
0c1909f112260ce7
020dfe0cfa17f413
060df8f804fbf301
06e60f0be9071201
faf5f81bdfeef6f3
12f91406fc0d0dff
f70e0014eb03f003
1cfb14000cfdf406
e5f7f7130907ff13
0cf50a12f0e2011b
21fdeefafae9f5ef
00ef1cfcdc16e8ed
f9fc1710fdf0faf2
fe05fcf200eff8ff
f909eaf516f60002
ff00030adcf5e503
13f201f1ed07f5ff
13040c1516eb1ef1
e90dfc09011102fc
fc08ef13def8fc01
f41907e9d61d12f6
33ffedfa10f6df0e
1604e2ea01fcfd10
f5fb01ffe5f91816
ef00010605020f06
07f7ff06f9f70718
fcff060ef8f6fd02
f6f90afe18f8d3fc
e208f8fe12f319df
21e80012f808ecff
0ffef80c153523f6
ffe9191cf800fc0b
1113f4ef0813f105
0b13ef20f7fc0af7
15f304f10ff3f815
030b0409050101fb
0efef4f9fd040e06
f304faf6eb0c04eb
eefdec06f70f140e
04fd0f0801ff0b07
05ef02e81e1bedf3
e9f31505ff1800f1
08fff7faffec2101
ec1c070ef20cfcf4
e1f9f611fc04ff07
f6220cfe10f1fff9
151807e10e00ea00
040e03f5f4fb01f9
101ceefef9141d21
cd08f420d31418f6
1bf5f3f00afffffa
fff100fa140407fb
fc1305fd0afffaf7
06fb050a0208080e
fa02080bf3ffe7f5
f2f9ea1ae901fb0e
f1f6fc0a011cfafb
f806ee00ff2c0c17
ee0219fdfaee0124
f102012422f3fb09
fc0df701fcfbf8f6
e3f8f1effdfafe1b
090410ebfff5f8f3
06f6f7ed06dcfa06
fef7d3fff320ff18
02f0fb000608f8fe
080a1409faf4f1f3
faee11f805041403
faf90cf3e40107f7
fdf2f90fdeeb1604
040416fb24e8ffe5
f7e20302eafa17f1
f40ef025f6f816f7
12f700e3ff1b0af2
01f4f10efd04000b
ea11dde2fcf216fd
f5fd0d0cdf0404ea
10d21c021310f81a
fffbeded1508ed09
11f509e100e71f12
ed0b0a251f100100
0d07dd0428efe90e
f1230805070dedf9
f2070f140618fe0b
12f51321f9f5f71c
f8010d0b1f0e0220
ddfc0dfcf7fefa09
16f50aeaf9fe04fb
fe0808f7e713ff10
0f070a07fc22d4fc
f1f1dc010af518e4
f4eefaf212f4f1ff
f4f4e9081df50b0e
0beef7e31505f5f3
19fe09ee0612f303
1a09f8f911f51d17
11fc101df4fa00fa
05f7e5fafcf815fe
061efdfa060ae510
f2ea05fbffec1305
e7deff0bf2f10c0f
beeaf83f34f6e829
05eb11e9f6fd1411
e80be70403ee071c
f2f602eaf0eee9df
0508f706f5ec1fee
f905f201000314e1
f515f5fdf909e7e9
ff02fc01f3f7f0fd
ea0910f70a100605
000beb0f09f7f8fc
0a1dd637f0260703
f7f8fcfe06ebf0e3
0a07ee01ddf0f4ff
130f14e5ee07e709
000513f2fbfaecf7
0df60f01fd020111
fc19020309ffff0b
03f3ff0f01120cf3
f5f9e00710170ce9
0520fde906e0110e
0ef6fefafaf50df4
33fe1402090a08fb
f4e6edf7f9fdeef2
0d01ee0cfdda0bf9
060e14261611faef
f10cf20a0c04fb12
19200419f8fe0604
080302dfee09010f
12fafeeeebfafd05
f309e6f0f0ff04fc
f5fd07f9ecf109e9
e917eafde0f60310
0af30f12f3f61402
feedf6f0f2e90fdc
eaebe6e20aee1515
01fa140d02e20b0a
08ecf50d00fbfff1
06f109ef05f4dc02
f204fffdf600f406
fcf32706f9e9f8ef
08e31512f8011af3
dbf2db042100fc11
0005f907ff06ec07
0a0bfd14f2ef23f6
fbf710fbf2e912fc
0507e0f9e7fdf7ff
19f806011408eee2
f7f1e903030eed1f
0101e306f2dd03ec
0a07e4ff0cf5e10c
1000f0f617e4f602
15f916eefa0ce1e4
08f9f7060601fbee
18e5f8e7f11f2319
1104f5f31e03da0f
14ef051fe40ef604
1dfc1505060d08f4
2108fefd10f1130a
fe1118eff90606f7
e8120405fc0cf4e9
02f717fa031df7f9
ff01f306090ded00
feeffc2409fb14ef
0e0de405070b0e11
ff05090004d7090c
edf90e09fc1c1115
faeff30802fc0a0b
fe0fe8fde712f904
00e21bfbe510feec
0020fa10fe28031d
11f3180818fe12f1
eeeffffef925fcf4
fe04fcfefbfc0d04
e50bf700f814f401
0efcd1190c16fcf8
e923fb19ecfb0cf5
f8031af007040306
f00e1c0cf6fff1f7
0aefef0efb05f5fd
ddeee908ff0c1704
e50afcf8190716f6
effd1214ffebed06
130f13f913f100f3
06140c023707e910
10251dfc08e80722
04eb03dded02fde4
0ffee6e8ed1b00f8
f3e3eb0f0b081907
10f6d80f04f90504
dc08f7f50011150a
f5120dfefefe00f8
f9f308c4f4da00ec
01fbf80a00f50c09
00fefc0cec16faf5
f01311de0b0ff30d
edf0ed17eaebf8ee
fd00f50be6f30af3
03ee0b07fadbfdf1
f30401faf800000b
eae6ece601040c08
e1f70027f40de904
f105172000f90df6
13fef00a07ebf90d
030807f106fafdf9
0907020607131b08
fb0a1cfb1b1ef2fd
f003f3fbf1edffda
09fd0ffff4ff1ff1
e906f62009eeebfc
f1fef705fa11eedb
010c0b1cee14e000
f7f816f913f3eef8
fcfe07d4260903fa
01f8230801230ef6
04dc13022a0701fa
0101f70d26f1f809
01fefdf80f13f21e
02f301ffe6f01707
2201fef3b50bf9ea
f7e629dc0218f4f1
fee606f0fa1a0e02
250f2310f3102e20
ef2102fc0ff4130c
0be203ff0e16fcfd
011ff0240c0cf3f4
111e061002e40b05
fee30de603170902
f402f3080dfef90d
fcf3030a15ed12e9
0cfefc0ef922001e
e003f4111bdffe06
ede916fb0bf40a10
1cfafbf2f3f3f60d
190109f70bf80b03
fbe902f2e4f52c00
120ffb10e1fcf5fb
2608f5f912fb00fb
fbfdeee7e5201602
e9fb0efa07d9f004
0a01fc02fd0ff6e5
fb01e9f3fefef001
f9151808fae509f1
1bf00cf1faef04f8
fdeaee0802190e19
0fed01070f180e09
f701f2edda1efcf2
f0f9fe0bde0e00f8
ec00f6fbf2eff715
e104f4ecf601f3f0
0af2e5f111f80805
060cfbe400fffbf2
0cfdfb130efc18f7
07f505f3150703ed
01f4f003f6101304
00f0efff130b0ff8
ee18fc0c20fff005
1417fafe1debecea
0ad701ff11ee05e5
11e6f70a20f9fd09
f202fdf6f6ff0e00
0ded050207e80e0e
e910fc0e37131605
1fff1afdf2fc22f3
04f303eeef15e91d
091a17f3fe01090b
f4f2f50f0509f3ef
fa16f7fc1218faf6
f20008fe0515ef03
02ffef040509e702
2c160009fcff011b
0d040702f7e82415
1a0af0eefa0cee09
0c06f1fc0e22f9eb
f217021f050bfff5
f709fcf609010303
f6fdfcf9eefaef20
f71c08f32d14071c
f20bf8f4ea04ec19
eef9f3f9ff030d06
0f040af6f007f7fb
ed0318ffef0000f0
f200f2f41a0aeaf7
f2f5fc010e02f6f8
18f011e4f001e4fe
08ff1a02d0f9f509
0614e8f60c23fff7
110209170d08ee10
e405f2ffec060118
10fad8f402dbf3ff
02feecee03d8f50e
0fe6f0fb041504fd
0700faf7150aed06
fcf5f214f2fadf07
1ef6fef600e61802
0ff2f9d9161ced04
fa0bed13fff311d9
fef3041d01f80613
030ceaf4ed170cf9
e61b181801ea06f9
021302f6edf306ec
fe0d110901fdf610
000311fe15ef04ff
0003fdf2f40ef8ff
0ef9fd09f109fff0
0a06170319e60f05
f70118ee1e0507f2
fefd0f17f807f911
0af7f5040ced110d
f0fd1ca33819dabe
101200f20409f6f4
f6f804f0fefd0104
eef2080a07fbea04
0b1cfaf50d08fa0f
f3f9090b2bed09ea
19f603081f03ff0c
fbefecf10d0bf4eb
07f20bdff004e704
eb0f0aef011b0af6
d6f8fc1404f21b02
02081c230716011b
06f50a1ffd041913
fe0f1d0d0600f0e1
f7f906160ff70a06
09fbf4f6f20fedfd
f60d10f902fff40a
f014fff50b0a12e5
161004e60cf913da
0e04fc02e1f30410
0205f4fbf5fbfc03
10f21b03fd170106
dbe914000a18f1f5
fe030b03f9eee109
0d080801fc0cef05
e607f7f6f0f900f2
ff0affedd2f6e7f9
ffdef2eb0d02ffed
fced07f7042c0115
0110000e1505fef3
e913e4ff2006fd0f
eefcf4190a02ec07
0903fa08f414f809
fc0b00080cfef6f0
08fad9ebf9f10ded
240cf3ed07f0e420
1df7e41604e0fb17
171711010c190702
fa04f0f50403f503
0101030aef0b0205
050df7fbfc1ae204
f1f70b00d1e6f9f1
01f5ff0e04ef0dfa
14f7f5fa181d12f5
f91bf0ed17030100
08eaf7ec2b0a0b13
15070325e412220b
f2e904110e15ebec
0b02f8f30c0cfbed
0300fd09f201f813
f9f11000f0fbe6f9
eefdfd0e0e18ed1e
f4feecf40502f100
0f05f519f70506f8
0d0efbfdfad90100
f604f3ed0dfcf7df
1f060a0117ecf30b
edfd0df2100203f0
1003121dfaf4f3f9
0c0f1c16f004eeff
0415f8f60df419fc
fd1a01eaeff90d02
fefcf32805e61b07
18fb2f03f205f71f
f5060e23faf6e317
0afe0e26eef1fa10
e014eaf725e6f2f9
f60900110ae1fb00
f111fd140d151a01
f91609fbff0815ff
0cfb09e3e203ea0a
f516f0fbf3ed0fee
efd237f04501c8fd
fc1915f3f112f318
0b0b0410fb10050a
07f121ecf2ff04ef
f015e31d0307f5fb
e10611f9081908f4
0b000006f8ea0c0f
1c060616dd020100
f3f8d7ee14fd03f7
feff0febfe141eed
e4000c0b0915f1fb
04272b130ff6dadc
1600fff714fae719
f3ec001405faedfb
01180a1b13f2e6e6
1bfcf4fd0d18f9f4
03f81d04fbf41bf1
02ebf7fcfae6fe0b
09f5f3f31eee0a10
11fef5fa0eeeecf3
fde707f0d327eee0
0d080a060fe4fad9
e7fff713f7fd09d9
03001afd01050602
e60f0ff1f4d91e39
14000a0321dcf1ef
edf60820e004030a
2406fff400daed16
0f0e120703f81303
271b131b3902d31d
ddf6faf6081112fa
0c031107ebe20611
f1130403ff17f009
f60016ece8f4f70e
e300fa15f0e9edfa
f904f910041000f9
f702d405d80ffdf5
ecf5f9d61703fd13
04fdd706f5ec1319
ec0c0e0c0ffc090d
0af62ff0f0e8f31c
16f7040af90aef05
090c0cfdea09fe0f
01ef16feedfdeefc
29f00201ef1a07e7
ff0dfa0210f40221
0fece8fd1bfd1de9
18f133fafc01fff6
050e030901fe01fe
19e604f6f11913e3
06fbff0b11f1fa0a
f011f203120a0a15
13fb0ef60ef0ee10
011c09fffd0dfff9
01062002000510e3
f90ffdfdf11d0a08
f7eb06000413f8e9
11fc15f204f8230c
050dfcfbea06fefa
0000f0f9f70f1621
e6f6f80610070aee
ef070d0a04e5fef5
0308e2210dfb0518
01fbfeeee61208fa
00070506f5030614
1601fbed21fe0506
d10d160ff30a16ea
05020de602f80716
2ade0bf6011d0513
0408030013dc09dc
f91edce81b1b1213
0dedf0ebf5ef1b1c
db1403f515160509
f5eb05ec0a170bff
fefd050af2fd0904
faf8eefce8fcff1b
0c00010902fcff01
0f12fafbf4fa0705
fbf5ee1bf8060cf9
1ed5eaeefef507f7
fb14121433eefeda
eb1502160bf203f8
0117e80ff9f10312
10fe130cf9f7e612
01eefb090308f50c
e5d1d3fae421f0fb
05fbf2f6ec0001ee
e208e0ddea1dff0f
f00308f0e7ff0e02
040bcb0feafc1dfe
f70cf4f3f508f903
22070901da06f9ea
eff305021a3903f9
0c0017eff208eff3
06022217e106f103
17fdf61dfbf7f8fd
12f005dbf2e1f8fa
ff190604e5fa02e9
ef14ff03ee04f2fc
e40113f9e9fe03f7
05fd12f7f70e1501
02100802fff90309
edf4fdd8fb0724ed
050c03f5050afdfa
f8fa1427e50c0eff
f304eff4f3030808
f1ed07f7f503ff0b
fbfcee110e23f00d
f107210cfc1eedeb
060ef7f300f70ef1
0e0100f1ece9e9f8
faed00f604090cf3
02ed0c25fbf8190e
fb030301eafce10d
